Order_id,Customer_id,Restaurant_id,Order_item,Order_time,Order_status,Total_amount
1,4043,210,Rogan Josh,2024-09-25 07:21:41,Cancelled,1446.7
2,5763,89,Butter Chicken,2022-09-25 07:21:41,Delivered,787.49
3,3596,174,Rogan Josh,2024-02-15 07:21:41,Delivered,902.96
4,1866,223,Pani Puri,2024-05-20 07:21:41,Cancelled,1267.97
5,5024,84,Paneer Tikka,2023-10-19 07:21:41,Delivered,330.47
6,9787,116,Butter Chicken,2023-08-22 07:21:41,Delivered,272.09
7,4473,116,Dal Makhani,2024-01-31 07:21:41,Delivered,385.31
8,8775,152,Rogan Josh,2023-01-15 07:21:41,Preparing,1097.13
9,3588,353,Dosa,2023-09-11 07:21:41,Cancelled,566.49
10,8634,280,Chole Bhature,2022-10-10 07:21:41,Preparing,1065.56
11,2185,400,Butter Chicken,2022-03-11 07:21:41,Preparing,436.0
12,8492,128,Mutton Curry,2024-04-19 07:21:41,Cancelled,1391.86
13,405,12,Dosa,2023-09-20 07:21:41,Preparing,586.11
14,814,334,Biryani,2025-02-10 07:21:41,Preparing,1331.34
15,948,198,Chole Bhature,2023-11-02 07:21:41,Cancelled,371.93
16,7725,375,Biryani,2023-11-20 07:21:41,Cancelled,1389.37
17,4982,486,Dal Makhani,2024-08-18 07:21:41,Delivered,1046.35
18,4906,112,Mutton Curry,2022-11-19 07:21:41,Delivered,1375.38
19,6017,83,Chole Bhature,2023-11-14 07:21:41,Delivered,772.38
20,7532,196,Dosa,2022-03-28 07:21:41,Preparing,1152.5
21,572,267,Samosa,2023-10-20 07:21:41,Preparing,1359.24
22,6210,116,Dosa,2023-08-11 07:21:41,Preparing,1357.66
23,7943,40,Dosa,2023-06-03 07:21:41,Delivered,1007.09
24,205,324,Pani Puri,2024-09-21 07:21:41,Cancelled,679.71
25,4154,110,Butter Chicken,2022-05-26 07:21:41,Preparing,253.22
26,8288,185,Pani Puri,2023-05-10 07:21:41,Cancelled,894.16
27,3261,314,Dosa,2024-06-02 07:21:41,Delivered,852.33
28,7143,315,Paneer Tikka,2022-06-23 07:21:41,Preparing,626.82
29,3721,131,Dosa,2022-04-06 07:21:41,Preparing,494.41
30,8096,312,Samosa,2023-04-08 07:21:41,Preparing,752.59
31,4158,305,Paneer Tikka,2023-04-09 07:21:41,Cancelled,1024.9
32,5180,181,Rogan Josh,2023-05-27 07:21:41,Preparing,716.7
33,8526,400,Paneer Tikka,2023-03-28 07:21:41,Cancelled,703.15
34,5119,403,Dosa,2024-07-11 07:21:41,Cancelled,1399.67
35,7286,301,Paneer Tikka,2025-02-15 07:21:41,Preparing,613.02
36,8285,14,Dosa,2022-06-04 07:21:41,Delivered,1103.75
37,7942,300,Biryani,2023-03-06 07:21:41,Delivered,580.98
38,3432,323,Dosa,2022-08-22 07:21:41,Preparing,511.83
39,5224,258,Samosa,2024-12-24 07:21:41,Preparing,362.82
40,7916,397,Biryani,2023-09-25 07:21:41,Preparing,108.09
41,7736,346,Butter Chicken,2023-03-05 07:21:41,Cancelled,1405.79
42,2690,193,Biryani,2023-12-25 07:21:41,Preparing,147.74
43,2864,138,Samosa,2024-09-04 07:21:41,Preparing,1493.3
44,5039,134,Paneer Tikka,2023-07-07 07:21:41,Preparing,602.36
45,7989,128,Dal Makhani,2023-01-06 07:21:41,Preparing,1050.57
46,799,260,Rogan Josh,2022-10-13 07:21:41,Preparing,1197.53
47,9645,337,Paneer Tikka,2024-08-20 07:21:41,Delivered,488.99
48,629,198,Dosa,2024-07-28 07:21:41,Preparing,1297.35
49,7639,293,Rogan Josh,2022-09-22 07:21:41,Delivered,143.35
50,3411,248,Samosa,2024-09-21 07:21:41,Delivered,361.8
51,7015,435,Samosa,2022-08-26 07:21:41,Delivered,1075.38
52,7931,427,Pani Puri,2022-09-16 07:21:41,Preparing,1293.53
53,184,307,Pani Puri,2022-05-14 07:21:41,Cancelled,1135.99
54,8569,200,Chole Bhature,2023-09-25 07:21:41,Cancelled,1409.22
55,7743,377,Samosa,2024-09-10 07:21:41,Delivered,166.64
56,7181,7,Butter Chicken,2022-03-08 07:21:41,Preparing,1294.27
57,3166,33,Paneer Tikka,2023-03-13 07:21:41,Preparing,1149.95
58,6065,262,Samosa,2022-07-27 07:21:41,Cancelled,730.12
59,9954,116,Dosa,2023-02-04 07:21:41,Delivered,835.99
60,6856,144,Butter Chicken,2023-10-21 07:21:41,Delivered,528.95
61,163,251,Biryani,2022-12-27 07:21:41,Delivered,602.67
62,1819,71,Rogan Josh,2025-01-04 07:21:41,Delivered,397.77
63,4179,105,Dal Makhani,2023-03-28 07:21:41,Cancelled,664.42
64,9973,285,Dosa,2022-09-13 07:21:41,Preparing,1062.28
65,8483,481,Biryani,2024-03-02 07:21:41,Cancelled,970.77
66,1256,500,Samosa,2025-01-08 07:21:41,Delivered,1428.28
67,8186,285,Chole Bhature,2024-10-30 07:21:41,Preparing,262.51
68,5171,95,Mutton Curry,2025-01-19 07:21:41,Cancelled,1456.58
69,9707,260,Dal Makhani,2024-04-12 07:21:41,Delivered,232.38
70,3803,277,Chole Bhature,2022-05-31 07:21:41,Delivered,1482.99
71,5776,220,Samosa,2022-10-30 07:21:41,Preparing,186.14
72,6176,11,Biryani,2024-02-13 07:21:41,Preparing,976.33
73,6345,421,Dosa,2024-10-12 07:21:41,Cancelled,1369.94
74,5339,412,Dal Makhani,2023-04-11 07:21:41,Delivered,396.68
75,8473,64,Butter Chicken,2023-01-15 07:21:41,Cancelled,506.45
76,5583,238,Pani Puri,2023-10-14 07:21:41,Delivered,738.42
77,9292,453,Butter Chicken,2022-09-30 07:21:41,Cancelled,872.85
78,6759,472,Chole Bhature,2023-09-03 07:21:41,Delivered,950.2
79,6281,277,Dosa,2023-01-06 07:21:41,Cancelled,1384.45
80,8172,244,Butter Chicken,2024-01-04 07:21:41,Preparing,1422.56
81,115,250,Butter Chicken,2023-07-03 07:21:41,Cancelled,1184.46
82,6357,330,Paneer Tikka,2024-02-19 07:21:41,Cancelled,652.51
83,486,250,Butter Chicken,2023-07-11 07:21:41,Preparing,1285.22
84,7127,285,Dosa,2023-11-26 07:21:41,Delivered,1143.89
85,3065,348,Rogan Josh,2022-07-20 07:21:41,Cancelled,288.72
86,3785,109,Biryani,2023-01-17 07:21:41,Preparing,1490.3
87,9835,200,Pani Puri,2025-02-02 07:21:41,Cancelled,1155.68
88,2908,356,Biryani,2024-06-17 07:21:41,Delivered,1454.76
89,8610,356,Dal Makhani,2024-04-21 07:21:41,Preparing,112.06
90,3857,91,Chole Bhature,2024-09-04 07:21:41,Preparing,789.73
91,6685,159,Dal Makhani,2022-08-04 07:21:41,Preparing,116.29
92,8902,409,Dal Makhani,2024-01-24 07:21:41,Cancelled,567.11
93,8584,499,Mutton Curry,2022-12-11 07:21:41,Delivered,935.5
94,8371,313,Paneer Tikka,2024-06-30 07:21:41,Cancelled,330.13
95,9032,361,Rogan Josh,2023-10-24 07:21:41,Cancelled,1280.49
96,9887,320,Dosa,2022-09-08 07:21:41,Preparing,827.59
97,605,76,Chole Bhature,2024-09-21 07:21:41,Preparing,482.34
98,3697,86,Chole Bhature,2024-11-18 07:21:41,Cancelled,738.1
99,572,175,Biryani,2022-11-15 07:21:41,Delivered,799.72
100,103,26,Samosa,2023-05-09 07:21:41,Delivered,277.59
101,9376,203,Rogan Josh,2024-03-22 07:21:41,Preparing,819.59
102,477,458,Dosa,2023-06-02 07:21:41,Preparing,1477.7
103,2364,348,Mutton Curry,2024-02-06 07:21:41,Cancelled,168.48
104,3269,239,Dosa,2024-03-23 07:21:41,Delivered,1183.8
105,3804,449,Pani Puri,2023-06-20 07:21:41,Cancelled,671.73
106,1303,290,Dosa,2024-05-02 07:21:41,Preparing,857.74
107,9909,465,Rogan Josh,2024-02-11 07:21:41,Preparing,294.34
108,7617,75,Dal Makhani,2023-05-21 07:21:41,Preparing,762.88
109,4668,479,Butter Chicken,2024-06-05 07:21:41,Delivered,1121.9
110,3246,257,Dosa,2022-09-02 07:21:41,Cancelled,717.62
111,5118,475,Samosa,2022-06-23 07:21:41,Preparing,766.48
112,6945,161,Mutton Curry,2022-11-01 07:21:41,Delivered,944.95
113,2576,108,Paneer Tikka,2022-11-17 07:21:41,Preparing,311.59
114,9246,224,Dal Makhani,2024-11-15 07:21:41,Preparing,1257.46
115,177,395,Butter Chicken,2024-11-26 07:21:41,Preparing,1370.02
116,3897,407,Chole Bhature,2023-04-29 07:21:41,Preparing,1162.31
117,2258,218,Rogan Josh,2022-09-06 07:21:41,Preparing,964.37
118,2030,411,Dosa,2022-12-07 07:21:41,Cancelled,190.28
119,1539,120,Rogan Josh,2024-04-13 07:21:41,Delivered,1291.07
120,7510,488,Mutton Curry,2023-07-08 07:21:41,Delivered,1346.13
121,3126,98,Rogan Josh,2024-04-25 07:21:41,Cancelled,1087.91
122,5646,221,Dosa,2023-05-23 07:21:41,Cancelled,926.69
123,1589,484,Butter Chicken,2024-03-25 07:21:41,Preparing,244.16
124,8294,274,Dosa,2022-06-02 07:21:41,Delivered,1370.12
125,6608,445,Butter Chicken,2024-12-04 07:21:41,Cancelled,795.83
126,85,317,Mutton Curry,2023-11-17 07:21:41,Cancelled,368.37
127,1484,249,Rogan Josh,2024-12-08 07:21:41,Delivered,519.39
128,5916,456,Dal Makhani,2024-01-04 07:21:41,Preparing,803.81
129,5630,361,Butter Chicken,2022-08-18 07:21:41,Cancelled,1052.35
130,1266,91,Mutton Curry,2022-05-05 07:21:41,Preparing,1376.68
131,7208,53,Samosa,2022-08-21 07:21:41,Cancelled,866.19
132,9716,132,Butter Chicken,2024-06-30 07:21:41,Preparing,225.95
133,8513,228,Biryani,2022-06-26 07:21:41,Preparing,373.91
134,7887,314,Pani Puri,2023-05-28 07:21:41,Cancelled,132.92
135,8658,45,Mutton Curry,2023-01-18 07:21:41,Delivered,240.36
136,1325,397,Mutton Curry,2023-04-16 07:21:41,Cancelled,364.93
137,2380,230,Pani Puri,2023-11-16 07:21:41,Preparing,547.18
138,1464,11,Mutton Curry,2023-03-16 07:21:41,Delivered,247.93
139,5352,432,Mutton Curry,2023-01-26 07:21:41,Delivered,931.5
140,6056,75,Biryani,2024-10-05 07:21:41,Delivered,880.32
141,8753,364,Butter Chicken,2024-09-27 07:21:41,Cancelled,236.59
142,5944,445,Pani Puri,2024-01-22 07:21:41,Preparing,801.37
143,1125,290,Chole Bhature,2023-07-04 07:21:41,Preparing,810.08
144,3541,464,Dal Makhani,2025-03-01 07:21:41,Cancelled,985.9
145,804,329,Dosa,2023-05-16 07:21:41,Delivered,920.57
146,1496,354,Dal Makhani,2024-06-02 07:21:41,Cancelled,822.27
147,2178,149,Mutton Curry,2022-08-01 07:21:41,Delivered,812.25
148,7895,328,Samosa,2024-02-12 07:21:41,Preparing,1262.78
149,5452,338,Butter Chicken,2024-10-06 07:21:41,Delivered,313.5
150,1046,404,Butter Chicken,2022-08-12 07:21:41,Delivered,1240.4
151,7447,300,Mutton Curry,2025-03-05 07:21:41,Delivered,686.43
152,3670,262,Mutton Curry,2022-08-17 07:21:41,Cancelled,266.75
153,388,500,Dosa,2024-08-12 07:21:41,Cancelled,1059.22
154,243,85,Pani Puri,2024-03-29 07:21:41,Preparing,365.54
155,9665,109,Pani Puri,2023-01-14 07:21:41,Preparing,738.0
156,1574,390,Butter Chicken,2023-08-03 07:21:41,Cancelled,1003.13
157,7026,364,Rogan Josh,2024-06-11 07:21:41,Cancelled,1099.47
158,2381,297,Rogan Josh,2022-05-16 07:21:41,Cancelled,795.35
159,5463,286,Pani Puri,2024-12-19 07:21:41,Delivered,1393.71
160,6453,299,Paneer Tikka,2024-01-23 07:21:41,Preparing,1238.9
161,4640,111,Samosa,2022-05-01 07:21:41,Cancelled,926.2
162,8721,392,Mutton Curry,2024-07-12 07:21:41,Cancelled,452.93
163,8987,229,Pani Puri,2024-05-06 07:21:41,Cancelled,679.51
164,305,206,Dosa,2024-05-23 07:21:41,Delivered,409.62
165,2998,312,Mutton Curry,2022-04-02 07:21:41,Cancelled,401.07
166,6948,304,Chole Bhature,2022-11-03 07:21:41,Preparing,919.69
167,9094,93,Rogan Josh,2024-02-12 07:21:41,Cancelled,164.8
168,6257,31,Dosa,2022-10-17 07:21:41,Delivered,974.55
169,2263,60,Paneer Tikka,2022-12-04 07:21:41,Delivered,426.38
170,1021,260,Chole Bhature,2022-09-10 07:21:41,Cancelled,858.79
171,9781,415,Butter Chicken,2024-05-06 07:21:41,Cancelled,893.74
172,4337,280,Samosa,2024-12-17 07:21:41,Preparing,526.53
173,698,244,Dal Makhani,2023-07-04 07:21:41,Delivered,181.34
174,9194,66,Paneer Tikka,2025-02-28 07:21:41,Preparing,1307.87
175,395,423,Paneer Tikka,2023-04-24 07:21:41,Cancelled,438.53
176,1862,298,Paneer Tikka,2024-09-22 07:21:41,Delivered,217.6
177,6374,93,Dal Makhani,2024-03-22 07:21:41,Delivered,1452.17
178,2557,20,Butter Chicken,2024-10-15 07:21:41,Cancelled,1402.05
179,7027,312,Mutton Curry,2023-09-11 07:21:41,Preparing,1457.42
180,4005,170,Dosa,2024-10-08 07:21:41,Preparing,983.06
181,6517,423,Pani Puri,2024-04-06 07:21:41,Preparing,1303.85
182,5416,175,Samosa,2025-02-13 07:21:41,Preparing,1068.63
183,2657,107,Pani Puri,2024-03-20 07:21:41,Delivered,474.83
184,3844,339,Paneer Tikka,2023-06-05 07:21:41,Preparing,1262.82
185,2798,427,Biryani,2023-07-28 07:21:41,Preparing,808.55
186,359,58,Dosa,2023-06-20 07:21:41,Delivered,256.53
187,5726,22,Dosa,2023-06-17 07:21:41,Cancelled,1302.93
188,8203,342,Biryani,2022-03-16 07:21:41,Cancelled,664.01
189,7079,434,Samosa,2024-10-12 07:21:41,Cancelled,883.28
190,4243,114,Dosa,2023-09-18 07:21:41,Cancelled,698.38
191,3205,352,Pani Puri,2024-10-21 07:21:41,Preparing,341.11
192,7169,130,Paneer Tikka,2022-12-09 07:21:41,Preparing,1135.87
193,5557,448,Dal Makhani,2024-12-04 07:21:41,Preparing,199.85
194,680,85,Rogan Josh,2024-08-24 07:21:41,Delivered,888.57
195,714,459,Rogan Josh,2022-11-05 07:21:41,Cancelled,1118.4
196,375,285,Samosa,2022-07-06 07:21:41,Cancelled,835.89
197,9416,29,Dosa,2024-11-21 07:21:41,Preparing,356.4
198,5912,16,Dal Makhani,2023-09-04 07:21:41,Delivered,335.47
199,5285,44,Pani Puri,2023-02-14 07:21:41,Delivered,1152.55
200,9110,97,Rogan Josh,2024-02-01 07:21:41,Preparing,396.23
201,2209,118,Dal Makhani,2024-06-23 07:21:41,Cancelled,988.85
202,5290,277,Butter Chicken,2025-01-17 07:21:41,Delivered,707.41
203,540,47,Samosa,2023-12-14 07:21:41,Delivered,555.73
204,5853,239,Chole Bhature,2024-04-11 07:21:41,Cancelled,243.74
205,6099,496,Dosa,2024-11-17 07:21:41,Cancelled,1342.84
206,6925,470,Dal Makhani,2024-02-01 07:21:41,Preparing,784.27
207,6686,345,Dal Makhani,2023-12-09 07:21:41,Delivered,1321.43
208,1984,441,Samosa,2025-01-26 07:21:41,Delivered,317.36
209,9268,247,Pani Puri,2023-02-27 07:21:41,Cancelled,1060.11
210,2267,160,Biryani,2024-11-15 07:21:41,Cancelled,1445.13
211,9164,41,Dosa,2024-03-05 07:21:41,Cancelled,472.56
212,4956,379,Paneer Tikka,2023-09-15 07:21:41,Preparing,571.26
213,5590,427,Dal Makhani,2022-03-23 07:21:41,Delivered,1113.32
214,2866,361,Samosa,2023-10-15 07:21:41,Delivered,686.02
215,4732,260,Dal Makhani,2022-12-18 07:21:41,Preparing,870.6
216,1210,232,Chole Bhature,2023-12-08 07:21:41,Preparing,922.22
217,8506,197,Biryani,2022-10-31 07:21:41,Preparing,1177.15
218,6197,43,Dosa,2023-05-07 07:21:41,Delivered,613.71
219,8483,224,Butter Chicken,2022-08-09 07:21:41,Delivered,907.21
220,246,135,Rogan Josh,2024-10-14 07:21:41,Preparing,389.01
221,2988,138,Paneer Tikka,2024-06-20 07:21:41,Preparing,660.12
222,4083,438,Butter Chicken,2023-03-26 07:21:41,Preparing,1173.35
223,4570,290,Paneer Tikka,2023-05-25 07:21:41,Cancelled,935.05
224,8910,441,Pani Puri,2022-04-28 07:21:41,Cancelled,293.19
225,5324,269,Pani Puri,2022-06-07 07:21:41,Delivered,496.5
226,6582,432,Dosa,2024-08-20 07:21:41,Delivered,153.6
227,7338,91,Rogan Josh,2023-07-18 07:21:41,Delivered,452.43
228,9387,276,Dosa,2023-03-15 07:21:41,Preparing,553.29
229,8352,172,Dosa,2023-09-22 07:21:41,Cancelled,864.37
230,5477,120,Chole Bhature,2024-06-27 07:21:41,Delivered,1366.77
231,7455,411,Dal Makhani,2022-07-14 07:21:41,Preparing,144.51
232,4729,174,Pani Puri,2024-10-16 07:21:41,Delivered,435.45
233,6892,413,Dosa,2023-04-11 07:21:41,Preparing,173.07
234,6887,167,Mutton Curry,2022-11-02 07:21:41,Preparing,1414.76
235,5962,221,Biryani,2025-02-23 07:21:41,Cancelled,786.59
236,2644,312,Mutton Curry,2024-04-06 07:21:41,Delivered,829.9
237,5294,98,Samosa,2025-02-04 07:21:41,Delivered,1138.45
238,112,309,Pani Puri,2025-01-30 07:21:41,Delivered,1423.59
239,5548,139,Chole Bhature,2023-03-25 07:21:41,Preparing,560.38
240,7453,54,Biryani,2025-01-13 07:21:41,Preparing,361.33
241,567,86,Biryani,2024-12-30 07:21:41,Delivered,149.33
242,6536,397,Dal Makhani,2024-08-19 07:21:41,Cancelled,934.48
243,1668,423,Dal Makhani,2024-03-06 07:21:41,Cancelled,482.46
244,3360,405,Butter Chicken,2022-12-04 07:21:41,Delivered,1094.59
245,1264,38,Biryani,2024-09-10 07:21:41,Cancelled,1443.28
246,4824,370,Samosa,2022-10-31 07:21:41,Delivered,1289.89
247,1031,249,Pani Puri,2022-11-28 07:21:41,Delivered,1016.07
248,961,415,Biryani,2023-04-20 07:21:41,Cancelled,683.98
249,7372,22,Dal Makhani,2022-08-25 07:21:41,Preparing,721.71
250,9174,174,Butter Chicken,2024-05-04 07:21:41,Cancelled,971.67
251,2459,350,Dosa,2024-11-12 07:21:41,Preparing,336.43
252,808,270,Dosa,2022-12-26 07:21:41,Preparing,908.9
253,5106,170,Samosa,2023-12-29 07:21:41,Cancelled,101.94
254,7158,188,Mutton Curry,2023-02-28 07:21:41,Cancelled,857.3
255,4611,226,Pani Puri,2023-10-21 07:21:41,Preparing,667.9
256,1443,373,Rogan Josh,2023-09-04 07:21:41,Cancelled,141.72
257,1776,200,Chole Bhature,2022-05-27 07:21:41,Delivered,406.28
258,5629,447,Dal Makhani,2023-12-27 07:21:41,Delivered,1270.46
259,1651,436,Dosa,2022-07-24 07:21:41,Preparing,757.21
260,297,258,Pani Puri,2024-04-22 07:21:41,Delivered,1461.8
261,9608,422,Biryani,2024-11-21 07:21:41,Preparing,905.81
262,2489,171,Chole Bhature,2024-11-05 07:21:41,Cancelled,317.97
263,2896,345,Butter Chicken,2022-03-14 07:21:41,Preparing,1084.61
264,2141,388,Butter Chicken,2024-12-14 07:21:41,Cancelled,879.65
265,7457,200,Biryani,2024-10-11 07:21:41,Cancelled,510.85
266,5705,163,Mutton Curry,2024-07-01 07:21:41,Preparing,487.07
267,285,253,Mutton Curry,2024-08-14 07:21:41,Cancelled,558.48
268,2718,80,Butter Chicken,2023-12-02 07:21:41,Cancelled,1360.6
269,2040,41,Pani Puri,2022-06-28 07:21:41,Preparing,1323.3
270,8914,98,Rogan Josh,2023-09-26 07:21:41,Preparing,395.67
271,8085,382,Samosa,2023-07-03 07:21:41,Delivered,1334.09
272,1402,423,Paneer Tikka,2024-04-22 07:21:41,Preparing,657.41
273,3672,280,Rogan Josh,2023-02-10 07:21:41,Cancelled,1226.79
274,3147,211,Dal Makhani,2023-10-24 07:21:41,Preparing,1189.46
275,8814,417,Biryani,2024-10-14 07:21:41,Cancelled,965.75
276,6309,304,Butter Chicken,2024-05-05 07:21:41,Preparing,641.6
277,33,321,Chole Bhature,2025-01-10 07:21:41,Cancelled,1342.93
278,4873,120,Samosa,2024-03-23 07:21:41,Cancelled,1376.93
279,8626,146,Chole Bhature,2025-01-02 07:21:41,Preparing,744.31
280,1230,364,Dal Makhani,2024-02-27 07:21:41,Preparing,246.33
281,4054,158,Samosa,2023-01-10 07:21:41,Delivered,1159.43
282,8448,251,Biryani,2024-03-06 07:21:41,Cancelled,996.24
283,229,57,Rogan Josh,2023-08-25 07:21:41,Cancelled,1296.99
284,3287,69,Butter Chicken,2023-11-13 07:21:41,Preparing,1017.09
285,7037,144,Dal Makhani,2024-07-29 07:21:41,Preparing,453.12
286,1936,440,Chole Bhature,2023-09-11 07:21:41,Cancelled,1280.92
287,3927,310,Paneer Tikka,2022-09-24 07:21:41,Delivered,1049.52
288,9487,162,Butter Chicken,2023-12-03 07:21:41,Delivered,688.33
289,1412,357,Butter Chicken,2024-07-21 07:21:41,Preparing,984.12
290,621,314,Pani Puri,2024-06-14 07:21:41,Preparing,1044.29
291,2846,147,Butter Chicken,2024-12-15 07:21:41,Preparing,756.63
292,5078,397,Samosa,2022-04-09 07:21:41,Cancelled,274.28
293,9680,287,Dal Makhani,2022-11-16 07:21:41,Preparing,1194.17
294,8330,157,Samosa,2024-03-02 07:21:41,Delivered,916.02
295,4598,472,Biryani,2024-06-07 07:21:41,Delivered,1131.85
296,5879,227,Chole Bhature,2022-08-19 07:21:41,Preparing,1082.21
297,4555,291,Pani Puri,2024-06-30 07:21:41,Delivered,599.38
298,2472,62,Biryani,2023-07-22 07:21:41,Preparing,927.92
299,356,53,Biryani,2023-06-07 07:21:41,Delivered,643.45
300,6690,391,Mutton Curry,2023-11-11 07:21:41,Cancelled,410.83
301,6932,230,Biryani,2023-11-02 07:21:41,Preparing,1388.94
302,7367,187,Biryani,2022-08-27 07:21:41,Preparing,1464.17
303,1379,398,Dal Makhani,2022-07-25 07:21:41,Cancelled,746.58
304,5886,18,Paneer Tikka,2025-02-01 07:21:41,Cancelled,1433.61
305,3602,182,Mutton Curry,2022-10-28 07:21:41,Cancelled,1009.63
306,4680,321,Dosa,2022-07-23 07:21:41,Cancelled,113.51
307,7147,468,Mutton Curry,2022-08-28 07:21:41,Preparing,915.73
308,1843,420,Samosa,2023-05-18 07:21:41,Cancelled,330.08
309,4390,443,Chole Bhature,2024-09-18 07:21:41,Cancelled,615.45
310,1625,42,Samosa,2023-04-15 07:21:41,Cancelled,1472.39
311,5124,365,Biryani,2024-10-07 07:21:41,Preparing,429.42
312,9919,193,Dal Makhani,2024-01-06 07:21:41,Preparing,116.74
313,9786,230,Biryani,2022-08-07 07:21:41,Cancelled,334.04
314,7180,293,Paneer Tikka,2024-04-12 07:21:41,Cancelled,381.82
315,6324,423,Dosa,2024-10-16 07:21:41,Cancelled,124.26
316,1847,387,Butter Chicken,2024-04-02 07:21:41,Cancelled,324.68
317,5518,226,Biryani,2024-06-13 07:21:41,Delivered,433.04
318,1820,257,Butter Chicken,2023-07-18 07:21:41,Delivered,1082.58
319,1988,476,Dal Makhani,2023-02-16 07:21:41,Preparing,215.33
320,3325,416,Biryani,2022-09-24 07:21:41,Delivered,717.38
321,6360,223,Biryani,2022-03-09 07:21:41,Cancelled,532.49
322,6125,471,Rogan Josh,2024-02-05 07:21:41,Delivered,1387.41
323,3902,45,Biryani,2024-12-08 07:21:41,Preparing,193.4
324,8821,389,Dosa,2022-12-31 07:21:41,Delivered,908.25
325,4234,27,Pani Puri,2023-03-19 07:21:41,Cancelled,539.79
326,5012,197,Samosa,2024-12-15 07:21:41,Delivered,835.03
327,2209,192,Paneer Tikka,2023-02-26 07:21:41,Delivered,287.01
328,166,199,Biryani,2022-12-11 07:21:41,Delivered,1392.92
329,1697,267,Biryani,2025-02-09 07:21:41,Delivered,809.52
330,8841,62,Butter Chicken,2024-12-07 07:21:41,Preparing,509.82
331,5018,292,Dal Makhani,2023-10-02 07:21:41,Delivered,749.68
332,9018,107,Chole Bhature,2022-10-28 07:21:41,Cancelled,599.72
333,2477,68,Chole Bhature,2024-03-29 07:21:41,Cancelled,487.74
334,1812,336,Mutton Curry,2024-03-15 07:21:41,Cancelled,1231.96
335,9611,401,Dosa,2022-10-08 07:21:41,Cancelled,855.32
336,2185,217,Mutton Curry,2023-08-30 07:21:41,Cancelled,311.43
337,6107,370,Biryani,2023-03-16 07:21:41,Delivered,1085.44
338,6577,93,Pani Puri,2023-09-09 07:21:41,Preparing,990.43
339,8597,491,Butter Chicken,2023-01-17 07:21:41,Preparing,1497.77
340,2184,92,Paneer Tikka,2024-02-20 07:21:41,Preparing,775.34
341,9196,210,Biryani,2023-06-21 07:21:41,Preparing,141.27
342,5443,297,Mutton Curry,2023-07-19 07:21:41,Preparing,1007.9
343,146,452,Rogan Josh,2023-11-28 07:21:41,Preparing,787.21
344,3864,273,Mutton Curry,2024-05-20 07:21:41,Delivered,405.7
345,7408,51,Pani Puri,2024-04-15 07:21:41,Preparing,1370.37
346,1882,43,Biryani,2024-07-04 07:21:41,Cancelled,1056.32
347,6195,180,Mutton Curry,2023-07-29 07:21:41,Delivered,1437.16
348,4258,497,Paneer Tikka,2024-05-25 07:21:41,Delivered,317.23
349,3546,19,Butter Chicken,2025-02-07 07:21:41,Preparing,383.78
350,1984,334,Samosa,2022-12-08 07:21:41,Delivered,1102.74
351,2677,42,Rogan Josh,2023-06-21 07:21:41,Delivered,498.09
352,8253,83,Dosa,2024-12-31 07:21:41,Delivered,292.13
353,409,161,Rogan Josh,2022-06-08 07:21:41,Preparing,197.39
354,3050,164,Dosa,2023-10-14 07:21:41,Delivered,941.91
355,9503,198,Pani Puri,2022-04-28 07:21:41,Preparing,207.96
356,3418,493,Chole Bhature,2024-02-24 07:21:41,Preparing,361.76
357,1585,98,Biryani,2022-07-17 07:21:41,Delivered,318.69
358,1594,13,Pani Puri,2024-01-08 07:21:41,Delivered,277.51
359,7932,94,Paneer Tikka,2022-10-07 07:21:41,Preparing,1346.75
360,1516,243,Paneer Tikka,2024-05-26 07:21:41,Cancelled,297.18
361,4743,179,Mutton Curry,2023-08-18 07:21:41,Delivered,870.05
362,7884,199,Pani Puri,2023-09-29 07:21:41,Cancelled,395.3
363,2318,362,Dal Makhani,2024-08-19 07:21:41,Cancelled,1484.88
364,4540,294,Paneer Tikka,2024-11-30 07:21:41,Cancelled,439.87
365,1129,377,Dosa,2024-05-01 07:21:41,Cancelled,845.92
366,2795,260,Dal Makhani,2022-09-10 07:21:41,Preparing,1095.49
367,7690,244,Dosa,2022-11-18 07:21:41,Delivered,1322.23
368,9403,411,Paneer Tikka,2023-10-21 07:21:41,Cancelled,532.56
369,7418,316,Dosa,2025-01-23 07:21:41,Delivered,1064.94
370,6825,241,Biryani,2023-10-10 07:21:41,Delivered,251.27
371,1815,459,Butter Chicken,2024-12-08 07:21:41,Delivered,923.53
372,8392,149,Butter Chicken,2024-03-10 07:21:41,Cancelled,490.76
373,8839,435,Mutton Curry,2023-01-18 07:21:41,Cancelled,913.7
374,7419,56,Rogan Josh,2023-05-02 07:21:41,Cancelled,717.52
375,873,298,Chole Bhature,2024-03-17 07:21:41,Cancelled,974.54
376,4118,194,Biryani,2023-03-24 07:21:41,Delivered,688.39
377,7292,151,Rogan Josh,2024-05-17 07:21:41,Delivered,1473.36
378,8717,12,Dosa,2023-10-27 07:21:41,Cancelled,881.49
379,9729,481,Paneer Tikka,2024-10-28 07:21:41,Cancelled,336.24
380,3938,210,Butter Chicken,2023-03-28 07:21:41,Delivered,1364.33
381,6406,301,Paneer Tikka,2024-11-02 07:21:41,Delivered,1308.2
382,8584,342,Samosa,2024-08-14 07:21:41,Preparing,1083.56
383,2931,274,Rogan Josh,2022-04-06 07:21:41,Cancelled,177.35
384,6891,465,Biryani,2022-05-30 07:21:41,Cancelled,1182.25
385,7432,52,Pani Puri,2022-10-05 07:21:41,Delivered,411.19
386,9281,496,Butter Chicken,2025-02-23 07:21:41,Delivered,1178.09
387,8161,404,Paneer Tikka,2022-03-31 07:21:41,Delivered,160.59
388,1734,477,Pani Puri,2024-01-18 07:21:41,Delivered,781.62
389,3071,434,Rogan Josh,2022-05-15 07:21:41,Preparing,545.66
390,4742,458,Chole Bhature,2022-04-28 07:21:41,Delivered,1449.59
391,8276,295,Pani Puri,2024-09-20 07:21:41,Cancelled,1374.08
392,4130,137,Butter Chicken,2024-06-13 07:21:41,Delivered,702.75
393,1601,128,Chole Bhature,2023-10-07 07:21:41,Preparing,818.25
394,5793,379,Biryani,2022-10-09 07:21:41,Preparing,836.65
395,1951,453,Pani Puri,2024-05-25 07:21:41,Cancelled,478.31
396,3920,130,Samosa,2022-10-06 07:21:41,Delivered,239.25
397,6380,175,Biryani,2022-07-22 07:21:41,Delivered,360.24
398,9439,435,Pani Puri,2024-10-23 07:21:41,Preparing,1279.55
399,377,422,Chole Bhature,2023-02-22 07:21:41,Preparing,1055.37
400,2280,144,Rogan Josh,2022-03-23 07:21:41,Preparing,294.87
401,9482,59,Mutton Curry,2024-01-12 07:21:41,Cancelled,624.14
402,9971,157,Dosa,2023-01-12 07:21:41,Cancelled,983.24
403,3115,383,Pani Puri,2023-03-02 07:21:41,Cancelled,1397.83
404,4334,496,Pani Puri,2023-06-28 07:21:41,Cancelled,229.87
405,2301,85,Chole Bhature,2025-01-26 07:21:41,Preparing,512.94
406,337,252,Mutton Curry,2023-05-06 07:21:41,Delivered,949.12
407,4521,136,Mutton Curry,2024-04-14 07:21:41,Preparing,479.84
408,3433,93,Chole Bhature,2023-11-20 07:21:41,Preparing,713.34
409,1731,404,Chole Bhature,2024-12-01 07:21:41,Preparing,339.81
410,2770,328,Biryani,2023-08-16 07:21:41,Cancelled,1406.04
411,7956,225,Rogan Josh,2024-09-23 07:21:41,Preparing,1499.38
412,9079,234,Rogan Josh,2023-03-07 07:21:41,Cancelled,159.64
413,9897,152,Dosa,2024-11-24 07:21:41,Preparing,702.99
414,3528,466,Mutton Curry,2025-01-25 07:21:41,Cancelled,248.71
415,3392,462,Dosa,2025-02-12 07:21:41,Delivered,521.82
416,7609,214,Dosa,2024-05-12 07:21:41,Cancelled,1471.67
417,3492,275,Dal Makhani,2022-11-09 07:21:41,Preparing,1082.55
418,8170,5,Chole Bhature,2022-06-24 07:21:41,Cancelled,1162.75
419,2297,396,Mutton Curry,2025-01-29 07:21:41,Preparing,132.88
420,6391,210,Paneer Tikka,2024-12-20 07:21:41,Preparing,1196.87
421,7611,207,Dosa,2024-06-12 07:21:41,Cancelled,782.48
422,5660,236,Dosa,2023-05-09 07:21:41,Cancelled,1087.44
423,3780,144,Chole Bhature,2024-10-13 07:21:41,Cancelled,829.77
424,1275,61,Butter Chicken,2024-05-14 07:21:41,Delivered,318.77
425,6701,434,Chole Bhature,2024-09-15 07:21:41,Delivered,1380.08
426,5920,188,Dosa,2022-07-13 07:21:41,Delivered,598.61
427,929,435,Butter Chicken,2023-04-13 07:21:41,Cancelled,938.81
428,6526,302,Dosa,2023-12-14 07:21:41,Cancelled,1326.72
429,3319,35,Butter Chicken,2022-07-22 07:21:41,Preparing,976.69
430,9893,202,Mutton Curry,2023-08-03 07:21:41,Cancelled,1199.03
431,6284,241,Chole Bhature,2022-10-21 07:21:41,Cancelled,1261.44
432,6493,256,Biryani,2023-02-15 07:21:41,Delivered,1130.21
433,5190,287,Samosa,2024-11-20 07:21:41,Preparing,1351.74
434,6285,283,Butter Chicken,2022-08-15 07:21:41,Cancelled,453.62
435,6865,129,Biryani,2023-04-01 07:21:41,Delivered,1245.84
436,8169,167,Pani Puri,2025-01-10 07:21:41,Cancelled,242.92
437,7698,384,Mutton Curry,2022-07-22 07:21:41,Cancelled,1087.13
438,9514,37,Samosa,2024-02-20 07:21:41,Preparing,273.5
439,1397,441,Butter Chicken,2023-09-08 07:21:41,Cancelled,433.84
440,4261,262,Biryani,2023-11-20 07:21:41,Delivered,452.95
441,2488,320,Paneer Tikka,2024-07-07 07:21:41,Delivered,919.72
442,8999,9,Pani Puri,2023-10-15 07:21:41,Preparing,250.36
443,5712,302,Butter Chicken,2024-02-10 07:21:41,Preparing,112.32
444,3626,227,Biryani,2024-05-29 07:21:41,Cancelled,1374.44
445,9199,492,Biryani,2024-04-02 07:21:41,Cancelled,917.42
446,9911,494,Biryani,2024-12-05 07:21:41,Preparing,1383.28
447,9340,84,Pani Puri,2022-04-04 07:21:41,Cancelled,1133.99
448,3239,477,Paneer Tikka,2023-02-05 07:21:41,Preparing,1025.5
449,166,420,Samosa,2023-12-30 07:21:41,Cancelled,142.65
450,7947,351,Paneer Tikka,2022-05-22 07:21:41,Delivered,1399.3
451,442,272,Biryani,2023-10-04 07:21:41,Preparing,941.51
452,9220,355,Pani Puri,2023-03-25 07:21:41,Preparing,800.41
453,1911,54,Rogan Josh,2022-10-18 07:21:41,Delivered,1326.98
454,1972,220,Chole Bhature,2023-03-31 07:21:41,Cancelled,210.92
455,8193,285,Dosa,2024-09-16 07:21:41,Preparing,500.37
456,1660,498,Pani Puri,2022-05-11 07:21:41,Preparing,883.43
457,9542,81,Dosa,2022-06-13 07:21:41,Cancelled,240.8
458,2414,316,Samosa,2025-01-04 07:21:41,Cancelled,483.88
459,2809,5,Chole Bhature,2024-04-12 07:21:41,Cancelled,1103.86
460,8755,335,Dosa,2024-09-17 07:21:41,Cancelled,1401.32
461,8434,14,Butter Chicken,2024-05-06 07:21:41,Cancelled,874.57
462,3011,418,Biryani,2024-12-01 07:21:41,Delivered,459.66
463,6729,146,Dal Makhani,2024-01-31 07:21:41,Preparing,1342.48
464,7604,182,Chole Bhature,2024-02-08 07:21:41,Preparing,1024.62
465,8894,99,Samosa,2022-07-27 07:21:41,Preparing,242.02
466,3685,190,Paneer Tikka,2022-11-27 07:21:41,Delivered,700.91
467,3373,134,Pani Puri,2022-04-29 07:21:41,Preparing,1152.55
468,9818,464,Mutton Curry,2025-01-21 07:21:41,Delivered,706.32
469,4686,319,Mutton Curry,2024-08-26 07:21:41,Delivered,649.67
470,7391,396,Mutton Curry,2024-05-21 07:21:41,Preparing,1214.31
471,1311,273,Chole Bhature,2024-07-25 07:21:41,Delivered,520.31
472,5100,311,Pani Puri,2024-12-25 07:21:41,Cancelled,910.71
473,8474,185,Butter Chicken,2024-02-16 07:21:41,Delivered,281.42
474,2878,344,Samosa,2024-11-17 07:21:41,Cancelled,170.39
475,5058,384,Pani Puri,2022-04-13 07:21:41,Delivered,586.39
476,2945,287,Paneer Tikka,2023-09-09 07:21:41,Preparing,597.21
477,4103,443,Biryani,2024-06-27 07:21:41,Cancelled,1154.22
478,8710,39,Rogan Josh,2022-05-28 07:21:41,Preparing,247.27
479,4549,72,Samosa,2022-12-14 07:21:41,Delivered,1416.36
480,5769,49,Dal Makhani,2023-11-19 07:21:41,Preparing,166.51
481,6517,227,Rogan Josh,2022-05-10 07:21:41,Preparing,1477.1
482,4140,156,Biryani,2025-03-02 07:21:41,Preparing,1282.13
483,176,143,Mutton Curry,2024-04-10 07:21:41,Cancelled,488.81
484,4785,488,Dosa,2022-10-28 07:21:41,Cancelled,835.53
485,4279,386,Paneer Tikka,2022-08-20 07:21:41,Delivered,346.76
486,4201,404,Biryani,2023-10-10 07:21:41,Cancelled,678.19
487,9312,200,Pani Puri,2024-02-22 07:21:41,Preparing,411.22
488,2914,312,Pani Puri,2024-07-14 07:21:41,Preparing,333.88
489,7894,233,Mutton Curry,2024-07-16 07:21:41,Cancelled,247.13
490,2407,461,Paneer Tikka,2023-06-26 07:21:41,Delivered,676.32
491,8109,464,Biryani,2022-07-22 07:21:41,Cancelled,838.49
492,2079,296,Pani Puri,2022-09-28 07:21:41,Delivered,485.74
493,2208,492,Rogan Josh,2025-01-09 07:21:41,Delivered,974.25
494,8471,172,Samosa,2025-02-28 07:21:41,Preparing,1051.04
495,325,82,Samosa,2022-12-08 07:21:41,Preparing,941.82
496,8267,58,Chole Bhature,2022-06-01 07:21:41,Preparing,887.87
497,1839,457,Dal Makhani,2023-11-01 07:21:41,Delivered,709.89
498,3979,30,Samosa,2023-12-20 07:21:41,Delivered,311.76
499,3736,128,Dal Makhani,2023-11-04 07:21:41,Cancelled,795.78
500,8057,104,Dal Makhani,2023-06-28 07:21:41,Delivered,1343.27
501,7620,382,Biryani,2022-05-25 07:21:41,Cancelled,131.52
502,1479,25,Samosa,2023-09-08 07:21:41,Delivered,619.86
503,2419,457,Mutton Curry,2022-11-22 07:21:41,Delivered,438.74
504,2674,400,Mutton Curry,2023-09-11 07:21:41,Preparing,1103.84
505,4102,82,Rogan Josh,2023-05-28 07:21:41,Preparing,395.34
506,8721,362,Dal Makhani,2023-05-12 07:21:41,Preparing,135.69
507,3910,473,Pani Puri,2022-05-07 07:21:41,Cancelled,449.68
508,9732,88,Samosa,2023-10-15 07:21:41,Cancelled,1332.72
509,3544,282,Samosa,2024-04-26 07:21:41,Preparing,469.17
510,4366,232,Biryani,2023-08-30 07:21:41,Delivered,1307.76
511,7039,84,Butter Chicken,2024-11-04 07:21:41,Delivered,1319.05
512,7459,388,Rogan Josh,2025-01-29 07:21:41,Cancelled,1451.97
513,514,278,Rogan Josh,2024-05-12 07:21:41,Delivered,291.96
514,4037,79,Rogan Josh,2023-05-27 07:21:41,Cancelled,998.64
515,773,295,Rogan Josh,2023-06-18 07:21:41,Delivered,1222.72
516,349,327,Chole Bhature,2024-07-11 07:21:41,Preparing,1272.03
517,6865,470,Dal Makhani,2024-02-25 07:21:41,Cancelled,911.22
518,7731,30,Samosa,2024-03-23 07:21:41,Cancelled,913.35
519,2157,96,Dal Makhani,2023-03-03 07:21:41,Delivered,177.42
520,4413,158,Mutton Curry,2024-05-04 07:21:41,Preparing,510.98
521,478,417,Chole Bhature,2024-07-14 07:21:41,Cancelled,1339.48
522,2194,156,Chole Bhature,2023-10-04 07:21:41,Cancelled,691.07
523,1595,274,Butter Chicken,2025-01-26 07:21:41,Cancelled,123.01
524,8180,172,Chole Bhature,2022-11-21 07:21:41,Cancelled,797.37
525,522,17,Pani Puri,2024-04-29 07:21:41,Preparing,665.67
526,447,447,Pani Puri,2022-12-24 07:21:41,Preparing,609.34
527,9428,364,Butter Chicken,2023-05-14 07:21:41,Cancelled,788.53
528,334,113,Dal Makhani,2023-07-01 07:21:41,Preparing,1069.15
529,8537,27,Biryani,2023-01-26 07:21:41,Cancelled,1147.93
530,2109,279,Samosa,2023-06-07 07:21:41,Preparing,146.75
531,9444,67,Dosa,2024-04-30 07:21:41,Delivered,604.25
532,999,169,Pani Puri,2022-04-22 07:21:41,Cancelled,288.83
533,2944,48,Mutton Curry,2023-01-21 07:21:41,Delivered,897.79
534,6426,448,Pani Puri,2024-02-16 07:21:41,Delivered,1246.98
535,4218,33,Rogan Josh,2024-08-29 07:21:41,Preparing,389.67
536,9230,390,Paneer Tikka,2024-11-05 07:21:41,Cancelled,297.99
537,5491,416,Chole Bhature,2024-11-28 07:21:41,Preparing,971.96
538,2637,237,Mutton Curry,2023-12-11 07:21:41,Delivered,668.39
539,3583,233,Pani Puri,2023-02-22 07:21:41,Delivered,284.26
540,4259,450,Dal Makhani,2023-09-24 07:21:41,Cancelled,1448.96
541,3030,194,Biryani,2024-01-05 07:21:41,Preparing,446.78
542,1623,128,Biryani,2024-05-26 07:21:41,Preparing,1291.94
543,6058,496,Butter Chicken,2023-07-24 07:21:41,Delivered,505.42
544,9595,112,Pani Puri,2023-06-03 07:21:41,Preparing,1136.33
545,9431,114,Samosa,2024-12-24 07:21:41,Preparing,1090.15
546,9055,126,Samosa,2023-02-20 07:21:41,Cancelled,1403.72
547,8015,311,Dosa,2024-07-24 07:21:41,Cancelled,148.96
548,4828,221,Pani Puri,2024-11-11 07:21:41,Preparing,899.49
549,106,62,Mutton Curry,2022-04-23 07:21:41,Delivered,233.56
550,2607,220,Dal Makhani,2023-05-20 07:21:41,Cancelled,1357.79
551,8888,88,Paneer Tikka,2023-10-09 07:21:41,Cancelled,459.96
552,821,139,Dosa,2024-03-22 07:21:41,Preparing,1484.6
553,2636,252,Samosa,2024-06-12 07:21:41,Delivered,739.96
554,3942,330,Rogan Josh,2025-02-15 07:21:41,Preparing,391.56
555,3539,369,Rogan Josh,2023-08-07 07:21:41,Cancelled,257.61
556,1567,273,Dal Makhani,2022-09-19 07:21:41,Delivered,1473.7
557,7120,488,Dal Makhani,2024-08-29 07:21:41,Delivered,428.97
558,4529,193,Dosa,2023-11-30 07:21:41,Preparing,1326.68
559,8213,155,Mutton Curry,2024-08-10 07:21:41,Delivered,308.84
560,5846,480,Pani Puri,2023-03-28 07:21:41,Preparing,891.25
561,6287,443,Mutton Curry,2024-06-02 07:21:41,Cancelled,334.63
562,73,134,Samosa,2022-11-10 07:21:41,Cancelled,311.96
563,5794,376,Dosa,2022-10-31 07:21:41,Preparing,413.89
564,8978,142,Butter Chicken,2023-11-01 07:21:41,Preparing,1029.0
565,4404,161,Chole Bhature,2024-11-27 07:21:41,Preparing,619.13
566,3951,12,Chole Bhature,2024-08-03 07:21:41,Cancelled,1420.89
567,485,463,Biryani,2024-06-23 07:21:41,Cancelled,741.76
568,4714,304,Butter Chicken,2024-02-04 07:21:41,Preparing,1146.91
569,9774,60,Dosa,2023-09-12 07:21:41,Cancelled,328.22
570,4881,373,Pani Puri,2025-01-12 07:21:41,Cancelled,257.39
571,6453,269,Biryani,2023-07-13 07:21:41,Delivered,1095.37
572,8320,473,Butter Chicken,2023-08-06 07:21:41,Delivered,877.87
573,9581,4,Samosa,2022-03-27 07:21:41,Delivered,1455.63
574,247,413,Dal Makhani,2022-04-28 07:21:41,Cancelled,1083.42
575,4717,169,Rogan Josh,2024-04-13 07:21:41,Delivered,1263.71
576,8155,191,Pani Puri,2024-12-09 07:21:41,Delivered,943.27
577,1361,117,Samosa,2023-09-25 07:21:41,Cancelled,372.1
578,1568,291,Paneer Tikka,2024-07-02 07:21:41,Cancelled,1475.99
579,9806,201,Dosa,2025-01-06 07:21:41,Preparing,276.51
580,6613,163,Chole Bhature,2022-04-04 07:21:41,Cancelled,238.81
581,4673,356,Paneer Tikka,2022-08-20 07:21:41,Cancelled,1258.54
582,1201,419,Paneer Tikka,2024-06-26 07:21:41,Delivered,675.76
583,5656,296,Dal Makhani,2025-01-23 07:21:41,Preparing,957.15
584,8015,493,Pani Puri,2024-11-12 07:21:41,Preparing,1206.03
585,1182,30,Rogan Josh,2023-08-31 07:21:41,Delivered,978.2
586,9030,124,Dal Makhani,2023-02-09 07:21:41,Preparing,995.2
587,8361,327,Rogan Josh,2024-11-05 07:21:41,Delivered,871.02
588,7030,60,Mutton Curry,2023-08-08 07:21:41,Delivered,465.03
589,935,42,Paneer Tikka,2022-04-05 07:21:41,Cancelled,1378.73
590,9935,94,Paneer Tikka,2022-08-26 07:21:41,Delivered,179.03
591,6005,360,Dosa,2024-12-16 07:21:41,Preparing,1366.88
592,4762,144,Butter Chicken,2023-01-18 07:21:41,Cancelled,285.45
593,6569,255,Dal Makhani,2024-08-28 07:21:41,Cancelled,309.19
594,9320,365,Pani Puri,2024-03-22 07:21:41,Delivered,359.84
595,3834,249,Chole Bhature,2022-08-28 07:21:41,Delivered,719.41
596,4172,217,Paneer Tikka,2024-01-07 07:21:41,Preparing,1345.02
597,6145,53,Dosa,2024-03-08 07:21:41,Cancelled,1363.74
598,4078,196,Biryani,2022-04-21 07:21:41,Preparing,1327.69
599,2813,500,Chole Bhature,2023-06-23 07:21:41,Delivered,500.86
600,165,83,Pani Puri,2022-06-25 07:21:41,Delivered,586.96
601,7340,148,Biryani,2022-10-02 07:21:41,Delivered,542.95
602,5974,168,Butter Chicken,2023-03-23 07:21:41,Preparing,845.53
603,2965,262,Dosa,2024-09-12 07:21:41,Cancelled,1167.2
604,809,139,Chole Bhature,2023-08-15 07:21:41,Delivered,682.14
605,7804,129,Pani Puri,2024-06-19 07:21:41,Cancelled,1476.19
606,8969,409,Rogan Josh,2022-07-16 07:21:41,Cancelled,309.16
607,2541,368,Pani Puri,2022-12-02 07:21:41,Cancelled,1403.41
608,2647,291,Rogan Josh,2022-05-25 07:21:41,Cancelled,289.38
609,2222,390,Mutton Curry,2023-05-07 07:21:41,Delivered,590.13
610,5982,152,Biryani,2022-06-20 07:21:41,Preparing,424.61
611,3972,215,Paneer Tikka,2024-03-07 07:21:41,Cancelled,525.61
612,3454,294,Butter Chicken,2025-01-04 07:21:41,Cancelled,176.03
613,9001,156,Paneer Tikka,2023-07-07 07:21:41,Cancelled,421.84
614,9059,130,Dosa,2022-05-10 07:21:41,Preparing,822.97
615,8247,416,Rogan Josh,2024-06-14 07:21:41,Delivered,1071.1
616,9452,100,Mutton Curry,2023-02-02 07:21:41,Cancelled,1105.82
617,3134,58,Paneer Tikka,2022-11-16 07:21:41,Cancelled,585.9
618,8352,229,Paneer Tikka,2025-01-07 07:21:41,Preparing,1049.47
619,3844,268,Pani Puri,2025-02-11 07:21:41,Cancelled,240.15
620,3907,173,Biryani,2022-08-04 07:21:41,Delivered,1375.33
621,8560,61,Rogan Josh,2024-02-07 07:21:41,Cancelled,472.39
622,1985,221,Dosa,2024-10-05 07:21:41,Preparing,1482.42
623,502,57,Dosa,2025-01-24 07:21:41,Preparing,200.78
624,785,170,Paneer Tikka,2023-06-09 07:21:41,Delivered,811.33
625,1273,180,Dosa,2022-06-07 07:21:41,Delivered,855.97
626,2308,71,Pani Puri,2024-06-07 07:21:41,Delivered,1049.9
627,4186,480,Butter Chicken,2022-05-10 07:21:41,Preparing,1293.98
628,3296,242,Pani Puri,2022-12-26 07:21:41,Preparing,141.48
629,9390,217,Paneer Tikka,2024-06-22 07:21:41,Delivered,527.62
630,2407,145,Dal Makhani,2022-05-05 07:21:41,Delivered,260.72
631,7528,97,Chole Bhature,2024-03-07 07:21:41,Cancelled,217.89
632,2170,440,Biryani,2022-05-26 07:21:41,Preparing,1200.92
633,8344,102,Paneer Tikka,2023-03-21 07:21:41,Preparing,1361.36
634,5698,69,Paneer Tikka,2022-09-20 07:21:41,Preparing,597.65
635,8116,167,Dosa,2025-03-02 07:21:41,Delivered,477.12
636,3988,241,Chole Bhature,2024-07-10 07:21:41,Cancelled,1277.2
637,8607,280,Mutton Curry,2024-05-17 07:21:41,Delivered,1349.53
638,4108,100,Dosa,2023-06-23 07:21:41,Delivered,295.14
639,6194,19,Dosa,2023-08-13 07:21:41,Delivered,978.64
640,6364,41,Paneer Tikka,2024-11-25 07:21:41,Cancelled,590.65
641,7762,471,Paneer Tikka,2024-04-17 07:21:41,Cancelled,1335.87
642,5859,389,Rogan Josh,2023-04-18 07:21:41,Delivered,434.01
643,7069,412,Mutton Curry,2025-01-25 07:21:41,Preparing,945.3
644,8500,220,Mutton Curry,2022-12-09 07:21:41,Cancelled,1177.95
645,6899,332,Dosa,2024-09-25 07:21:41,Delivered,249.53
646,7496,152,Mutton Curry,2024-10-24 07:21:41,Delivered,971.92
647,5845,283,Rogan Josh,2023-08-26 07:21:41,Preparing,295.37
648,3025,119,Samosa,2024-10-30 07:21:41,Preparing,877.97
649,9191,363,Samosa,2025-02-28 07:21:41,Cancelled,1156.99
650,2105,282,Dal Makhani,2024-02-28 07:21:41,Delivered,798.97
651,244,152,Biryani,2024-12-22 07:21:41,Cancelled,501.26
652,5116,27,Dal Makhani,2024-02-28 07:21:41,Delivered,1440.12
653,1320,128,Chole Bhature,2022-09-27 07:21:41,Cancelled,165.48
654,7316,309,Biryani,2023-10-20 07:21:41,Cancelled,1037.6
655,1323,371,Samosa,2024-07-29 07:21:41,Cancelled,725.81
656,1,278,Rogan Josh,2024-09-20 07:21:41,Delivered,1279.14
657,559,47,Chole Bhature,2022-12-14 07:21:41,Delivered,1405.16
658,1943,164,Chole Bhature,2023-08-12 07:21:41,Cancelled,883.75
659,7823,441,Pani Puri,2022-06-06 07:21:41,Delivered,863.5
660,4516,424,Dosa,2024-01-03 07:21:41,Cancelled,1020.49
661,3028,175,Dal Makhani,2022-07-27 07:21:41,Preparing,955.74
662,5519,460,Mutton Curry,2022-12-12 07:21:41,Cancelled,1319.82
663,2343,155,Paneer Tikka,2022-11-11 07:21:41,Delivered,732.75
664,1973,295,Rogan Josh,2023-09-09 07:21:41,Delivered,433.01
665,3642,348,Mutton Curry,2022-08-12 07:21:41,Cancelled,1429.2
666,544,39,Samosa,2024-07-01 07:21:41,Delivered,1419.48
667,7654,163,Pani Puri,2024-09-04 07:21:41,Cancelled,1342.41
668,6189,301,Rogan Josh,2024-05-05 07:21:41,Delivered,583.45
669,8239,36,Biryani,2022-07-08 07:21:41,Delivered,711.66
670,1933,204,Dal Makhani,2025-03-02 07:21:41,Delivered,560.87
671,6750,471,Samosa,2022-10-22 07:21:41,Cancelled,1056.65
672,2173,109,Mutton Curry,2024-08-09 07:21:41,Delivered,528.19
673,6200,478,Rogan Josh,2024-05-04 07:21:41,Cancelled,1028.01
674,7014,33,Mutton Curry,2024-11-29 07:21:41,Preparing,346.97
675,4904,258,Chole Bhature,2023-05-03 07:21:41,Cancelled,916.42
676,1041,422,Chole Bhature,2024-11-06 07:21:41,Cancelled,190.58
677,6077,33,Paneer Tikka,2023-05-22 07:21:41,Cancelled,434.37
678,2000,333,Rogan Josh,2023-07-23 07:21:41,Cancelled,894.23
679,4152,265,Pani Puri,2024-09-25 07:21:41,Cancelled,239.07
680,1092,432,Chole Bhature,2023-10-16 07:21:41,Preparing,1469.64
681,202,456,Samosa,2024-10-11 07:21:41,Delivered,568.73
682,2832,143,Mutton Curry,2023-03-04 07:21:41,Preparing,1246.0
683,6529,169,Rogan Josh,2024-05-05 07:21:41,Delivered,105.36
684,7373,95,Butter Chicken,2024-04-04 07:21:41,Delivered,303.06
685,3336,416,Chole Bhature,2023-07-14 07:21:41,Cancelled,895.84
686,4100,344,Rogan Josh,2022-08-03 07:21:41,Cancelled,867.74
687,2427,415,Butter Chicken,2022-06-26 07:21:41,Preparing,762.02
688,1086,139,Dosa,2023-08-26 07:21:41,Delivered,1468.03
689,5425,444,Chole Bhature,2022-09-21 07:21:41,Delivered,1351.56
690,8568,330,Dal Makhani,2023-12-26 07:21:41,Preparing,838.81
691,7119,298,Biryani,2023-08-10 07:21:41,Cancelled,571.64
692,2441,458,Dal Makhani,2023-09-09 07:21:41,Preparing,967.25
693,8654,251,Paneer Tikka,2024-02-21 07:21:41,Cancelled,873.14
694,910,318,Pani Puri,2024-09-27 07:21:41,Preparing,275.35
695,5860,180,Pani Puri,2024-06-30 07:21:41,Cancelled,1400.89
696,9602,162,Biryani,2022-11-09 07:21:41,Cancelled,1452.66
697,2499,373,Dal Makhani,2025-01-22 07:21:41,Delivered,1015.65
698,7366,316,Paneer Tikka,2023-11-22 07:21:41,Delivered,200.76
699,9770,190,Dal Makhani,2023-07-03 07:21:41,Cancelled,363.39
700,3332,296,Mutton Curry,2025-02-06 07:21:41,Delivered,943.43
701,163,28,Chole Bhature,2022-08-15 07:21:41,Cancelled,1294.75
702,8101,84,Mutton Curry,2023-05-04 07:21:41,Preparing,523.27
703,4757,49,Butter Chicken,2022-12-22 07:21:41,Delivered,1364.93
704,160,135,Dal Makhani,2024-05-23 07:21:41,Cancelled,137.71
705,2194,456,Samosa,2023-12-18 07:21:41,Cancelled,835.01
706,999,338,Butter Chicken,2024-08-09 07:21:41,Delivered,1021.52
707,7194,369,Paneer Tikka,2024-03-20 07:21:41,Preparing,1032.83
708,2805,326,Mutton Curry,2024-04-15 07:21:41,Delivered,1335.89
709,7713,28,Butter Chicken,2025-01-11 07:21:41,Cancelled,133.57
710,1379,18,Biryani,2025-01-14 07:21:41,Delivered,1334.46
711,5917,353,Biryani,2023-12-27 07:21:41,Cancelled,842.43
712,6728,257,Butter Chicken,2025-01-31 07:21:41,Preparing,1214.66
713,6466,425,Dal Makhani,2023-09-23 07:21:41,Preparing,735.68
714,783,434,Butter Chicken,2024-12-18 07:21:41,Delivered,955.35
715,9733,84,Mutton Curry,2022-09-20 07:21:41,Delivered,516.58
716,264,473,Mutton Curry,2022-10-22 07:21:41,Preparing,314.47
717,6440,380,Dal Makhani,2022-11-27 07:21:41,Cancelled,437.37
718,1622,295,Mutton Curry,2023-08-22 07:21:41,Preparing,1182.85
719,1758,475,Biryani,2022-12-18 07:21:41,Cancelled,548.6
720,329,308,Dosa,2022-09-13 07:21:41,Preparing,130.96
721,1082,410,Samosa,2024-06-05 07:21:41,Delivered,279.31
722,1819,254,Paneer Tikka,2022-07-22 07:21:41,Cancelled,122.02
723,8206,446,Mutton Curry,2022-10-17 07:21:41,Delivered,249.4
724,2178,66,Mutton Curry,2023-04-04 07:21:41,Preparing,273.18
725,6030,364,Rogan Josh,2024-01-21 07:21:41,Preparing,837.12
726,247,130,Pani Puri,2024-08-28 07:21:41,Preparing,1223.56
727,9697,414,Dal Makhani,2022-05-29 07:21:41,Cancelled,531.61
728,2261,290,Chole Bhature,2024-04-08 07:21:41,Cancelled,1179.17
729,6091,43,Rogan Josh,2025-03-02 07:21:41,Cancelled,709.93
730,2481,401,Pani Puri,2023-07-11 07:21:41,Preparing,402.02
731,3005,427,Rogan Josh,2025-01-30 07:21:41,Cancelled,1069.95
732,9105,162,Mutton Curry,2022-11-14 07:21:41,Cancelled,1453.3
733,4191,364,Samosa,2023-06-16 07:21:41,Preparing,1119.26
734,9246,92,Dosa,2024-04-16 07:21:41,Cancelled,645.4
735,7693,396,Pani Puri,2023-05-20 07:21:41,Cancelled,1279.3
736,3682,324,Butter Chicken,2024-03-04 07:21:41,Delivered,943.72
737,7706,264,Dosa,2022-06-04 07:21:41,Cancelled,139.83
738,129,10,Butter Chicken,2023-12-03 07:21:41,Cancelled,229.2
739,7322,75,Dosa,2023-11-06 07:21:41,Cancelled,462.84
740,1809,142,Dal Makhani,2023-03-21 07:21:41,Cancelled,643.28
741,3406,17,Rogan Josh,2023-06-17 07:21:41,Delivered,143.71
742,3638,413,Butter Chicken,2024-12-02 07:21:41,Preparing,303.66
743,8365,222,Mutton Curry,2022-05-07 07:21:41,Preparing,1072.09
744,2645,222,Dal Makhani,2023-05-25 07:21:41,Delivered,1374.79
745,2372,339,Dosa,2025-03-02 07:21:41,Delivered,670.38
746,5997,334,Paneer Tikka,2024-05-07 07:21:41,Cancelled,1297.75
747,4733,408,Dosa,2024-05-22 07:21:41,Delivered,444.46
748,8445,4,Butter Chicken,2023-10-09 07:21:41,Cancelled,988.39
749,7844,255,Rogan Josh,2024-02-18 07:21:41,Cancelled,1357.65
750,7349,138,Paneer Tikka,2022-07-20 07:21:41,Preparing,969.59
751,74,145,Mutton Curry,2024-04-05 07:21:41,Cancelled,1444.44
752,9259,100,Pani Puri,2023-03-02 07:21:41,Cancelled,971.72
753,3015,80,Dal Makhani,2024-05-21 07:21:41,Delivered,846.21
754,9393,148,Paneer Tikka,2024-10-04 07:21:41,Cancelled,471.04
755,6403,387,Dosa,2022-05-30 07:21:41,Delivered,1070.41
756,2046,471,Chole Bhature,2022-11-07 07:21:41,Delivered,618.28
757,4552,230,Dosa,2024-12-25 07:21:41,Cancelled,812.98
758,3472,10,Dosa,2024-08-16 07:21:41,Preparing,519.57
759,2312,297,Mutton Curry,2024-03-01 07:21:41,Cancelled,1185.29
760,1919,166,Pani Puri,2022-04-07 07:21:41,Delivered,786.07
761,7260,388,Biryani,2023-03-15 07:21:41,Cancelled,415.28
762,439,49,Samosa,2023-11-03 07:21:41,Cancelled,965.6
763,1973,487,Samosa,2023-02-24 07:21:41,Preparing,1399.52
764,3700,461,Mutton Curry,2023-01-31 07:21:41,Cancelled,646.96
765,1899,275,Rogan Josh,2023-07-21 07:21:41,Cancelled,1105.57
766,1578,444,Samosa,2022-06-08 07:21:41,Preparing,937.5
767,9681,12,Pani Puri,2024-05-23 07:21:41,Cancelled,667.1
768,4828,251,Butter Chicken,2023-05-28 07:21:41,Delivered,731.31
769,9181,79,Rogan Josh,2024-06-20 07:21:41,Preparing,336.21
770,8219,242,Chole Bhature,2023-01-22 07:21:41,Delivered,1188.15
771,2778,365,Samosa,2023-02-25 07:21:41,Preparing,338.67
772,7327,282,Paneer Tikka,2025-01-22 07:21:41,Cancelled,227.59
773,8059,444,Biryani,2022-12-20 07:21:41,Delivered,162.44
774,9040,72,Butter Chicken,2023-07-06 07:21:41,Delivered,1331.55
775,5186,329,Dal Makhani,2022-09-24 07:21:41,Preparing,447.57
776,2199,122,Samosa,2024-02-03 07:21:41,Preparing,1103.59
777,5314,492,Dosa,2024-06-21 07:21:41,Delivered,246.02
778,402,427,Pani Puri,2022-06-27 07:21:41,Cancelled,1088.53
779,5335,372,Chole Bhature,2023-10-01 07:21:41,Cancelled,1104.9
780,991,150,Rogan Josh,2024-11-10 07:21:41,Preparing,952.04
781,7081,53,Samosa,2022-07-12 07:21:41,Preparing,1172.81
782,8608,258,Chole Bhature,2022-05-10 07:21:41,Delivered,1182.08
783,3529,263,Chole Bhature,2022-11-07 07:21:41,Preparing,1233.16
784,5229,300,Rogan Josh,2023-02-04 07:21:41,Delivered,1067.18
785,4501,69,Biryani,2023-06-02 07:21:41,Cancelled,1227.8
786,9628,137,Rogan Josh,2025-01-19 07:21:41,Cancelled,1473.93
787,751,114,Biryani,2023-02-27 07:21:41,Preparing,302.13
788,7915,326,Pani Puri,2023-08-24 07:21:41,Preparing,195.04
789,9849,461,Biryani,2023-05-06 07:21:41,Delivered,853.92
790,5003,72,Samosa,2023-07-30 07:21:41,Cancelled,763.82
791,2521,201,Chole Bhature,2024-07-14 07:21:41,Cancelled,605.11
792,1511,9,Samosa,2022-09-19 07:21:41,Preparing,1068.9
793,5190,483,Rogan Josh,2023-12-12 07:21:41,Cancelled,800.2
794,4629,352,Samosa,2025-02-16 07:21:41,Preparing,112.9
795,692,355,Biryani,2023-01-14 07:21:41,Preparing,890.8
796,4138,242,Dosa,2023-01-23 07:21:41,Cancelled,1358.14
797,6137,356,Mutton Curry,2024-02-01 07:21:41,Delivered,691.44
798,5090,307,Dosa,2022-06-11 07:21:41,Cancelled,317.33
799,5418,394,Butter Chicken,2024-06-21 07:21:41,Cancelled,126.72
800,7467,14,Dosa,2024-10-20 07:21:41,Cancelled,342.25
801,9204,488,Rogan Josh,2025-02-10 07:21:41,Cancelled,1241.22
802,3141,347,Pani Puri,2024-05-01 07:21:41,Delivered,1067.24
803,8015,329,Mutton Curry,2022-10-19 07:21:41,Cancelled,689.56
804,4545,77,Dosa,2023-12-21 07:21:41,Preparing,704.87
805,7438,281,Chole Bhature,2024-06-10 07:21:41,Preparing,1054.45
806,6643,187,Biryani,2023-04-01 07:21:41,Delivered,506.42
807,3861,243,Biryani,2022-07-10 07:21:41,Delivered,1328.4
808,9064,195,Dal Makhani,2022-03-30 07:21:41,Preparing,1238.73
809,7165,154,Chole Bhature,2023-02-25 07:21:41,Delivered,830.67
810,3492,64,Dosa,2023-01-13 07:21:41,Preparing,790.85
811,9572,244,Mutton Curry,2022-12-20 07:21:41,Cancelled,550.29
812,7486,388,Dosa,2023-05-10 07:21:41,Cancelled,575.0
813,8535,296,Samosa,2022-04-16 07:21:41,Delivered,1369.96
814,955,187,Biryani,2022-07-20 07:21:41,Preparing,326.56
815,3074,281,Chole Bhature,2023-03-06 07:21:41,Delivered,380.29
816,2032,385,Samosa,2023-09-30 07:21:41,Delivered,1128.5
817,2426,405,Paneer Tikka,2023-04-17 07:21:41,Cancelled,396.27
818,1429,226,Pani Puri,2023-04-11 07:21:41,Cancelled,1131.59
819,9294,68,Dal Makhani,2024-01-23 07:21:41,Cancelled,652.0
820,1517,463,Pani Puri,2024-04-16 07:21:41,Preparing,497.36
821,8227,375,Paneer Tikka,2024-02-04 07:21:41,Preparing,1343.57
822,8719,260,Mutton Curry,2022-04-08 07:21:41,Delivered,1127.78
823,3104,256,Mutton Curry,2022-05-18 07:21:41,Delivered,300.66
824,8528,23,Biryani,2024-11-23 07:21:41,Cancelled,1344.15
825,9792,271,Biryani,2025-02-08 07:21:41,Delivered,429.25
826,6760,112,Butter Chicken,2022-11-27 07:21:41,Delivered,1239.43
827,3175,1,Pani Puri,2022-06-19 07:21:41,Cancelled,862.89
828,2146,75,Samosa,2025-01-29 07:21:41,Cancelled,1091.53
829,3317,434,Dosa,2024-06-25 07:21:41,Cancelled,945.21
830,3212,72,Rogan Josh,2022-06-11 07:21:41,Delivered,1427.09
831,6493,437,Rogan Josh,2022-06-05 07:21:41,Cancelled,265.56
832,9802,180,Chole Bhature,2023-04-15 07:21:41,Preparing,1094.66
833,7732,29,Rogan Josh,2022-07-16 07:21:41,Preparing,1183.1
834,6066,37,Mutton Curry,2022-04-25 07:21:41,Preparing,1073.66
835,7879,366,Dosa,2022-10-01 07:21:41,Delivered,837.08
836,3724,161,Samosa,2022-05-14 07:21:41,Preparing,367.16
837,107,85,Dal Makhani,2022-11-11 07:21:41,Preparing,763.1
838,6610,148,Mutton Curry,2022-12-27 07:21:41,Cancelled,328.09
839,9922,402,Paneer Tikka,2024-12-20 07:21:41,Delivered,774.37
840,3599,437,Biryani,2024-03-18 07:21:41,Cancelled,339.9
841,4368,463,Biryani,2023-12-18 07:21:41,Cancelled,1185.23
842,5562,2,Dosa,2023-06-26 07:21:41,Cancelled,1200.62
843,9660,26,Butter Chicken,2022-09-18 07:21:41,Cancelled,1207.0
844,8828,254,Samosa,2024-05-07 07:21:41,Preparing,1179.84
845,937,23,Samosa,2022-07-27 07:21:41,Preparing,707.63
846,4666,125,Paneer Tikka,2023-06-09 07:21:41,Preparing,1258.45
847,9163,114,Paneer Tikka,2024-06-03 07:21:41,Cancelled,1473.59
848,8614,280,Chole Bhature,2023-07-20 07:21:41,Delivered,1317.06
849,8843,461,Pani Puri,2024-08-25 07:21:41,Delivered,376.15
850,545,313,Paneer Tikka,2025-01-09 07:21:41,Delivered,343.12
851,2415,105,Chole Bhature,2024-09-04 07:21:41,Delivered,529.41
852,4529,7,Paneer Tikka,2022-07-30 07:21:41,Preparing,1446.02
853,2195,447,Mutton Curry,2022-11-08 07:21:41,Cancelled,1420.49
854,7802,120,Dosa,2025-02-26 07:21:41,Preparing,1252.17
855,6341,86,Mutton Curry,2023-06-04 07:21:41,Delivered,1294.79
856,453,317,Chole Bhature,2024-12-14 07:21:41,Preparing,1030.03
857,2169,45,Butter Chicken,2022-06-26 07:21:41,Delivered,1430.59
858,7378,407,Rogan Josh,2024-04-22 07:21:41,Cancelled,843.75
859,4981,210,Dosa,2024-05-23 07:21:41,Preparing,1154.0
860,5625,263,Paneer Tikka,2023-03-25 07:21:41,Preparing,1440.26
861,9266,152,Chole Bhature,2023-12-23 07:21:41,Delivered,428.27
862,2057,9,Mutton Curry,2022-10-16 07:21:41,Preparing,1309.38
863,2008,90,Dosa,2022-06-04 07:21:41,Delivered,1365.8
864,6237,154,Chole Bhature,2022-06-26 07:21:41,Cancelled,1136.6
865,2596,443,Butter Chicken,2023-01-29 07:21:41,Cancelled,579.32
866,4138,11,Paneer Tikka,2023-11-07 07:21:41,Preparing,427.33
867,1582,32,Butter Chicken,2023-07-01 07:21:41,Cancelled,112.07
868,1451,239,Dal Makhani,2024-09-26 07:21:41,Cancelled,193.26
869,978,187,Biryani,2024-12-27 07:21:41,Preparing,1427.56
870,1334,68,Samosa,2023-08-06 07:21:41,Delivered,926.45
871,5580,48,Dosa,2023-01-26 07:21:41,Preparing,419.21
872,7247,476,Butter Chicken,2023-09-25 07:21:41,Cancelled,676.43
873,4436,128,Dal Makhani,2024-01-14 07:21:41,Cancelled,502.26
874,3308,179,Rogan Josh,2023-10-17 07:21:41,Delivered,700.14
875,3937,232,Dal Makhani,2022-09-18 07:21:41,Preparing,330.66
876,9047,22,Mutton Curry,2022-08-13 07:21:41,Cancelled,1005.32
877,4559,30,Chole Bhature,2024-08-13 07:21:41,Cancelled,378.11
878,2198,217,Pani Puri,2024-12-26 07:21:41,Delivered,367.78
879,8956,145,Rogan Josh,2025-01-15 07:21:41,Preparing,1083.85
880,1451,151,Biryani,2024-08-08 07:21:41,Cancelled,897.71
881,7418,121,Dosa,2022-06-02 07:21:41,Cancelled,1094.87
882,3166,350,Rogan Josh,2023-06-20 07:21:41,Preparing,694.34
883,4429,259,Chole Bhature,2023-02-13 07:21:41,Cancelled,400.83
884,9393,409,Samosa,2025-02-25 07:21:41,Preparing,1257.97
885,4261,347,Dal Makhani,2022-04-04 07:21:41,Preparing,848.76
886,9652,145,Butter Chicken,2022-03-26 07:21:41,Delivered,1038.84
887,7368,55,Mutton Curry,2022-05-26 07:21:41,Preparing,525.81
888,4123,56,Samosa,2024-12-04 07:21:41,Delivered,804.11
889,2916,408,Samosa,2022-12-23 07:21:41,Delivered,477.21
890,7952,215,Paneer Tikka,2022-07-04 07:21:41,Delivered,1316.33
891,8523,154,Mutton Curry,2022-06-12 07:21:41,Delivered,698.7
892,2017,197,Biryani,2023-02-02 07:21:41,Cancelled,347.45
893,4267,351,Paneer Tikka,2024-12-13 07:21:41,Cancelled,756.99
894,6550,417,Biryani,2024-09-13 07:21:41,Cancelled,1002.89
895,270,476,Biryani,2023-03-14 07:21:41,Delivered,469.19
896,5328,138,Butter Chicken,2023-04-26 07:21:41,Preparing,1296.22
897,2109,367,Samosa,2022-05-27 07:21:41,Preparing,651.95
898,9964,424,Dal Makhani,2023-01-14 07:21:41,Cancelled,325.01
899,3647,95,Biryani,2024-06-11 07:21:41,Cancelled,539.18
900,2745,310,Chole Bhature,2024-08-11 07:21:41,Preparing,1029.75
901,7714,358,Paneer Tikka,2022-10-18 07:21:41,Delivered,889.03
902,9280,244,Butter Chicken,2024-06-07 07:21:41,Delivered,697.06
903,6755,391,Paneer Tikka,2024-11-02 07:21:41,Delivered,1237.88
904,5073,164,Butter Chicken,2023-01-13 07:21:41,Preparing,588.4
905,1063,64,Butter Chicken,2025-03-01 07:21:41,Cancelled,279.83
906,5040,374,Rogan Josh,2022-08-05 07:21:41,Preparing,616.42
907,2017,36,Chole Bhature,2023-02-04 07:21:41,Delivered,1088.2
908,6738,213,Paneer Tikka,2022-07-28 07:21:41,Cancelled,685.3
909,8431,161,Chole Bhature,2024-01-07 07:21:41,Delivered,199.22
910,4731,13,Dosa,2023-10-23 07:21:41,Preparing,1090.74
911,6047,114,Pani Puri,2023-12-31 07:21:41,Delivered,251.16
912,1882,109,Dosa,2023-09-13 07:21:41,Preparing,1100.61
913,9348,392,Chole Bhature,2022-10-11 07:21:41,Cancelled,769.02
914,2560,62,Biryani,2022-07-22 07:21:41,Cancelled,643.01
915,1183,346,Pani Puri,2022-10-20 07:21:41,Delivered,514.38
916,9073,331,Mutton Curry,2023-05-31 07:21:41,Cancelled,1317.07
917,6360,81,Pani Puri,2023-04-12 07:21:41,Delivered,982.32
918,4028,232,Paneer Tikka,2023-09-05 07:21:41,Cancelled,739.36
919,1110,319,Chole Bhature,2024-05-18 07:21:41,Delivered,621.04
920,5800,11,Pani Puri,2023-03-10 07:21:41,Delivered,972.17
921,7166,385,Mutton Curry,2023-01-06 07:21:41,Preparing,832.07
922,7188,116,Rogan Josh,2022-11-17 07:21:41,Cancelled,765.06
923,6659,197,Dosa,2022-06-21 07:21:41,Preparing,474.03
924,719,295,Chole Bhature,2023-11-16 07:21:41,Preparing,1240.08
925,6465,44,Paneer Tikka,2024-05-05 07:21:41,Cancelled,960.7
926,2934,394,Samosa,2023-07-02 07:21:41,Cancelled,922.29
927,5948,353,Paneer Tikka,2022-11-09 07:21:41,Delivered,823.8
928,9413,196,Pani Puri,2022-04-01 07:21:41,Delivered,1035.95
929,5256,261,Biryani,2023-09-12 07:21:41,Delivered,1128.82
930,547,19,Biryani,2024-11-22 07:21:41,Cancelled,227.97
931,9023,284,Biryani,2024-09-10 07:21:41,Cancelled,955.99
932,6870,278,Rogan Josh,2024-02-11 07:21:41,Cancelled,191.64
933,1914,418,Paneer Tikka,2024-05-08 07:21:41,Cancelled,859.4
934,6868,235,Butter Chicken,2022-10-09 07:21:41,Preparing,1468.79
935,3176,422,Samosa,2022-06-26 07:21:41,Preparing,630.99
936,8529,399,Samosa,2023-07-16 07:21:41,Delivered,358.5
937,4505,50,Samosa,2023-06-20 07:21:41,Delivered,938.08
938,1103,6,Mutton Curry,2024-05-23 07:21:41,Delivered,191.15
939,9307,402,Rogan Josh,2023-07-12 07:21:41,Preparing,280.47
940,615,216,Chole Bhature,2022-10-27 07:21:41,Preparing,974.0
941,6536,210,Chole Bhature,2024-04-08 07:21:41,Cancelled,377.09
942,8507,364,Paneer Tikka,2022-09-16 07:21:41,Delivered,1061.94
943,2949,493,Rogan Josh,2024-11-05 07:21:41,Cancelled,1050.84
944,5681,270,Pani Puri,2022-05-21 07:21:41,Cancelled,1091.31
945,5094,145,Chole Bhature,2022-12-28 07:21:41,Preparing,378.76
946,8662,337,Dosa,2023-11-29 07:21:41,Preparing,914.95
947,5415,197,Samosa,2022-10-20 07:21:41,Preparing,1401.31
948,1379,199,Rogan Josh,2022-10-10 07:21:41,Delivered,215.7
949,9802,53,Dosa,2024-07-29 07:21:41,Cancelled,1237.22
950,723,121,Samosa,2024-02-10 07:21:41,Preparing,165.72
951,8880,80,Butter Chicken,2023-02-06 07:21:41,Delivered,660.05
952,1126,355,Biryani,2025-01-21 07:21:41,Preparing,1193.4
953,5296,94,Mutton Curry,2024-03-25 07:21:41,Delivered,573.91
954,4129,90,Paneer Tikka,2024-11-17 07:21:41,Cancelled,977.39
955,322,246,Butter Chicken,2023-12-12 07:21:41,Delivered,806.75
956,2022,89,Mutton Curry,2023-05-13 07:21:41,Delivered,190.9
957,9237,415,Dal Makhani,2022-05-19 07:21:41,Cancelled,114.83
958,3591,83,Butter Chicken,2023-12-07 07:21:41,Delivered,372.68
959,8948,386,Rogan Josh,2023-01-28 07:21:41,Cancelled,578.67
960,4242,250,Rogan Josh,2024-07-03 07:21:41,Preparing,373.61
961,7904,149,Butter Chicken,2022-10-30 07:21:41,Cancelled,639.45
962,4247,11,Rogan Josh,2024-11-30 07:21:41,Delivered,1390.06
963,777,329,Butter Chicken,2023-08-28 07:21:41,Delivered,641.48
964,2016,441,Chole Bhature,2024-03-21 07:21:41,Preparing,434.63
965,2730,442,Mutton Curry,2022-10-22 07:21:41,Preparing,947.19
966,5553,233,Rogan Josh,2023-04-08 07:21:41,Delivered,290.93
967,4778,51,Mutton Curry,2022-10-04 07:21:41,Delivered,253.06
968,2778,188,Samosa,2022-06-15 07:21:41,Delivered,815.82
969,2228,374,Biryani,2023-04-15 07:21:41,Delivered,894.38
970,4036,203,Biryani,2024-01-14 07:21:41,Cancelled,258.88
971,4029,90,Mutton Curry,2022-05-30 07:21:41,Preparing,1007.49
972,25,406,Biryani,2022-06-08 07:21:41,Cancelled,690.44
973,8136,344,Pani Puri,2024-02-15 07:21:41,Delivered,1011.43
974,3472,5,Butter Chicken,2023-07-10 07:21:41,Delivered,1481.53
975,2516,140,Pani Puri,2023-08-07 07:21:41,Preparing,789.49
976,463,93,Dosa,2023-12-15 07:21:41,Delivered,826.59
977,9405,384,Butter Chicken,2023-08-11 07:21:41,Preparing,513.19
978,7744,400,Butter Chicken,2023-05-27 07:21:41,Cancelled,985.71
979,2964,239,Mutton Curry,2024-03-25 07:21:41,Preparing,166.15
980,3836,92,Dal Makhani,2025-01-09 07:21:41,Cancelled,514.47
981,1128,421,Paneer Tikka,2022-05-29 07:21:41,Delivered,1297.58
982,7646,351,Mutton Curry,2022-09-20 07:21:41,Cancelled,1009.26
983,7096,113,Rogan Josh,2023-03-01 07:21:41,Delivered,1447.41
984,7050,280,Butter Chicken,2024-02-06 07:21:41,Cancelled,382.94
985,6578,478,Paneer Tikka,2024-10-24 07:21:41,Delivered,691.38
986,4844,149,Butter Chicken,2025-02-24 07:21:41,Delivered,1420.34
987,195,484,Pani Puri,2023-08-13 07:21:41,Cancelled,872.78
988,2013,27,Samosa,2023-05-24 07:21:41,Delivered,469.12
989,8450,110,Dal Makhani,2024-03-24 07:21:41,Delivered,1426.32
990,9609,8,Biryani,2024-05-19 07:21:41,Delivered,1042.08
991,7420,157,Pani Puri,2024-07-13 07:21:41,Delivered,1092.08
992,1492,485,Chole Bhature,2023-04-25 07:21:41,Delivered,758.37
993,2047,460,Butter Chicken,2022-08-05 07:21:41,Preparing,1407.35
994,1373,65,Pani Puri,2024-11-05 07:21:41,Preparing,735.57
995,2011,281,Samosa,2023-11-02 07:21:41,Preparing,1020.39
996,2059,454,Biryani,2022-09-13 07:21:41,Preparing,1066.63
997,484,146,Paneer Tikka,2022-04-25 07:21:41,Delivered,1412.3
998,8722,318,Mutton Curry,2024-09-15 07:21:41,Delivered,344.14
999,7254,143,Rogan Josh,2023-09-07 07:21:41,Delivered,1293.99
1000,2583,420,Biryani,2025-01-14 07:21:41,Preparing,158.06
1001,8732,191,Paneer Tikka,2022-06-06 07:21:41,Preparing,256.19
1002,650,251,Rogan Josh,2022-12-07 07:21:41,Delivered,219.26
1003,6917,422,Samosa,2022-11-16 07:21:41,Cancelled,871.92
1004,5985,88,Rogan Josh,2022-04-06 07:21:41,Cancelled,1418.04
1005,7632,232,Butter Chicken,2022-06-19 07:21:41,Delivered,415.89
1006,3091,252,Pani Puri,2024-07-05 07:21:41,Delivered,383.8
1007,6120,99,Pani Puri,2023-02-14 07:21:41,Delivered,843.06
1008,8691,422,Dosa,2022-04-17 07:21:41,Delivered,1233.73
1009,9544,66,Dosa,2023-07-03 07:21:41,Cancelled,963.41
1010,2746,147,Dosa,2022-07-29 07:21:41,Preparing,169.6
1011,561,87,Paneer Tikka,2024-01-22 07:21:41,Delivered,686.29
1012,7150,35,Biryani,2024-07-26 07:21:41,Preparing,881.07
1013,3737,325,Rogan Josh,2024-02-21 07:21:41,Preparing,1009.0
1014,5473,428,Biryani,2023-07-16 07:21:41,Delivered,1285.3
1015,1245,247,Dosa,2024-02-23 07:21:41,Delivered,893.36
1016,8327,435,Chole Bhature,2023-03-05 07:21:41,Cancelled,923.29
1017,4231,80,Rogan Josh,2023-10-27 07:21:41,Preparing,310.26
1018,7323,304,Butter Chicken,2023-09-23 07:21:41,Preparing,800.89
1019,5427,318,Mutton Curry,2023-05-13 07:21:41,Preparing,325.56
1020,5494,203,Samosa,2023-02-08 07:21:41,Delivered,770.08
1021,5241,96,Biryani,2024-05-23 07:21:41,Cancelled,898.95
1022,6789,287,Butter Chicken,2023-08-12 07:21:41,Preparing,968.59
1023,5360,112,Chole Bhature,2023-06-08 07:21:41,Cancelled,1204.96
1024,1435,264,Dosa,2023-09-08 07:21:41,Delivered,1299.89
1025,2947,326,Samosa,2024-04-29 07:21:41,Preparing,118.71
1026,6883,180,Rogan Josh,2022-10-02 07:21:41,Preparing,779.58
1027,8561,373,Mutton Curry,2022-09-18 07:21:41,Delivered,120.19
1028,5464,234,Biryani,2024-04-13 07:21:41,Cancelled,793.81
1029,9466,398,Pani Puri,2024-12-16 07:21:41,Cancelled,295.37
1030,1414,266,Paneer Tikka,2022-08-29 07:21:41,Preparing,1086.25
1031,852,261,Biryani,2024-02-04 07:21:41,Preparing,496.79
1032,6585,184,Biryani,2022-06-18 07:21:41,Preparing,580.09
1033,884,92,Chole Bhature,2023-06-29 07:21:41,Preparing,999.42
1034,3178,360,Dosa,2025-01-27 07:21:41,Cancelled,975.28
1035,5420,94,Dosa,2022-12-08 07:21:41,Preparing,607.23
1036,3698,230,Dal Makhani,2022-06-14 07:21:41,Delivered,184.54
1037,3551,415,Butter Chicken,2023-04-04 07:21:41,Preparing,1473.19
1038,7316,213,Butter Chicken,2024-11-11 07:21:41,Cancelled,693.63
1039,1943,482,Paneer Tikka,2023-06-29 07:21:41,Delivered,912.2
1040,2545,493,Butter Chicken,2022-11-12 07:21:41,Cancelled,1485.07
1041,7503,429,Paneer Tikka,2023-10-06 07:21:41,Delivered,745.96
1042,3176,237,Chole Bhature,2023-05-12 07:21:41,Cancelled,949.49
1043,7267,241,Biryani,2025-03-05 07:21:41,Preparing,990.74
1044,977,72,Samosa,2023-06-27 07:21:41,Delivered,1461.24
1045,7946,176,Biryani,2023-02-17 07:21:41,Cancelled,764.99
1046,438,110,Butter Chicken,2023-08-13 07:21:41,Delivered,844.1
1047,5313,387,Butter Chicken,2022-03-30 07:21:41,Preparing,853.21
1048,918,2,Butter Chicken,2022-11-11 07:21:41,Cancelled,222.24
1049,7837,5,Dosa,2022-08-10 07:21:41,Delivered,556.91
1050,4466,291,Pani Puri,2024-10-26 07:21:41,Delivered,1017.92
1051,1419,381,Samosa,2024-12-16 07:21:41,Cancelled,1335.18
1052,5750,55,Dosa,2023-10-14 07:21:41,Preparing,470.17
1053,9084,19,Paneer Tikka,2022-05-25 07:21:41,Preparing,456.75
1054,4453,23,Mutton Curry,2023-12-08 07:21:41,Preparing,1331.69
1055,2146,233,Mutton Curry,2023-09-20 07:21:41,Delivered,374.09
1056,6272,16,Pani Puri,2023-10-24 07:21:41,Preparing,525.78
1057,3024,324,Dal Makhani,2023-10-30 07:21:41,Cancelled,259.69
1058,6645,9,Chole Bhature,2025-03-01 07:21:41,Cancelled,498.17
1059,861,278,Mutton Curry,2024-12-16 07:21:41,Delivered,764.29
1060,4654,98,Pani Puri,2024-12-08 07:21:41,Preparing,363.78
1061,1666,37,Dal Makhani,2024-10-05 07:21:41,Delivered,1005.16
1062,648,26,Dal Makhani,2024-12-09 07:21:41,Delivered,1285.0
1063,1768,277,Samosa,2023-09-05 07:21:41,Preparing,562.68
1064,4238,456,Dal Makhani,2022-05-12 07:21:41,Delivered,1014.53
1065,2516,96,Dosa,2024-08-10 07:21:41,Cancelled,1430.61
1066,9174,3,Rogan Josh,2024-03-12 07:21:41,Preparing,260.27
1067,3386,153,Chole Bhature,2022-08-13 07:21:41,Delivered,351.04
1068,5902,155,Samosa,2024-03-05 07:21:41,Cancelled,1332.26
1069,4821,480,Paneer Tikka,2022-05-30 07:21:41,Delivered,314.25
1070,3468,193,Samosa,2023-02-23 07:21:41,Cancelled,986.64
1071,558,111,Rogan Josh,2022-12-19 07:21:41,Cancelled,346.01
1072,8576,329,Chole Bhature,2025-02-02 07:21:41,Preparing,1175.54
1073,8922,256,Butter Chicken,2022-05-02 07:21:41,Delivered,1330.71
1074,8829,415,Dosa,2024-04-24 07:21:41,Delivered,368.4
1075,9404,301,Butter Chicken,2024-02-29 07:21:41,Preparing,555.03
1076,8679,254,Butter Chicken,2024-06-16 07:21:41,Preparing,1206.57
1077,5590,97,Biryani,2023-05-14 07:21:41,Preparing,1125.84
1078,6055,296,Paneer Tikka,2022-08-19 07:21:41,Preparing,238.29
1079,4127,281,Rogan Josh,2022-11-25 07:21:41,Preparing,799.22
1080,3608,491,Rogan Josh,2024-09-07 07:21:41,Preparing,1419.17
1081,5957,75,Chole Bhature,2023-03-06 07:21:41,Delivered,119.19
1082,7597,421,Pani Puri,2023-05-22 07:21:41,Cancelled,1297.12
1083,8387,91,Samosa,2025-01-28 07:21:41,Preparing,1315.5
1084,4707,190,Mutton Curry,2023-04-12 07:21:41,Cancelled,1441.54
1085,8051,342,Rogan Josh,2023-06-05 07:21:41,Cancelled,1124.84
1086,8704,38,Butter Chicken,2023-12-03 07:21:41,Cancelled,819.88
1087,3243,336,Butter Chicken,2024-04-22 07:21:41,Preparing,323.49
1088,1307,16,Dal Makhani,2024-02-19 07:21:41,Delivered,1056.44
1089,5652,206,Pani Puri,2023-06-12 07:21:41,Delivered,1366.78
1090,3528,172,Butter Chicken,2024-09-09 07:21:41,Delivered,715.07
1091,2202,239,Pani Puri,2022-11-16 07:21:41,Cancelled,492.5
1092,9287,237,Biryani,2022-08-28 07:21:41,Delivered,227.62
1093,846,225,Pani Puri,2023-12-03 07:21:41,Cancelled,1124.68
1094,7606,163,Paneer Tikka,2023-03-14 07:21:41,Delivered,734.05
1095,8007,112,Samosa,2022-12-14 07:21:41,Delivered,1128.73
1096,1891,155,Chole Bhature,2022-12-30 07:21:41,Delivered,368.65
1097,7195,289,Dosa,2025-01-14 07:21:41,Cancelled,1447.95
1098,2503,360,Samosa,2024-12-14 07:21:41,Delivered,1185.7
1099,2816,95,Dal Makhani,2022-05-03 07:21:41,Cancelled,722.44
1100,1336,496,Paneer Tikka,2022-10-03 07:21:41,Delivered,983.04
1101,7909,98,Mutton Curry,2023-09-28 07:21:41,Delivered,1293.37
1102,6250,75,Mutton Curry,2025-01-25 07:21:41,Preparing,453.69
1103,2302,22,Rogan Josh,2025-02-20 07:21:41,Delivered,1119.21
1104,8897,303,Rogan Josh,2023-01-06 07:21:41,Cancelled,339.23
1105,6940,352,Paneer Tikka,2024-12-23 07:21:41,Preparing,1243.36
1106,8436,90,Pani Puri,2024-05-24 07:21:41,Preparing,1066.92
1107,4688,308,Chole Bhature,2024-06-13 07:21:41,Preparing,1457.65
1108,8075,81,Dal Makhani,2022-11-19 07:21:41,Delivered,310.96
1109,5050,376,Samosa,2024-01-15 07:21:41,Cancelled,1139.02
1110,1490,418,Samosa,2023-07-27 07:21:41,Cancelled,1248.97
1111,3912,342,Paneer Tikka,2024-12-02 07:21:41,Delivered,881.17
1112,9826,312,Biryani,2024-08-12 07:21:41,Cancelled,130.45
1113,5701,492,Biryani,2022-09-23 07:21:41,Cancelled,790.29
1114,8194,3,Dosa,2023-03-13 07:21:41,Cancelled,408.86
1115,8001,221,Mutton Curry,2023-07-08 07:21:41,Cancelled,1209.85
1116,6764,156,Biryani,2022-04-20 07:21:41,Preparing,1206.37
1117,4988,153,Pani Puri,2024-08-16 07:21:41,Delivered,275.98
1118,2002,262,Paneer Tikka,2024-11-18 07:21:41,Preparing,108.22
1119,2303,485,Chole Bhature,2022-06-08 07:21:41,Cancelled,256.91
1120,3724,174,Samosa,2022-10-22 07:21:41,Delivered,473.52
1121,7866,202,Dosa,2023-02-15 07:21:41,Cancelled,821.38
1122,3890,443,Biryani,2022-06-11 07:21:41,Preparing,1444.3
1123,620,329,Mutton Curry,2024-11-18 07:21:41,Preparing,209.97
1124,3741,135,Chole Bhature,2024-04-12 07:21:41,Cancelled,1051.5
1125,2613,152,Rogan Josh,2022-09-25 07:21:41,Delivered,1217.84
1126,5013,103,Chole Bhature,2022-07-13 07:21:41,Delivered,788.62
1127,5435,498,Dosa,2022-09-30 07:21:41,Delivered,282.02
1128,6130,284,Biryani,2023-01-26 07:21:41,Cancelled,1382.6
1129,7999,190,Biryani,2022-07-27 07:21:41,Delivered,1390.8
1130,6245,164,Paneer Tikka,2024-07-01 07:21:41,Cancelled,377.74
1131,1926,317,Samosa,2024-02-01 07:21:41,Delivered,349.38
1132,6145,240,Butter Chicken,2025-02-01 07:21:41,Cancelled,1242.45
1133,961,176,Mutton Curry,2022-11-24 07:21:41,Delivered,390.26
1134,2571,106,Dal Makhani,2023-02-19 07:21:41,Delivered,1318.36
1135,8809,309,Biryani,2023-08-15 07:21:41,Cancelled,305.27
1136,8142,152,Rogan Josh,2022-05-09 07:21:41,Cancelled,763.94
1137,7492,249,Paneer Tikka,2025-02-09 07:21:41,Cancelled,1147.54
1138,4162,6,Biryani,2023-06-01 07:21:41,Cancelled,853.43
1139,9884,99,Dosa,2024-04-30 07:21:41,Cancelled,528.07
1140,9699,273,Chole Bhature,2025-01-30 07:21:41,Preparing,900.56
1141,7888,149,Pani Puri,2022-10-06 07:21:41,Cancelled,446.33
1142,1388,2,Butter Chicken,2022-06-10 07:21:41,Delivered,273.89
1143,3865,80,Dosa,2023-01-25 07:21:41,Preparing,1128.89
1144,1762,116,Rogan Josh,2022-03-06 07:21:41,Delivered,1110.92
1145,960,390,Paneer Tikka,2024-10-02 07:21:41,Delivered,803.35
1146,2444,430,Paneer Tikka,2023-11-29 07:21:41,Preparing,117.51
1147,7467,185,Dal Makhani,2024-09-11 07:21:41,Preparing,981.83
1148,8512,69,Mutton Curry,2023-01-28 07:21:41,Delivered,664.13
1149,5881,480,Rogan Josh,2024-01-01 07:21:41,Delivered,846.25
1150,2856,13,Dal Makhani,2023-03-04 07:21:41,Delivered,474.48
1151,1250,325,Rogan Josh,2023-07-25 07:21:41,Cancelled,889.76
1152,612,394,Samosa,2023-11-15 07:21:41,Preparing,640.29
1153,9148,86,Rogan Josh,2022-07-28 07:21:41,Preparing,686.71
1154,6139,83,Chole Bhature,2023-01-21 07:21:41,Preparing,998.61
1155,5460,176,Rogan Josh,2022-07-29 07:21:41,Preparing,1192.0
1156,967,99,Biryani,2023-11-13 07:21:41,Preparing,169.05
1157,2340,99,Chole Bhature,2022-10-31 07:21:41,Preparing,497.59
1158,5821,500,Rogan Josh,2024-09-05 07:21:41,Delivered,1272.61
1159,8504,304,Rogan Josh,2024-12-12 07:21:41,Preparing,721.89
1160,5447,169,Paneer Tikka,2022-06-24 07:21:41,Delivered,211.55
1161,5716,415,Biryani,2024-04-07 07:21:41,Delivered,340.37
1162,7974,497,Samosa,2022-11-12 07:21:41,Preparing,1217.66
1163,20,416,Dosa,2023-12-31 07:21:41,Cancelled,303.21
1164,2109,151,Dosa,2023-09-04 07:21:41,Delivered,1385.28
1165,7151,438,Dosa,2022-05-20 07:21:41,Delivered,1034.4
1166,6053,44,Butter Chicken,2024-07-08 07:21:41,Delivered,1046.13
1167,3271,406,Butter Chicken,2024-01-29 07:21:41,Preparing,492.08
1168,8323,13,Dal Makhani,2022-10-25 07:21:41,Cancelled,1009.82
1169,5237,173,Biryani,2023-02-09 07:21:41,Preparing,1461.52
1170,4268,252,Biryani,2023-07-11 07:21:41,Cancelled,803.62
1171,6765,351,Chole Bhature,2025-01-05 07:21:41,Cancelled,1221.56
1172,4623,279,Pani Puri,2023-11-30 07:21:41,Delivered,1018.98
1173,7826,473,Samosa,2023-03-23 07:21:41,Delivered,327.85
1174,8709,211,Dosa,2024-10-10 07:21:41,Delivered,221.82
1175,7066,109,Dal Makhani,2024-04-14 07:21:41,Preparing,593.81
1176,5002,178,Butter Chicken,2024-03-24 07:21:41,Cancelled,553.74
1177,7064,82,Butter Chicken,2022-08-07 07:21:41,Preparing,385.97
1178,6176,294,Dal Makhani,2022-04-12 07:21:41,Delivered,497.7
1179,6826,378,Samosa,2024-05-24 07:21:41,Preparing,1292.28
1180,2773,442,Dal Makhani,2023-01-03 07:21:41,Delivered,425.45
1181,2467,445,Mutton Curry,2023-07-12 07:21:41,Preparing,784.98
1182,5636,195,Rogan Josh,2023-11-24 07:21:41,Cancelled,986.62
1183,2122,178,Rogan Josh,2023-11-12 07:21:41,Preparing,1005.51
1184,762,460,Samosa,2022-08-25 07:21:41,Preparing,1265.56
1185,9829,158,Paneer Tikka,2024-09-04 07:21:41,Cancelled,308.71
1186,1003,445,Mutton Curry,2024-12-14 07:21:41,Preparing,1258.39
1187,8894,364,Mutton Curry,2022-11-10 07:21:41,Preparing,494.46
1188,8857,277,Samosa,2025-03-01 07:21:41,Delivered,1311.85
1189,9276,367,Butter Chicken,2024-09-14 07:21:41,Cancelled,861.43
1190,5083,476,Biryani,2022-10-22 07:21:41,Preparing,767.34
1191,8012,137,Chole Bhature,2024-07-26 07:21:41,Delivered,1344.68
1192,3724,499,Paneer Tikka,2024-06-23 07:21:41,Delivered,1157.86
1193,4101,247,Rogan Josh,2024-11-02 07:21:41,Cancelled,1185.69
1194,2835,64,Chole Bhature,2023-03-08 07:21:41,Cancelled,1175.04
1195,8188,230,Dosa,2023-10-16 07:21:41,Cancelled,739.88
1196,1701,149,Pani Puri,2023-07-25 07:21:41,Delivered,216.61
1197,8123,379,Mutton Curry,2023-07-19 07:21:41,Preparing,616.54
1198,6498,261,Pani Puri,2024-11-29 07:21:41,Delivered,448.81
1199,6006,255,Butter Chicken,2023-02-27 07:21:41,Preparing,706.99
1200,7525,125,Mutton Curry,2023-07-18 07:21:41,Preparing,1288.42
1201,1086,71,Paneer Tikka,2024-04-17 07:21:41,Cancelled,854.03
1202,4461,189,Dosa,2024-10-11 07:21:41,Cancelled,561.25
1203,6563,418,Dosa,2022-10-05 07:21:41,Cancelled,613.7
1204,9508,335,Chole Bhature,2022-03-18 07:21:41,Preparing,1265.2
1205,9409,404,Mutton Curry,2024-06-22 07:21:41,Preparing,717.5
1206,4981,246,Samosa,2023-01-16 07:21:41,Delivered,719.43
1207,1686,432,Dal Makhani,2024-12-05 07:21:41,Cancelled,406.18
1208,3227,308,Biryani,2023-05-27 07:21:41,Cancelled,635.93
1209,2326,52,Mutton Curry,2022-06-18 07:21:41,Cancelled,864.49
1210,179,242,Pani Puri,2023-11-21 07:21:41,Preparing,1031.4
1211,5960,344,Chole Bhature,2023-08-20 07:21:41,Preparing,753.47
1212,4976,90,Chole Bhature,2023-11-04 07:21:41,Preparing,144.82
1213,1240,7,Mutton Curry,2025-01-17 07:21:41,Delivered,1352.54
1214,1618,25,Samosa,2022-08-28 07:21:41,Preparing,245.45
1215,5011,242,Samosa,2023-08-10 07:21:41,Delivered,591.3
1216,300,365,Chole Bhature,2022-10-11 07:21:41,Delivered,462.94
1217,7622,496,Dal Makhani,2022-05-31 07:21:41,Cancelled,239.21
1218,9709,467,Samosa,2023-06-16 07:21:41,Preparing,1206.75
1219,8283,350,Butter Chicken,2023-09-27 07:21:41,Cancelled,747.59
1220,13,141,Pani Puri,2024-10-10 07:21:41,Delivered,804.85
1221,8163,249,Biryani,2024-05-27 07:21:41,Delivered,996.41
1222,2444,192,Dal Makhani,2023-10-17 07:21:41,Cancelled,1204.05
1223,5547,205,Dosa,2023-06-06 07:21:41,Delivered,613.94
1224,4482,274,Samosa,2023-03-04 07:21:41,Delivered,923.77
1225,6332,57,Mutton Curry,2022-12-03 07:21:41,Preparing,117.05
1226,3354,394,Rogan Josh,2024-02-26 07:21:41,Preparing,1005.31
1227,4030,223,Dosa,2023-06-10 07:21:41,Delivered,144.05
1228,1016,296,Butter Chicken,2022-10-31 07:21:41,Delivered,499.76
1229,9582,60,Chole Bhature,2024-01-23 07:21:41,Cancelled,768.01
1230,6704,306,Dosa,2022-12-07 07:21:41,Preparing,202.08
1231,9035,252,Rogan Josh,2022-04-22 07:21:41,Delivered,1272.28
1232,432,246,Samosa,2024-01-24 07:21:41,Delivered,431.01
1233,9769,445,Chole Bhature,2023-07-04 07:21:41,Cancelled,1191.54
1234,8863,107,Rogan Josh,2023-06-16 07:21:41,Preparing,1210.17
1235,1371,220,Butter Chicken,2022-06-27 07:21:41,Preparing,1041.61
1236,5001,90,Pani Puri,2024-11-26 07:21:41,Delivered,608.56
1237,3196,30,Mutton Curry,2024-04-03 07:21:41,Delivered,1412.25
1238,8951,7,Pani Puri,2023-05-04 07:21:41,Cancelled,667.98
1239,3234,15,Dosa,2024-01-22 07:21:41,Cancelled,980.89
1240,6521,101,Rogan Josh,2023-07-25 07:21:41,Delivered,1385.43
1241,6440,68,Mutton Curry,2022-05-18 07:21:41,Preparing,136.65
1242,6704,468,Biryani,2023-03-04 07:21:41,Preparing,655.51
1243,3761,330,Pani Puri,2025-01-20 07:21:41,Delivered,522.04
1244,35,92,Butter Chicken,2023-04-09 07:21:41,Preparing,1455.97
1245,12,180,Rogan Josh,2024-03-30 07:21:41,Cancelled,170.75
1246,7749,57,Butter Chicken,2023-06-23 07:21:41,Cancelled,935.11
1247,7340,35,Samosa,2024-12-06 07:21:41,Delivered,1376.98
1248,7810,407,Dosa,2022-10-23 07:21:41,Preparing,358.71
1249,1408,91,Rogan Josh,2023-07-22 07:21:41,Cancelled,565.43
1250,7874,227,Butter Chicken,2022-08-08 07:21:41,Delivered,306.85
1251,9622,56,Pani Puri,2023-07-04 07:21:41,Cancelled,745.81
1252,192,228,Dal Makhani,2022-07-01 07:21:41,Preparing,1328.01
1253,6426,443,Butter Chicken,2022-05-12 07:21:41,Delivered,173.17
1254,6890,468,Paneer Tikka,2023-08-12 07:21:41,Delivered,1152.54
1255,5747,404,Dal Makhani,2023-01-12 07:21:41,Delivered,626.44
1256,2920,35,Chole Bhature,2024-10-27 07:21:41,Preparing,851.69
1257,9440,53,Pani Puri,2024-07-01 07:21:41,Cancelled,765.41
1258,5994,287,Rogan Josh,2025-02-03 07:21:41,Cancelled,884.25
1259,1479,143,Dosa,2024-08-12 07:21:41,Preparing,1239.79
1260,3871,315,Samosa,2024-03-31 07:21:41,Delivered,1429.16
1261,1081,481,Rogan Josh,2024-04-01 07:21:41,Cancelled,777.55
1262,2538,190,Dosa,2023-08-12 07:21:41,Cancelled,587.84
1263,9392,463,Dosa,2023-04-03 07:21:41,Preparing,507.37
1264,2689,247,Dosa,2023-06-08 07:21:41,Preparing,900.19
1265,2847,277,Mutton Curry,2022-09-25 07:21:41,Delivered,1129.94
1266,4978,110,Chole Bhature,2025-02-11 07:21:41,Preparing,1297.57
1267,4702,250,Samosa,2025-01-22 07:21:41,Cancelled,736.12
1268,1495,76,Samosa,2024-09-07 07:21:41,Cancelled,666.5
1269,9859,481,Chole Bhature,2023-02-22 07:21:41,Delivered,1116.23
1270,4670,26,Butter Chicken,2023-12-15 07:21:41,Cancelled,483.34
1271,3133,185,Pani Puri,2022-05-26 07:21:41,Cancelled,1253.8
1272,2612,204,Pani Puri,2024-11-13 07:21:41,Cancelled,1155.11
1273,9966,244,Samosa,2023-11-08 07:21:41,Delivered,285.79
1274,6146,409,Dal Makhani,2024-07-27 07:21:41,Delivered,277.76
1275,4375,245,Dosa,2023-01-07 07:21:41,Delivered,580.18
1276,3073,367,Chole Bhature,2024-06-27 07:21:41,Delivered,1311.17
1277,9053,273,Butter Chicken,2024-08-03 07:21:41,Cancelled,465.79
1278,7289,164,Butter Chicken,2024-06-02 07:21:41,Cancelled,573.13
1279,8009,9,Chole Bhature,2024-02-23 07:21:41,Cancelled,750.65
1280,3983,457,Rogan Josh,2024-09-06 07:21:41,Cancelled,1325.0
1281,6548,38,Pani Puri,2023-12-04 07:21:41,Delivered,1275.53
1282,4848,363,Dosa,2022-06-02 07:21:41,Preparing,122.43
1283,4570,89,Mutton Curry,2025-01-14 07:21:41,Preparing,144.66
1284,4179,49,Chole Bhature,2024-04-04 07:21:41,Cancelled,520.3
1285,1197,3,Chole Bhature,2024-12-21 07:21:41,Preparing,961.53
1286,8974,428,Pani Puri,2025-02-01 07:21:41,Preparing,795.24
1287,8122,199,Pani Puri,2024-07-24 07:21:41,Cancelled,319.36
1288,2120,180,Chole Bhature,2022-06-12 07:21:41,Delivered,742.49
1289,4759,224,Biryani,2024-09-03 07:21:41,Preparing,1472.45
1290,6646,401,Chole Bhature,2023-09-17 07:21:41,Delivered,586.46
1291,1990,477,Mutton Curry,2023-11-08 07:21:41,Delivered,367.96
1292,6387,348,Samosa,2023-05-06 07:21:41,Delivered,892.68
1293,8048,61,Dal Makhani,2022-04-24 07:21:41,Cancelled,161.58
1294,4888,42,Butter Chicken,2024-10-24 07:21:41,Delivered,1134.12
1295,4080,140,Rogan Josh,2023-10-13 07:21:41,Cancelled,1025.71
1296,7188,181,Chole Bhature,2022-08-09 07:21:41,Preparing,1461.98
1297,1950,202,Samosa,2024-11-13 07:21:41,Delivered,628.35
1298,8963,333,Biryani,2022-05-17 07:21:41,Preparing,1179.62
1299,4898,433,Dosa,2025-01-27 07:21:41,Delivered,172.34
1300,3011,81,Paneer Tikka,2024-12-07 07:21:41,Preparing,123.14
1301,8939,178,Dosa,2023-03-28 07:21:41,Cancelled,350.9
1302,4332,284,Chole Bhature,2023-04-13 07:21:41,Cancelled,697.77
1303,8265,147,Butter Chicken,2024-09-26 07:21:41,Delivered,308.19
1304,2872,341,Dal Makhani,2023-01-03 07:21:41,Cancelled,402.94
1305,9223,358,Dosa,2022-06-13 07:21:41,Cancelled,392.28
1306,9827,386,Samosa,2024-08-06 07:21:41,Preparing,547.23
1307,8320,290,Dosa,2023-11-28 07:21:41,Cancelled,1186.3
1308,5858,327,Samosa,2024-02-16 07:21:41,Delivered,1307.11
1309,1159,318,Chole Bhature,2022-03-19 07:21:41,Preparing,278.94
1310,6374,135,Dosa,2022-06-25 07:21:41,Preparing,689.6
1311,534,82,Dosa,2023-08-30 07:21:41,Preparing,360.53
1312,3170,323,Pani Puri,2024-05-18 07:21:41,Delivered,1367.55
1313,6815,206,Dal Makhani,2022-10-05 07:21:41,Preparing,1311.76
1314,3221,143,Dal Makhani,2023-01-20 07:21:41,Delivered,924.04
1315,8049,166,Samosa,2022-05-18 07:21:41,Preparing,1416.5
1316,7041,404,Biryani,2023-11-08 07:21:41,Preparing,564.46
1317,7670,102,Rogan Josh,2023-03-13 07:21:41,Cancelled,282.7
1318,2541,432,Dal Makhani,2024-12-22 07:21:41,Delivered,958.19
1319,740,366,Samosa,2023-03-08 07:21:41,Cancelled,494.42
1320,8599,427,Mutton Curry,2022-11-06 07:21:41,Delivered,1332.39
1321,187,362,Rogan Josh,2024-04-20 07:21:41,Delivered,1107.82
1322,9450,77,Pani Puri,2022-07-05 07:21:41,Preparing,186.14
1323,1114,229,Dal Makhani,2023-11-29 07:21:41,Cancelled,723.23
1324,9904,326,Samosa,2022-12-10 07:21:41,Preparing,531.45
1325,7000,448,Rogan Josh,2022-10-11 07:21:41,Delivered,537.62
1326,4820,307,Samosa,2022-05-25 07:21:41,Cancelled,597.34
1327,186,199,Dosa,2024-12-13 07:21:41,Delivered,1394.16
1328,8715,41,Pani Puri,2023-05-17 07:21:41,Preparing,381.27
1329,6611,194,Chole Bhature,2023-11-26 07:21:41,Cancelled,188.81
1330,5609,475,Paneer Tikka,2024-12-01 07:21:41,Cancelled,1100.09
1331,6149,149,Samosa,2023-02-15 07:21:41,Delivered,1192.34
1332,9006,8,Mutton Curry,2022-08-09 07:21:41,Delivered,1475.5
1333,5433,64,Pani Puri,2023-03-17 07:21:41,Cancelled,329.83
1334,6600,397,Rogan Josh,2023-06-15 07:21:41,Preparing,1126.16
1335,7924,113,Chole Bhature,2022-11-27 07:21:41,Preparing,1376.38
1336,3154,8,Samosa,2025-03-03 07:21:41,Preparing,1172.54
1337,3103,165,Butter Chicken,2023-09-18 07:21:41,Delivered,1374.96
1338,4194,402,Paneer Tikka,2024-12-07 07:21:41,Preparing,721.59
1339,6508,245,Biryani,2024-08-06 07:21:41,Cancelled,649.17
1340,948,58,Mutton Curry,2022-04-30 07:21:41,Cancelled,1260.4
1341,9772,43,Butter Chicken,2024-04-04 07:21:41,Cancelled,975.74
1342,3001,230,Biryani,2023-06-03 07:21:41,Delivered,988.7
1343,9029,370,Dal Makhani,2022-08-06 07:21:41,Preparing,559.93
1344,1799,423,Butter Chicken,2023-06-19 07:21:41,Preparing,217.28
1345,4237,241,Chole Bhature,2024-04-20 07:21:41,Cancelled,769.76
1346,2727,60,Rogan Josh,2024-12-30 07:21:41,Delivered,951.53
1347,9104,395,Chole Bhature,2023-12-13 07:21:41,Cancelled,1336.05
1348,4909,396,Pani Puri,2025-01-29 07:21:41,Delivered,828.36
1349,5236,334,Rogan Josh,2024-04-18 07:21:41,Preparing,796.89
1350,5352,189,Biryani,2023-06-26 07:21:41,Preparing,1215.73
1351,2812,362,Pani Puri,2024-07-04 07:21:41,Preparing,849.09
1352,4722,173,Pani Puri,2024-06-19 07:21:41,Preparing,222.41
1353,7729,19,Dal Makhani,2023-10-23 07:21:41,Delivered,456.42
1354,4581,164,Dosa,2022-09-04 07:21:41,Delivered,577.82
1355,122,406,Chole Bhature,2022-05-03 07:21:41,Cancelled,417.12
1356,9591,392,Mutton Curry,2023-11-30 07:21:41,Delivered,1207.4
1357,3571,307,Paneer Tikka,2024-02-05 07:21:41,Cancelled,900.85
1358,5168,283,Paneer Tikka,2023-08-29 07:21:41,Preparing,989.44
1359,2773,25,Biryani,2024-07-19 07:21:41,Preparing,1342.85
1360,5968,217,Rogan Josh,2024-02-19 07:21:41,Preparing,249.95
1361,381,130,Samosa,2024-06-05 07:21:41,Preparing,1336.97
1362,6333,261,Chole Bhature,2022-04-12 07:21:41,Delivered,1336.71
1363,3749,3,Samosa,2023-05-11 07:21:41,Cancelled,403.59
1364,1899,421,Chole Bhature,2023-02-10 07:21:41,Delivered,1430.12
1365,8056,221,Dosa,2022-11-11 07:21:41,Delivered,699.4
1366,1941,140,Butter Chicken,2022-10-27 07:21:41,Delivered,199.87
1367,5,217,Biryani,2025-01-25 07:21:41,Delivered,618.31
1368,1360,351,Rogan Josh,2024-11-05 07:21:41,Delivered,1133.86
1369,4200,80,Dal Makhani,2023-07-21 07:21:41,Delivered,734.81
1370,9665,301,Mutton Curry,2023-12-23 07:21:41,Cancelled,1338.09
1371,7761,92,Butter Chicken,2024-04-07 07:21:41,Preparing,254.81
1372,245,263,Dal Makhani,2023-03-09 07:21:41,Delivered,793.73
1373,8857,347,Dal Makhani,2024-02-05 07:21:41,Delivered,1059.93
1374,2656,386,Biryani,2024-11-18 07:21:41,Preparing,774.53
1375,1805,292,Biryani,2022-09-29 07:21:41,Cancelled,617.35
1376,6620,468,Pani Puri,2024-11-28 07:21:41,Preparing,1200.46
1377,215,367,Dosa,2023-01-22 07:21:41,Preparing,864.52
1378,4817,134,Pani Puri,2024-06-14 07:21:41,Preparing,1243.32
1379,7480,166,Pani Puri,2023-12-28 07:21:41,Delivered,979.91
1380,7713,317,Samosa,2023-03-18 07:21:41,Cancelled,723.96
1381,6678,193,Dal Makhani,2023-11-17 07:21:41,Cancelled,1328.99
1382,4201,163,Chole Bhature,2024-09-16 07:21:41,Preparing,726.36
1383,5341,25,Butter Chicken,2022-09-30 07:21:41,Delivered,877.21
1384,8586,335,Mutton Curry,2023-01-11 07:21:41,Preparing,756.15
1385,163,17,Dal Makhani,2022-07-15 07:21:41,Cancelled,724.85
1386,4118,46,Dal Makhani,2023-02-09 07:21:41,Preparing,216.52
1387,7252,119,Chole Bhature,2022-04-22 07:21:41,Delivered,568.72
1388,2088,465,Samosa,2023-06-11 07:21:41,Preparing,1011.8
1389,9113,313,Samosa,2023-06-09 07:21:41,Preparing,1370.09
1390,670,261,Pani Puri,2022-03-30 07:21:41,Delivered,1407.05
1391,8777,233,Paneer Tikka,2023-06-12 07:21:41,Cancelled,199.22
1392,4495,244,Paneer Tikka,2024-11-17 07:21:41,Delivered,1337.73
1393,2169,324,Butter Chicken,2023-02-11 07:21:41,Delivered,1090.87
1394,5292,9,Chole Bhature,2022-03-21 07:21:41,Cancelled,437.63
1395,7459,220,Samosa,2022-06-29 07:21:41,Cancelled,749.29
1396,247,69,Biryani,2022-06-01 07:21:41,Preparing,1062.38
1397,7586,169,Samosa,2022-06-20 07:21:41,Delivered,876.05
1398,6767,264,Samosa,2024-12-21 07:21:41,Delivered,1406.38
1399,508,490,Dal Makhani,2023-02-22 07:21:41,Cancelled,918.27
1400,4986,159,Rogan Josh,2025-01-15 07:21:41,Delivered,1449.07
1401,7266,2,Samosa,2025-01-17 07:21:41,Preparing,251.31
1402,1311,343,Biryani,2024-01-18 07:21:41,Preparing,1091.22
1403,5230,266,Biryani,2025-02-27 07:21:41,Preparing,229.04
1404,6969,77,Chole Bhature,2022-08-15 07:21:41,Cancelled,714.11
1405,2349,500,Rogan Josh,2023-07-16 07:21:41,Delivered,372.31
1406,532,56,Dal Makhani,2024-12-03 07:21:41,Cancelled,202.41
1407,7521,314,Samosa,2023-01-29 07:21:41,Delivered,1232.4
1408,4404,254,Dosa,2023-07-31 07:21:41,Cancelled,1124.94
1409,4726,293,Biryani,2022-03-08 07:21:41,Preparing,1345.48
1410,1411,18,Rogan Josh,2024-07-10 07:21:41,Preparing,435.56
1411,2632,302,Dal Makhani,2024-09-16 07:21:41,Cancelled,604.25
1412,7379,168,Pani Puri,2023-08-01 07:21:41,Preparing,617.43
1413,1098,338,Paneer Tikka,2024-08-17 07:21:41,Cancelled,635.32
1414,1068,199,Samosa,2023-06-05 07:21:41,Cancelled,1496.61
1415,998,481,Pani Puri,2025-02-18 07:21:41,Preparing,678.47
1416,1142,251,Chole Bhature,2022-03-09 07:21:41,Preparing,1117.74
1417,8587,384,Samosa,2025-01-26 07:21:41,Cancelled,724.77
1418,2308,265,Samosa,2022-09-01 07:21:41,Cancelled,1012.97
1419,5293,198,Dal Makhani,2022-06-20 07:21:41,Preparing,1057.13
1420,763,269,Butter Chicken,2022-10-10 07:21:41,Preparing,986.45
1421,3337,327,Chole Bhature,2022-08-16 07:21:41,Cancelled,1431.7
1422,2126,68,Biryani,2024-10-15 07:21:41,Delivered,333.01
1423,8121,460,Dal Makhani,2022-08-21 07:21:41,Preparing,984.81
1424,701,317,Chole Bhature,2024-06-14 07:21:41,Preparing,308.06
1425,8706,25,Dal Makhani,2024-05-19 07:21:41,Delivered,186.0
1426,199,422,Samosa,2023-04-04 07:21:41,Cancelled,355.69
1427,7538,239,Pani Puri,2024-01-09 07:21:41,Cancelled,1373.46
1428,5040,58,Chole Bhature,2024-12-21 07:21:41,Preparing,783.39
1429,1353,404,Rogan Josh,2025-02-07 07:21:41,Preparing,254.76
1430,2737,3,Chole Bhature,2024-05-07 07:21:41,Preparing,1015.46
1431,4960,204,Butter Chicken,2025-01-01 07:21:41,Delivered,1032.44
1432,4449,316,Mutton Curry,2024-06-07 07:21:41,Cancelled,1153.48
1433,3164,288,Samosa,2024-02-26 07:21:41,Cancelled,1061.25
1434,9899,214,Chole Bhature,2024-09-18 07:21:41,Cancelled,413.42
1435,4764,161,Dal Makhani,2022-12-25 07:21:41,Cancelled,108.7
1436,537,64,Samosa,2022-12-31 07:21:41,Preparing,1315.14
1437,1410,24,Paneer Tikka,2024-08-05 07:21:41,Delivered,1176.53
1438,2370,370,Pani Puri,2024-02-25 07:21:41,Delivered,268.72
1439,3255,374,Paneer Tikka,2023-04-05 07:21:41,Delivered,462.83
1440,3553,493,Dosa,2023-11-22 07:21:41,Delivered,1114.78
1441,1719,12,Chole Bhature,2022-07-15 07:21:41,Preparing,1202.91
1442,7866,28,Samosa,2023-01-29 07:21:41,Preparing,651.62
1443,4882,437,Samosa,2023-12-17 07:21:41,Cancelled,862.28
1444,885,338,Butter Chicken,2024-02-08 07:21:41,Delivered,1368.56
1445,3371,461,Mutton Curry,2023-11-05 07:21:41,Preparing,146.28
1446,5396,438,Mutton Curry,2024-11-29 07:21:41,Delivered,1196.71
1447,268,452,Samosa,2024-12-24 07:21:41,Cancelled,860.38
1448,1742,123,Dosa,2023-05-17 07:21:41,Delivered,1009.63
1449,2080,466,Rogan Josh,2023-08-28 07:21:41,Cancelled,289.81
1450,4677,7,Rogan Josh,2025-02-09 07:21:41,Preparing,936.42
1451,879,366,Pani Puri,2023-07-09 07:21:41,Preparing,248.62
1452,9631,243,Dal Makhani,2022-05-14 07:21:41,Cancelled,380.03
1453,8435,150,Chole Bhature,2023-04-21 07:21:41,Preparing,1166.76
1454,8820,493,Pani Puri,2023-01-27 07:21:41,Cancelled,397.73
1455,8256,432,Paneer Tikka,2022-12-10 07:21:41,Delivered,300.74
1456,7231,346,Samosa,2022-09-22 07:21:41,Delivered,675.23
1457,7818,141,Butter Chicken,2022-12-25 07:21:41,Preparing,1066.39
1458,8943,458,Chole Bhature,2023-01-28 07:21:41,Delivered,134.17
1459,4151,45,Rogan Josh,2025-02-05 07:21:41,Preparing,728.37
1460,8285,257,Paneer Tikka,2022-11-16 07:21:41,Cancelled,1249.34
1461,9181,339,Dosa,2024-06-19 07:21:41,Preparing,246.21
1462,7473,410,Biryani,2022-09-03 07:21:41,Delivered,1038.32
1463,8354,481,Butter Chicken,2022-07-24 07:21:41,Preparing,306.19
1464,6727,418,Rogan Josh,2024-12-21 07:21:41,Preparing,1009.45
1465,148,372,Samosa,2023-08-15 07:21:41,Cancelled,906.37
1466,9524,14,Mutton Curry,2023-05-07 07:21:41,Delivered,370.01
1467,3626,183,Paneer Tikka,2024-07-21 07:21:41,Cancelled,144.57
1468,9655,185,Samosa,2023-01-22 07:21:41,Preparing,918.35
1469,7581,342,Dosa,2022-07-04 07:21:41,Cancelled,708.05
1470,735,363,Mutton Curry,2023-03-22 07:21:41,Preparing,432.58
1471,4548,287,Biryani,2022-06-01 07:21:41,Cancelled,469.08
1472,4593,180,Butter Chicken,2023-10-03 07:21:41,Cancelled,1296.92
1473,3038,484,Paneer Tikka,2022-04-06 07:21:41,Cancelled,843.94
1474,122,53,Chole Bhature,2025-02-07 07:21:41,Cancelled,110.19
1475,5653,365,Pani Puri,2024-09-12 07:21:41,Preparing,580.13
1476,5535,268,Pani Puri,2024-12-19 07:21:41,Delivered,773.27
1477,6980,361,Dosa,2025-01-07 07:21:41,Delivered,909.08
1478,3178,481,Rogan Josh,2022-11-18 07:21:41,Cancelled,370.47
1479,2058,48,Dosa,2024-12-01 07:21:41,Cancelled,414.05
1480,1112,416,Rogan Josh,2023-10-30 07:21:41,Cancelled,467.24
1481,5498,306,Dosa,2024-09-04 07:21:41,Cancelled,487.98
1482,1767,64,Rogan Josh,2023-08-28 07:21:41,Preparing,199.87
1483,7480,359,Rogan Josh,2023-02-06 07:21:41,Cancelled,1389.35
1484,6687,139,Rogan Josh,2024-06-04 07:21:41,Delivered,742.62
1485,7436,367,Biryani,2024-09-28 07:21:41,Preparing,326.41
1486,1446,425,Butter Chicken,2024-02-27 07:21:41,Cancelled,1203.43
1487,5625,37,Mutton Curry,2024-01-19 07:21:41,Preparing,1211.57
1488,7604,133,Butter Chicken,2023-09-05 07:21:41,Preparing,1394.98
1489,2327,236,Chole Bhature,2024-12-25 07:21:41,Delivered,268.87
1490,2331,338,Dosa,2023-08-26 07:21:41,Cancelled,719.48
1491,3785,124,Samosa,2022-09-10 07:21:41,Delivered,336.8
1492,1255,361,Rogan Josh,2023-08-19 07:21:41,Preparing,1097.2
1493,8836,458,Rogan Josh,2023-09-21 07:21:41,Cancelled,419.05
1494,8536,139,Rogan Josh,2025-02-13 07:21:41,Preparing,1107.43
1495,2500,11,Samosa,2022-11-07 07:21:41,Cancelled,587.81
1496,575,144,Paneer Tikka,2023-08-22 07:21:41,Cancelled,204.02
1497,9442,102,Dosa,2023-07-16 07:21:41,Cancelled,1231.76
1498,8631,86,Biryani,2024-07-22 07:21:41,Preparing,192.56
1499,8422,54,Chole Bhature,2023-07-29 07:21:41,Cancelled,137.32
1500,7991,478,Rogan Josh,2025-01-05 07:21:41,Delivered,1447.41
1501,7006,216,Chole Bhature,2022-07-25 07:21:41,Cancelled,371.88
1502,1477,409,Biryani,2024-01-02 07:21:41,Cancelled,502.28
1503,1219,352,Chole Bhature,2023-10-02 07:21:41,Delivered,527.14
1504,6818,79,Rogan Josh,2024-10-11 07:21:41,Preparing,542.9
1505,3948,138,Paneer Tikka,2022-12-18 07:21:41,Cancelled,809.35
1506,2323,311,Samosa,2024-10-11 07:21:41,Preparing,837.09
1507,7515,365,Samosa,2023-07-04 07:21:41,Cancelled,425.34
1508,6640,130,Chole Bhature,2022-07-14 07:21:41,Preparing,1209.62
1509,1125,131,Chole Bhature,2022-08-22 07:21:41,Preparing,1100.11
1510,3204,40,Paneer Tikka,2023-05-03 07:21:41,Delivered,794.57
1511,3370,374,Samosa,2024-11-14 07:21:41,Preparing,408.66
1512,3432,349,Pani Puri,2023-11-10 07:21:41,Delivered,686.65
1513,3089,111,Butter Chicken,2024-01-24 07:21:41,Preparing,1261.93
1514,7349,466,Chole Bhature,2024-03-12 07:21:41,Preparing,1014.47
1515,2552,384,Mutton Curry,2023-10-20 07:21:41,Delivered,1045.12
1516,5643,51,Butter Chicken,2024-11-06 07:21:41,Cancelled,1269.57
1517,5295,45,Dal Makhani,2022-10-03 07:21:41,Preparing,664.45
1518,6550,231,Pani Puri,2022-04-02 07:21:41,Preparing,850.74
1519,8856,77,Samosa,2024-02-20 07:21:41,Cancelled,594.5
1520,3826,460,Samosa,2022-06-21 07:21:41,Cancelled,1026.02
1521,2789,460,Butter Chicken,2023-11-03 07:21:41,Preparing,1449.21
1522,4197,378,Pani Puri,2022-12-26 07:21:41,Delivered,1198.03
1523,3072,149,Rogan Josh,2023-10-24 07:21:41,Cancelled,327.48
1524,3234,379,Paneer Tikka,2024-06-20 07:21:41,Preparing,967.7
1525,4351,2,Rogan Josh,2023-03-25 07:21:41,Preparing,330.58
1526,5508,458,Dal Makhani,2024-08-07 07:21:41,Preparing,959.7
1527,9909,479,Paneer Tikka,2024-11-24 07:21:41,Cancelled,1053.83
1528,3785,266,Dal Makhani,2024-07-04 07:21:41,Preparing,596.89
1529,1325,302,Paneer Tikka,2023-03-07 07:21:41,Cancelled,134.7
1530,3142,193,Samosa,2024-08-31 07:21:41,Cancelled,984.2
1531,2084,419,Paneer Tikka,2022-05-11 07:21:41,Delivered,329.34
1532,7967,464,Mutton Curry,2022-08-26 07:21:41,Preparing,1414.36
1533,9244,341,Biryani,2023-02-24 07:21:41,Cancelled,438.03
1534,2549,16,Rogan Josh,2022-12-07 07:21:41,Preparing,238.44
1535,456,263,Mutton Curry,2023-12-04 07:21:41,Delivered,1383.17
1536,6404,115,Pani Puri,2022-03-11 07:21:41,Preparing,599.01
1537,576,232,Pani Puri,2023-04-13 07:21:41,Preparing,404.1
1538,7139,146,Paneer Tikka,2023-12-09 07:21:41,Delivered,490.12
1539,1889,262,Butter Chicken,2023-05-01 07:21:41,Delivered,741.96
1540,7880,47,Samosa,2022-06-13 07:21:41,Preparing,889.31
1541,9862,383,Dal Makhani,2022-10-11 07:21:41,Preparing,480.04
1542,6199,312,Butter Chicken,2022-03-06 07:21:41,Delivered,1299.95
1543,9814,347,Rogan Josh,2023-03-03 07:21:41,Preparing,881.18
1544,6756,189,Mutton Curry,2023-08-16 07:21:41,Preparing,924.42
1545,799,152,Biryani,2024-06-01 07:21:41,Cancelled,935.86
1546,8572,370,Dosa,2022-11-18 07:21:41,Delivered,131.48
1547,7330,497,Mutton Curry,2023-04-03 07:21:41,Delivered,861.73
1548,5417,136,Mutton Curry,2022-12-22 07:21:41,Preparing,983.86
1549,4,250,Chole Bhature,2023-12-27 07:21:41,Delivered,1194.49
1550,4714,398,Mutton Curry,2022-10-04 07:21:41,Preparing,480.08
1551,4996,93,Rogan Josh,2023-09-03 07:21:41,Cancelled,1248.59
1552,4510,143,Pani Puri,2022-12-26 07:21:41,Cancelled,390.36
1553,1411,88,Biryani,2024-08-09 07:21:41,Delivered,1264.97
1554,139,454,Dosa,2024-06-07 07:21:41,Cancelled,832.1
1555,4148,293,Samosa,2024-02-29 07:21:41,Delivered,575.15
1556,3204,383,Biryani,2024-01-12 07:21:41,Preparing,286.45
1557,2074,481,Dosa,2022-09-29 07:21:41,Preparing,726.19
1558,7213,142,Mutton Curry,2022-08-06 07:21:41,Cancelled,246.85
1559,6808,417,Pani Puri,2025-03-04 07:21:41,Delivered,133.68
1560,121,386,Samosa,2023-08-08 07:21:41,Preparing,1393.44
1561,694,207,Biryani,2024-08-12 07:21:41,Delivered,1057.95
1562,8237,486,Paneer Tikka,2022-08-05 07:21:41,Cancelled,339.75
1563,2876,229,Butter Chicken,2023-08-31 07:21:41,Cancelled,232.69
1564,2860,369,Butter Chicken,2023-09-10 07:21:41,Preparing,1016.21
1565,7353,73,Samosa,2022-12-06 07:21:41,Cancelled,1442.96
1566,134,162,Biryani,2022-07-08 07:21:41,Delivered,183.42
1567,9322,230,Mutton Curry,2024-05-02 07:21:41,Delivered,1302.97
1568,4531,407,Biryani,2022-12-23 07:21:41,Preparing,1367.14
1569,8214,431,Dosa,2025-02-25 07:21:41,Delivered,313.49
1570,1705,482,Chole Bhature,2024-09-29 07:21:41,Cancelled,1384.46
1571,71,167,Pani Puri,2024-06-28 07:21:41,Cancelled,955.23
1572,2887,255,Chole Bhature,2022-04-24 07:21:41,Cancelled,1100.23
1573,2680,312,Biryani,2022-08-28 07:21:41,Delivered,771.05
1574,1432,75,Chole Bhature,2023-01-26 07:21:41,Delivered,572.15
1575,2732,322,Biryani,2022-06-27 07:21:41,Cancelled,1332.09
1576,4877,211,Biryani,2023-06-22 07:21:41,Delivered,247.27
1577,2302,247,Samosa,2024-08-22 07:21:41,Cancelled,217.61
1578,6780,307,Paneer Tikka,2023-12-26 07:21:41,Delivered,1105.13
1579,350,40,Chole Bhature,2022-08-12 07:21:41,Cancelled,498.49
1580,381,166,Samosa,2024-04-05 07:21:41,Delivered,376.36
1581,149,200,Dal Makhani,2024-05-21 07:21:41,Cancelled,274.0
1582,6825,332,Rogan Josh,2023-09-02 07:21:41,Cancelled,1092.91
1583,7285,434,Butter Chicken,2023-03-15 07:21:41,Delivered,561.77
1584,7234,205,Paneer Tikka,2022-11-07 07:21:41,Cancelled,280.77
1585,9754,327,Rogan Josh,2025-02-17 07:21:41,Delivered,395.28
1586,6146,440,Chole Bhature,2022-06-26 07:21:41,Delivered,1008.41
1587,3294,360,Rogan Josh,2022-12-22 07:21:41,Preparing,1207.95
1588,4545,382,Paneer Tikka,2022-04-27 07:21:41,Cancelled,163.22
1589,4009,258,Dosa,2022-11-26 07:21:41,Delivered,882.74
1590,9889,192,Mutton Curry,2024-02-21 07:21:41,Preparing,1431.91
1591,6611,365,Pani Puri,2023-10-08 07:21:41,Preparing,862.25
1592,9984,173,Biryani,2023-09-28 07:21:41,Preparing,410.73
1593,3740,147,Biryani,2023-04-14 07:21:41,Preparing,693.95
1594,7454,36,Chole Bhature,2022-09-10 07:21:41,Cancelled,972.81
1595,7792,144,Chole Bhature,2024-11-30 07:21:41,Cancelled,1499.75
1596,9586,333,Dal Makhani,2022-12-28 07:21:41,Cancelled,1444.64
1597,5006,325,Samosa,2023-06-10 07:21:41,Preparing,209.31
1598,1893,233,Pani Puri,2023-02-15 07:21:41,Cancelled,1402.01
1599,8033,156,Dosa,2023-04-07 07:21:41,Cancelled,1177.5
1600,8419,191,Biryani,2023-03-10 07:21:41,Preparing,398.43
1601,3963,96,Biryani,2023-02-18 07:21:41,Cancelled,389.78
1602,6430,318,Rogan Josh,2022-09-03 07:21:41,Delivered,654.71
1603,5022,428,Biryani,2023-07-04 07:21:41,Delivered,1042.55
1604,3195,27,Biryani,2022-12-15 07:21:41,Delivered,1364.38
1605,6618,393,Chole Bhature,2023-09-15 07:21:41,Delivered,594.6
1606,7149,498,Dosa,2022-03-12 07:21:41,Delivered,699.15
1607,9882,492,Biryani,2022-10-29 07:21:41,Preparing,1289.15
1608,8049,330,Chole Bhature,2023-03-23 07:21:41,Preparing,1449.74
1609,5407,346,Pani Puri,2023-09-06 07:21:41,Delivered,309.79
1610,6950,50,Biryani,2022-10-11 07:21:41,Cancelled,529.25
1611,2753,239,Butter Chicken,2024-01-19 07:21:41,Preparing,708.54
1612,3637,85,Samosa,2022-12-20 07:21:41,Preparing,1295.15
1613,9706,151,Dosa,2024-09-26 07:21:41,Delivered,103.38
1614,5632,465,Biryani,2024-06-02 07:21:41,Cancelled,1471.19
1615,6551,26,Dosa,2024-03-31 07:21:41,Cancelled,547.82
1616,2974,58,Butter Chicken,2023-10-20 07:21:41,Preparing,1079.45
1617,659,498,Chole Bhature,2024-04-06 07:21:41,Delivered,596.94
1618,1760,148,Chole Bhature,2023-01-02 07:21:41,Cancelled,659.8
1619,853,121,Butter Chicken,2023-10-25 07:21:41,Cancelled,841.11
1620,4891,79,Butter Chicken,2023-03-13 07:21:41,Preparing,1388.32
1621,5445,254,Paneer Tikka,2022-10-26 07:21:41,Preparing,511.56
1622,3656,289,Biryani,2022-12-13 07:21:41,Cancelled,780.48
1623,6136,452,Paneer Tikka,2022-12-19 07:21:41,Delivered,1141.01
1624,6828,158,Chole Bhature,2023-10-29 07:21:41,Preparing,190.77
1625,7718,425,Dosa,2024-04-27 07:21:41,Preparing,1436.14
1626,4105,460,Pani Puri,2024-11-20 07:21:41,Preparing,383.95
1627,1311,408,Samosa,2023-04-13 07:21:41,Cancelled,589.95
1628,3555,155,Paneer Tikka,2024-11-17 07:21:41,Preparing,175.87
1629,5666,82,Biryani,2023-09-04 07:21:41,Cancelled,240.84
1630,6106,43,Dal Makhani,2022-09-22 07:21:41,Preparing,946.36
1631,9699,355,Rogan Josh,2023-10-22 07:21:41,Cancelled,299.94
1632,9017,96,Pani Puri,2024-12-25 07:21:41,Cancelled,1265.63
1633,4434,484,Mutton Curry,2024-09-01 07:21:41,Cancelled,1137.75
1634,485,452,Mutton Curry,2022-10-05 07:21:41,Delivered,1201.33
1635,275,282,Chole Bhature,2025-03-05 07:21:41,Preparing,1458.6
1636,4418,18,Chole Bhature,2023-12-29 07:21:41,Delivered,1353.13
1637,3534,183,Butter Chicken,2022-10-13 07:21:41,Delivered,1149.24
1638,3332,163,Butter Chicken,2024-05-29 07:21:41,Preparing,338.92
1639,8251,177,Dosa,2022-08-08 07:21:41,Cancelled,212.98
1640,582,384,Dal Makhani,2023-07-25 07:21:41,Delivered,1372.91
1641,8711,33,Butter Chicken,2023-03-03 07:21:41,Preparing,317.84
1642,4357,490,Paneer Tikka,2024-08-01 07:21:41,Delivered,751.57
1643,854,167,Butter Chicken,2022-11-03 07:21:41,Preparing,637.16
1644,3999,471,Dosa,2024-11-10 07:21:41,Preparing,1103.31
1645,2530,126,Butter Chicken,2023-08-23 07:21:41,Preparing,932.93
1646,9623,352,Samosa,2023-09-13 07:21:41,Preparing,1410.54
1647,1073,88,Dal Makhani,2022-07-16 07:21:41,Preparing,1217.9
1648,5703,65,Samosa,2022-05-31 07:21:41,Delivered,992.86
1649,6533,270,Paneer Tikka,2023-12-08 07:21:41,Cancelled,1199.27
1650,5893,295,Paneer Tikka,2023-03-27 07:21:41,Preparing,888.52
1651,7871,112,Butter Chicken,2024-05-24 07:21:41,Cancelled,882.95
1652,4355,5,Biryani,2023-10-07 07:21:41,Preparing,1272.18
1653,3913,178,Paneer Tikka,2023-09-13 07:21:41,Preparing,1434.52
1654,9835,135,Rogan Josh,2022-07-03 07:21:41,Cancelled,1438.0
1655,2888,444,Dosa,2023-12-23 07:21:41,Cancelled,795.88
1656,1551,137,Samosa,2023-07-17 07:21:41,Preparing,117.81
1657,29,228,Rogan Josh,2022-05-05 07:21:41,Preparing,1164.07
1658,7846,137,Rogan Josh,2022-03-06 07:21:41,Delivered,891.3
1659,3885,359,Dal Makhani,2022-03-22 07:21:41,Preparing,567.19
1660,7718,389,Paneer Tikka,2022-09-29 07:21:41,Cancelled,385.3
1661,5057,306,Paneer Tikka,2024-12-17 07:21:41,Preparing,423.11
1662,7852,476,Dosa,2024-05-08 07:21:41,Delivered,688.63
1663,183,93,Dal Makhani,2024-04-06 07:21:41,Cancelled,749.21
1664,6158,285,Mutton Curry,2022-11-13 07:21:41,Preparing,1253.52
1665,3059,228,Dal Makhani,2024-03-08 07:21:41,Cancelled,1263.52
1666,376,63,Samosa,2022-05-19 07:21:41,Delivered,546.48
1667,8434,404,Dosa,2023-04-05 07:21:41,Preparing,1210.7
1668,4965,436,Samosa,2023-01-13 07:21:41,Preparing,1366.25
1669,3879,174,Chole Bhature,2023-12-21 07:21:41,Cancelled,631.63
1670,5127,268,Pani Puri,2023-08-08 07:21:41,Cancelled,215.25
1671,7188,94,Pani Puri,2024-09-13 07:21:41,Cancelled,354.54
1672,8693,222,Samosa,2024-03-21 07:21:41,Delivered,656.5
1673,1051,433,Dal Makhani,2024-05-16 07:21:41,Cancelled,1438.1
1674,89,432,Butter Chicken,2023-10-31 07:21:41,Cancelled,935.87
1675,956,29,Biryani,2024-08-03 07:21:41,Delivered,710.79
1676,1139,373,Dosa,2023-10-29 07:21:41,Delivered,726.06
1677,4209,373,Paneer Tikka,2023-01-18 07:21:41,Delivered,974.35
1678,8717,200,Dosa,2024-12-16 07:21:41,Cancelled,1231.72
1679,4550,166,Dosa,2022-09-12 07:21:41,Preparing,700.22
1680,1206,25,Biryani,2024-09-26 07:21:41,Cancelled,853.62
1681,1023,467,Dal Makhani,2022-12-15 07:21:41,Cancelled,674.94
1682,5283,193,Butter Chicken,2024-03-23 07:21:41,Cancelled,965.43
1683,7467,124,Dal Makhani,2023-06-14 07:21:41,Delivered,1335.34
1684,8538,228,Chole Bhature,2024-04-01 07:21:41,Preparing,1356.67
1685,7018,208,Pani Puri,2023-06-13 07:21:41,Cancelled,631.13
1686,5829,68,Paneer Tikka,2024-08-02 07:21:41,Delivered,1134.02
1687,9790,308,Rogan Josh,2024-08-06 07:21:41,Cancelled,1040.02
1688,6081,219,Butter Chicken,2023-07-09 07:21:41,Cancelled,833.88
1689,68,299,Biryani,2024-09-12 07:21:41,Delivered,1183.75
1690,2855,405,Chole Bhature,2023-04-16 07:21:41,Delivered,1034.37
1691,8174,459,Dal Makhani,2025-02-23 07:21:41,Cancelled,1144.64
1692,816,429,Dosa,2023-05-28 07:21:41,Cancelled,768.34
1693,3577,81,Mutton Curry,2023-09-01 07:21:41,Delivered,705.66
1694,2606,310,Dosa,2023-04-01 07:21:41,Cancelled,826.69
1695,8390,97,Chole Bhature,2022-12-23 07:21:41,Preparing,1138.79
1696,1782,137,Dosa,2023-08-29 07:21:41,Preparing,525.69
1697,9860,227,Butter Chicken,2022-12-08 07:21:41,Preparing,1203.53
1698,894,480,Butter Chicken,2024-05-08 07:21:41,Preparing,1191.67
1699,5354,303,Biryani,2024-02-25 07:21:41,Delivered,989.66
1700,6226,9,Dosa,2023-10-14 07:21:41,Cancelled,1114.83
1701,606,443,Chole Bhature,2023-10-17 07:21:41,Preparing,1411.45
1702,8601,82,Pani Puri,2025-02-28 07:21:41,Delivered,931.23
1703,1819,230,Dosa,2024-04-23 07:21:41,Preparing,1007.76
1704,6026,42,Mutton Curry,2023-04-02 07:21:41,Cancelled,1146.92
1705,4912,129,Paneer Tikka,2023-01-13 07:21:41,Delivered,625.43
1706,4418,486,Biryani,2024-01-31 07:21:41,Cancelled,1272.07
1707,2804,281,Butter Chicken,2024-07-04 07:21:41,Preparing,1032.03
1708,2010,179,Samosa,2024-10-12 07:21:41,Preparing,1202.54
1709,3047,316,Dosa,2022-12-02 07:21:41,Cancelled,517.5
1710,2599,373,Samosa,2024-08-26 07:21:41,Preparing,202.02
1711,3323,247,Pani Puri,2024-05-13 07:21:41,Cancelled,1355.51
1712,4904,414,Dosa,2022-11-24 07:21:41,Delivered,944.14
1713,340,407,Chole Bhature,2024-04-10 07:21:41,Delivered,329.64
1714,4807,232,Biryani,2024-07-24 07:21:41,Cancelled,1345.19
1715,36,201,Butter Chicken,2022-05-18 07:21:41,Cancelled,1165.45
1716,8804,98,Butter Chicken,2022-08-27 07:21:41,Preparing,810.4
1717,2852,122,Mutton Curry,2024-03-06 07:21:41,Cancelled,632.43
1718,7293,483,Rogan Josh,2024-04-25 07:21:41,Cancelled,1009.43
1719,25,349,Mutton Curry,2022-05-05 07:21:41,Preparing,1413.31
1720,463,50,Pani Puri,2024-07-31 07:21:41,Delivered,862.27
1721,5354,452,Pani Puri,2024-07-12 07:21:41,Preparing,1121.7
1722,8438,454,Rogan Josh,2023-05-18 07:21:41,Cancelled,589.61
1723,8476,352,Chole Bhature,2023-07-05 07:21:41,Delivered,359.25
1724,4292,217,Chole Bhature,2025-02-03 07:21:41,Preparing,794.89
1725,4004,282,Chole Bhature,2023-11-02 07:21:41,Delivered,1075.1
1726,1269,488,Mutton Curry,2022-12-07 07:21:41,Preparing,1385.01
1727,7821,403,Chole Bhature,2025-01-31 07:21:41,Preparing,1041.61
1728,8496,347,Dal Makhani,2022-03-13 07:21:41,Cancelled,1295.07
1729,8031,500,Pani Puri,2022-09-28 07:21:41,Delivered,528.6
1730,7780,417,Dosa,2024-02-24 07:21:41,Preparing,679.17
1731,2654,498,Rogan Josh,2022-11-08 07:21:41,Cancelled,1051.5
1732,421,170,Biryani,2023-11-26 07:21:41,Cancelled,1176.67
1733,2515,430,Mutton Curry,2023-04-30 07:21:41,Cancelled,1046.52
1734,8326,116,Pani Puri,2024-08-20 07:21:41,Delivered,557.56
1735,7673,339,Rogan Josh,2023-12-01 07:21:41,Delivered,117.59
1736,72,155,Dal Makhani,2024-09-13 07:21:41,Cancelled,249.21
1737,6797,270,Dosa,2022-06-07 07:21:41,Preparing,1328.44
1738,5985,377,Rogan Josh,2022-12-25 07:21:41,Delivered,1247.77
1739,1578,75,Paneer Tikka,2022-06-27 07:21:41,Cancelled,622.39
1740,5168,432,Rogan Josh,2025-02-12 07:21:41,Delivered,1017.62
1741,5447,333,Butter Chicken,2024-01-20 07:21:41,Preparing,1083.47
1742,4299,448,Chole Bhature,2024-01-09 07:21:41,Cancelled,1251.88
1743,7064,142,Dosa,2024-10-28 07:21:41,Delivered,690.0
1744,853,18,Dal Makhani,2023-09-26 07:21:41,Delivered,459.5
1745,5692,88,Dal Makhani,2024-04-02 07:21:41,Delivered,160.09
1746,4076,114,Biryani,2023-03-26 07:21:41,Delivered,1236.3
1747,717,257,Dosa,2023-12-23 07:21:41,Cancelled,1135.81
1748,8716,290,Mutton Curry,2024-05-22 07:21:41,Cancelled,999.5
1749,709,400,Dal Makhani,2022-05-06 07:21:41,Preparing,428.52
1750,9780,213,Pani Puri,2024-09-02 07:21:41,Delivered,1086.4
1751,1132,473,Mutton Curry,2022-05-31 07:21:41,Cancelled,1390.38
1752,473,108,Paneer Tikka,2023-08-06 07:21:41,Cancelled,1098.18
1753,1791,137,Samosa,2022-05-21 07:21:41,Cancelled,781.18
1754,9374,180,Samosa,2023-07-15 07:21:41,Cancelled,126.24
1755,6858,160,Chole Bhature,2024-10-19 07:21:41,Delivered,583.96
1756,9090,241,Pani Puri,2022-07-12 07:21:41,Preparing,129.46
1757,7037,231,Chole Bhature,2022-11-28 07:21:41,Preparing,1130.08
1758,3366,157,Dosa,2024-09-10 07:21:41,Cancelled,781.9
1759,8922,152,Rogan Josh,2024-05-23 07:21:41,Cancelled,1203.83
1760,1300,486,Paneer Tikka,2023-05-29 07:21:41,Delivered,791.75
1761,7981,95,Chole Bhature,2024-01-31 07:21:41,Preparing,906.14
1762,9285,460,Chole Bhature,2022-07-05 07:21:41,Preparing,410.46
1763,3738,264,Samosa,2024-02-24 07:21:41,Cancelled,1086.73
1764,1843,476,Rogan Josh,2025-02-16 07:21:41,Delivered,546.48
1765,6335,261,Mutton Curry,2024-08-17 07:21:41,Cancelled,1015.21
1766,7523,112,Mutton Curry,2023-04-27 07:21:41,Cancelled,318.42
1767,7377,226,Chole Bhature,2023-08-16 07:21:41,Preparing,508.7
1768,3571,319,Paneer Tikka,2024-11-10 07:21:41,Cancelled,200.9
1769,7420,293,Samosa,2023-01-13 07:21:41,Preparing,1434.85
1770,2156,484,Biryani,2023-06-07 07:21:41,Cancelled,1225.24
1771,7553,484,Rogan Josh,2023-01-23 07:21:41,Delivered,1120.78
1772,4085,285,Dal Makhani,2024-02-07 07:21:41,Preparing,417.86
1773,8999,203,Dal Makhani,2023-11-15 07:21:41,Delivered,1296.21
1774,9050,4,Chole Bhature,2022-06-05 07:21:41,Preparing,345.7
1775,2124,250,Samosa,2022-09-05 07:21:41,Cancelled,1075.71
1776,7889,43,Mutton Curry,2023-12-02 07:21:41,Delivered,1345.0
1777,7340,346,Samosa,2024-02-19 07:21:41,Cancelled,194.51
1778,9469,283,Pani Puri,2022-04-25 07:21:41,Preparing,1064.83
1779,5109,257,Biryani,2022-10-27 07:21:41,Delivered,103.31
1780,2735,126,Rogan Josh,2023-07-05 07:21:41,Preparing,1263.57
1781,9296,124,Dal Makhani,2022-11-16 07:21:41,Preparing,1383.31
1782,8464,485,Chole Bhature,2024-08-14 07:21:41,Delivered,406.01
1783,9456,101,Butter Chicken,2024-01-27 07:21:41,Preparing,650.24
1784,8392,127,Biryani,2022-05-06 07:21:41,Preparing,508.98
1785,4163,454,Biryani,2022-08-20 07:21:41,Cancelled,1075.66
1786,6307,43,Pani Puri,2022-07-23 07:21:41,Preparing,1414.32
1787,2994,12,Samosa,2022-11-25 07:21:41,Cancelled,1060.88
1788,3887,116,Rogan Josh,2023-01-23 07:21:41,Cancelled,1227.7
1789,6183,460,Dosa,2022-11-19 07:21:41,Preparing,1232.13
1790,9614,378,Rogan Josh,2025-03-03 07:21:41,Cancelled,802.57
1791,9474,127,Dosa,2022-05-25 07:21:41,Cancelled,1148.85
1792,2051,422,Paneer Tikka,2023-06-23 07:21:41,Preparing,389.4
1793,7612,214,Mutton Curry,2023-06-22 07:21:41,Cancelled,795.92
1794,1260,245,Rogan Josh,2024-09-26 07:21:41,Cancelled,1393.2
1795,7008,28,Pani Puri,2023-06-09 07:21:41,Cancelled,210.31
1796,7543,351,Biryani,2022-07-05 07:21:41,Cancelled,677.11
1797,647,17,Chole Bhature,2023-09-08 07:21:41,Preparing,591.19
1798,7326,165,Chole Bhature,2022-10-03 07:21:41,Delivered,194.85
1799,7490,344,Samosa,2022-07-13 07:21:41,Cancelled,1494.92
1800,6528,449,Chole Bhature,2025-02-13 07:21:41,Preparing,773.36
1801,348,495,Samosa,2023-08-10 07:21:41,Cancelled,670.93
1802,464,81,Chole Bhature,2024-01-31 07:21:41,Cancelled,336.38
1803,5878,88,Samosa,2024-04-13 07:21:41,Cancelled,692.62
1804,7108,4,Dosa,2022-04-02 07:21:41,Cancelled,1223.21
1805,1424,346,Chole Bhature,2023-04-05 07:21:41,Delivered,324.3
1806,4082,160,Butter Chicken,2023-02-08 07:21:41,Preparing,1408.49
1807,4420,36,Rogan Josh,2024-04-12 07:21:41,Delivered,1451.54
1808,2633,220,Butter Chicken,2024-01-19 07:21:41,Delivered,165.89
1809,7617,149,Chole Bhature,2024-07-14 07:21:41,Preparing,916.24
1810,156,201,Biryani,2024-07-21 07:21:41,Cancelled,1120.13
1811,3560,380,Samosa,2022-11-09 07:21:41,Delivered,1080.44
1812,2258,392,Mutton Curry,2024-06-04 07:21:41,Cancelled,288.41
1813,4204,167,Rogan Josh,2022-11-13 07:21:41,Cancelled,1208.07
1814,1594,179,Samosa,2022-07-15 07:21:41,Cancelled,119.5
1815,8087,120,Dal Makhani,2024-12-30 07:21:41,Delivered,109.39
1816,775,426,Chole Bhature,2023-03-26 07:21:41,Cancelled,898.84
1817,4013,426,Chole Bhature,2022-03-18 07:21:41,Cancelled,975.16
1818,1043,177,Dosa,2024-08-14 07:21:41,Delivered,238.53
1819,9258,364,Pani Puri,2022-05-29 07:21:41,Preparing,248.78
1820,4243,120,Dosa,2024-01-29 07:21:41,Delivered,176.31
1821,2762,234,Pani Puri,2023-06-17 07:21:41,Cancelled,277.65
1822,279,349,Butter Chicken,2024-10-21 07:21:41,Delivered,358.0
1823,8610,408,Biryani,2024-07-15 07:21:41,Cancelled,507.27
1824,5660,388,Dosa,2022-06-18 07:21:41,Delivered,800.5
1825,2061,314,Dosa,2022-09-09 07:21:41,Preparing,345.12
1826,4688,278,Rogan Josh,2023-07-17 07:21:41,Delivered,751.54
1827,3331,294,Butter Chicken,2022-03-24 07:21:41,Preparing,1114.74
1828,9956,498,Paneer Tikka,2023-03-31 07:21:41,Preparing,690.38
1829,4892,57,Butter Chicken,2023-06-16 07:21:41,Cancelled,199.72
1830,6474,441,Butter Chicken,2022-05-22 07:21:41,Cancelled,1136.54
1831,4220,13,Dal Makhani,2022-06-12 07:21:41,Delivered,1118.25
1832,2767,16,Rogan Josh,2022-07-31 07:21:41,Cancelled,1373.53
1833,9330,135,Samosa,2024-02-13 07:21:41,Cancelled,1338.73
1834,645,142,Biryani,2024-12-03 07:21:41,Delivered,649.49
1835,5984,317,Biryani,2022-06-13 07:21:41,Preparing,434.24
1836,3682,155,Mutton Curry,2023-01-05 07:21:41,Preparing,741.31
1837,1176,10,Pani Puri,2025-02-23 07:21:41,Delivered,446.96
1838,5139,38,Dal Makhani,2025-01-30 07:21:41,Preparing,1172.44
1839,1945,316,Rogan Josh,2023-01-11 07:21:41,Cancelled,160.4
1840,9050,47,Pani Puri,2022-03-29 07:21:41,Cancelled,1131.86
1841,5070,248,Chole Bhature,2025-02-24 07:21:41,Preparing,444.37
1842,5317,443,Dal Makhani,2022-12-17 07:21:41,Cancelled,925.66
1843,5048,329,Butter Chicken,2024-03-14 07:21:41,Delivered,652.8
1844,4115,153,Dal Makhani,2022-10-07 07:21:41,Delivered,1044.08
1845,3525,63,Rogan Josh,2024-01-13 07:21:41,Delivered,160.27
1846,4267,363,Mutton Curry,2023-07-01 07:21:41,Delivered,648.42
1847,2449,319,Chole Bhature,2023-06-18 07:21:41,Cancelled,137.85
1848,8267,297,Mutton Curry,2023-08-30 07:21:41,Delivered,750.6
1849,7225,261,Mutton Curry,2025-01-28 07:21:41,Delivered,1494.91
1850,9452,316,Chole Bhature,2022-03-14 07:21:41,Delivered,189.79
1851,1699,456,Rogan Josh,2024-08-26 07:21:41,Preparing,281.59
1852,3511,132,Paneer Tikka,2022-03-08 07:21:41,Cancelled,1491.08
1853,1345,355,Paneer Tikka,2024-07-15 07:21:41,Preparing,1195.02
1854,9843,370,Pani Puri,2022-10-01 07:21:41,Delivered,1116.47
1855,7784,104,Butter Chicken,2024-07-21 07:21:41,Cancelled,1140.65
1856,7002,496,Mutton Curry,2024-07-19 07:21:41,Delivered,534.11
1857,2488,64,Pani Puri,2022-03-19 07:21:41,Preparing,1023.74
1858,7613,494,Pani Puri,2024-05-09 07:21:41,Cancelled,776.9
1859,4876,252,Dal Makhani,2022-07-12 07:21:41,Cancelled,861.99
1860,584,183,Pani Puri,2022-10-18 07:21:41,Preparing,549.45
1861,8517,360,Butter Chicken,2025-03-02 07:21:41,Preparing,291.61
1862,1317,412,Paneer Tikka,2022-06-02 07:21:41,Delivered,783.56
1863,463,57,Dosa,2024-04-08 07:21:41,Preparing,636.55
1864,945,154,Pani Puri,2024-06-02 07:21:41,Delivered,1263.75
1865,5932,141,Biryani,2023-07-31 07:21:41,Cancelled,1333.08
1866,1291,229,Paneer Tikka,2024-10-09 07:21:41,Delivered,351.46
1867,4815,251,Chole Bhature,2024-10-27 07:21:41,Preparing,402.45
1868,2722,159,Rogan Josh,2023-10-27 07:21:41,Preparing,641.79
1869,2530,89,Chole Bhature,2023-07-05 07:21:41,Delivered,422.64
1870,9650,212,Chole Bhature,2024-05-27 07:21:41,Delivered,655.8
1871,8737,18,Rogan Josh,2022-12-09 07:21:41,Preparing,443.66
1872,5094,295,Chole Bhature,2024-03-08 07:21:41,Cancelled,464.07
1873,8833,67,Pani Puri,2022-09-24 07:21:41,Cancelled,1493.8
1874,1455,172,Samosa,2022-08-14 07:21:41,Delivered,243.48
1875,1486,178,Rogan Josh,2024-04-22 07:21:41,Delivered,120.89
1876,2679,140,Mutton Curry,2022-10-15 07:21:41,Preparing,1340.71
1877,3108,262,Paneer Tikka,2023-10-27 07:21:41,Delivered,428.11
1878,9713,120,Samosa,2024-01-04 07:21:41,Cancelled,1344.15
1879,6352,271,Dosa,2022-12-07 07:21:41,Delivered,605.48
1880,8048,308,Mutton Curry,2024-11-27 07:21:41,Preparing,709.92
1881,4944,101,Mutton Curry,2023-02-19 07:21:41,Delivered,1207.25
1882,5053,427,Samosa,2024-04-15 07:21:41,Delivered,433.53
1883,5527,280,Dosa,2023-05-24 07:21:41,Cancelled,397.89
1884,6738,169,Dal Makhani,2024-06-14 07:21:41,Cancelled,1476.64
1885,966,197,Biryani,2022-11-06 07:21:41,Preparing,739.6
1886,4493,226,Rogan Josh,2022-03-22 07:21:41,Preparing,822.65
1887,8966,7,Paneer Tikka,2023-03-25 07:21:41,Preparing,501.71
1888,5628,372,Dal Makhani,2023-06-05 07:21:41,Preparing,1315.49
1889,4371,409,Pani Puri,2022-11-03 07:21:41,Delivered,918.14
1890,1976,217,Dal Makhani,2023-04-11 07:21:41,Delivered,1028.75
1891,5654,469,Rogan Josh,2022-09-22 07:21:41,Delivered,1472.28
1892,7904,271,Samosa,2023-10-04 07:21:41,Cancelled,296.12
1893,8304,26,Chole Bhature,2022-04-12 07:21:41,Preparing,917.1
1894,192,332,Biryani,2023-10-12 07:21:41,Cancelled,828.37
1895,2740,184,Pani Puri,2023-12-04 07:21:41,Delivered,120.66
1896,6133,227,Rogan Josh,2022-09-07 07:21:41,Cancelled,1039.66
1897,5415,419,Pani Puri,2024-03-02 07:21:41,Delivered,1435.31
1898,2039,479,Mutton Curry,2024-05-18 07:21:41,Delivered,192.75
1899,1155,458,Pani Puri,2022-08-28 07:21:41,Delivered,1380.18
1900,1772,222,Butter Chicken,2022-03-12 07:21:41,Delivered,1348.55
1901,1364,95,Dal Makhani,2023-09-03 07:21:41,Cancelled,982.76
1902,1884,145,Paneer Tikka,2025-02-22 07:21:41,Cancelled,454.32
1903,1105,146,Biryani,2022-10-23 07:21:41,Delivered,313.83
1904,678,69,Paneer Tikka,2024-10-22 07:21:41,Delivered,629.04
1905,5306,428,Butter Chicken,2023-09-01 07:21:41,Delivered,692.36
1906,5278,287,Samosa,2024-08-04 07:21:41,Cancelled,737.74
1907,7017,329,Rogan Josh,2023-12-29 07:21:41,Delivered,1067.95
1908,8838,151,Dosa,2024-07-06 07:21:41,Preparing,1310.82
1909,9455,263,Paneer Tikka,2022-09-16 07:21:41,Delivered,308.28
1910,4192,254,Dal Makhani,2022-12-26 07:21:41,Preparing,1484.6
1911,103,84,Rogan Josh,2022-05-23 07:21:41,Cancelled,814.88
1912,3076,36,Rogan Josh,2022-05-08 07:21:41,Cancelled,650.46
1913,3558,127,Rogan Josh,2025-01-25 07:21:41,Preparing,1294.69
1914,140,497,Chole Bhature,2023-06-15 07:21:41,Cancelled,1252.82
1915,5074,31,Samosa,2022-09-19 07:21:41,Delivered,1106.55
1916,7517,384,Pani Puri,2024-03-13 07:21:41,Cancelled,1015.61
1917,5315,169,Chole Bhature,2023-12-17 07:21:41,Cancelled,1390.24
1918,1174,319,Biryani,2024-12-26 07:21:41,Delivered,295.71
1919,3618,194,Dosa,2025-01-22 07:21:41,Preparing,1013.08
1920,6227,286,Chole Bhature,2024-08-26 07:21:41,Delivered,469.13
1921,6303,226,Rogan Josh,2024-04-04 07:21:41,Preparing,640.85
1922,8589,150,Dosa,2025-03-04 07:21:41,Preparing,1224.98
1923,8905,412,Dosa,2024-05-07 07:21:41,Delivered,1338.82
1924,2910,333,Dosa,2024-11-06 07:21:41,Delivered,328.87
1925,3751,335,Paneer Tikka,2022-03-26 07:21:41,Cancelled,1167.37
1926,7888,111,Samosa,2024-11-14 07:21:41,Preparing,1194.48
1927,5491,286,Rogan Josh,2022-05-20 07:21:41,Preparing,1432.8
1928,1733,388,Dal Makhani,2022-07-08 07:21:41,Delivered,489.16
1929,2571,483,Chole Bhature,2025-01-03 07:21:41,Delivered,1224.85
1930,3008,374,Chole Bhature,2022-03-13 07:21:41,Cancelled,118.37
1931,6049,343,Biryani,2023-03-23 07:21:41,Cancelled,1439.59
1932,5175,81,Chole Bhature,2025-02-19 07:21:41,Cancelled,967.15
1933,9582,396,Chole Bhature,2022-08-01 07:21:41,Cancelled,1408.22
1934,9007,342,Samosa,2023-02-12 07:21:41,Delivered,759.66
1935,7928,298,Paneer Tikka,2024-08-12 07:21:41,Cancelled,480.55
1936,6613,301,Chole Bhature,2023-04-30 07:21:41,Preparing,783.58
1937,6048,318,Paneer Tikka,2022-05-26 07:21:41,Preparing,1494.88
1938,4905,431,Pani Puri,2022-10-19 07:21:41,Delivered,885.11
1939,9068,441,Mutton Curry,2023-12-19 07:21:41,Cancelled,187.5
1940,3991,82,Samosa,2022-06-28 07:21:41,Preparing,460.69
1941,4422,25,Dosa,2024-06-15 07:21:41,Preparing,1422.03
1942,2978,246,Pani Puri,2023-07-25 07:21:41,Delivered,396.35
1943,6710,212,Dosa,2023-05-13 07:21:41,Cancelled,119.49
1944,7933,82,Rogan Josh,2023-10-06 07:21:41,Cancelled,436.17
1945,98,75,Dosa,2022-09-04 07:21:41,Delivered,386.47
1946,5754,413,Mutton Curry,2023-09-14 07:21:41,Preparing,1076.85
1947,2101,155,Butter Chicken,2022-12-20 07:21:41,Delivered,1050.38
1948,8276,429,Dosa,2024-08-23 07:21:41,Cancelled,1168.63
1949,4197,440,Biryani,2024-08-14 07:21:41,Cancelled,784.6
1950,419,456,Pani Puri,2024-04-01 07:21:41,Preparing,941.37
1951,7780,126,Rogan Josh,2025-01-30 07:21:41,Preparing,859.54
1952,9568,311,Paneer Tikka,2024-10-03 07:21:41,Preparing,1471.18
1953,845,169,Chole Bhature,2023-10-20 07:21:41,Delivered,382.05
1954,1402,416,Mutton Curry,2023-01-16 07:21:41,Delivered,437.94
1955,5314,424,Biryani,2023-08-27 07:21:41,Preparing,564.27
1956,4676,260,Rogan Josh,2023-09-20 07:21:41,Preparing,1284.07
1957,3393,113,Chole Bhature,2022-06-24 07:21:41,Preparing,1397.99
1958,2368,389,Samosa,2022-12-29 07:21:41,Cancelled,1337.73
1959,7180,300,Butter Chicken,2023-06-01 07:21:41,Delivered,1193.1
1960,5363,55,Pani Puri,2022-11-10 07:21:41,Preparing,896.96
1961,6969,429,Pani Puri,2022-03-11 07:21:41,Cancelled,797.6
1962,9489,453,Dosa,2022-11-10 07:21:41,Delivered,154.65
1963,4137,472,Pani Puri,2024-03-21 07:21:41,Cancelled,1439.84
1964,5021,212,Butter Chicken,2022-06-14 07:21:41,Cancelled,1221.35
1965,1038,286,Paneer Tikka,2023-06-26 07:21:41,Preparing,122.91
1966,4374,236,Mutton Curry,2024-09-22 07:21:41,Cancelled,1413.7
1967,3858,236,Dosa,2022-05-10 07:21:41,Preparing,777.31
1968,8340,246,Chole Bhature,2023-09-06 07:21:41,Preparing,975.19
1969,8166,468,Dosa,2023-05-18 07:21:41,Delivered,394.94
1970,1971,283,Chole Bhature,2022-12-18 07:21:41,Preparing,758.91
1971,1426,83,Dosa,2023-07-19 07:21:41,Delivered,239.61
1972,3230,350,Paneer Tikka,2023-11-06 07:21:41,Preparing,692.12
1973,6326,132,Chole Bhature,2023-01-13 07:21:41,Delivered,991.18
1974,5380,128,Samosa,2024-12-11 07:21:41,Cancelled,502.17
1975,1880,341,Mutton Curry,2022-09-09 07:21:41,Preparing,137.56
1976,2438,224,Mutton Curry,2024-02-03 07:21:41,Delivered,1093.41
1977,2509,415,Rogan Josh,2024-09-03 07:21:41,Preparing,374.67
1978,5918,471,Rogan Josh,2022-09-12 07:21:41,Delivered,860.93
1979,8133,470,Dosa,2025-02-25 07:21:41,Preparing,931.74
1980,1919,34,Biryani,2024-09-22 07:21:41,Delivered,847.28
1981,7223,304,Dosa,2023-06-27 07:21:41,Cancelled,1013.28
1982,102,166,Paneer Tikka,2024-05-01 07:21:41,Cancelled,265.05
1983,594,257,Rogan Josh,2023-07-15 07:21:41,Delivered,1343.01
1984,5367,478,Dosa,2024-09-09 07:21:41,Cancelled,512.94
1985,40,369,Dosa,2022-03-28 07:21:41,Cancelled,547.04
1986,9225,454,Samosa,2023-02-21 07:21:41,Cancelled,295.92
1987,1477,15,Dal Makhani,2023-09-30 07:21:41,Delivered,539.48
1988,4700,113,Chole Bhature,2025-01-31 07:21:41,Delivered,777.72
1989,1642,365,Rogan Josh,2025-03-03 07:21:41,Preparing,273.1
1990,7835,228,Paneer Tikka,2024-02-16 07:21:41,Cancelled,1498.54
1991,7590,244,Paneer Tikka,2022-08-10 07:21:41,Preparing,1223.44
1992,2226,15,Paneer Tikka,2023-03-15 07:21:41,Delivered,971.3
1993,7537,153,Butter Chicken,2023-03-31 07:21:41,Preparing,1075.74
1994,2040,388,Butter Chicken,2024-01-28 07:21:41,Cancelled,552.79
1995,5676,229,Biryani,2023-03-05 07:21:41,Preparing,183.79
1996,9657,50,Dosa,2022-05-17 07:21:41,Delivered,419.08
1997,9052,227,Dal Makhani,2023-11-14 07:21:41,Cancelled,1296.23
1998,4813,226,Rogan Josh,2023-02-06 07:21:41,Delivered,143.55
1999,7463,492,Biryani,2023-06-05 07:21:41,Preparing,386.68
2000,6067,30,Butter Chicken,2023-03-08 07:21:41,Delivered,186.72
2001,7493,316,Paneer Tikka,2024-11-04 07:21:41,Cancelled,1063.69
2002,2224,261,Dosa,2023-09-01 07:21:41,Preparing,154.99
2003,5133,84,Biryani,2022-05-07 07:21:41,Cancelled,1056.48
2004,3221,228,Samosa,2024-07-03 07:21:41,Preparing,1209.78
2005,6580,392,Rogan Josh,2022-06-23 07:21:41,Preparing,939.06
2006,8506,269,Paneer Tikka,2025-01-30 07:21:41,Preparing,167.79
2007,5161,473,Mutton Curry,2025-03-05 07:21:41,Delivered,1131.84
2008,5954,495,Dosa,2024-07-28 07:21:41,Cancelled,649.14
2009,153,310,Pani Puri,2022-10-20 07:21:41,Delivered,300.88
2010,6161,425,Dosa,2024-04-29 07:21:41,Cancelled,1140.74
2011,3471,71,Biryani,2024-12-21 07:21:41,Cancelled,1410.23
2012,6864,494,Mutton Curry,2023-02-27 07:21:41,Preparing,736.93
2013,3795,195,Biryani,2023-10-22 07:21:41,Delivered,322.63
2014,2354,243,Dosa,2024-10-02 07:21:41,Cancelled,656.03
2015,2612,164,Mutton Curry,2024-06-06 07:21:41,Preparing,215.44
2016,4338,16,Samosa,2022-05-03 07:21:41,Cancelled,165.61
2017,7474,391,Biryani,2025-01-18 07:21:41,Preparing,1019.91
2018,4292,135,Biryani,2023-02-11 07:21:41,Delivered,1116.17
2019,7063,87,Dal Makhani,2023-06-24 07:21:41,Cancelled,892.94
2020,1236,22,Rogan Josh,2023-06-14 07:21:41,Preparing,881.44
2021,4259,181,Paneer Tikka,2023-11-22 07:21:41,Delivered,511.16
2022,7720,498,Biryani,2023-04-04 07:21:41,Cancelled,403.16
2023,1667,415,Mutton Curry,2024-11-07 07:21:41,Cancelled,1307.81
2024,845,442,Chole Bhature,2023-11-23 07:21:41,Cancelled,1327.84
2025,4707,347,Paneer Tikka,2022-09-06 07:21:41,Delivered,1209.25
2026,6025,139,Rogan Josh,2024-01-07 07:21:41,Preparing,686.29
2027,306,385,Mutton Curry,2025-02-21 07:21:41,Delivered,1433.98
2028,1325,460,Chole Bhature,2023-03-20 07:21:41,Preparing,1294.63
2029,9561,229,Dal Makhani,2023-12-08 07:21:41,Delivered,166.68
2030,5339,430,Rogan Josh,2022-11-20 07:21:41,Preparing,111.21
2031,9135,217,Rogan Josh,2024-09-18 07:21:41,Cancelled,235.31
2032,9352,472,Samosa,2023-01-16 07:21:41,Preparing,391.92
2033,6781,211,Rogan Josh,2023-08-12 07:21:41,Cancelled,1388.24
2034,4023,62,Mutton Curry,2023-05-18 07:21:41,Delivered,139.98
2035,4522,114,Dosa,2023-04-20 07:21:41,Delivered,1118.84
2036,449,58,Rogan Josh,2023-03-14 07:21:41,Cancelled,373.92
2037,5239,100,Dal Makhani,2022-12-17 07:21:41,Preparing,330.73
2038,9437,449,Butter Chicken,2024-06-03 07:21:41,Delivered,1473.49
2039,1380,158,Chole Bhature,2024-01-13 07:21:41,Delivered,524.42
2040,1545,59,Mutton Curry,2024-01-08 07:21:41,Cancelled,1007.49
2041,8944,23,Chole Bhature,2023-04-17 07:21:41,Cancelled,1351.98
2042,9965,266,Mutton Curry,2024-08-21 07:21:41,Delivered,1402.6
2043,921,468,Biryani,2024-05-18 07:21:41,Cancelled,885.35
2044,5040,423,Biryani,2024-08-06 07:21:41,Delivered,740.96
2045,2005,412,Pani Puri,2022-12-22 07:21:41,Cancelled,1301.76
2046,2163,445,Chole Bhature,2024-12-09 07:21:41,Cancelled,886.23
2047,3214,153,Rogan Josh,2022-03-17 07:21:41,Preparing,1192.87
2048,9618,457,Biryani,2022-11-21 07:21:41,Preparing,1310.12
2049,4559,129,Paneer Tikka,2024-04-09 07:21:41,Cancelled,130.27
2050,882,94,Biryani,2022-06-17 07:21:41,Cancelled,766.63
2051,5542,11,Rogan Josh,2023-08-13 07:21:41,Delivered,686.51
2052,9436,31,Pani Puri,2024-10-26 07:21:41,Cancelled,659.5
2053,3249,254,Rogan Josh,2022-04-12 07:21:41,Cancelled,810.8
2054,2632,401,Paneer Tikka,2023-04-08 07:21:41,Cancelled,1289.98
2055,4854,211,Dosa,2023-09-29 07:21:41,Delivered,268.59
2056,9584,218,Pani Puri,2022-12-28 07:21:41,Delivered,914.88
2057,3306,391,Paneer Tikka,2023-06-03 07:21:41,Preparing,1392.58
2058,3106,349,Mutton Curry,2022-04-22 07:21:41,Preparing,544.65
2059,5124,208,Chole Bhature,2023-09-17 07:21:41,Preparing,113.03
2060,5341,1,Biryani,2024-11-20 07:21:41,Delivered,985.29
2061,65,446,Samosa,2022-08-18 07:21:41,Delivered,1414.46
2062,8,473,Dosa,2025-03-01 07:21:41,Delivered,312.72
2063,3191,116,Biryani,2023-01-01 07:21:41,Preparing,1099.86
2064,9607,221,Rogan Josh,2024-06-24 07:21:41,Cancelled,1226.44
2065,5564,279,Biryani,2023-03-03 07:21:41,Preparing,435.46
2066,748,428,Samosa,2022-06-04 07:21:41,Cancelled,1468.72
2067,1393,185,Pani Puri,2023-02-13 07:21:41,Preparing,295.65
2068,2453,60,Dal Makhani,2024-09-15 07:21:41,Cancelled,868.77
2069,9919,127,Rogan Josh,2022-09-15 07:21:41,Delivered,1411.44
2070,604,338,Dosa,2024-03-06 07:21:41,Delivered,1491.28
2071,4199,15,Dosa,2022-08-31 07:21:41,Cancelled,1373.53
2072,1406,379,Pani Puri,2024-05-01 07:21:41,Preparing,627.74
2073,6852,312,Mutton Curry,2023-01-21 07:21:41,Delivered,679.43
2074,774,30,Biryani,2023-11-08 07:21:41,Delivered,811.88
2075,7195,376,Dal Makhani,2022-04-27 07:21:41,Cancelled,262.48
2076,2619,1,Rogan Josh,2024-03-31 07:21:41,Preparing,803.55
2077,3449,243,Biryani,2023-12-30 07:21:41,Delivered,515.14
2078,9863,481,Dal Makhani,2024-09-12 07:21:41,Delivered,430.07
2079,9762,381,Butter Chicken,2024-11-28 07:21:41,Cancelled,483.33
2080,2160,426,Pani Puri,2024-08-08 07:21:41,Delivered,840.04
2081,4936,304,Chole Bhature,2024-02-20 07:21:41,Preparing,864.67
2082,1221,166,Mutton Curry,2023-08-21 07:21:41,Delivered,1334.61
2083,1997,40,Dal Makhani,2023-09-20 07:21:41,Cancelled,1224.01
2084,9442,264,Rogan Josh,2023-01-20 07:21:41,Delivered,1127.64
2085,7405,70,Dosa,2023-12-18 07:21:41,Cancelled,115.77
2086,9533,445,Butter Chicken,2022-09-11 07:21:41,Delivered,939.66
2087,6109,276,Pani Puri,2024-11-16 07:21:41,Cancelled,282.31
2088,6023,71,Biryani,2024-08-15 07:21:41,Preparing,1001.09
2089,3800,98,Mutton Curry,2024-11-10 07:21:41,Delivered,1323.66
2090,2867,357,Mutton Curry,2022-11-01 07:21:41,Delivered,872.52
2091,6471,443,Paneer Tikka,2024-01-22 07:21:41,Preparing,889.69
2092,2555,404,Dal Makhani,2024-07-05 07:21:41,Cancelled,970.88
2093,5346,157,Biryani,2023-05-06 07:21:41,Delivered,644.02
2094,4862,184,Rogan Josh,2024-03-16 07:21:41,Cancelled,179.91
2095,7398,265,Paneer Tikka,2024-08-19 07:21:41,Cancelled,160.49
2096,6445,252,Chole Bhature,2022-08-24 07:21:41,Cancelled,116.66
2097,1903,50,Samosa,2024-08-14 07:21:41,Preparing,649.12
2098,3354,49,Paneer Tikka,2022-06-21 07:21:41,Delivered,327.59
2099,2163,93,Biryani,2024-02-28 07:21:41,Delivered,918.55
2100,4035,291,Paneer Tikka,2024-01-26 07:21:41,Delivered,998.36
2101,840,334,Biryani,2024-03-07 07:21:41,Preparing,702.94
2102,6676,425,Samosa,2023-12-29 07:21:41,Preparing,238.45
2103,4161,114,Dal Makhani,2022-04-14 07:21:41,Cancelled,1195.16
2104,9558,215,Dosa,2023-07-22 07:21:41,Cancelled,894.45
2105,8570,236,Dosa,2024-07-28 07:21:41,Preparing,689.78
2106,105,53,Rogan Josh,2024-02-24 07:21:41,Delivered,234.58
2107,4373,410,Dal Makhani,2023-09-30 07:21:41,Delivered,693.29
2108,998,278,Mutton Curry,2023-03-04 07:21:41,Preparing,1341.35
2109,6817,220,Chole Bhature,2024-01-17 07:21:41,Delivered,1157.59
2110,9336,126,Biryani,2024-09-18 07:21:41,Delivered,920.81
2111,2657,384,Rogan Josh,2024-08-02 07:21:41,Delivered,702.31
2112,5565,413,Paneer Tikka,2025-01-24 07:21:41,Cancelled,1268.87
2113,5657,161,Biryani,2024-12-12 07:21:41,Delivered,1289.6
2114,3426,458,Pani Puri,2022-11-10 07:21:41,Delivered,600.0
2115,9547,248,Dal Makhani,2024-02-24 07:21:41,Preparing,904.11
2116,7104,204,Butter Chicken,2022-12-08 07:21:41,Delivered,677.3
2117,6187,356,Paneer Tikka,2023-03-23 07:21:41,Delivered,712.1
2118,4201,479,Chole Bhature,2024-07-16 07:21:41,Cancelled,526.64
2119,1919,222,Chole Bhature,2024-04-28 07:21:41,Delivered,730.96
2120,7621,43,Paneer Tikka,2022-07-30 07:21:41,Delivered,1199.62
2121,2619,250,Butter Chicken,2022-10-22 07:21:41,Delivered,878.29
2122,6634,48,Samosa,2024-12-21 07:21:41,Preparing,514.74
2123,4056,282,Dosa,2022-06-18 07:21:41,Delivered,1477.56
2124,6927,193,Butter Chicken,2023-04-17 07:21:41,Preparing,1008.24
2125,7802,113,Samosa,2023-02-25 07:21:41,Delivered,470.96
2126,8194,98,Mutton Curry,2023-08-27 07:21:41,Delivered,115.81
2127,2276,318,Dosa,2022-08-13 07:21:41,Preparing,267.94
2128,6467,377,Pani Puri,2023-12-16 07:21:41,Cancelled,185.91
2129,673,340,Biryani,2022-06-17 07:21:41,Delivered,416.97
2130,4001,333,Rogan Josh,2023-06-29 07:21:41,Cancelled,824.15
2131,6319,188,Mutton Curry,2024-06-29 07:21:41,Cancelled,1475.02
2132,1250,224,Pani Puri,2024-02-11 07:21:41,Preparing,1468.72
2133,266,176,Rogan Josh,2022-10-13 07:21:41,Cancelled,1434.58
2134,8697,165,Biryani,2022-03-26 07:21:41,Cancelled,195.94
2135,2279,35,Butter Chicken,2023-04-10 07:21:41,Delivered,791.47
2136,7191,111,Rogan Josh,2024-02-21 07:21:41,Delivered,1057.8
2137,4423,21,Paneer Tikka,2024-05-15 07:21:41,Cancelled,856.58
2138,3861,347,Dosa,2023-01-31 07:21:41,Delivered,846.96
2139,8361,226,Pani Puri,2024-06-02 07:21:41,Preparing,145.46
2140,7397,471,Rogan Josh,2022-07-15 07:21:41,Delivered,1441.63
2141,552,239,Butter Chicken,2022-03-26 07:21:41,Cancelled,536.67
2142,2890,186,Samosa,2023-10-14 07:21:41,Preparing,601.91
2143,9214,9,Samosa,2024-06-07 07:21:41,Delivered,1401.01
2144,124,222,Butter Chicken,2022-08-10 07:21:41,Preparing,1111.04
2145,1140,426,Chole Bhature,2022-09-20 07:21:41,Preparing,1014.28
2146,5510,258,Mutton Curry,2023-08-12 07:21:41,Delivered,868.09
2147,9101,491,Rogan Josh,2022-10-27 07:21:41,Cancelled,603.35
2148,2112,100,Samosa,2024-10-01 07:21:41,Cancelled,224.18
2149,7463,18,Dosa,2024-12-07 07:21:41,Cancelled,1010.14
2150,5536,253,Butter Chicken,2024-07-20 07:21:41,Cancelled,124.53
2151,1950,80,Rogan Josh,2024-09-17 07:21:41,Delivered,438.22
2152,7233,162,Biryani,2023-11-18 07:21:41,Cancelled,136.56
2153,8660,283,Biryani,2024-08-12 07:21:41,Delivered,114.49
2154,7988,436,Butter Chicken,2024-07-29 07:21:41,Cancelled,1391.07
2155,9099,215,Paneer Tikka,2023-02-26 07:21:41,Preparing,1489.08
2156,6145,298,Samosa,2025-02-02 07:21:41,Preparing,304.61
2157,5447,132,Butter Chicken,2024-03-30 07:21:41,Cancelled,406.35
2158,7460,278,Dosa,2024-05-17 07:21:41,Delivered,934.33
2159,8703,479,Paneer Tikka,2025-03-05 07:21:41,Preparing,1018.38
2160,9171,488,Paneer Tikka,2024-10-21 07:21:41,Cancelled,253.24
2161,2891,72,Biryani,2024-01-27 07:21:41,Cancelled,1288.56
2162,3091,42,Biryani,2022-06-25 07:21:41,Delivered,184.03
2163,4915,59,Paneer Tikka,2022-08-06 07:21:41,Preparing,802.3
2164,3436,142,Pani Puri,2022-10-07 07:21:41,Preparing,501.8
2165,5470,308,Biryani,2022-12-19 07:21:41,Cancelled,195.8
2166,4810,478,Paneer Tikka,2022-06-03 07:21:41,Cancelled,866.0
2167,2865,170,Dal Makhani,2022-12-31 07:21:41,Cancelled,1119.3
2168,2251,346,Butter Chicken,2022-05-04 07:21:41,Delivered,1197.39
2169,8099,474,Pani Puri,2023-10-05 07:21:41,Delivered,278.11
2170,93,469,Chole Bhature,2022-09-17 07:21:41,Cancelled,806.74
2171,1374,462,Pani Puri,2024-11-09 07:21:41,Cancelled,902.92
2172,7948,330,Biryani,2025-02-16 07:21:41,Preparing,839.04
2173,1351,128,Dosa,2023-12-02 07:21:41,Delivered,1452.06
2174,8337,4,Pani Puri,2023-07-27 07:21:41,Preparing,931.27
2175,8890,474,Chole Bhature,2024-11-24 07:21:41,Preparing,235.68
2176,4095,158,Samosa,2023-07-13 07:21:41,Preparing,1368.47
2177,4286,230,Rogan Josh,2023-03-19 07:21:41,Delivered,182.69
2178,5079,418,Paneer Tikka,2023-10-02 07:21:41,Delivered,276.25
2179,3277,73,Rogan Josh,2023-12-30 07:21:41,Cancelled,464.17
2180,3979,15,Samosa,2022-04-06 07:21:41,Preparing,939.16
2181,8158,6,Samosa,2023-10-15 07:21:41,Cancelled,1038.79
2182,368,337,Pani Puri,2022-06-09 07:21:41,Cancelled,843.27
2183,4907,169,Paneer Tikka,2024-01-04 07:21:41,Preparing,592.69
2184,7325,186,Butter Chicken,2023-01-24 07:21:41,Preparing,698.23
2185,4827,277,Samosa,2023-04-29 07:21:41,Delivered,1382.78
2186,7884,211,Mutton Curry,2022-11-28 07:21:41,Delivered,1396.76
2187,754,89,Dosa,2022-03-08 07:21:41,Preparing,1498.46
2188,1432,77,Pani Puri,2024-01-02 07:21:41,Preparing,751.78
2189,5184,159,Paneer Tikka,2023-08-17 07:21:41,Cancelled,604.96
2190,6209,216,Pani Puri,2025-01-22 07:21:41,Preparing,901.13
2191,5879,340,Dosa,2023-02-26 07:21:41,Delivered,1332.75
2192,6908,414,Dosa,2024-07-01 07:21:41,Delivered,478.14
2193,9006,389,Butter Chicken,2024-09-24 07:21:41,Cancelled,1263.68
2194,9301,212,Chole Bhature,2022-03-13 07:21:41,Cancelled,1087.96
2195,9982,259,Samosa,2022-06-29 07:21:41,Cancelled,694.25
2196,6461,152,Dosa,2022-10-12 07:21:41,Cancelled,629.74
2197,901,273,Mutton Curry,2024-01-03 07:21:41,Delivered,1453.69
2198,1571,162,Biryani,2024-09-11 07:21:41,Preparing,1412.3
2199,5140,69,Pani Puri,2022-06-16 07:21:41,Preparing,451.74
2200,2186,235,Pani Puri,2023-04-18 07:21:41,Delivered,922.27
2201,5668,130,Dosa,2022-08-26 07:21:41,Cancelled,345.22
2202,5337,425,Samosa,2025-02-24 07:21:41,Delivered,703.74
2203,7178,421,Rogan Josh,2024-09-20 07:21:41,Cancelled,1487.72
2204,7853,195,Rogan Josh,2022-04-19 07:21:41,Cancelled,354.32
2205,3537,417,Dal Makhani,2024-11-06 07:21:41,Delivered,366.07
2206,5332,277,Dal Makhani,2025-01-14 07:21:41,Preparing,1267.84
2207,4746,298,Samosa,2022-04-23 07:21:41,Preparing,307.19
2208,6753,54,Mutton Curry,2024-01-19 07:21:41,Cancelled,433.99
2209,9211,397,Dal Makhani,2022-06-27 07:21:41,Delivered,1121.01
2210,8927,438,Chole Bhature,2023-09-04 07:21:41,Preparing,520.18
2211,5439,356,Samosa,2023-11-20 07:21:41,Delivered,114.94
2212,696,250,Pani Puri,2023-08-02 07:21:41,Cancelled,1417.96
2213,543,84,Dal Makhani,2023-06-07 07:21:41,Delivered,310.2
2214,8843,324,Dosa,2023-07-19 07:21:41,Cancelled,897.75
2215,2736,205,Biryani,2025-02-28 07:21:41,Cancelled,707.01
2216,7668,289,Samosa,2022-12-01 07:21:41,Delivered,694.52
2217,5763,31,Chole Bhature,2024-01-29 07:21:41,Cancelled,1207.84
2218,9130,457,Samosa,2022-07-25 07:21:41,Delivered,215.1
2219,1297,71,Paneer Tikka,2023-09-21 07:21:41,Preparing,1204.7
2220,751,321,Biryani,2023-01-07 07:21:41,Delivered,230.65
2221,1682,462,Chole Bhature,2023-02-09 07:21:41,Preparing,938.41
2222,495,59,Samosa,2025-01-22 07:21:41,Delivered,707.64
2223,4258,257,Rogan Josh,2024-03-17 07:21:41,Cancelled,832.65
2224,208,41,Pani Puri,2024-10-18 07:21:41,Cancelled,1489.98
2225,8336,428,Dosa,2024-10-08 07:21:41,Cancelled,1155.77
2226,5793,477,Mutton Curry,2022-09-07 07:21:41,Preparing,409.83
2227,8203,110,Samosa,2022-09-12 07:21:41,Cancelled,1130.99
2228,4042,484,Samosa,2023-06-12 07:21:41,Cancelled,948.34
2229,3653,443,Butter Chicken,2023-04-20 07:21:41,Delivered,1156.84
2230,6152,431,Rogan Josh,2022-10-10 07:21:41,Cancelled,787.7
2231,8010,216,Dal Makhani,2023-12-21 07:21:41,Delivered,1462.95
2232,2102,323,Biryani,2023-01-21 07:21:41,Delivered,943.28
2233,1039,130,Pani Puri,2022-07-20 07:21:41,Delivered,353.69
2234,3515,350,Biryani,2023-10-17 07:21:41,Delivered,634.81
2235,7605,177,Butter Chicken,2022-10-03 07:21:41,Preparing,200.63
2236,4249,122,Pani Puri,2024-06-09 07:21:41,Cancelled,1017.74
2237,7774,189,Dal Makhani,2022-06-08 07:21:41,Delivered,362.21
2238,8637,338,Rogan Josh,2023-10-29 07:21:41,Cancelled,1149.07
2239,5047,243,Rogan Josh,2023-07-02 07:21:41,Preparing,696.61
2240,5685,256,Dosa,2022-10-14 07:21:41,Cancelled,1182.16
2241,6944,159,Rogan Josh,2023-03-16 07:21:41,Cancelled,194.7
2242,152,30,Samosa,2022-07-22 07:21:41,Preparing,953.22
2243,6690,470,Chole Bhature,2024-04-23 07:21:41,Cancelled,983.71
2244,8564,450,Biryani,2024-10-02 07:21:41,Delivered,1093.42
2245,7532,155,Pani Puri,2023-05-15 07:21:41,Preparing,608.62
2246,5188,295,Dal Makhani,2022-08-17 07:21:41,Preparing,1102.97
2247,4190,31,Butter Chicken,2023-10-23 07:21:41,Delivered,359.92
2248,6799,2,Rogan Josh,2022-12-16 07:21:41,Cancelled,624.19
2249,6600,321,Butter Chicken,2022-09-25 07:21:41,Delivered,801.32
2250,9993,249,Samosa,2024-10-09 07:21:41,Preparing,1495.72
2251,5015,188,Pani Puri,2023-09-21 07:21:41,Preparing,1057.67
2252,3785,80,Rogan Josh,2023-08-04 07:21:41,Preparing,1406.08
2253,3021,30,Paneer Tikka,2022-12-11 07:21:41,Delivered,1224.24
2254,3172,470,Butter Chicken,2023-11-26 07:21:41,Delivered,570.78
2255,7397,420,Butter Chicken,2022-05-06 07:21:41,Delivered,602.24
2256,1964,179,Butter Chicken,2023-06-19 07:21:41,Cancelled,483.25
2257,8647,270,Chole Bhature,2024-11-24 07:21:41,Delivered,921.88
2258,325,241,Chole Bhature,2022-05-11 07:21:41,Preparing,1367.37
2259,7079,236,Dal Makhani,2022-04-26 07:21:41,Cancelled,1151.18
2260,3911,496,Chole Bhature,2022-09-19 07:21:41,Delivered,1471.44
2261,5061,108,Paneer Tikka,2023-03-27 07:21:41,Preparing,468.89
2262,5624,148,Dal Makhani,2022-11-21 07:21:41,Delivered,700.98
2263,1200,135,Rogan Josh,2023-07-23 07:21:41,Delivered,703.48
2264,1807,250,Samosa,2024-03-02 07:21:41,Preparing,611.44
2265,1794,359,Pani Puri,2024-11-01 07:21:41,Delivered,162.66
2266,2734,500,Mutton Curry,2024-10-13 07:21:41,Cancelled,684.12
2267,9566,166,Mutton Curry,2022-08-05 07:21:41,Cancelled,743.55
2268,1110,22,Dal Makhani,2023-04-14 07:21:41,Preparing,155.3
2269,9610,75,Paneer Tikka,2024-06-06 07:21:41,Preparing,205.95
2270,3295,80,Dosa,2024-03-10 07:21:41,Delivered,1327.94
2271,8314,115,Biryani,2024-10-15 07:21:41,Cancelled,225.2
2272,6347,385,Samosa,2022-11-08 07:21:41,Delivered,659.11
2273,9255,352,Paneer Tikka,2024-04-07 07:21:41,Cancelled,222.91
2274,68,357,Dosa,2024-02-16 07:21:41,Cancelled,669.67
2275,8036,232,Rogan Josh,2024-11-15 07:21:41,Preparing,989.83
2276,211,105,Rogan Josh,2023-10-15 07:21:41,Cancelled,447.27
2277,3422,400,Dosa,2024-01-09 07:21:41,Preparing,352.65
2278,7275,252,Butter Chicken,2022-04-08 07:21:41,Delivered,859.67
2279,8208,282,Pani Puri,2022-10-04 07:21:41,Delivered,193.91
2280,8738,370,Mutton Curry,2023-08-20 07:21:41,Preparing,300.13
2281,9576,36,Paneer Tikka,2024-12-13 07:21:41,Delivered,1334.11
2282,81,59,Mutton Curry,2024-01-27 07:21:41,Cancelled,1036.52
2283,9767,260,Chole Bhature,2023-12-28 07:21:41,Preparing,499.36
2284,6409,380,Dal Makhani,2024-12-04 07:21:41,Preparing,617.57
2285,1912,181,Butter Chicken,2023-05-25 07:21:41,Preparing,392.57
2286,3722,381,Biryani,2023-09-02 07:21:41,Delivered,1255.02
2287,3152,401,Dal Makhani,2024-04-28 07:21:41,Delivered,251.61
2288,2398,115,Samosa,2023-06-19 07:21:41,Preparing,1171.63
2289,6170,104,Chole Bhature,2024-05-09 07:21:41,Delivered,604.39
2290,857,197,Paneer Tikka,2023-03-23 07:21:41,Cancelled,930.42
2291,8916,317,Samosa,2024-11-01 07:21:41,Preparing,880.69
2292,89,162,Biryani,2023-08-27 07:21:41,Cancelled,621.11
2293,6923,489,Dal Makhani,2023-12-18 07:21:41,Delivered,989.15
2294,9332,337,Chole Bhature,2023-10-08 07:21:41,Cancelled,103.38
2295,8025,166,Butter Chicken,2024-10-03 07:21:41,Cancelled,324.43
2296,5613,336,Mutton Curry,2022-04-15 07:21:41,Cancelled,253.04
2297,7243,162,Dosa,2023-10-17 07:21:41,Delivered,526.18
2298,717,470,Mutton Curry,2024-04-13 07:21:41,Preparing,894.08
2299,5835,198,Paneer Tikka,2022-08-07 07:21:41,Cancelled,1096.38
2300,1359,165,Paneer Tikka,2024-01-22 07:21:41,Delivered,917.81
2301,8880,477,Pani Puri,2024-03-25 07:21:41,Delivered,122.88
2302,2356,34,Dal Makhani,2022-04-27 07:21:41,Delivered,515.87
2303,7425,259,Chole Bhature,2024-04-13 07:21:41,Delivered,1094.22
2304,4969,65,Paneer Tikka,2024-05-23 07:21:41,Preparing,258.42
2305,2435,260,Dosa,2024-07-10 07:21:41,Cancelled,1324.82
2306,7536,69,Samosa,2023-07-30 07:21:41,Delivered,812.61
2307,8498,362,Dosa,2024-01-25 07:21:41,Preparing,772.34
2308,5972,453,Pani Puri,2023-01-11 07:21:41,Preparing,548.82
2309,1837,430,Pani Puri,2024-08-01 07:21:41,Cancelled,1092.24
2310,7754,54,Butter Chicken,2023-08-04 07:21:41,Delivered,139.03
2311,478,328,Paneer Tikka,2022-09-08 07:21:41,Cancelled,1075.42
2312,7481,296,Chole Bhature,2023-03-01 07:21:41,Preparing,848.3
2313,9060,271,Dosa,2024-12-31 07:21:41,Delivered,607.79
2314,5594,313,Mutton Curry,2022-11-04 07:21:41,Preparing,173.58
2315,5914,347,Dosa,2022-10-25 07:21:41,Cancelled,1034.63
2316,4992,356,Dosa,2022-05-21 07:21:41,Preparing,445.76
2317,8778,467,Rogan Josh,2023-02-13 07:21:41,Cancelled,493.99
2318,4899,100,Dosa,2022-08-27 07:21:41,Cancelled,1035.92
2319,1844,257,Mutton Curry,2023-12-14 07:21:41,Preparing,1294.73
2320,6527,116,Rogan Josh,2022-10-30 07:21:41,Preparing,371.17
2321,7476,386,Pani Puri,2023-01-17 07:21:41,Cancelled,987.35
2322,1026,93,Biryani,2024-08-09 07:21:41,Preparing,620.8
2323,5893,378,Dosa,2024-05-26 07:21:41,Preparing,1102.71
2324,2741,364,Paneer Tikka,2023-12-16 07:21:41,Preparing,165.21
2325,3571,311,Rogan Josh,2024-04-18 07:21:41,Delivered,1126.72
2326,3039,487,Rogan Josh,2023-12-02 07:21:41,Delivered,207.27
2327,1748,220,Mutton Curry,2023-09-15 07:21:41,Preparing,1473.49
2328,246,293,Biryani,2023-05-01 07:21:41,Delivered,500.93
2329,9802,282,Chole Bhature,2024-03-21 07:21:41,Delivered,603.06
2330,8629,64,Biryani,2024-11-07 07:21:41,Delivered,1251.89
2331,1127,161,Mutton Curry,2022-06-12 07:21:41,Preparing,1212.08
2332,9441,240,Biryani,2025-02-23 07:21:41,Delivered,1290.1
2333,1243,275,Pani Puri,2024-03-23 07:21:41,Cancelled,1268.51
2334,58,342,Rogan Josh,2023-06-14 07:21:41,Preparing,584.03
2335,5111,381,Paneer Tikka,2022-12-31 07:21:41,Preparing,272.59
2336,5519,136,Paneer Tikka,2023-02-20 07:21:41,Cancelled,149.38
2337,8807,370,Chole Bhature,2022-07-13 07:21:41,Cancelled,552.02
2338,5628,434,Chole Bhature,2022-06-06 07:21:41,Delivered,555.22
2339,8188,96,Dal Makhani,2022-10-17 07:21:41,Preparing,878.72
2340,787,493,Mutton Curry,2022-06-27 07:21:41,Cancelled,865.51
2341,7879,205,Mutton Curry,2023-12-29 07:21:41,Delivered,889.07
2342,604,218,Pani Puri,2024-04-15 07:21:41,Preparing,1303.86
2343,2718,140,Paneer Tikka,2024-11-04 07:21:41,Delivered,893.09
2344,5402,173,Paneer Tikka,2024-05-19 07:21:41,Cancelled,548.52
2345,6896,474,Pani Puri,2024-08-17 07:21:41,Cancelled,1097.02
2346,5075,113,Samosa,2023-02-14 07:21:41,Cancelled,1057.0
2347,3718,458,Chole Bhature,2023-02-20 07:21:41,Preparing,219.56
2348,2328,339,Butter Chicken,2023-11-02 07:21:41,Cancelled,1282.75
2349,3130,292,Dal Makhani,2024-04-16 07:21:41,Delivered,687.46
2350,2082,472,Paneer Tikka,2023-07-27 07:21:41,Preparing,1213.42
2351,7271,404,Dosa,2024-01-10 07:21:41,Delivered,1246.31
2352,2589,222,Dosa,2023-07-10 07:21:41,Preparing,1475.65
2353,4605,92,Dal Makhani,2023-06-30 07:21:41,Preparing,203.15
2354,9215,307,Samosa,2023-03-04 07:21:41,Preparing,645.89
2355,6783,216,Dal Makhani,2024-12-31 07:21:41,Delivered,1472.59
2356,3916,485,Samosa,2023-05-02 07:21:41,Preparing,563.42
2357,9248,430,Paneer Tikka,2023-02-25 07:21:41,Delivered,909.49
2358,1076,472,Mutton Curry,2024-06-29 07:21:41,Cancelled,469.68
2359,5845,86,Rogan Josh,2024-12-19 07:21:41,Cancelled,887.15
2360,2392,38,Dosa,2023-12-29 07:21:41,Delivered,377.36
2361,3798,112,Rogan Josh,2023-02-02 07:21:41,Delivered,959.96
2362,3388,302,Butter Chicken,2022-10-23 07:21:41,Preparing,151.07
2363,4846,241,Dosa,2022-05-01 07:21:41,Preparing,292.3
2364,1561,240,Butter Chicken,2023-10-22 07:21:41,Cancelled,1022.39
2365,681,190,Chole Bhature,2023-06-04 07:21:41,Cancelled,577.92
2366,2560,252,Samosa,2024-01-29 07:21:41,Delivered,418.7
2367,1691,158,Pani Puri,2024-09-18 07:21:41,Cancelled,341.62
2368,6883,422,Samosa,2024-12-27 07:21:41,Cancelled,642.82
2369,7741,202,Mutton Curry,2022-04-28 07:21:41,Delivered,1138.51
2370,5857,128,Pani Puri,2023-05-11 07:21:41,Cancelled,112.61
2371,9385,273,Butter Chicken,2024-04-06 07:21:41,Preparing,490.29
2372,541,219,Pani Puri,2023-09-22 07:21:41,Delivered,217.49
2373,2228,39,Biryani,2022-04-16 07:21:41,Preparing,762.06
2374,5731,198,Paneer Tikka,2023-04-19 07:21:41,Delivered,1223.56
2375,140,377,Biryani,2024-09-11 07:21:41,Delivered,1339.69
2376,3006,400,Butter Chicken,2022-06-24 07:21:41,Delivered,136.78
2377,213,239,Rogan Josh,2022-05-20 07:21:41,Cancelled,791.95
2378,6795,130,Paneer Tikka,2022-07-07 07:21:41,Cancelled,555.34
2379,7670,352,Rogan Josh,2024-08-11 07:21:41,Cancelled,350.77
2380,4415,340,Rogan Josh,2023-06-26 07:21:41,Preparing,636.56
2381,4835,330,Pani Puri,2023-05-01 07:21:41,Cancelled,592.19
2382,4086,463,Paneer Tikka,2024-07-03 07:21:41,Preparing,1047.49
2383,143,297,Dosa,2024-07-19 07:21:41,Cancelled,159.08
2384,4174,270,Rogan Josh,2024-11-19 07:21:41,Delivered,1090.23
2385,5702,51,Rogan Josh,2023-05-08 07:21:41,Preparing,539.38
2386,6302,341,Dal Makhani,2023-01-03 07:21:41,Delivered,155.6
2387,3542,329,Paneer Tikka,2023-03-30 07:21:41,Preparing,1265.43
2388,7530,303,Dosa,2022-06-17 07:21:41,Delivered,598.41
2389,532,382,Pani Puri,2023-12-08 07:21:41,Cancelled,103.23
2390,2310,489,Biryani,2024-01-03 07:21:41,Delivered,392.89
2391,5881,76,Mutton Curry,2023-05-26 07:21:41,Cancelled,151.7
2392,9737,376,Samosa,2024-08-04 07:21:41,Cancelled,711.18
2393,1277,175,Paneer Tikka,2023-11-06 07:21:41,Cancelled,512.84
2394,7978,106,Biryani,2024-02-07 07:21:41,Delivered,880.54
2395,1582,327,Rogan Josh,2024-01-15 07:21:41,Preparing,861.47
2396,4588,98,Pani Puri,2023-08-13 07:21:41,Preparing,1498.19
2397,9289,155,Pani Puri,2024-07-30 07:21:41,Preparing,378.98
2398,5146,211,Mutton Curry,2022-08-23 07:21:41,Preparing,859.45
2399,3732,367,Dosa,2025-01-13 07:21:41,Cancelled,1122.66
2400,3837,294,Samosa,2022-08-24 07:21:41,Preparing,1043.46
2401,5597,440,Dal Makhani,2023-06-29 07:21:41,Delivered,1048.51
2402,3737,408,Pani Puri,2023-10-21 07:21:41,Cancelled,355.9
2403,3603,277,Dosa,2024-10-07 07:21:41,Delivered,803.26
2404,5941,488,Samosa,2024-09-28 07:21:41,Preparing,1147.48
2405,915,350,Chole Bhature,2023-02-14 07:21:41,Cancelled,1325.25
2406,3299,400,Butter Chicken,2022-07-12 07:21:41,Cancelled,1227.14
2407,705,339,Chole Bhature,2022-12-29 07:21:41,Cancelled,804.33
2408,2552,357,Dosa,2024-05-09 07:21:41,Preparing,1051.24
2409,2070,290,Dosa,2022-11-09 07:21:41,Delivered,1236.42
2410,3402,470,Dosa,2024-05-10 07:21:41,Cancelled,918.76
2411,9063,449,Rogan Josh,2024-02-04 07:21:41,Preparing,1055.13
2412,194,115,Biryani,2023-12-08 07:21:41,Preparing,642.11
2413,7643,281,Chole Bhature,2024-07-15 07:21:41,Delivered,706.28
2414,4358,187,Samosa,2024-04-24 07:21:41,Preparing,468.34
2415,6405,428,Dal Makhani,2022-05-25 07:21:41,Cancelled,1018.75
2416,6982,398,Biryani,2022-12-08 07:21:41,Cancelled,1274.95
2417,7437,442,Paneer Tikka,2023-12-08 07:21:41,Delivered,1393.99
2418,2716,38,Dosa,2024-03-09 07:21:41,Cancelled,972.84
2419,5845,402,Biryani,2022-05-05 07:21:41,Delivered,281.7
2420,1939,411,Paneer Tikka,2023-04-24 07:21:41,Cancelled,1172.89
2421,7029,367,Biryani,2023-09-29 07:21:41,Cancelled,1378.32
2422,9625,166,Pani Puri,2022-12-16 07:21:41,Delivered,135.56
2423,8552,117,Pani Puri,2022-03-28 07:21:41,Preparing,1215.61
2424,8657,6,Dosa,2022-10-01 07:21:41,Delivered,1122.94
2425,9862,327,Mutton Curry,2024-07-16 07:21:41,Delivered,1288.27
2426,7844,255,Paneer Tikka,2023-08-18 07:21:41,Delivered,1189.82
2427,5820,199,Dal Makhani,2022-10-10 07:21:41,Preparing,915.99
2428,7956,378,Dosa,2024-03-16 07:21:41,Preparing,1289.07
2429,5495,339,Paneer Tikka,2022-06-22 07:21:41,Cancelled,154.51
2430,5503,297,Biryani,2023-04-02 07:21:41,Delivered,374.36
2431,6754,325,Dal Makhani,2023-07-07 07:21:41,Delivered,1084.06
2432,8409,247,Butter Chicken,2024-07-04 07:21:41,Preparing,903.48
2433,8495,456,Dosa,2022-07-27 07:21:41,Delivered,475.05
2434,4966,92,Dal Makhani,2024-07-25 07:21:41,Delivered,200.94
2435,4102,324,Biryani,2022-08-04 07:21:41,Cancelled,1339.78
2436,4979,250,Dal Makhani,2024-12-23 07:21:41,Preparing,771.72
2437,4767,143,Dal Makhani,2023-07-26 07:21:41,Preparing,1034.23
2438,3906,441,Butter Chicken,2023-03-04 07:21:41,Preparing,945.63
2439,7088,154,Paneer Tikka,2023-12-28 07:21:41,Preparing,100.48
2440,5947,280,Dosa,2022-04-02 07:21:41,Delivered,364.34
2441,4386,190,Mutton Curry,2022-12-14 07:21:41,Delivered,1271.65
2442,2383,444,Paneer Tikka,2024-08-26 07:21:41,Preparing,570.43
2443,2519,46,Dal Makhani,2023-03-17 07:21:41,Preparing,849.89
2444,325,102,Paneer Tikka,2023-07-29 07:21:41,Delivered,1438.92
2445,8009,482,Dosa,2025-03-05 07:21:41,Preparing,948.54
2446,2118,256,Samosa,2023-10-24 07:21:41,Delivered,796.04
2447,4601,241,Paneer Tikka,2025-01-16 07:21:41,Delivered,556.95
2448,9702,308,Samosa,2023-06-10 07:21:41,Delivered,639.43
2449,1899,348,Mutton Curry,2024-06-02 07:21:41,Preparing,1024.52
2450,4911,51,Samosa,2023-06-24 07:21:41,Cancelled,493.34
2451,5531,76,Dosa,2023-06-17 07:21:41,Delivered,1468.54
2452,2069,470,Dosa,2022-06-23 07:21:41,Cancelled,971.3
2453,8407,318,Paneer Tikka,2024-06-12 07:21:41,Delivered,1470.29
2454,6746,95,Chole Bhature,2022-08-29 07:21:41,Cancelled,516.73
2455,2835,415,Samosa,2023-07-09 07:21:41,Preparing,937.95
2456,5546,294,Samosa,2022-11-28 07:21:41,Preparing,499.41
2457,4048,116,Paneer Tikka,2024-07-15 07:21:41,Cancelled,1328.72
2458,4743,468,Samosa,2023-04-10 07:21:41,Cancelled,1222.71
2459,3749,451,Butter Chicken,2023-09-05 07:21:41,Delivered,1319.59
2460,1099,50,Dal Makhani,2024-05-27 07:21:41,Preparing,923.94
2461,9833,278,Chole Bhature,2023-11-17 07:21:41,Cancelled,823.58
2462,648,493,Chole Bhature,2024-04-07 07:21:41,Delivered,1334.62
2463,775,394,Pani Puri,2023-07-20 07:21:41,Delivered,444.2
2464,8763,378,Biryani,2023-03-09 07:21:41,Preparing,640.03
2465,201,478,Chole Bhature,2022-09-05 07:21:41,Preparing,1287.32
2466,9572,117,Biryani,2025-01-06 07:21:41,Delivered,1164.13
2467,1690,468,Biryani,2022-03-16 07:21:41,Delivered,1220.43
2468,7340,253,Butter Chicken,2024-08-26 07:21:41,Cancelled,470.99
2469,9611,496,Rogan Josh,2022-07-11 07:21:41,Preparing,139.79
2470,9862,386,Mutton Curry,2024-06-28 07:21:41,Delivered,1491.25
2471,7325,469,Rogan Josh,2023-09-18 07:21:41,Delivered,1428.86
2472,164,489,Pani Puri,2022-04-28 07:21:41,Cancelled,946.8
2473,6526,283,Chole Bhature,2022-06-05 07:21:41,Cancelled,1091.91
2474,7518,406,Samosa,2024-08-28 07:21:41,Cancelled,1323.29
2475,9187,148,Butter Chicken,2023-08-08 07:21:41,Delivered,192.94
2476,3543,141,Pani Puri,2023-09-14 07:21:41,Delivered,1135.86
2477,5367,280,Chole Bhature,2024-09-08 07:21:41,Cancelled,872.11
2478,1953,209,Chole Bhature,2022-09-20 07:21:41,Preparing,1228.67
2479,6937,90,Dosa,2024-01-10 07:21:41,Cancelled,633.46
2480,3933,495,Samosa,2024-07-05 07:21:41,Preparing,575.59
2481,9714,327,Dosa,2022-06-26 07:21:41,Cancelled,1056.74
2482,9298,137,Pani Puri,2024-12-19 07:21:41,Preparing,364.84
2483,3774,97,Rogan Josh,2022-07-07 07:21:41,Delivered,327.19
2484,9023,218,Biryani,2022-04-02 07:21:41,Delivered,757.67
2485,2153,255,Pani Puri,2023-02-10 07:21:41,Delivered,1277.47
2486,5841,389,Rogan Josh,2022-08-21 07:21:41,Preparing,1302.41
2487,4859,339,Chole Bhature,2023-10-21 07:21:41,Preparing,747.05
2488,5524,301,Paneer Tikka,2024-06-12 07:21:41,Cancelled,1048.71
2489,5733,220,Rogan Josh,2023-03-09 07:21:41,Delivered,952.22
2490,7410,185,Pani Puri,2023-05-12 07:21:41,Delivered,1167.64
2491,7239,301,Biryani,2022-09-22 07:21:41,Preparing,487.0
2492,1003,33,Dal Makhani,2023-01-31 07:21:41,Delivered,613.68
2493,7690,276,Mutton Curry,2022-11-16 07:21:41,Cancelled,431.9
2494,5783,117,Dosa,2024-01-11 07:21:41,Preparing,132.06
2495,3810,131,Paneer Tikka,2023-06-07 07:21:41,Delivered,272.26
2496,5467,112,Biryani,2024-03-03 07:21:41,Delivered,1088.13
2497,243,247,Pani Puri,2022-05-23 07:21:41,Cancelled,1244.62
2498,5717,88,Paneer Tikka,2023-05-10 07:21:41,Preparing,709.01
2499,6292,45,Samosa,2022-11-17 07:21:41,Delivered,1169.25
2500,9681,88,Pani Puri,2023-07-07 07:21:41,Cancelled,187.33
2501,8353,313,Dosa,2022-04-23 07:21:41,Cancelled,978.6
2502,8816,423,Biryani,2023-05-06 07:21:41,Preparing,1016.0
2503,7891,382,Butter Chicken,2022-07-16 07:21:41,Cancelled,490.46
2504,2343,189,Dosa,2022-03-20 07:21:41,Preparing,187.32
2505,5748,88,Pani Puri,2022-10-21 07:21:41,Preparing,1332.62
2506,71,387,Rogan Josh,2024-10-10 07:21:41,Cancelled,521.88
2507,5434,330,Biryani,2022-06-17 07:21:41,Preparing,219.72
2508,3034,229,Rogan Josh,2024-01-08 07:21:41,Preparing,1417.72
2509,6869,434,Rogan Josh,2022-08-29 07:21:41,Delivered,827.65
2510,9497,287,Butter Chicken,2022-11-11 07:21:41,Preparing,1465.25
2511,6158,98,Pani Puri,2022-08-14 07:21:41,Delivered,709.11
2512,921,324,Pani Puri,2023-06-12 07:21:41,Preparing,1113.4
2513,7561,125,Butter Chicken,2022-09-07 07:21:41,Preparing,664.22
2514,3997,403,Pani Puri,2024-08-23 07:21:41,Preparing,514.5
2515,5561,313,Pani Puri,2022-09-14 07:21:41,Delivered,751.78
2516,2730,269,Dosa,2025-02-11 07:21:41,Cancelled,1063.29
2517,7700,322,Dal Makhani,2023-06-20 07:21:41,Delivered,681.83
2518,7436,420,Chole Bhature,2022-04-27 07:21:41,Delivered,413.88
2519,5854,387,Dal Makhani,2023-06-20 07:21:41,Preparing,1144.97
2520,9354,26,Dal Makhani,2024-11-06 07:21:41,Preparing,1479.97
2521,4414,328,Butter Chicken,2023-11-24 07:21:41,Preparing,967.53
2522,4649,228,Dosa,2023-11-20 07:21:41,Cancelled,1024.8
2523,8062,277,Rogan Josh,2025-01-01 07:21:41,Cancelled,413.86
2524,7527,104,Butter Chicken,2024-06-10 07:21:41,Preparing,365.41
2525,4239,277,Dal Makhani,2025-01-19 07:21:41,Delivered,917.53
2526,7174,371,Dosa,2022-03-27 07:21:41,Preparing,314.99
2527,9798,410,Paneer Tikka,2024-06-18 07:21:41,Cancelled,301.46
2528,1609,431,Dosa,2022-06-18 07:21:41,Delivered,246.54
2529,3181,54,Biryani,2024-03-02 07:21:41,Preparing,186.65
2530,5493,374,Pani Puri,2022-08-29 07:21:41,Preparing,775.4
2531,6835,414,Rogan Josh,2023-11-29 07:21:41,Preparing,520.77
2532,7416,28,Mutton Curry,2024-12-20 07:21:41,Cancelled,825.65
2533,386,369,Paneer Tikka,2022-11-24 07:21:41,Cancelled,1019.46
2534,1904,306,Dosa,2023-10-19 07:21:41,Delivered,620.14
2535,6712,53,Chole Bhature,2022-04-05 07:21:41,Preparing,444.38
2536,3185,362,Biryani,2023-11-20 07:21:41,Delivered,684.68
2537,6269,156,Rogan Josh,2024-04-24 07:21:41,Preparing,1142.15
2538,1380,88,Rogan Josh,2024-01-17 07:21:41,Cancelled,1406.31
2539,1466,88,Pani Puri,2022-05-03 07:21:41,Preparing,1134.48
2540,2633,245,Rogan Josh,2025-02-16 07:21:41,Cancelled,763.18
2541,9275,325,Paneer Tikka,2024-05-23 07:21:41,Delivered,1293.73
2542,9458,14,Dal Makhani,2025-01-13 07:21:41,Delivered,146.45
2543,539,45,Chole Bhature,2022-05-10 07:21:41,Cancelled,1494.28
2544,2343,222,Dosa,2023-11-12 07:21:41,Delivered,967.95
2545,2017,222,Samosa,2024-06-18 07:21:41,Cancelled,237.62
2546,566,439,Paneer Tikka,2022-06-27 07:21:41,Cancelled,1204.28
2547,6613,281,Paneer Tikka,2022-11-07 07:21:41,Cancelled,1095.33
2548,9381,324,Biryani,2024-04-05 07:21:41,Cancelled,725.69
2549,1063,369,Butter Chicken,2022-04-27 07:21:41,Preparing,360.95
2550,9094,487,Pani Puri,2023-06-29 07:21:41,Delivered,719.43
2551,2400,212,Mutton Curry,2022-09-03 07:21:41,Cancelled,882.11
2552,1886,438,Mutton Curry,2025-02-17 07:21:41,Preparing,1231.1
2553,6237,128,Samosa,2023-10-23 07:21:41,Delivered,651.38
2554,6205,357,Rogan Josh,2024-08-18 07:21:41,Cancelled,731.72
2555,5577,121,Mutton Curry,2023-12-20 07:21:41,Delivered,868.74
2556,1650,298,Pani Puri,2022-10-22 07:21:41,Cancelled,827.77
2557,31,361,Butter Chicken,2022-10-31 07:21:41,Cancelled,749.19
2558,2840,41,Butter Chicken,2022-03-28 07:21:41,Delivered,1347.12
2559,9624,254,Biryani,2022-06-17 07:21:41,Delivered,1447.76
2560,8915,334,Butter Chicken,2024-05-15 07:21:41,Delivered,819.0
2561,8080,461,Rogan Josh,2025-01-11 07:21:41,Cancelled,669.06
2562,118,97,Rogan Josh,2023-02-11 07:21:41,Preparing,1247.46
2563,976,159,Paneer Tikka,2023-12-17 07:21:41,Preparing,148.71
2564,2059,314,Rogan Josh,2022-12-30 07:21:41,Cancelled,1283.57
2565,6573,196,Samosa,2024-07-05 07:21:41,Delivered,985.39
2566,9649,394,Mutton Curry,2022-08-05 07:21:41,Preparing,273.26
2567,5724,282,Paneer Tikka,2024-01-11 07:21:41,Delivered,1053.24
2568,9533,272,Mutton Curry,2024-09-12 07:21:41,Delivered,973.08
2569,9280,453,Chole Bhature,2023-11-01 07:21:41,Delivered,204.23
2570,3995,420,Rogan Josh,2022-09-25 07:21:41,Preparing,1141.16
2571,256,223,Rogan Josh,2022-07-03 07:21:41,Delivered,881.11
2572,5741,243,Mutton Curry,2025-02-17 07:21:41,Delivered,1062.35
2573,2908,307,Paneer Tikka,2022-03-20 07:21:41,Preparing,1107.43
2574,6258,407,Samosa,2024-02-19 07:21:41,Cancelled,704.33
2575,6728,279,Butter Chicken,2022-07-04 07:21:41,Preparing,386.49
2576,5747,133,Pani Puri,2022-09-25 07:21:41,Delivered,698.6
2577,4568,33,Dal Makhani,2023-06-25 07:21:41,Preparing,1179.39
2578,8033,452,Biryani,2023-02-12 07:21:41,Cancelled,1381.74
2579,6218,3,Butter Chicken,2024-09-13 07:21:41,Delivered,1055.75
2580,3121,41,Paneer Tikka,2023-05-02 07:21:41,Preparing,639.45
2581,519,237,Biryani,2025-03-04 07:21:41,Cancelled,103.44
2582,7298,291,Paneer Tikka,2022-08-16 07:21:41,Cancelled,1012.04
2583,4364,117,Mutton Curry,2022-08-18 07:21:41,Preparing,1073.17
2584,4528,337,Mutton Curry,2023-04-25 07:21:41,Cancelled,464.82
2585,149,452,Butter Chicken,2023-10-29 07:21:41,Delivered,844.76
2586,1758,69,Paneer Tikka,2023-10-11 07:21:41,Cancelled,1016.18
2587,1983,413,Samosa,2022-12-12 07:21:41,Preparing,1132.97
2588,9362,378,Butter Chicken,2022-09-19 07:21:41,Preparing,486.5
2589,93,334,Samosa,2023-05-02 07:21:41,Preparing,219.3
2590,9721,489,Dal Makhani,2023-07-03 07:21:41,Delivered,438.54
2591,7829,492,Paneer Tikka,2023-04-14 07:21:41,Preparing,737.82
2592,9359,378,Mutton Curry,2024-03-04 07:21:41,Preparing,929.01
2593,8977,38,Mutton Curry,2024-08-03 07:21:41,Delivered,619.27
2594,4076,480,Biryani,2024-02-07 07:21:41,Delivered,1445.24
2595,3651,494,Paneer Tikka,2024-06-20 07:21:41,Preparing,382.86
2596,2627,346,Chole Bhature,2023-07-12 07:21:41,Cancelled,778.56
2597,5404,217,Pani Puri,2022-07-06 07:21:41,Preparing,135.07
2598,2382,461,Mutton Curry,2023-07-30 07:21:41,Cancelled,535.72
2599,6820,352,Mutton Curry,2023-05-05 07:21:41,Preparing,805.09
2600,98,249,Samosa,2024-12-22 07:21:41,Cancelled,1448.9
2601,6625,218,Pani Puri,2022-05-29 07:21:41,Delivered,284.57
2602,2297,500,Pani Puri,2024-10-25 07:21:41,Preparing,204.05
2603,5901,254,Dal Makhani,2022-09-19 07:21:41,Preparing,1331.7
2604,2473,178,Samosa,2022-07-13 07:21:41,Cancelled,1482.58
2605,2630,422,Dosa,2023-03-26 07:21:41,Preparing,709.44
2606,9706,346,Dosa,2022-07-12 07:21:41,Preparing,857.49
2607,3187,256,Mutton Curry,2023-03-06 07:21:41,Cancelled,1417.16
2608,7492,79,Samosa,2023-11-01 07:21:41,Preparing,587.44
2609,8288,303,Samosa,2024-08-20 07:21:41,Preparing,1430.33
2610,4184,243,Rogan Josh,2024-12-03 07:21:41,Delivered,347.71
2611,549,289,Mutton Curry,2022-07-23 07:21:41,Preparing,1083.95
2612,1716,367,Dal Makhani,2022-04-05 07:21:41,Delivered,269.02
2613,2096,69,Rogan Josh,2024-11-02 07:21:41,Preparing,478.22
2614,8917,274,Pani Puri,2022-03-17 07:21:41,Delivered,116.3
2615,7407,269,Dal Makhani,2024-12-20 07:21:41,Preparing,874.75
2616,2441,69,Chole Bhature,2024-04-06 07:21:41,Delivered,1476.65
2617,1479,380,Paneer Tikka,2023-01-07 07:21:41,Delivered,319.97
2618,8587,283,Mutton Curry,2023-08-03 07:21:41,Delivered,189.83
2619,3105,470,Pani Puri,2022-07-10 07:21:41,Preparing,715.33
2620,7107,321,Dosa,2022-08-13 07:21:41,Cancelled,191.14
2621,8001,289,Mutton Curry,2024-05-08 07:21:41,Cancelled,1404.89
2622,7307,231,Samosa,2025-03-02 07:21:41,Preparing,802.54
2623,8626,95,Biryani,2024-05-21 07:21:41,Cancelled,760.52
2624,5975,82,Samosa,2024-02-12 07:21:41,Delivered,121.74
2625,4749,312,Biryani,2024-10-03 07:21:41,Delivered,885.36
2626,4427,27,Biryani,2022-10-28 07:21:41,Cancelled,135.56
2627,9774,205,Dal Makhani,2022-11-19 07:21:41,Cancelled,794.17
2628,5186,103,Biryani,2023-07-18 07:21:41,Preparing,1402.01
2629,6659,440,Dosa,2023-03-25 07:21:41,Preparing,935.52
2630,1832,250,Biryani,2024-08-21 07:21:41,Delivered,1088.51
2631,8583,15,Mutton Curry,2024-01-25 07:21:41,Preparing,703.29
2632,8710,236,Mutton Curry,2023-10-28 07:21:41,Delivered,1329.59
2633,2883,240,Pani Puri,2023-12-27 07:21:41,Delivered,519.37
2634,4510,282,Dal Makhani,2024-02-17 07:21:41,Preparing,465.54
2635,2476,281,Chole Bhature,2023-09-16 07:21:41,Preparing,1301.38
2636,3782,491,Paneer Tikka,2024-09-02 07:21:41,Cancelled,177.01
2637,2348,350,Chole Bhature,2024-10-13 07:21:41,Preparing,693.99
2638,7565,476,Biryani,2023-02-16 07:21:41,Preparing,994.02
2639,5106,374,Rogan Josh,2024-03-07 07:21:41,Delivered,551.88
2640,5615,206,Rogan Josh,2022-04-14 07:21:41,Cancelled,798.23
2641,3332,160,Dosa,2024-01-19 07:21:41,Cancelled,105.74
2642,1309,5,Pani Puri,2024-03-23 07:21:41,Preparing,138.09
2643,6285,127,Mutton Curry,2024-06-07 07:21:41,Preparing,239.0
2644,9196,252,Mutton Curry,2024-09-06 07:21:41,Cancelled,226.6
2645,4184,48,Biryani,2023-12-28 07:21:41,Preparing,1494.14
2646,2061,145,Biryani,2022-07-11 07:21:41,Cancelled,1498.19
2647,9429,261,Paneer Tikka,2023-03-28 07:21:41,Cancelled,1046.16
2648,3201,193,Mutton Curry,2022-12-08 07:21:41,Delivered,1127.79
2649,838,336,Rogan Josh,2024-09-07 07:21:41,Preparing,1045.53
2650,3615,44,Paneer Tikka,2025-02-09 07:21:41,Preparing,1107.79
2651,9572,112,Chole Bhature,2022-04-25 07:21:41,Delivered,692.19
2652,7988,376,Rogan Josh,2023-01-15 07:21:41,Preparing,1080.66
2653,3146,13,Chole Bhature,2024-09-13 07:21:41,Cancelled,559.7
2654,1198,143,Samosa,2024-07-11 07:21:41,Cancelled,1216.41
2655,6517,47,Chole Bhature,2024-10-25 07:21:41,Delivered,376.33
2656,708,421,Butter Chicken,2022-07-08 07:21:41,Delivered,1008.44
2657,3143,47,Rogan Josh,2022-03-15 07:21:41,Delivered,574.42
2658,5966,423,Chole Bhature,2023-08-27 07:21:41,Cancelled,440.96
2659,5546,358,Paneer Tikka,2023-10-27 07:21:41,Cancelled,118.16
2660,3594,217,Dosa,2024-09-10 07:21:41,Preparing,1081.02
2661,6778,496,Dosa,2023-02-22 07:21:41,Preparing,204.72
2662,5061,85,Biryani,2024-09-12 07:21:41,Preparing,552.45
2663,853,109,Paneer Tikka,2024-08-23 07:21:41,Delivered,349.56
2664,2705,176,Dal Makhani,2024-08-07 07:21:41,Delivered,1029.8
2665,5490,415,Chole Bhature,2022-08-31 07:21:41,Preparing,817.31
2666,5821,215,Pani Puri,2024-07-24 07:21:41,Cancelled,568.02
2667,5651,154,Rogan Josh,2023-11-30 07:21:41,Delivered,1083.75
2668,4788,427,Butter Chicken,2023-06-13 07:21:41,Preparing,1411.88
2669,7613,407,Dosa,2023-08-09 07:21:41,Cancelled,705.43
2670,9376,429,Mutton Curry,2023-05-07 07:21:41,Preparing,166.18
2671,1455,229,Mutton Curry,2022-07-03 07:21:41,Cancelled,1024.25
2672,3088,375,Dosa,2024-01-15 07:21:41,Preparing,947.15
2673,8605,443,Dal Makhani,2023-04-19 07:21:41,Cancelled,512.76
2674,9467,58,Dal Makhani,2023-08-18 07:21:41,Delivered,506.22
2675,5970,420,Mutton Curry,2024-03-21 07:21:41,Delivered,775.02
2676,2397,66,Dal Makhani,2023-02-06 07:21:41,Cancelled,829.94
2677,7069,165,Chole Bhature,2022-11-02 07:21:41,Preparing,551.4
2678,5772,384,Butter Chicken,2023-07-05 07:21:41,Delivered,285.26
2679,1635,430,Mutton Curry,2023-07-10 07:21:41,Preparing,434.86
2680,2951,246,Samosa,2025-01-11 07:21:41,Delivered,825.12
2681,4793,177,Mutton Curry,2022-07-18 07:21:41,Cancelled,612.53
2682,7924,38,Butter Chicken,2022-05-13 07:21:41,Preparing,924.51
2683,1846,432,Samosa,2024-03-07 07:21:41,Delivered,462.59
2684,3963,482,Mutton Curry,2023-07-13 07:21:41,Preparing,1122.72
2685,9541,75,Rogan Josh,2024-05-06 07:21:41,Delivered,1277.33
2686,6097,385,Pani Puri,2022-04-18 07:21:41,Cancelled,365.42
2687,6148,204,Butter Chicken,2023-08-15 07:21:41,Preparing,758.71
2688,3353,46,Pani Puri,2022-09-30 07:21:41,Delivered,392.33
2689,4542,184,Mutton Curry,2023-01-01 07:21:41,Delivered,877.42
2690,6742,407,Rogan Josh,2023-02-22 07:21:41,Delivered,738.28
2691,6041,287,Paneer Tikka,2022-07-23 07:21:41,Delivered,1212.31
2692,366,378,Dosa,2022-10-07 07:21:41,Delivered,246.44
2693,9530,20,Samosa,2022-06-27 07:21:41,Preparing,991.73
2694,2996,438,Pani Puri,2023-05-08 07:21:41,Preparing,791.65
2695,4072,24,Biryani,2022-09-24 07:21:41,Cancelled,1201.2
2696,1146,459,Butter Chicken,2024-02-13 07:21:41,Delivered,1097.02
2697,3377,467,Mutton Curry,2024-11-13 07:21:41,Preparing,1065.73
2698,1453,240,Butter Chicken,2022-12-01 07:21:41,Cancelled,1493.4
2699,8326,434,Dosa,2023-08-17 07:21:41,Cancelled,1185.72
2700,3958,496,Chole Bhature,2023-08-28 07:21:41,Preparing,745.39
2701,6419,313,Mutton Curry,2022-07-29 07:21:41,Delivered,1221.3
2702,7209,178,Chole Bhature,2024-07-26 07:21:41,Preparing,323.67
2703,8839,398,Biryani,2023-07-28 07:21:41,Preparing,1044.95
2704,2119,290,Chole Bhature,2024-10-27 07:21:41,Delivered,545.42
2705,4555,447,Chole Bhature,2022-11-12 07:21:41,Preparing,1152.09
2706,3542,362,Butter Chicken,2025-01-01 07:21:41,Preparing,202.7
2707,7180,197,Paneer Tikka,2023-09-06 07:21:41,Delivered,181.85
2708,198,239,Pani Puri,2024-05-07 07:21:41,Cancelled,564.37
2709,2753,343,Samosa,2022-05-06 07:21:41,Cancelled,497.71
2710,1858,477,Biryani,2022-05-23 07:21:41,Preparing,1333.98
2711,8179,151,Butter Chicken,2023-02-23 07:21:41,Preparing,1072.99
2712,3195,24,Rogan Josh,2022-11-19 07:21:41,Preparing,1235.81
2713,3926,291,Dal Makhani,2024-01-08 07:21:41,Preparing,201.36
2714,4392,264,Dal Makhani,2022-07-18 07:21:41,Delivered,856.85
2715,7717,254,Dal Makhani,2024-08-21 07:21:41,Cancelled,733.22
2716,363,87,Biryani,2023-06-21 07:21:41,Cancelled,976.36
2717,144,333,Chole Bhature,2023-04-16 07:21:41,Preparing,290.69
2718,8688,130,Dosa,2024-01-04 07:21:41,Preparing,1087.35
2719,3699,121,Chole Bhature,2022-10-31 07:21:41,Preparing,1181.44
2720,514,332,Pani Puri,2022-11-27 07:21:41,Preparing,380.93
2721,3533,285,Rogan Josh,2024-09-12 07:21:41,Delivered,1420.74
2722,3236,342,Rogan Josh,2022-07-15 07:21:41,Preparing,179.74
2723,9785,203,Pani Puri,2023-10-20 07:21:41,Preparing,831.94
2724,6826,309,Paneer Tikka,2022-03-29 07:21:41,Delivered,1404.47
2725,494,279,Samosa,2023-01-21 07:21:41,Delivered,450.01
2726,9628,74,Dal Makhani,2024-03-16 07:21:41,Preparing,1301.67
2727,8872,285,Dosa,2024-02-28 07:21:41,Cancelled,893.67
2728,9075,373,Chole Bhature,2022-04-29 07:21:41,Preparing,1270.73
2729,507,225,Samosa,2023-07-02 07:21:41,Preparing,415.4
2730,9128,139,Biryani,2023-02-08 07:21:41,Cancelled,982.4
2731,1768,387,Butter Chicken,2025-02-21 07:21:41,Cancelled,1316.43
2732,347,180,Paneer Tikka,2024-07-02 07:21:41,Cancelled,601.57
2733,9355,337,Samosa,2023-08-14 07:21:41,Delivered,430.45
2734,3665,366,Pani Puri,2023-06-09 07:21:41,Delivered,217.4
2735,3309,392,Dal Makhani,2023-01-07 07:21:41,Preparing,1132.23
2736,1631,28,Pani Puri,2023-01-22 07:21:41,Cancelled,218.48
2737,8043,315,Mutton Curry,2023-02-09 07:21:41,Preparing,993.84
2738,9471,11,Chole Bhature,2023-02-12 07:21:41,Preparing,726.67
2739,7668,463,Rogan Josh,2022-07-21 07:21:41,Delivered,580.69
2740,161,441,Pani Puri,2022-04-19 07:21:41,Delivered,179.59
2741,7055,219,Pani Puri,2022-09-14 07:21:41,Preparing,1328.09
2742,6354,206,Pani Puri,2024-10-16 07:21:41,Cancelled,166.49
2743,4805,344,Paneer Tikka,2023-05-26 07:21:41,Preparing,1213.57
2744,7128,91,Biryani,2022-09-14 07:21:41,Preparing,461.51
2745,7022,310,Paneer Tikka,2022-08-26 07:21:41,Preparing,696.38
2746,3732,482,Dosa,2022-03-28 07:21:41,Preparing,1084.13
2747,3003,270,Dosa,2022-07-14 07:21:41,Delivered,923.03
2748,2145,304,Chole Bhature,2022-05-14 07:21:41,Preparing,1137.73
2749,8787,30,Biryani,2022-07-18 07:21:41,Delivered,1402.72
2750,9829,363,Biryani,2022-08-27 07:21:41,Preparing,639.86
2751,2026,201,Biryani,2022-11-30 07:21:41,Preparing,1417.53
2752,5071,304,Butter Chicken,2023-05-10 07:21:41,Delivered,274.78
2753,582,307,Pani Puri,2024-01-14 07:21:41,Cancelled,453.62
2754,9164,232,Dal Makhani,2023-03-02 07:21:41,Delivered,1046.09
2755,2608,259,Dosa,2024-02-25 07:21:41,Preparing,377.54
2756,5015,427,Paneer Tikka,2024-10-01 07:21:41,Delivered,1137.21
2757,4220,56,Samosa,2023-05-11 07:21:41,Cancelled,222.2
2758,4167,331,Mutton Curry,2022-07-24 07:21:41,Preparing,1314.96
2759,6593,161,Dosa,2023-06-18 07:21:41,Preparing,531.77
2760,206,301,Samosa,2022-12-06 07:21:41,Cancelled,1221.95
2761,3243,51,Butter Chicken,2024-12-30 07:21:41,Cancelled,893.97
2762,6875,389,Samosa,2022-08-28 07:21:41,Delivered,507.95
2763,203,166,Paneer Tikka,2023-07-06 07:21:41,Preparing,394.93
2764,9246,171,Dal Makhani,2024-11-11 07:21:41,Preparing,1189.96
2765,2120,20,Mutton Curry,2022-11-13 07:21:41,Delivered,139.8
2766,5184,452,Mutton Curry,2023-03-13 07:21:41,Cancelled,786.14
2767,4070,216,Mutton Curry,2024-06-15 07:21:41,Delivered,203.32
2768,6543,12,Biryani,2023-07-17 07:21:41,Cancelled,1389.9
2769,6921,346,Dal Makhani,2024-12-20 07:21:41,Delivered,475.39
2770,6068,451,Samosa,2022-12-06 07:21:41,Cancelled,627.98
2771,8316,204,Dosa,2024-03-20 07:21:41,Delivered,941.92
2772,3801,336,Butter Chicken,2024-12-11 07:21:41,Preparing,1094.21
2773,5912,409,Dosa,2023-02-03 07:21:41,Preparing,806.81
2774,6575,96,Dosa,2024-09-08 07:21:41,Cancelled,993.25
2775,6779,440,Samosa,2023-05-02 07:21:41,Cancelled,1281.69
2776,9255,45,Dal Makhani,2022-04-26 07:21:41,Delivered,328.94
2777,544,179,Pani Puri,2022-03-19 07:21:41,Cancelled,546.99
2778,9396,236,Mutton Curry,2023-05-31 07:21:41,Delivered,775.86
2779,9696,466,Pani Puri,2023-03-03 07:21:41,Cancelled,759.76
2780,3767,23,Pani Puri,2024-09-24 07:21:41,Delivered,221.9
2781,7391,442,Paneer Tikka,2022-08-01 07:21:41,Cancelled,1151.01
2782,5442,14,Biryani,2023-06-27 07:21:41,Preparing,432.48
2783,5060,45,Chole Bhature,2022-07-12 07:21:41,Cancelled,1440.34
2784,5038,363,Chole Bhature,2022-10-16 07:21:41,Preparing,114.85
2785,8631,371,Chole Bhature,2024-08-13 07:21:41,Preparing,1438.68
2786,3053,310,Butter Chicken,2022-11-24 07:21:41,Preparing,1275.04
2787,3046,390,Paneer Tikka,2024-06-22 07:21:41,Cancelled,1213.19
2788,5040,411,Chole Bhature,2024-01-13 07:21:41,Cancelled,1259.04
2789,8162,18,Dosa,2024-03-31 07:21:41,Cancelled,1009.62
2790,5596,416,Samosa,2022-08-31 07:21:41,Delivered,627.34
2791,1300,389,Samosa,2024-07-02 07:21:41,Cancelled,1440.31
2792,1583,424,Samosa,2024-11-02 07:21:41,Cancelled,918.02
2793,5170,487,Biryani,2022-06-10 07:21:41,Cancelled,517.91
2794,711,162,Rogan Josh,2024-10-21 07:21:41,Preparing,110.84
2795,3517,403,Dosa,2022-11-03 07:21:41,Delivered,883.62
2796,7506,97,Butter Chicken,2025-02-08 07:21:41,Preparing,1407.92
2797,8489,295,Pani Puri,2022-06-11 07:21:41,Cancelled,245.62
2798,1983,102,Butter Chicken,2024-04-08 07:21:41,Preparing,780.06
2799,3580,131,Chole Bhature,2024-02-23 07:21:41,Preparing,1055.73
2800,4686,415,Dosa,2022-04-06 07:21:41,Delivered,358.92
2801,3737,152,Pani Puri,2025-01-19 07:21:41,Cancelled,825.42
2802,4815,184,Rogan Josh,2023-09-08 07:21:41,Delivered,656.04
2803,4239,477,Chole Bhature,2022-03-13 07:21:41,Cancelled,762.32
2804,6102,374,Biryani,2022-04-24 07:21:41,Preparing,1304.32
2805,5725,161,Paneer Tikka,2022-03-23 07:21:41,Cancelled,441.32
2806,3729,162,Rogan Josh,2024-01-12 07:21:41,Delivered,1247.54
2807,826,182,Butter Chicken,2023-08-04 07:21:41,Delivered,1411.96
2808,5839,494,Butter Chicken,2022-03-09 07:21:41,Preparing,1059.15
2809,7281,170,Samosa,2023-08-04 07:21:41,Cancelled,995.3
2810,1735,33,Rogan Josh,2023-03-22 07:21:41,Delivered,176.31
2811,5599,30,Butter Chicken,2022-09-03 07:21:41,Delivered,1068.75
2812,992,250,Biryani,2025-02-19 07:21:41,Preparing,279.55
2813,3114,187,Samosa,2024-07-19 07:21:41,Preparing,1321.3
2814,2522,41,Dal Makhani,2023-01-07 07:21:41,Preparing,1351.3
2815,1758,27,Chole Bhature,2022-08-10 07:21:41,Preparing,1225.74
2816,8267,9,Dal Makhani,2022-11-14 07:21:41,Cancelled,1107.26
2817,4020,172,Pani Puri,2024-02-10 07:21:41,Preparing,1204.48
2818,7973,54,Samosa,2023-10-08 07:21:41,Preparing,131.88
2819,544,215,Butter Chicken,2024-01-15 07:21:41,Cancelled,635.39
2820,6602,43,Butter Chicken,2024-05-27 07:21:41,Cancelled,926.99
2821,8053,4,Biryani,2022-11-08 07:21:41,Cancelled,497.61
2822,4477,315,Samosa,2023-11-14 07:21:41,Cancelled,651.66
2823,5879,473,Rogan Josh,2024-01-04 07:21:41,Preparing,681.62
2824,1780,231,Samosa,2024-09-16 07:21:41,Cancelled,582.04
2825,8763,347,Biryani,2023-03-14 07:21:41,Delivered,365.57
2826,7332,196,Samosa,2023-02-11 07:21:41,Delivered,794.12
2827,4256,376,Dosa,2022-04-19 07:21:41,Delivered,281.84
2828,5781,430,Pani Puri,2023-05-06 07:21:41,Cancelled,506.33
2829,9358,448,Rogan Josh,2023-04-02 07:21:41,Preparing,361.53
2830,1184,461,Dal Makhani,2024-03-18 07:21:41,Preparing,336.45
2831,1835,155,Paneer Tikka,2024-07-30 07:21:41,Cancelled,1412.9
2832,5029,474,Samosa,2023-07-20 07:21:41,Preparing,995.93
2833,6661,163,Butter Chicken,2022-04-27 07:21:41,Preparing,617.1
2834,8213,289,Paneer Tikka,2024-11-19 07:21:41,Preparing,1365.78
2835,5062,353,Dosa,2023-01-20 07:21:41,Delivered,1334.87
2836,4002,437,Pani Puri,2022-11-03 07:21:41,Preparing,1396.97
2837,9369,135,Dosa,2022-04-29 07:21:41,Preparing,1077.92
2838,8852,432,Biryani,2025-02-24 07:21:41,Preparing,1262.63
2839,9717,152,Pani Puri,2023-10-19 07:21:41,Preparing,585.16
2840,2454,205,Rogan Josh,2024-08-18 07:21:41,Cancelled,1371.27
2841,7944,394,Dal Makhani,2023-11-01 07:21:41,Cancelled,1424.54
2842,255,373,Rogan Josh,2024-10-13 07:21:41,Preparing,568.19
2843,8749,206,Rogan Josh,2024-08-10 07:21:41,Cancelled,228.04
2844,5410,217,Paneer Tikka,2024-12-19 07:21:41,Preparing,615.42
2845,3459,65,Paneer Tikka,2023-06-08 07:21:41,Cancelled,807.27
2846,6374,23,Paneer Tikka,2024-02-05 07:21:41,Delivered,139.66
2847,134,198,Rogan Josh,2023-06-15 07:21:41,Cancelled,743.64
2848,3643,127,Chole Bhature,2023-06-30 07:21:41,Cancelled,858.62
2849,2227,414,Biryani,2022-12-17 07:21:41,Delivered,1003.32
2850,5822,25,Samosa,2023-01-25 07:21:41,Cancelled,708.75
2851,4084,181,Mutton Curry,2023-04-12 07:21:41,Cancelled,862.33
2852,9798,253,Mutton Curry,2023-09-11 07:21:41,Cancelled,1170.67
2853,879,444,Mutton Curry,2023-09-10 07:21:41,Cancelled,1362.35
2854,3485,404,Biryani,2024-04-25 07:21:41,Preparing,689.0
2855,5422,395,Dal Makhani,2024-12-25 07:21:41,Cancelled,149.74
2856,2993,309,Pani Puri,2022-12-20 07:21:41,Preparing,704.08
2857,3696,173,Biryani,2022-10-04 07:21:41,Cancelled,949.19
2858,743,245,Biryani,2023-09-20 07:21:41,Preparing,522.91
2859,5109,456,Rogan Josh,2024-02-01 07:21:41,Preparing,1042.61
2860,4504,197,Mutton Curry,2025-01-25 07:21:41,Delivered,1487.55
2861,9754,489,Paneer Tikka,2023-07-05 07:21:41,Cancelled,1395.15
2862,4170,457,Chole Bhature,2024-10-05 07:21:41,Preparing,1492.16
2863,4392,24,Rogan Josh,2023-09-05 07:21:41,Delivered,103.02
2864,1826,182,Samosa,2023-07-14 07:21:41,Delivered,303.1
2865,5326,465,Dosa,2023-08-26 07:21:41,Cancelled,1104.12
2866,530,26,Samosa,2024-06-27 07:21:41,Delivered,127.75
2867,5811,406,Biryani,2024-01-26 07:21:41,Preparing,1306.31
2868,8358,70,Pani Puri,2022-10-28 07:21:41,Cancelled,470.59
2869,3487,151,Rogan Josh,2023-09-12 07:21:41,Cancelled,537.74
2870,8029,450,Rogan Josh,2024-02-04 07:21:41,Cancelled,615.11
2871,4407,427,Dal Makhani,2022-09-09 07:21:41,Delivered,362.21
2872,9627,310,Pani Puri,2024-10-04 07:21:41,Cancelled,973.29
2873,764,445,Rogan Josh,2025-01-29 07:21:41,Delivered,267.22
2874,3157,352,Dal Makhani,2023-05-22 07:21:41,Cancelled,1122.5
2875,6818,308,Paneer Tikka,2023-07-26 07:21:41,Delivered,1117.4
2876,1086,24,Biryani,2022-04-08 07:21:41,Cancelled,1395.43
2877,6055,340,Butter Chicken,2022-04-02 07:21:41,Cancelled,296.18
2878,2288,343,Rogan Josh,2022-06-24 07:21:41,Delivered,960.26
2879,6970,41,Rogan Josh,2022-11-06 07:21:41,Delivered,1044.27
2880,8353,352,Butter Chicken,2025-02-07 07:21:41,Preparing,1037.0
2881,6767,35,Butter Chicken,2023-08-15 07:21:41,Delivered,478.37
2882,9623,225,Pani Puri,2024-12-04 07:21:41,Cancelled,1476.66
2883,7615,355,Chole Bhature,2022-12-22 07:21:41,Preparing,1230.62
2884,6530,441,Chole Bhature,2025-01-22 07:21:41,Delivered,814.62
2885,5127,243,Rogan Josh,2023-01-16 07:21:41,Delivered,714.34
2886,2426,363,Chole Bhature,2023-12-14 07:21:41,Delivered,915.54
2887,8227,347,Samosa,2022-06-02 07:21:41,Delivered,111.18
2888,5339,86,Pani Puri,2024-04-11 07:21:41,Preparing,995.72
2889,2643,163,Dosa,2023-09-19 07:21:41,Delivered,1012.03
2890,7630,325,Dosa,2025-01-31 07:21:41,Cancelled,1127.91
2891,707,38,Dosa,2024-11-17 07:21:41,Cancelled,681.2
2892,5018,266,Pani Puri,2024-10-20 07:21:41,Preparing,207.5
2893,1078,276,Biryani,2023-05-24 07:21:41,Delivered,915.12
2894,784,84,Samosa,2024-10-06 07:21:41,Delivered,1210.69
2895,8426,59,Rogan Josh,2022-04-19 07:21:41,Preparing,578.85
2896,6525,380,Dal Makhani,2022-05-16 07:21:41,Cancelled,636.1
2897,276,424,Butter Chicken,2023-07-26 07:21:41,Delivered,150.16
2898,9148,3,Samosa,2022-06-05 07:21:41,Delivered,644.85
2899,5771,22,Biryani,2025-02-05 07:21:41,Cancelled,614.61
2900,2934,306,Chole Bhature,2022-08-17 07:21:41,Preparing,231.13
2901,1048,246,Dal Makhani,2024-09-02 07:21:41,Preparing,275.61
2902,135,480,Paneer Tikka,2022-09-09 07:21:41,Delivered,854.87
2903,7073,159,Mutton Curry,2025-01-07 07:21:41,Preparing,672.61
2904,1960,199,Rogan Josh,2025-03-01 07:21:41,Cancelled,1334.33
2905,3053,126,Pani Puri,2023-06-14 07:21:41,Cancelled,743.7
2906,3899,436,Dal Makhani,2023-05-27 07:21:41,Delivered,812.56
2907,1154,91,Biryani,2022-05-13 07:21:41,Preparing,1214.44
2908,673,126,Biryani,2024-08-31 07:21:41,Preparing,621.59
2909,7062,239,Rogan Josh,2023-08-21 07:21:41,Delivered,1352.45
2910,8635,186,Chole Bhature,2022-10-24 07:21:41,Preparing,1024.16
2911,9296,437,Paneer Tikka,2023-01-18 07:21:41,Preparing,1418.54
2912,8563,73,Butter Chicken,2023-12-07 07:21:41,Cancelled,1183.71
2913,9528,32,Mutton Curry,2023-11-14 07:21:41,Delivered,123.99
2914,7137,430,Dosa,2024-12-20 07:21:41,Preparing,841.75
2915,8827,312,Dal Makhani,2025-01-15 07:21:41,Delivered,964.9
2916,8062,492,Samosa,2024-03-01 07:21:41,Cancelled,399.45
2917,7430,446,Butter Chicken,2023-05-17 07:21:41,Cancelled,1070.63
2918,5484,6,Mutton Curry,2024-05-03 07:21:41,Delivered,1211.93
2919,2041,206,Dosa,2022-10-16 07:21:41,Cancelled,296.7
2920,7602,107,Biryani,2024-10-10 07:21:41,Preparing,1296.19
2921,3900,29,Butter Chicken,2022-11-11 07:21:41,Delivered,219.11
2922,8376,79,Mutton Curry,2024-06-16 07:21:41,Cancelled,138.13
2923,7297,429,Mutton Curry,2024-04-02 07:21:41,Delivered,667.26
2924,3305,348,Samosa,2023-05-23 07:21:41,Cancelled,1040.22
2925,6279,29,Biryani,2024-03-18 07:21:41,Preparing,1302.6
2926,1574,394,Dosa,2023-12-14 07:21:41,Delivered,515.18
2927,6338,356,Mutton Curry,2022-08-09 07:21:41,Delivered,364.63
2928,2001,90,Rogan Josh,2023-09-14 07:21:41,Preparing,245.88
2929,1555,39,Dal Makhani,2023-12-20 07:21:41,Preparing,275.64
2930,890,226,Dal Makhani,2022-04-28 07:21:41,Preparing,1267.09
2931,8659,127,Pani Puri,2022-12-31 07:21:41,Delivered,948.47
2932,1617,375,Paneer Tikka,2023-01-15 07:21:41,Preparing,954.56
2933,4558,394,Samosa,2024-02-13 07:21:41,Preparing,861.42
2934,4230,15,Dosa,2022-04-22 07:21:41,Preparing,184.93
2935,3121,74,Chole Bhature,2024-11-21 07:21:41,Cancelled,569.16
2936,5031,294,Mutton Curry,2023-07-26 07:21:41,Delivered,255.17
2937,5566,102,Butter Chicken,2024-03-26 07:21:41,Preparing,615.31
2938,8620,370,Chole Bhature,2024-08-19 07:21:41,Delivered,843.48
2939,6104,45,Mutton Curry,2022-08-31 07:21:41,Preparing,576.96
2940,664,35,Dal Makhani,2024-08-20 07:21:41,Delivered,739.94
2941,8423,327,Dal Makhani,2024-01-04 07:21:41,Preparing,780.81
2942,9712,432,Dosa,2022-12-19 07:21:41,Delivered,830.29
2943,4170,409,Samosa,2023-12-05 07:21:41,Cancelled,957.1
2944,7880,26,Butter Chicken,2024-11-11 07:21:41,Preparing,816.55
2945,3209,13,Pani Puri,2024-08-17 07:21:41,Delivered,1201.78
2946,7498,495,Dal Makhani,2022-06-04 07:21:41,Delivered,1028.12
2947,1961,27,Dal Makhani,2024-08-16 07:21:41,Delivered,1073.42
2948,7452,384,Mutton Curry,2023-03-28 07:21:41,Cancelled,758.99
2949,9754,8,Paneer Tikka,2023-08-22 07:21:41,Preparing,828.27
2950,2749,102,Dosa,2024-08-15 07:21:41,Cancelled,373.7
2951,2168,375,Rogan Josh,2024-09-03 07:21:41,Delivered,1085.03
2952,6466,147,Pani Puri,2024-07-05 07:21:41,Delivered,1037.1
2953,7673,119,Chole Bhature,2023-09-22 07:21:41,Preparing,1412.44
2954,9694,398,Samosa,2024-05-03 07:21:41,Cancelled,982.6
2955,1699,87,Chole Bhature,2024-07-24 07:21:41,Cancelled,1186.12
2956,2364,282,Chole Bhature,2023-03-10 07:21:41,Preparing,616.98
2957,1653,492,Biryani,2024-01-07 07:21:41,Preparing,591.78
2958,6081,92,Dal Makhani,2024-04-12 07:21:41,Delivered,446.62
2959,7636,408,Samosa,2023-10-25 07:21:41,Cancelled,810.48
2960,3106,338,Pani Puri,2023-01-18 07:21:41,Cancelled,902.34
2961,973,354,Chole Bhature,2023-02-10 07:21:41,Preparing,1435.6
2962,8302,18,Samosa,2024-02-26 07:21:41,Preparing,565.87
2963,2925,463,Pani Puri,2022-05-22 07:21:41,Preparing,706.12
2964,4734,96,Dosa,2024-07-07 07:21:41,Delivered,903.7
2965,247,486,Chole Bhature,2022-11-18 07:21:41,Cancelled,553.85
2966,2713,3,Rogan Josh,2024-09-25 07:21:41,Preparing,883.37
2967,4970,466,Dal Makhani,2023-09-08 07:21:41,Delivered,361.93
2968,1616,60,Pani Puri,2023-03-15 07:21:41,Cancelled,556.81
2969,2912,228,Pani Puri,2024-03-28 07:21:41,Delivered,431.36
2970,8550,331,Butter Chicken,2024-04-12 07:21:41,Preparing,655.12
2971,713,82,Paneer Tikka,2023-11-02 07:21:41,Preparing,1311.56
2972,562,114,Dosa,2023-11-27 07:21:41,Delivered,614.04
2973,3185,77,Pani Puri,2023-10-07 07:21:41,Cancelled,887.13
2974,3838,21,Paneer Tikka,2022-10-19 07:21:41,Delivered,499.92
2975,1306,190,Pani Puri,2023-05-31 07:21:41,Cancelled,260.31
2976,3046,311,Dosa,2023-09-21 07:21:41,Preparing,855.15
2977,4806,464,Biryani,2022-08-21 07:21:41,Cancelled,1322.19
2978,9280,62,Biryani,2023-07-26 07:21:41,Cancelled,1329.08
2979,7126,100,Paneer Tikka,2023-05-01 07:21:41,Cancelled,1123.21
2980,9416,398,Samosa,2024-01-17 07:21:41,Delivered,479.55
2981,6720,54,Pani Puri,2022-03-18 07:21:41,Cancelled,308.68
2982,4487,317,Samosa,2022-11-09 07:21:41,Cancelled,333.53
2983,9774,48,Dosa,2022-06-23 07:21:41,Preparing,1030.82
2984,7659,331,Dosa,2023-06-20 07:21:41,Delivered,1498.23
2985,6041,105,Samosa,2025-01-28 07:21:41,Delivered,188.67
2986,8646,435,Biryani,2024-10-09 07:21:41,Preparing,459.24
2987,9680,306,Dal Makhani,2023-10-31 07:21:41,Cancelled,341.8
2988,8177,320,Butter Chicken,2023-05-17 07:21:41,Delivered,204.05
2989,5717,383,Rogan Josh,2023-04-12 07:21:41,Cancelled,1358.28
2990,4569,35,Mutton Curry,2023-10-11 07:21:41,Delivered,1457.13
2991,8403,99,Butter Chicken,2023-09-12 07:21:41,Preparing,289.76
2992,7857,295,Rogan Josh,2022-06-11 07:21:41,Preparing,846.71
2993,5677,207,Dosa,2022-08-22 07:21:41,Delivered,120.65
2994,8409,139,Samosa,2025-01-14 07:21:41,Preparing,1179.46
2995,9106,330,Pani Puri,2025-01-05 07:21:41,Preparing,1367.0
2996,1830,140,Dal Makhani,2024-08-20 07:21:41,Preparing,417.89
2997,2029,150,Butter Chicken,2023-06-12 07:21:41,Preparing,627.98
2998,117,210,Butter Chicken,2022-06-02 07:21:41,Delivered,1434.24
2999,6030,255,Mutton Curry,2023-09-13 07:21:41,Preparing,284.89
3000,7118,317,Dosa,2023-08-28 07:21:41,Delivered,889.2
3001,2398,343,Biryani,2023-01-10 07:21:41,Cancelled,1316.98
3002,7192,381,Rogan Josh,2025-02-08 07:21:41,Preparing,610.75
3003,9065,94,Butter Chicken,2024-12-20 07:21:41,Cancelled,304.17
3004,6439,126,Paneer Tikka,2023-05-14 07:21:41,Delivered,579.86
3005,7667,469,Samosa,2022-03-25 07:21:41,Cancelled,830.55
3006,8123,379,Mutton Curry,2023-08-30 07:21:41,Cancelled,826.52
3007,4204,164,Pani Puri,2023-05-17 07:21:41,Preparing,679.98
3008,4911,12,Mutton Curry,2023-09-14 07:21:41,Delivered,514.61
3009,9699,329,Pani Puri,2022-09-10 07:21:41,Cancelled,1274.22
3010,1700,201,Samosa,2022-11-20 07:21:41,Delivered,506.88
3011,348,455,Mutton Curry,2024-07-28 07:21:41,Preparing,1256.59
3012,1202,451,Chole Bhature,2025-02-18 07:21:41,Preparing,1065.26
3013,412,347,Biryani,2024-07-08 07:21:41,Preparing,1007.19
3014,7029,418,Pani Puri,2023-12-17 07:21:41,Cancelled,519.98
3015,5602,306,Paneer Tikka,2022-12-18 07:21:41,Delivered,777.26
3016,7271,11,Dal Makhani,2025-01-10 07:21:41,Preparing,161.05
3017,4568,489,Pani Puri,2024-05-04 07:21:41,Preparing,396.81
3018,6265,488,Paneer Tikka,2024-11-27 07:21:41,Cancelled,617.07
3019,3878,22,Samosa,2023-10-31 07:21:41,Preparing,613.93
3020,5866,50,Dosa,2024-02-25 07:21:41,Preparing,931.76
3021,6310,264,Dosa,2022-04-01 07:21:41,Delivered,1089.74
3022,2211,157,Samosa,2024-12-19 07:21:41,Delivered,1258.03
3023,6737,256,Samosa,2024-08-27 07:21:41,Preparing,1215.58
3024,4940,273,Rogan Josh,2022-09-26 07:21:41,Preparing,959.2
3025,9507,140,Pani Puri,2024-10-10 07:21:41,Preparing,1042.17
3026,8443,360,Pani Puri,2023-11-04 07:21:41,Preparing,755.95
3027,9892,37,Butter Chicken,2022-07-23 07:21:41,Cancelled,429.52
3028,3876,474,Dosa,2024-06-27 07:21:41,Cancelled,732.79
3029,4639,340,Chole Bhature,2022-12-28 07:21:41,Preparing,1276.56
3030,4435,95,Dosa,2022-08-26 07:21:41,Delivered,1146.33
3031,1646,138,Pani Puri,2022-04-13 07:21:41,Cancelled,399.32
3032,1033,351,Butter Chicken,2022-05-02 07:21:41,Delivered,829.85
3033,1926,238,Samosa,2024-05-27 07:21:41,Preparing,1078.22
3034,2451,195,Chole Bhature,2025-01-06 07:21:41,Cancelled,1373.49
3035,3675,293,Dosa,2025-01-14 07:21:41,Cancelled,314.72
3036,5598,83,Butter Chicken,2023-10-16 07:21:41,Delivered,739.42
3037,6160,480,Pani Puri,2023-05-22 07:21:41,Preparing,643.56
3038,5081,228,Samosa,2023-07-25 07:21:41,Delivered,243.84
3039,3630,492,Dal Makhani,2023-07-13 07:21:41,Preparing,1019.55
3040,4922,287,Mutton Curry,2023-05-27 07:21:41,Delivered,1046.35
3041,7974,442,Butter Chicken,2024-02-07 07:21:41,Cancelled,152.98
3042,7860,89,Dal Makhani,2024-02-03 07:21:41,Cancelled,627.4
3043,720,170,Biryani,2023-01-25 07:21:41,Preparing,1354.13
3044,4680,220,Pani Puri,2024-05-29 07:21:41,Delivered,231.02
3045,3401,102,Dal Makhani,2022-11-22 07:21:41,Cancelled,518.46
3046,7615,20,Pani Puri,2023-10-12 07:21:41,Preparing,132.98
3047,4694,436,Biryani,2024-08-25 07:21:41,Preparing,802.28
3048,8945,17,Butter Chicken,2024-04-09 07:21:41,Preparing,1343.62
3049,8409,260,Paneer Tikka,2022-05-09 07:21:41,Cancelled,810.17
3050,68,338,Mutton Curry,2024-06-23 07:21:41,Delivered,208.31
3051,4472,123,Samosa,2023-01-17 07:21:41,Preparing,1401.01
3052,6075,481,Pani Puri,2024-10-01 07:21:41,Delivered,1442.21
3053,1133,269,Rogan Josh,2024-06-23 07:21:41,Preparing,632.72
3054,9554,124,Paneer Tikka,2022-09-07 07:21:41,Delivered,975.17
3055,1517,384,Rogan Josh,2022-08-11 07:21:41,Preparing,404.61
3056,4792,326,Dosa,2023-02-04 07:21:41,Cancelled,1192.39
3057,9198,149,Dosa,2024-05-15 07:21:41,Delivered,884.52
3058,5370,74,Butter Chicken,2022-08-16 07:21:41,Preparing,1045.19
3059,3408,179,Rogan Josh,2022-06-10 07:21:41,Cancelled,680.74
3060,6931,449,Rogan Josh,2022-10-04 07:21:41,Delivered,760.12
3061,2307,368,Chole Bhature,2023-09-25 07:21:41,Preparing,1425.29
3062,2336,365,Mutton Curry,2024-08-25 07:21:41,Delivered,1014.75
3063,4274,191,Pani Puri,2022-06-22 07:21:41,Preparing,363.38
3064,1672,418,Pani Puri,2024-06-08 07:21:41,Cancelled,551.11
3065,6423,174,Pani Puri,2022-04-17 07:21:41,Cancelled,1490.71
3066,8424,186,Biryani,2023-11-02 07:21:41,Preparing,341.01
3067,2935,302,Paneer Tikka,2023-08-27 07:21:41,Delivered,1085.05
3068,2109,78,Samosa,2022-09-25 07:21:41,Delivered,1120.64
3069,6620,237,Butter Chicken,2024-07-22 07:21:41,Delivered,845.72
3070,1826,424,Biryani,2024-03-13 07:21:41,Preparing,472.76
3071,3541,276,Rogan Josh,2023-07-24 07:21:41,Preparing,1357.57
3072,8467,148,Dal Makhani,2023-04-28 07:21:41,Cancelled,512.59
3073,7047,370,Butter Chicken,2023-03-13 07:21:41,Cancelled,723.5
3074,876,234,Samosa,2022-08-01 07:21:41,Preparing,1449.75
3075,1010,167,Dosa,2023-04-11 07:21:41,Cancelled,537.21
3076,151,443,Rogan Josh,2023-04-11 07:21:41,Preparing,985.02
3077,9990,193,Dal Makhani,2022-06-30 07:21:41,Preparing,271.28
3078,2879,481,Chole Bhature,2022-05-05 07:21:41,Delivered,409.68
3079,9674,275,Samosa,2023-12-24 07:21:41,Delivered,338.28
3080,6453,283,Dosa,2023-10-22 07:21:41,Cancelled,689.82
3081,5688,100,Dal Makhani,2022-08-26 07:21:41,Preparing,1062.56
3082,2430,78,Paneer Tikka,2023-09-29 07:21:41,Delivered,516.03
3083,9296,299,Pani Puri,2022-05-23 07:21:41,Preparing,165.45
3084,2908,252,Mutton Curry,2023-04-06 07:21:41,Cancelled,1070.69
3085,8986,321,Biryani,2024-08-24 07:21:41,Delivered,825.26
3086,2811,179,Samosa,2025-01-08 07:21:41,Preparing,148.62
3087,1911,336,Dal Makhani,2022-07-25 07:21:41,Delivered,610.11
3088,6380,460,Dosa,2024-06-12 07:21:41,Cancelled,589.36
3089,3787,477,Paneer Tikka,2022-05-05 07:21:41,Cancelled,1240.36
3090,3831,168,Mutton Curry,2024-10-21 07:21:41,Preparing,1429.92
3091,1401,279,Paneer Tikka,2024-01-14 07:21:41,Cancelled,1044.54
3092,6364,201,Samosa,2025-01-14 07:21:41,Delivered,665.02
3093,753,49,Rogan Josh,2023-04-05 07:21:41,Cancelled,1319.99
3094,3416,185,Rogan Josh,2023-08-08 07:21:41,Cancelled,603.95
3095,6026,361,Pani Puri,2023-04-30 07:21:41,Preparing,266.02
3096,5859,440,Dosa,2023-09-24 07:21:41,Preparing,1135.86
3097,8196,127,Biryani,2022-07-16 07:21:41,Cancelled,1264.17
3098,5094,284,Dal Makhani,2024-07-17 07:21:41,Cancelled,1003.15
3099,9113,51,Chole Bhature,2022-04-22 07:21:41,Preparing,246.82
3100,8063,141,Rogan Josh,2023-07-27 07:21:41,Preparing,1420.99
3101,9837,354,Mutton Curry,2025-01-17 07:21:41,Preparing,1394.43
3102,4587,184,Dal Makhani,2023-09-01 07:21:41,Preparing,1464.38
3103,9000,424,Dal Makhani,2023-12-29 07:21:41,Cancelled,641.82
3104,4016,442,Chole Bhature,2023-01-03 07:21:41,Preparing,1041.65
3105,3785,160,Pani Puri,2023-04-01 07:21:41,Preparing,1110.86
3106,1516,463,Pani Puri,2023-03-10 07:21:41,Preparing,720.32
3107,5991,493,Butter Chicken,2023-08-03 07:21:41,Preparing,933.31
3108,5829,368,Mutton Curry,2023-03-04 07:21:41,Preparing,1180.15
3109,5570,36,Dal Makhani,2023-02-03 07:21:41,Cancelled,623.39
3110,3701,366,Butter Chicken,2023-03-08 07:21:41,Delivered,1224.8
3111,1895,38,Mutton Curry,2024-11-09 07:21:41,Preparing,1193.72
3112,6924,82,Dosa,2022-10-11 07:21:41,Delivered,816.35
3113,3171,21,Dosa,2024-03-06 07:21:41,Cancelled,283.38
3114,6135,301,Butter Chicken,2023-03-04 07:21:41,Delivered,146.34
3115,6607,188,Chole Bhature,2024-09-08 07:21:41,Cancelled,920.49
3116,8592,489,Dosa,2024-05-02 07:21:41,Cancelled,1406.36
3117,5408,320,Samosa,2025-01-12 07:21:41,Cancelled,286.95
3118,1150,490,Mutton Curry,2024-07-02 07:21:41,Preparing,218.21
3119,9421,68,Butter Chicken,2022-11-07 07:21:41,Delivered,361.45
3120,6412,432,Rogan Josh,2024-08-20 07:21:41,Preparing,1189.82
3121,3819,366,Samosa,2023-11-04 07:21:41,Cancelled,1080.12
3122,7621,474,Dosa,2024-10-19 07:21:41,Preparing,1347.1
3123,2332,27,Biryani,2024-07-30 07:21:41,Preparing,884.44
3124,6969,116,Rogan Josh,2023-07-08 07:21:41,Preparing,1373.93
3125,6043,164,Mutton Curry,2024-10-25 07:21:41,Preparing,450.36
3126,7238,469,Samosa,2022-07-09 07:21:41,Delivered,1477.27
3127,2407,388,Mutton Curry,2023-12-11 07:21:41,Delivered,989.06
3128,9692,324,Chole Bhature,2024-12-15 07:21:41,Cancelled,860.0
3129,1673,374,Biryani,2022-10-02 07:21:41,Preparing,1039.52
3130,4563,112,Dal Makhani,2024-05-01 07:21:41,Cancelled,1143.75
3131,7599,72,Biryani,2023-10-07 07:21:41,Preparing,734.51
3132,29,124,Dosa,2023-03-03 07:21:41,Preparing,810.09
3133,7396,363,Dal Makhani,2022-08-08 07:21:41,Preparing,1056.4
3134,237,453,Rogan Josh,2023-07-30 07:21:41,Cancelled,693.75
3135,4201,5,Mutton Curry,2024-12-05 07:21:41,Preparing,339.0
3136,9182,282,Chole Bhature,2024-03-11 07:21:41,Preparing,1079.97
3137,702,315,Biryani,2024-03-24 07:21:41,Cancelled,175.8
3138,1300,59,Biryani,2024-02-29 07:21:41,Preparing,141.22
3139,6559,455,Biryani,2024-10-20 07:21:41,Cancelled,1147.46
3140,1341,35,Rogan Josh,2023-07-19 07:21:41,Cancelled,192.09
3141,6754,6,Butter Chicken,2022-08-28 07:21:41,Preparing,1099.76
3142,5044,395,Biryani,2023-10-18 07:21:41,Cancelled,1161.7
3143,2198,123,Dal Makhani,2022-07-18 07:21:41,Cancelled,1348.61
3144,4144,295,Dosa,2023-07-25 07:21:41,Cancelled,397.79
3145,8870,132,Butter Chicken,2024-10-17 07:21:41,Delivered,393.7
3146,5611,405,Mutton Curry,2024-09-26 07:21:41,Delivered,1496.98
3147,9938,366,Pani Puri,2024-01-23 07:21:41,Delivered,774.74
3148,6174,147,Biryani,2024-01-28 07:21:41,Cancelled,1127.85
3149,5447,171,Biryani,2023-05-26 07:21:41,Preparing,473.34
3150,9386,207,Paneer Tikka,2023-11-26 07:21:41,Cancelled,1107.32
3151,7532,77,Dal Makhani,2022-11-05 07:21:41,Delivered,352.47
3152,2169,303,Dal Makhani,2024-04-06 07:21:41,Preparing,568.2
3153,7812,85,Biryani,2022-04-04 07:21:41,Preparing,713.45
3154,3178,260,Rogan Josh,2023-08-27 07:21:41,Preparing,1278.0
3155,435,64,Rogan Josh,2022-06-28 07:21:41,Delivered,1251.54
3156,7934,469,Rogan Josh,2024-12-05 07:21:41,Cancelled,1413.21
3157,4716,215,Rogan Josh,2024-09-03 07:21:41,Preparing,1399.47
3158,2794,279,Biryani,2024-10-05 07:21:41,Delivered,1134.02
3159,9006,455,Chole Bhature,2023-06-13 07:21:41,Preparing,271.45
3160,5506,18,Mutton Curry,2022-05-22 07:21:41,Cancelled,977.59
3161,5771,335,Biryani,2022-08-28 07:21:41,Cancelled,271.52
3162,6281,259,Mutton Curry,2024-02-28 07:21:41,Cancelled,873.92
3163,8380,118,Dal Makhani,2022-07-27 07:21:41,Preparing,572.22
3164,2912,20,Paneer Tikka,2024-10-21 07:21:41,Preparing,1356.06
3165,9622,218,Rogan Josh,2022-04-05 07:21:41,Delivered,852.28
3166,3067,302,Chole Bhature,2024-03-23 07:21:41,Delivered,1082.46
3167,8986,111,Dal Makhani,2022-06-29 07:21:41,Preparing,738.08
3168,8895,474,Biryani,2024-10-04 07:21:41,Delivered,647.87
3169,907,464,Rogan Josh,2024-05-16 07:21:41,Preparing,845.74
3170,9115,100,Dal Makhani,2024-06-26 07:21:41,Cancelled,1160.19
3171,8080,323,Chole Bhature,2025-01-05 07:21:41,Delivered,1395.55
3172,5026,92,Paneer Tikka,2022-10-19 07:21:41,Delivered,707.33
3173,7855,489,Paneer Tikka,2024-07-29 07:21:41,Cancelled,224.98
3174,9669,110,Paneer Tikka,2023-04-13 07:21:41,Preparing,1429.32
3175,1208,339,Rogan Josh,2024-05-31 07:21:41,Delivered,937.03
3176,2623,28,Biryani,2024-07-30 07:21:41,Delivered,900.17
3177,3790,253,Paneer Tikka,2024-08-07 07:21:41,Cancelled,198.95
3178,5138,256,Dal Makhani,2024-07-26 07:21:41,Delivered,1025.59
3179,2682,261,Butter Chicken,2024-09-25 07:21:41,Delivered,271.58
3180,1966,103,Butter Chicken,2023-09-03 07:21:41,Cancelled,851.99
3181,4195,221,Paneer Tikka,2023-07-10 07:21:41,Preparing,132.61
3182,5531,287,Paneer Tikka,2023-05-16 07:21:41,Delivered,854.42
3183,6199,273,Dosa,2023-09-20 07:21:41,Preparing,869.98
3184,8508,333,Butter Chicken,2023-06-19 07:21:41,Delivered,485.64
3185,9753,338,Butter Chicken,2025-01-30 07:21:41,Preparing,566.58
3186,77,78,Dosa,2024-03-02 07:21:41,Cancelled,1152.21
3187,5848,209,Dosa,2023-11-14 07:21:41,Delivered,650.01
3188,111,287,Butter Chicken,2022-12-05 07:21:41,Delivered,1106.76
3189,9029,495,Samosa,2023-10-23 07:21:41,Cancelled,402.52
3190,7762,406,Paneer Tikka,2022-11-27 07:21:41,Cancelled,377.54
3191,9531,2,Dal Makhani,2023-11-04 07:21:41,Delivered,749.38
3192,4483,4,Paneer Tikka,2022-05-04 07:21:41,Cancelled,1368.53
3193,9130,442,Pani Puri,2023-11-19 07:21:41,Cancelled,551.52
3194,8852,54,Butter Chicken,2024-01-19 07:21:41,Preparing,966.18
3195,8078,453,Butter Chicken,2024-08-28 07:21:41,Cancelled,464.17
3196,3974,322,Chole Bhature,2024-04-03 07:21:41,Delivered,1217.2
3197,1726,417,Samosa,2024-02-20 07:21:41,Preparing,1270.79
3198,1498,345,Rogan Josh,2024-05-29 07:21:41,Cancelled,1448.35
3199,8901,354,Biryani,2023-08-16 07:21:41,Preparing,1265.31
3200,6322,498,Butter Chicken,2024-09-10 07:21:41,Delivered,1132.27
3201,3910,25,Pani Puri,2024-09-20 07:21:41,Delivered,809.09
3202,2907,83,Butter Chicken,2024-05-26 07:21:41,Preparing,1261.89
3203,5347,489,Pani Puri,2022-09-10 07:21:41,Delivered,397.09
3204,9373,224,Mutton Curry,2023-09-07 07:21:41,Delivered,744.85
3205,4380,470,Paneer Tikka,2024-12-11 07:21:41,Preparing,211.64
3206,3114,267,Pani Puri,2022-11-18 07:21:41,Preparing,1138.46
3207,1625,255,Paneer Tikka,2022-12-08 07:21:41,Preparing,968.03
3208,6964,140,Dosa,2023-03-21 07:21:41,Cancelled,698.49
3209,3124,82,Rogan Josh,2022-05-28 07:21:41,Preparing,193.33
3210,7495,421,Mutton Curry,2023-05-24 07:21:41,Cancelled,462.24
3211,9980,405,Samosa,2023-06-07 07:21:41,Preparing,690.26
3212,8612,254,Dal Makhani,2023-01-10 07:21:41,Cancelled,741.21
3213,8685,143,Samosa,2022-12-03 07:21:41,Preparing,292.38
3214,8582,469,Dosa,2023-04-05 07:21:41,Preparing,1415.15
3215,5986,28,Dosa,2024-09-13 07:21:41,Preparing,851.02
3216,9502,32,Chole Bhature,2024-06-28 07:21:41,Preparing,474.55
3217,1422,165,Rogan Josh,2022-05-27 07:21:41,Delivered,188.4
3218,4432,328,Biryani,2024-04-07 07:21:41,Delivered,948.96
3219,6856,29,Dal Makhani,2022-06-13 07:21:41,Delivered,727.06
3220,6064,372,Rogan Josh,2023-08-07 07:21:41,Cancelled,484.9
3221,1628,380,Samosa,2023-04-26 07:21:41,Delivered,985.33
3222,401,242,Dosa,2022-10-08 07:21:41,Delivered,888.24
3223,2288,157,Dal Makhani,2022-05-27 07:21:41,Delivered,1007.39
3224,667,454,Mutton Curry,2023-12-29 07:21:41,Preparing,1040.21
3225,7239,157,Biryani,2025-03-01 07:21:41,Delivered,1229.53
3226,4578,420,Biryani,2022-06-05 07:21:41,Delivered,996.79
3227,3994,415,Biryani,2024-10-22 07:21:41,Delivered,264.39
3228,836,252,Pani Puri,2022-06-01 07:21:41,Cancelled,699.19
3229,2092,418,Biryani,2022-09-18 07:21:41,Delivered,1147.4
3230,4712,190,Dal Makhani,2025-01-30 07:21:41,Delivered,558.31
3231,2740,386,Chole Bhature,2023-11-14 07:21:41,Delivered,326.47
3232,9267,138,Rogan Josh,2025-03-01 07:21:41,Preparing,1332.13
3233,1509,276,Dal Makhani,2024-03-28 07:21:41,Cancelled,704.25
3234,452,117,Paneer Tikka,2022-11-11 07:21:41,Cancelled,1123.8
3235,8704,384,Rogan Josh,2024-02-13 07:21:41,Cancelled,139.85
3236,2494,453,Rogan Josh,2024-08-16 07:21:41,Delivered,582.74
3237,5369,258,Dosa,2023-10-07 07:21:41,Delivered,1133.89
3238,5765,397,Dosa,2023-01-10 07:21:41,Cancelled,287.09
3239,5103,210,Pani Puri,2022-06-16 07:21:41,Delivered,1270.81
3240,3799,460,Biryani,2022-06-19 07:21:41,Preparing,648.09
3241,1449,479,Dal Makhani,2024-08-10 07:21:41,Delivered,1363.12
3242,5161,405,Chole Bhature,2023-07-15 07:21:41,Cancelled,1381.19
3243,8246,138,Biryani,2023-03-31 07:21:41,Cancelled,1226.86
3244,8214,34,Pani Puri,2022-03-17 07:21:41,Delivered,331.79
3245,4142,369,Samosa,2023-12-17 07:21:41,Delivered,1377.69
3246,274,7,Biryani,2024-12-03 07:21:41,Delivered,1379.83
3247,8159,94,Dosa,2024-04-17 07:21:41,Preparing,1090.73
3248,4087,27,Dosa,2024-03-22 07:21:41,Preparing,795.48
3249,3772,268,Dosa,2022-06-26 07:21:41,Cancelled,690.37
3250,4641,373,Samosa,2023-08-26 07:21:41,Cancelled,1354.76
3251,6809,475,Dal Makhani,2022-06-07 07:21:41,Preparing,275.61
3252,4420,136,Pani Puri,2022-11-08 07:21:41,Delivered,492.31
3253,7812,291,Pani Puri,2024-06-12 07:21:41,Preparing,887.47
3254,5520,147,Pani Puri,2023-04-25 07:21:41,Delivered,724.38
3255,6630,315,Butter Chicken,2024-05-01 07:21:41,Cancelled,1401.48
3256,302,350,Dosa,2022-10-12 07:21:41,Delivered,468.09
3257,4763,176,Biryani,2024-11-05 07:21:41,Cancelled,1423.08
3258,1697,217,Mutton Curry,2024-04-09 07:21:41,Delivered,1242.91
3259,1566,98,Samosa,2023-03-19 07:21:41,Delivered,1206.09
3260,5316,417,Pani Puri,2025-02-26 07:21:41,Delivered,774.01
3261,4731,325,Butter Chicken,2023-06-19 07:21:41,Cancelled,542.68
3262,8033,473,Paneer Tikka,2023-08-16 07:21:41,Preparing,816.54
3263,8593,434,Chole Bhature,2023-12-17 07:21:41,Cancelled,374.77
3264,7696,229,Mutton Curry,2022-10-03 07:21:41,Cancelled,114.61
3265,6798,285,Paneer Tikka,2023-03-25 07:21:41,Preparing,165.92
3266,9284,299,Rogan Josh,2024-07-02 07:21:41,Delivered,878.14
3267,9586,214,Biryani,2024-02-06 07:21:41,Cancelled,589.5
3268,465,488,Dosa,2023-08-18 07:21:41,Preparing,336.08
3269,6685,69,Samosa,2022-10-07 07:21:41,Cancelled,717.52
3270,5122,50,Dosa,2023-03-09 07:21:41,Delivered,1174.9
3271,4094,355,Paneer Tikka,2024-01-07 07:21:41,Preparing,651.11
3272,8173,424,Butter Chicken,2023-12-12 07:21:41,Delivered,1227.93
3273,4813,203,Paneer Tikka,2023-02-06 07:21:41,Delivered,1158.07
3274,6434,149,Chole Bhature,2024-02-18 07:21:41,Preparing,1421.83
3275,4249,34,Dosa,2023-07-01 07:21:41,Preparing,525.46
3276,1258,457,Dosa,2024-12-05 07:21:41,Delivered,998.81
3277,5515,135,Dosa,2024-02-26 07:21:41,Delivered,1231.06
3278,1455,275,Pani Puri,2024-09-04 07:21:41,Preparing,1146.38
3279,1038,428,Mutton Curry,2025-01-21 07:21:41,Cancelled,192.25
3280,4574,227,Pani Puri,2023-01-20 07:21:41,Preparing,1221.53
3281,8204,435,Chole Bhature,2023-12-29 07:21:41,Delivered,575.77
3282,5069,136,Pani Puri,2023-04-25 07:21:41,Preparing,1498.65
3283,2267,178,Paneer Tikka,2022-07-20 07:21:41,Preparing,711.94
3284,271,434,Pani Puri,2022-09-09 07:21:41,Preparing,352.86
3285,502,126,Rogan Josh,2023-07-28 07:21:41,Delivered,490.47
3286,2375,93,Rogan Josh,2022-10-25 07:21:41,Preparing,969.08
3287,5426,470,Paneer Tikka,2023-11-27 07:21:41,Cancelled,327.06
3288,5771,31,Biryani,2022-07-02 07:21:41,Delivered,555.23
3289,9461,274,Butter Chicken,2024-05-19 07:21:41,Cancelled,1420.92
3290,5134,88,Pani Puri,2023-08-14 07:21:41,Delivered,885.52
3291,650,348,Mutton Curry,2024-01-16 07:21:41,Preparing,894.39
3292,1125,158,Pani Puri,2023-10-02 07:21:41,Cancelled,1244.52
3293,8258,371,Biryani,2022-12-21 07:21:41,Preparing,815.04
3294,5356,103,Pani Puri,2022-11-01 07:21:41,Preparing,1359.25
3295,5601,295,Dosa,2024-02-02 07:21:41,Cancelled,1205.0
3296,8884,219,Pani Puri,2024-04-15 07:21:41,Cancelled,719.42
3297,3855,389,Rogan Josh,2023-04-04 07:21:41,Cancelled,1440.58
3298,5029,241,Chole Bhature,2024-04-15 07:21:41,Preparing,1409.55
3299,1655,277,Butter Chicken,2022-05-15 07:21:41,Cancelled,1127.84
3300,8389,359,Samosa,2024-01-15 07:21:41,Cancelled,1249.28
3301,4809,497,Dal Makhani,2023-03-01 07:21:41,Preparing,1187.47
3302,6776,311,Rogan Josh,2024-02-20 07:21:41,Cancelled,1363.0
3303,7917,462,Biryani,2023-09-15 07:21:41,Cancelled,520.53
3304,2759,446,Rogan Josh,2024-01-12 07:21:41,Delivered,764.28
3305,8633,410,Mutton Curry,2022-12-24 07:21:41,Delivered,1497.33
3306,6620,143,Mutton Curry,2024-08-18 07:21:41,Preparing,445.64
3307,5429,342,Chole Bhature,2024-08-22 07:21:41,Cancelled,475.96
3308,8042,498,Chole Bhature,2023-07-19 07:21:41,Preparing,876.96
3309,9081,226,Dal Makhani,2025-01-10 07:21:41,Cancelled,665.06
3310,3497,142,Paneer Tikka,2022-04-17 07:21:41,Cancelled,715.66
3311,6885,107,Samosa,2024-12-10 07:21:41,Delivered,977.14
3312,3511,80,Dal Makhani,2022-10-30 07:21:41,Cancelled,1468.16
3313,501,208,Chole Bhature,2024-03-11 07:21:41,Cancelled,832.93
3314,3322,478,Samosa,2024-10-15 07:21:41,Preparing,367.74
3315,7919,101,Samosa,2023-07-13 07:21:41,Preparing,856.52
3316,9384,81,Pani Puri,2024-12-20 07:21:41,Cancelled,675.66
3317,8737,218,Samosa,2024-04-24 07:21:41,Delivered,135.21
3318,9749,361,Dosa,2023-06-01 07:21:41,Preparing,244.81
3319,5056,68,Biryani,2023-02-12 07:21:41,Cancelled,212.17
3320,3808,178,Rogan Josh,2022-07-01 07:21:41,Delivered,856.97
3321,2901,29,Samosa,2023-12-04 07:21:41,Preparing,174.3
3322,897,324,Chole Bhature,2024-08-19 07:21:41,Cancelled,1277.87
3323,2062,436,Paneer Tikka,2023-07-25 07:21:41,Delivered,1260.29
3324,7390,73,Pani Puri,2023-11-15 07:21:41,Preparing,114.0
3325,2574,167,Biryani,2025-02-03 07:21:41,Preparing,1275.08
3326,8052,327,Dosa,2023-01-05 07:21:41,Delivered,452.46
3327,5956,43,Dal Makhani,2022-09-28 07:21:41,Preparing,986.66
3328,6479,129,Samosa,2024-12-29 07:21:41,Delivered,1271.14
3329,876,170,Biryani,2023-02-26 07:21:41,Delivered,1250.49
3330,3741,157,Butter Chicken,2024-10-23 07:21:41,Preparing,1232.23
3331,5439,311,Chole Bhature,2023-05-11 07:21:41,Delivered,1419.65
3332,6601,259,Paneer Tikka,2023-07-29 07:21:41,Preparing,679.51
3333,8122,406,Butter Chicken,2024-09-22 07:21:41,Delivered,1003.67
3334,1050,420,Paneer Tikka,2024-05-07 07:21:41,Preparing,1075.71
3335,8072,131,Dosa,2023-07-30 07:21:41,Preparing,816.01
3336,2121,396,Chole Bhature,2024-05-01 07:21:41,Delivered,923.3
3337,259,333,Butter Chicken,2022-12-03 07:21:41,Delivered,169.2
3338,4085,363,Butter Chicken,2024-03-05 07:21:41,Cancelled,272.69
3339,9962,288,Rogan Josh,2023-05-17 07:21:41,Delivered,464.57
3340,3709,92,Butter Chicken,2025-01-31 07:21:41,Preparing,383.46
3341,7423,253,Butter Chicken,2023-12-16 07:21:41,Cancelled,285.79
3342,8622,454,Paneer Tikka,2023-06-28 07:21:41,Delivered,1326.69
3343,899,438,Pani Puri,2023-05-04 07:21:41,Delivered,729.86
3344,5803,423,Chole Bhature,2023-01-29 07:21:41,Delivered,253.38
3345,7053,473,Dal Makhani,2022-09-19 07:21:41,Cancelled,821.71
3346,56,419,Paneer Tikka,2024-03-30 07:21:41,Cancelled,527.49
3347,7876,461,Dosa,2025-01-17 07:21:41,Cancelled,133.23
3348,2017,182,Butter Chicken,2024-12-07 07:21:41,Cancelled,891.39
3349,6121,70,Samosa,2022-08-11 07:21:41,Delivered,755.82
3350,1148,125,Dal Makhani,2023-04-29 07:21:41,Cancelled,1340.22
3351,3204,120,Dal Makhani,2025-01-07 07:21:41,Cancelled,229.31
3352,9908,159,Pani Puri,2024-05-16 07:21:41,Cancelled,272.93
3353,8702,447,Dosa,2024-01-22 07:21:41,Cancelled,333.98
3354,9490,382,Butter Chicken,2023-07-18 07:21:41,Cancelled,959.6
3355,5958,306,Pani Puri,2025-02-12 07:21:41,Cancelled,1480.81
3356,5559,151,Samosa,2023-01-10 07:21:41,Preparing,520.29
3357,9887,201,Chole Bhature,2024-06-16 07:21:41,Preparing,1260.27
3358,8929,58,Dosa,2023-01-28 07:21:41,Delivered,457.32
3359,5864,373,Samosa,2023-04-20 07:21:41,Delivered,1479.09
3360,7819,364,Dosa,2024-11-12 07:21:41,Delivered,104.27
3361,3864,148,Biryani,2023-11-07 07:21:41,Delivered,679.78
3362,1066,366,Dal Makhani,2022-11-28 07:21:41,Cancelled,651.97
3363,5410,486,Chole Bhature,2022-04-19 07:21:41,Preparing,1467.3
3364,1886,2,Chole Bhature,2023-06-13 07:21:41,Preparing,987.89
3365,7333,468,Samosa,2024-07-09 07:21:41,Preparing,1495.63
3366,457,13,Pani Puri,2025-01-14 07:21:41,Delivered,1397.73
3367,5431,144,Butter Chicken,2024-10-19 07:21:41,Cancelled,1151.37
3368,9513,138,Butter Chicken,2022-11-29 07:21:41,Cancelled,540.42
3369,1004,109,Butter Chicken,2022-06-12 07:21:41,Delivered,1100.09
3370,2821,228,Dal Makhani,2024-06-17 07:21:41,Cancelled,922.05
3371,4698,489,Biryani,2024-04-30 07:21:41,Preparing,1159.59
3372,1114,292,Biryani,2022-07-23 07:21:41,Cancelled,1005.39
3373,5933,344,Dal Makhani,2025-01-14 07:21:41,Cancelled,152.88
3374,5794,140,Mutton Curry,2024-10-30 07:21:41,Delivered,1034.88
3375,7511,270,Dosa,2024-10-13 07:21:41,Cancelled,691.88
3376,2233,162,Dal Makhani,2025-02-08 07:21:41,Preparing,1016.82
3377,8581,399,Dosa,2022-07-21 07:21:41,Cancelled,802.52
3378,1080,75,Dal Makhani,2024-07-14 07:21:41,Preparing,754.32
3379,9655,198,Samosa,2024-08-16 07:21:41,Preparing,115.97
3380,8710,124,Chole Bhature,2022-08-06 07:21:41,Delivered,1108.0
3381,5759,163,Chole Bhature,2024-06-12 07:21:41,Preparing,1263.54
3382,8319,230,Mutton Curry,2024-08-02 07:21:41,Cancelled,406.22
3383,1457,84,Pani Puri,2024-05-20 07:21:41,Cancelled,1043.79
3384,7721,157,Dosa,2023-09-25 07:21:41,Delivered,1087.96
3385,6711,482,Rogan Josh,2024-10-12 07:21:41,Preparing,1176.75
3386,4520,303,Dosa,2025-03-03 07:21:41,Cancelled,1439.06
3387,4366,325,Paneer Tikka,2022-06-08 07:21:41,Cancelled,1255.62
3388,160,409,Samosa,2023-02-26 07:21:41,Cancelled,811.2
3389,2239,46,Mutton Curry,2024-02-23 07:21:41,Cancelled,1173.38
3390,8435,454,Dosa,2022-04-07 07:21:41,Preparing,1378.62
3391,4575,312,Paneer Tikka,2024-09-04 07:21:41,Delivered,721.08
3392,7449,235,Rogan Josh,2022-12-13 07:21:41,Preparing,190.23
3393,222,449,Chole Bhature,2024-05-11 07:21:41,Delivered,1485.89
3394,8061,364,Biryani,2022-03-13 07:21:41,Cancelled,1172.15
3395,3371,155,Rogan Josh,2024-03-14 07:21:41,Preparing,402.68
3396,7042,340,Butter Chicken,2023-08-08 07:21:41,Cancelled,1468.45
3397,8509,256,Pani Puri,2022-10-29 07:21:41,Cancelled,284.07
3398,7015,427,Paneer Tikka,2022-11-05 07:21:41,Preparing,574.11
3399,7514,10,Biryani,2023-10-27 07:21:41,Preparing,708.22
3400,6119,222,Pani Puri,2024-04-08 07:21:41,Cancelled,1479.62
3401,3702,226,Dosa,2022-06-22 07:21:41,Preparing,486.94
3402,1030,216,Butter Chicken,2022-05-05 07:21:41,Delivered,974.91
3403,9464,220,Paneer Tikka,2023-01-02 07:21:41,Delivered,1304.58
3404,7672,150,Butter Chicken,2022-11-20 07:21:41,Cancelled,672.89
3405,3633,7,Mutton Curry,2022-12-25 07:21:41,Preparing,986.96
3406,105,342,Samosa,2024-11-26 07:21:41,Preparing,288.54
3407,421,140,Mutton Curry,2023-01-13 07:21:41,Cancelled,1183.94
3408,8507,440,Dosa,2022-11-10 07:21:41,Preparing,1477.92
3409,7399,256,Pani Puri,2022-11-30 07:21:41,Preparing,300.3
3410,5911,2,Biryani,2023-11-08 07:21:41,Delivered,459.48
3411,2201,225,Biryani,2024-09-19 07:21:41,Cancelled,1392.64
3412,2157,461,Butter Chicken,2023-03-23 07:21:41,Preparing,1479.28
3413,4410,269,Rogan Josh,2022-09-10 07:21:41,Preparing,797.46
3414,4215,134,Rogan Josh,2023-07-07 07:21:41,Delivered,528.33
3415,133,48,Chole Bhature,2023-09-20 07:21:41,Preparing,286.93
3416,2294,170,Samosa,2024-03-06 07:21:41,Preparing,357.25
3417,3140,376,Chole Bhature,2023-01-04 07:21:41,Preparing,456.57
3418,6043,350,Pani Puri,2024-04-25 07:21:41,Preparing,1476.41
3419,5454,291,Biryani,2023-03-06 07:21:41,Preparing,1445.34
3420,1539,127,Paneer Tikka,2023-08-13 07:21:41,Preparing,703.94
3421,8473,292,Paneer Tikka,2022-07-25 07:21:41,Cancelled,1198.25
3422,2761,439,Paneer Tikka,2022-09-24 07:21:41,Delivered,151.06
3423,6123,70,Chole Bhature,2022-10-06 07:21:41,Delivered,263.99
3424,3111,268,Biryani,2024-03-29 07:21:41,Cancelled,1034.04
3425,173,34,Samosa,2022-11-04 07:21:41,Delivered,635.16
3426,4188,462,Mutton Curry,2023-05-09 07:21:41,Delivered,687.1
3427,6897,103,Butter Chicken,2023-01-03 07:21:41,Preparing,440.03
3428,3181,400,Dosa,2024-04-29 07:21:41,Cancelled,848.0
3429,3263,98,Dosa,2024-06-27 07:21:41,Cancelled,1212.97
3430,4982,58,Biryani,2024-02-22 07:21:41,Cancelled,1343.55
3431,2981,259,Pani Puri,2022-11-01 07:21:41,Cancelled,716.46
3432,6151,210,Pani Puri,2022-11-21 07:21:41,Cancelled,1373.03
3433,8375,96,Pani Puri,2022-08-08 07:21:41,Cancelled,684.53
3434,763,66,Paneer Tikka,2024-04-01 07:21:41,Cancelled,728.75
3435,9802,452,Chole Bhature,2022-06-30 07:21:41,Preparing,782.52
3436,5106,394,Rogan Josh,2023-02-18 07:21:41,Preparing,345.58
3437,5559,476,Dosa,2022-05-07 07:21:41,Delivered,686.87
3438,7942,260,Pani Puri,2024-06-18 07:21:41,Delivered,242.27
3439,128,47,Butter Chicken,2023-08-21 07:21:41,Delivered,1351.76
3440,534,117,Dosa,2022-07-23 07:21:41,Delivered,107.12
3441,9601,164,Butter Chicken,2022-07-03 07:21:41,Preparing,466.13
3442,3917,6,Dosa,2023-08-01 07:21:41,Delivered,1242.25
3443,4003,4,Dal Makhani,2023-01-26 07:21:41,Cancelled,216.8
3444,7182,116,Dal Makhani,2023-02-01 07:21:41,Cancelled,1492.2
3445,4171,113,Biryani,2024-08-01 07:21:41,Cancelled,785.84
3446,1426,129,Samosa,2024-03-14 07:21:41,Cancelled,279.02
3447,8239,416,Samosa,2024-06-04 07:21:41,Delivered,1253.22
3448,7884,8,Pani Puri,2023-08-31 07:21:41,Preparing,821.76
3449,9840,76,Samosa,2022-09-22 07:21:41,Delivered,1463.93
3450,1408,3,Rogan Josh,2022-07-09 07:21:41,Delivered,617.04
3451,3494,428,Samosa,2025-02-20 07:21:41,Delivered,948.53
3452,4632,135,Pani Puri,2025-02-04 07:21:41,Preparing,1185.11
3453,3292,299,Pani Puri,2023-06-09 07:21:41,Cancelled,440.16
3454,5264,338,Biryani,2022-07-17 07:21:41,Cancelled,1296.66
3455,7832,397,Pani Puri,2023-05-23 07:21:41,Cancelled,1238.59
3456,8415,19,Dosa,2023-01-29 07:21:41,Cancelled,748.43
3457,6048,300,Butter Chicken,2023-06-10 07:21:41,Delivered,1035.19
3458,6037,159,Samosa,2022-09-09 07:21:41,Cancelled,755.64
3459,7998,344,Samosa,2024-08-09 07:21:41,Delivered,393.07
3460,5964,178,Chole Bhature,2022-09-22 07:21:41,Delivered,1447.17
3461,1524,464,Rogan Josh,2024-05-17 07:21:41,Delivered,1475.27
3462,1268,116,Biryani,2024-01-29 07:21:41,Preparing,1019.12
3463,7476,114,Butter Chicken,2024-06-07 07:21:41,Cancelled,310.69
3464,1323,467,Butter Chicken,2025-02-28 07:21:41,Preparing,1292.08
3465,9724,355,Rogan Josh,2024-07-28 07:21:41,Preparing,409.92
3466,1635,161,Paneer Tikka,2024-05-25 07:21:41,Delivered,1237.08
3467,4429,383,Mutton Curry,2023-11-02 07:21:41,Cancelled,246.49
3468,8340,488,Chole Bhature,2023-03-01 07:21:41,Delivered,821.01
3469,7881,450,Mutton Curry,2022-08-16 07:21:41,Preparing,1423.15
3470,5204,192,Pani Puri,2022-10-14 07:21:41,Cancelled,152.34
3471,4199,103,Chole Bhature,2024-11-09 07:21:41,Cancelled,521.88
3472,521,234,Samosa,2022-10-16 07:21:41,Preparing,1397.19
3473,1929,172,Paneer Tikka,2022-06-28 07:21:41,Cancelled,207.47
3474,8784,205,Samosa,2023-04-01 07:21:41,Cancelled,454.19
3475,1280,473,Butter Chicken,2022-04-10 07:21:41,Preparing,1481.75
3476,9269,211,Butter Chicken,2024-09-18 07:21:41,Cancelled,1463.79
3477,9394,387,Paneer Tikka,2024-08-12 07:21:41,Preparing,1024.56
3478,464,274,Pani Puri,2023-05-29 07:21:41,Preparing,1095.27
3479,7375,443,Pani Puri,2024-05-28 07:21:41,Delivered,811.19
3480,6507,372,Paneer Tikka,2023-01-24 07:21:41,Cancelled,312.1
3481,3672,445,Chole Bhature,2024-10-19 07:21:41,Preparing,733.93
3482,6873,123,Samosa,2023-09-01 07:21:41,Preparing,440.68
3483,1366,254,Samosa,2024-12-06 07:21:41,Delivered,1229.39
3484,7834,339,Paneer Tikka,2022-04-25 07:21:41,Preparing,761.8
3485,8461,367,Samosa,2024-02-26 07:21:41,Preparing,527.1
3486,7140,197,Butter Chicken,2025-01-09 07:21:41,Delivered,369.2
3487,312,146,Chole Bhature,2022-06-30 07:21:41,Preparing,131.33
3488,3840,133,Paneer Tikka,2023-04-20 07:21:41,Delivered,394.97
3489,9785,436,Dosa,2022-10-26 07:21:41,Delivered,1496.36
3490,6722,374,Pani Puri,2024-07-03 07:21:41,Cancelled,149.94
3491,9197,106,Mutton Curry,2023-04-03 07:21:41,Delivered,764.33
3492,9574,424,Pani Puri,2023-10-05 07:21:41,Preparing,417.25
3493,2477,149,Rogan Josh,2023-05-30 07:21:41,Cancelled,756.5
3494,4350,397,Butter Chicken,2025-02-28 07:21:41,Cancelled,1420.22
3495,4708,238,Butter Chicken,2024-11-20 07:21:41,Cancelled,395.08
3496,726,124,Dal Makhani,2022-09-20 07:21:41,Cancelled,1149.89
3497,458,48,Dosa,2025-02-17 07:21:41,Preparing,1435.4
3498,7480,478,Samosa,2022-03-28 07:21:41,Cancelled,1238.66
3499,3625,405,Chole Bhature,2022-11-03 07:21:41,Delivered,1263.17
3500,9989,268,Butter Chicken,2023-01-30 07:21:41,Delivered,155.84
3501,1293,326,Biryani,2025-02-04 07:21:41,Preparing,1115.41
3502,8276,109,Butter Chicken,2023-04-25 07:21:41,Cancelled,1486.31
3503,8131,350,Chole Bhature,2023-12-25 07:21:41,Preparing,624.8
3504,586,369,Chole Bhature,2023-11-23 07:21:41,Preparing,500.25
3505,6985,355,Rogan Josh,2022-10-03 07:21:41,Preparing,696.38
3506,2319,12,Mutton Curry,2022-06-10 07:21:41,Preparing,668.86
3507,1841,287,Mutton Curry,2023-11-08 07:21:41,Cancelled,851.87
3508,8679,298,Dosa,2024-06-20 07:21:41,Cancelled,889.57
3509,62,240,Rogan Josh,2022-06-01 07:21:41,Delivered,935.45
3510,9411,250,Dosa,2023-10-02 07:21:41,Cancelled,1116.64
3511,449,277,Dal Makhani,2024-01-26 07:21:41,Cancelled,411.19
3512,1482,388,Mutton Curry,2024-07-26 07:21:41,Preparing,575.52
3513,1179,166,Pani Puri,2025-02-14 07:21:41,Cancelled,529.83
3514,3310,40,Paneer Tikka,2023-09-12 07:21:41,Preparing,693.82
3515,2114,35,Mutton Curry,2024-01-28 07:21:41,Preparing,1345.93
3516,9090,58,Samosa,2023-09-12 07:21:41,Preparing,1152.76
3517,1755,466,Dosa,2023-04-12 07:21:41,Preparing,826.59
3518,479,260,Chole Bhature,2022-09-12 07:21:41,Cancelled,1195.5
3519,2066,297,Dosa,2024-01-05 07:21:41,Delivered,1132.33
3520,1104,429,Dosa,2023-10-19 07:21:41,Preparing,584.44
3521,8054,320,Rogan Josh,2023-06-10 07:21:41,Preparing,534.09
3522,3040,300,Mutton Curry,2022-07-18 07:21:41,Preparing,260.05
3523,161,431,Dal Makhani,2025-01-28 07:21:41,Delivered,624.73
3524,6739,475,Butter Chicken,2023-04-11 07:21:41,Cancelled,542.73
3525,579,120,Biryani,2024-06-04 07:21:41,Cancelled,674.88
3526,4193,175,Rogan Josh,2023-09-26 07:21:41,Delivered,889.94
3527,7727,40,Dosa,2024-12-18 07:21:41,Preparing,721.8
3528,2049,131,Dal Makhani,2024-07-24 07:21:41,Cancelled,628.57
3529,6889,399,Biryani,2023-05-16 07:21:41,Cancelled,696.84
3530,7802,380,Butter Chicken,2024-03-17 07:21:41,Preparing,1177.92
3531,9473,19,Biryani,2024-05-29 07:21:41,Preparing,531.78
3532,6080,424,Dosa,2022-05-20 07:21:41,Delivered,618.11
3533,8528,390,Chole Bhature,2024-10-11 07:21:41,Delivered,870.74
3534,2069,226,Butter Chicken,2024-10-20 07:21:41,Preparing,737.37
3535,3635,234,Paneer Tikka,2023-10-17 07:21:41,Delivered,565.84
3536,8667,392,Chole Bhature,2022-12-06 07:21:41,Cancelled,112.17
3537,7426,388,Paneer Tikka,2023-05-23 07:21:41,Preparing,528.62
3538,9583,263,Butter Chicken,2022-09-30 07:21:41,Cancelled,1100.93
3539,4332,276,Rogan Josh,2023-06-11 07:21:41,Preparing,1484.76
3540,7771,374,Chole Bhature,2024-11-08 07:21:41,Preparing,1086.3
3541,5055,49,Samosa,2024-05-31 07:21:41,Cancelled,518.58
3542,1474,192,Biryani,2023-07-15 07:21:41,Delivered,1180.03
3543,8378,471,Biryani,2024-09-13 07:21:41,Delivered,1202.65
3544,1718,449,Chole Bhature,2023-03-05 07:21:41,Cancelled,415.33
3545,3564,254,Dosa,2022-08-02 07:21:41,Preparing,391.36
3546,3505,246,Paneer Tikka,2022-12-02 07:21:41,Delivered,1092.32
3547,6647,285,Pani Puri,2022-04-28 07:21:41,Delivered,270.07
3548,1447,425,Dosa,2023-05-06 07:21:41,Delivered,839.98
3549,7158,370,Paneer Tikka,2023-11-22 07:21:41,Preparing,418.41
3550,3068,458,Biryani,2022-11-06 07:21:41,Preparing,525.38
3551,1461,241,Biryani,2022-06-14 07:21:41,Preparing,644.91
3552,1644,486,Rogan Josh,2024-05-06 07:21:41,Delivered,906.3
3553,772,498,Pani Puri,2023-05-25 07:21:41,Preparing,1246.24
3554,8723,19,Butter Chicken,2024-10-23 07:21:41,Preparing,1458.74
3555,5452,468,Rogan Josh,2022-04-03 07:21:41,Preparing,200.71
3556,1603,348,Rogan Josh,2025-01-25 07:21:41,Cancelled,633.37
3557,3279,347,Rogan Josh,2023-06-19 07:21:41,Preparing,592.49
3558,6753,105,Samosa,2024-02-27 07:21:41,Delivered,756.82
3559,9682,109,Dal Makhani,2024-10-09 07:21:41,Preparing,802.85
3560,2572,474,Mutton Curry,2023-10-25 07:21:41,Preparing,190.73
3561,6977,131,Mutton Curry,2024-08-06 07:21:41,Delivered,614.42
3562,9124,229,Pani Puri,2023-07-28 07:21:41,Preparing,1136.25
3563,4271,289,Samosa,2024-10-05 07:21:41,Cancelled,1059.9
3564,5705,472,Dal Makhani,2022-07-01 07:21:41,Preparing,1204.61
3565,514,10,Paneer Tikka,2023-04-07 07:21:41,Cancelled,757.96
3566,9185,372,Rogan Josh,2025-02-28 07:21:41,Cancelled,1280.22
3567,4063,395,Biryani,2024-02-04 07:21:41,Preparing,533.53
3568,250,43,Pani Puri,2024-02-13 07:21:41,Cancelled,563.89
3569,8104,301,Chole Bhature,2024-03-21 07:21:41,Delivered,1131.76
3570,9175,202,Biryani,2022-09-24 07:21:41,Cancelled,1154.46
3571,8532,95,Paneer Tikka,2023-07-28 07:21:41,Preparing,818.58
3572,7749,128,Rogan Josh,2023-03-14 07:21:41,Cancelled,975.57
3573,7099,128,Biryani,2024-04-27 07:21:41,Preparing,1216.73
3574,433,116,Dosa,2023-02-07 07:21:41,Delivered,245.47
3575,3332,40,Butter Chicken,2024-11-08 07:21:41,Delivered,1275.18
3576,1067,286,Chole Bhature,2024-07-21 07:21:41,Cancelled,738.43
3577,6582,276,Biryani,2024-08-29 07:21:41,Cancelled,1116.79
3578,7555,336,Mutton Curry,2023-11-05 07:21:41,Preparing,1482.71
3579,7650,384,Samosa,2024-10-13 07:21:41,Preparing,1374.67
3580,9691,377,Butter Chicken,2024-12-06 07:21:41,Cancelled,424.83
3581,6651,192,Samosa,2024-08-25 07:21:41,Cancelled,1156.47
3582,8830,161,Pani Puri,2024-07-14 07:21:41,Delivered,231.82
3583,9550,206,Dal Makhani,2025-02-10 07:21:41,Preparing,606.3
3584,2567,9,Chole Bhature,2024-09-28 07:21:41,Preparing,662.6
3585,3440,299,Chole Bhature,2024-04-29 07:21:41,Cancelled,1022.9
3586,7800,409,Butter Chicken,2023-03-03 07:21:41,Cancelled,1492.86
3587,8871,25,Paneer Tikka,2022-06-02 07:21:41,Preparing,1056.96
3588,5908,92,Paneer Tikka,2023-07-01 07:21:41,Preparing,719.82
3589,715,217,Paneer Tikka,2022-07-13 07:21:41,Preparing,724.35
3590,7822,479,Dosa,2022-03-18 07:21:41,Delivered,1268.28
3591,6277,96,Pani Puri,2024-05-12 07:21:41,Preparing,239.51
3592,8110,176,Butter Chicken,2024-08-12 07:21:41,Preparing,601.1
3593,578,8,Mutton Curry,2022-04-29 07:21:41,Delivered,589.24
3594,5265,162,Dosa,2022-04-19 07:21:41,Preparing,1297.74
3595,8464,356,Dal Makhani,2024-03-10 07:21:41,Delivered,576.49
3596,27,248,Biryani,2023-06-20 07:21:41,Cancelled,508.19
3597,9519,485,Dal Makhani,2023-02-06 07:21:41,Cancelled,657.12
3598,4019,14,Mutton Curry,2023-04-12 07:21:41,Cancelled,645.01
3599,4389,39,Pani Puri,2024-01-04 07:21:41,Cancelled,1389.12
3600,5009,241,Butter Chicken,2022-05-25 07:21:41,Delivered,1066.52
3601,8532,232,Rogan Josh,2022-04-05 07:21:41,Cancelled,319.46
3602,3994,38,Rogan Josh,2024-10-22 07:21:41,Preparing,218.11
3603,2259,391,Dosa,2023-11-25 07:21:41,Preparing,219.08
3604,8481,165,Chole Bhature,2022-09-02 07:21:41,Preparing,891.03
3605,1,26,Butter Chicken,2022-05-16 07:21:41,Cancelled,1000.21
3606,3211,9,Dosa,2024-04-14 07:21:41,Preparing,822.33
3607,3670,289,Samosa,2023-03-31 07:21:41,Delivered,561.9
3608,40,264,Mutton Curry,2024-12-19 07:21:41,Cancelled,949.37
3609,8727,389,Biryani,2024-10-30 07:21:41,Cancelled,1444.3
3610,6744,289,Paneer Tikka,2025-01-13 07:21:41,Cancelled,565.96
3611,2135,234,Dosa,2024-07-16 07:21:41,Cancelled,471.2
3612,6720,214,Dosa,2023-11-23 07:21:41,Cancelled,281.08
3613,1194,356,Dosa,2022-05-11 07:21:41,Preparing,1005.41
3614,841,11,Samosa,2023-08-27 07:21:41,Preparing,176.38
3615,5002,411,Rogan Josh,2024-06-03 07:21:41,Cancelled,883.94
3616,8957,366,Dal Makhani,2022-12-22 07:21:41,Delivered,917.82
3617,7864,249,Paneer Tikka,2023-02-05 07:21:41,Delivered,1035.84
3618,4446,338,Dosa,2023-03-02 07:21:41,Preparing,574.51
3619,2520,263,Chole Bhature,2022-11-11 07:21:41,Preparing,186.6
3620,228,199,Rogan Josh,2024-08-26 07:21:41,Preparing,901.97
3621,1031,149,Rogan Josh,2025-01-23 07:21:41,Cancelled,1380.68
3622,4463,123,Butter Chicken,2022-09-25 07:21:41,Cancelled,470.69
3623,1259,484,Chole Bhature,2024-06-03 07:21:41,Preparing,339.93
3624,4905,214,Butter Chicken,2023-10-22 07:21:41,Preparing,666.08
3625,5394,493,Paneer Tikka,2025-02-28 07:21:41,Delivered,1081.52
3626,8552,132,Biryani,2023-03-07 07:21:41,Preparing,379.58
3627,8650,316,Butter Chicken,2022-12-05 07:21:41,Preparing,1271.63
3628,8428,166,Dal Makhani,2025-01-29 07:21:41,Cancelled,539.17
3629,2249,236,Pani Puri,2022-06-25 07:21:41,Cancelled,1077.17
3630,387,215,Paneer Tikka,2024-10-15 07:21:41,Cancelled,234.57
3631,4997,94,Pani Puri,2023-07-27 07:21:41,Preparing,282.34
3632,874,353,Chole Bhature,2024-04-10 07:21:41,Preparing,828.98
3633,7508,185,Pani Puri,2022-04-06 07:21:41,Delivered,1268.08
3634,3317,187,Biryani,2022-11-11 07:21:41,Cancelled,727.95
3635,8222,297,Mutton Curry,2023-08-06 07:21:41,Preparing,446.2
3636,3339,380,Biryani,2023-02-10 07:21:41,Cancelled,612.77
3637,1592,219,Biryani,2023-11-03 07:21:41,Preparing,537.87
3638,7680,374,Dosa,2025-01-06 07:21:41,Preparing,1420.46
3639,4486,295,Biryani,2024-05-05 07:21:41,Preparing,1469.07
3640,68,288,Paneer Tikka,2023-11-19 07:21:41,Cancelled,354.15
3641,7993,266,Mutton Curry,2022-04-11 07:21:41,Cancelled,1430.44
3642,9466,436,Paneer Tikka,2024-10-07 07:21:41,Delivered,1009.18
3643,4869,326,Dosa,2024-03-08 07:21:41,Delivered,321.62
3644,8536,294,Chole Bhature,2022-11-30 07:21:41,Preparing,1153.47
3645,3278,359,Dal Makhani,2025-01-26 07:21:41,Cancelled,890.13
3646,6613,13,Biryani,2023-07-20 07:21:41,Cancelled,258.48
3647,1944,99,Dal Makhani,2023-12-25 07:21:41,Cancelled,1439.14
3648,7552,129,Dosa,2023-03-22 07:21:41,Delivered,271.1
3649,1143,432,Dal Makhani,2022-04-12 07:21:41,Delivered,670.97
3650,7483,360,Chole Bhature,2022-12-14 07:21:41,Preparing,1000.94
3651,951,71,Chole Bhature,2024-03-25 07:21:41,Preparing,537.81
3652,7655,138,Dal Makhani,2024-08-04 07:21:41,Preparing,1332.4
3653,3864,397,Butter Chicken,2022-05-10 07:21:41,Delivered,628.18
3654,917,179,Dosa,2022-10-14 07:21:41,Cancelled,392.65
3655,9983,171,Butter Chicken,2023-09-19 07:21:41,Delivered,1498.12
3656,420,74,Dal Makhani,2024-09-12 07:21:41,Delivered,662.62
3657,9698,101,Dal Makhani,2024-06-18 07:21:41,Delivered,611.33
3658,1620,453,Paneer Tikka,2024-01-17 07:21:41,Delivered,1433.1
3659,274,118,Mutton Curry,2023-06-29 07:21:41,Delivered,229.4
3660,4147,135,Paneer Tikka,2024-12-27 07:21:41,Preparing,922.0
3661,5416,336,Dosa,2023-01-29 07:21:41,Preparing,1170.98
3662,9384,34,Dosa,2025-02-17 07:21:41,Delivered,576.0
3663,2550,457,Pani Puri,2024-06-05 07:21:41,Preparing,1115.08
3664,5593,475,Dosa,2023-12-13 07:21:41,Delivered,1470.58
3665,6600,12,Dal Makhani,2023-06-11 07:21:41,Cancelled,931.88
3666,2789,96,Dal Makhani,2022-10-30 07:21:41,Cancelled,1463.85
3667,5875,116,Mutton Curry,2025-02-17 07:21:41,Preparing,938.01
3668,334,412,Pani Puri,2023-11-24 07:21:41,Delivered,1386.81
3669,914,199,Pani Puri,2025-02-16 07:21:41,Cancelled,791.99
3670,4835,73,Samosa,2024-09-05 07:21:41,Preparing,1357.8
3671,51,310,Paneer Tikka,2024-10-18 07:21:41,Preparing,1304.04
3672,6609,249,Butter Chicken,2023-01-18 07:21:41,Preparing,282.87
3673,440,498,Mutton Curry,2023-11-30 07:21:41,Cancelled,315.82
3674,458,458,Butter Chicken,2022-09-07 07:21:41,Delivered,973.2
3675,1640,467,Chole Bhature,2025-01-07 07:21:41,Delivered,877.62
3676,1510,318,Rogan Josh,2024-11-13 07:21:41,Delivered,1331.99
3677,4345,455,Samosa,2023-08-14 07:21:41,Cancelled,1051.9
3678,2191,218,Dosa,2023-05-14 07:21:41,Delivered,608.94
3679,147,67,Mutton Curry,2024-04-19 07:21:41,Delivered,1037.79
3680,6571,157,Biryani,2023-09-19 07:21:41,Preparing,593.44
3681,420,68,Dosa,2022-08-15 07:21:41,Preparing,597.83
3682,9812,8,Samosa,2022-03-30 07:21:41,Cancelled,1179.44
3683,5253,187,Chole Bhature,2024-05-27 07:21:41,Cancelled,394.8
3684,6979,421,Dosa,2022-12-09 07:21:41,Cancelled,351.39
3685,7303,498,Dosa,2025-02-24 07:21:41,Cancelled,105.37
3686,9032,492,Pani Puri,2024-05-22 07:21:41,Delivered,768.9
3687,327,160,Pani Puri,2024-11-14 07:21:41,Preparing,210.01
3688,6591,261,Dal Makhani,2022-10-30 07:21:41,Cancelled,135.48
3689,9062,473,Paneer Tikka,2022-08-25 07:21:41,Preparing,983.55
3690,7145,189,Dosa,2023-09-09 07:21:41,Preparing,477.96
3691,7408,48,Biryani,2023-09-29 07:21:41,Delivered,1267.41
3692,9562,338,Chole Bhature,2022-05-09 07:21:41,Cancelled,588.27
3693,7113,270,Dosa,2024-02-29 07:21:41,Preparing,624.47
3694,7353,424,Rogan Josh,2024-04-01 07:21:41,Cancelled,1079.12
3695,206,207,Chole Bhature,2024-04-08 07:21:41,Delivered,1254.98
3696,7493,489,Mutton Curry,2022-10-22 07:21:41,Cancelled,753.09
3697,2662,87,Butter Chicken,2022-03-14 07:21:41,Preparing,502.95
3698,1683,215,Pani Puri,2024-10-31 07:21:41,Delivered,308.9
3699,5502,96,Paneer Tikka,2022-06-20 07:21:41,Delivered,831.28
3700,5145,237,Pani Puri,2023-07-11 07:21:41,Delivered,900.56
3701,2177,266,Dal Makhani,2024-06-12 07:21:41,Delivered,353.06
3702,8213,220,Samosa,2024-11-13 07:21:41,Delivered,551.4
3703,3781,165,Biryani,2024-02-25 07:21:41,Cancelled,554.82
3704,4096,145,Samosa,2024-03-28 07:21:41,Preparing,1182.62
3705,6012,1,Paneer Tikka,2023-12-11 07:21:41,Delivered,815.0
3706,9154,385,Paneer Tikka,2024-04-15 07:21:41,Delivered,1486.97
3707,5425,64,Rogan Josh,2023-04-15 07:21:41,Preparing,436.36
3708,703,181,Butter Chicken,2025-02-07 07:21:41,Delivered,1157.01
3709,9692,345,Biryani,2023-08-21 07:21:41,Preparing,901.15
3710,8360,125,Mutton Curry,2022-09-08 07:21:41,Cancelled,404.13
3711,306,306,Chole Bhature,2024-01-05 07:21:41,Cancelled,655.53
3712,7927,466,Samosa,2024-01-07 07:21:41,Preparing,950.28
3713,2980,177,Butter Chicken,2023-06-28 07:21:41,Delivered,316.12
3714,9071,177,Biryani,2023-01-12 07:21:41,Preparing,727.71
3715,3379,434,Pani Puri,2024-12-28 07:21:41,Cancelled,1012.26
3716,5846,441,Chole Bhature,2022-11-17 07:21:41,Cancelled,769.86
3717,6220,463,Pani Puri,2024-07-14 07:21:41,Preparing,169.15
3718,566,438,Chole Bhature,2023-04-03 07:21:41,Preparing,141.13
3719,304,384,Butter Chicken,2024-01-17 07:21:41,Cancelled,871.49
3720,7529,98,Pani Puri,2023-09-14 07:21:41,Preparing,743.75
3721,8628,238,Mutton Curry,2022-05-22 07:21:41,Preparing,1230.19
3722,8035,59,Rogan Josh,2024-04-03 07:21:41,Preparing,1318.89
3723,6082,259,Biryani,2022-04-01 07:21:41,Delivered,129.39
3724,1844,199,Pani Puri,2024-01-07 07:21:41,Cancelled,693.88
3725,4786,159,Butter Chicken,2022-07-05 07:21:41,Delivered,939.98
3726,1588,203,Paneer Tikka,2024-06-18 07:21:41,Cancelled,750.96
3727,655,403,Samosa,2022-11-21 07:21:41,Cancelled,1368.95
3728,3194,102,Dosa,2023-08-08 07:21:41,Cancelled,569.21
3729,8724,313,Pani Puri,2024-06-02 07:21:41,Delivered,1436.41
3730,3257,219,Rogan Josh,2022-10-01 07:21:41,Cancelled,647.62
3731,5380,281,Paneer Tikka,2023-05-08 07:21:41,Delivered,1184.52
3732,3008,465,Biryani,2022-05-06 07:21:41,Delivered,967.08
3733,5127,224,Pani Puri,2023-11-03 07:21:41,Preparing,429.69
3734,8841,161,Mutton Curry,2022-05-24 07:21:41,Cancelled,539.11
3735,5508,438,Pani Puri,2024-10-02 07:21:41,Delivered,427.33
3736,8777,258,Mutton Curry,2022-08-13 07:21:41,Cancelled,1395.07
3737,3093,403,Rogan Josh,2024-09-17 07:21:41,Delivered,1090.22
3738,8176,20,Mutton Curry,2023-08-03 07:21:41,Cancelled,217.26
3739,1194,64,Dal Makhani,2024-02-08 07:21:41,Cancelled,1404.83
3740,175,165,Mutton Curry,2024-05-28 07:21:41,Cancelled,360.1
3741,6994,322,Paneer Tikka,2022-07-04 07:21:41,Delivered,1356.65
3742,9539,450,Butter Chicken,2023-07-27 07:21:41,Cancelled,239.18
3743,1655,170,Pani Puri,2024-03-10 07:21:41,Cancelled,301.17
3744,5396,477,Dosa,2023-10-31 07:21:41,Preparing,1298.99
3745,4365,437,Samosa,2022-12-05 07:21:41,Delivered,104.63
3746,2936,483,Dosa,2024-03-15 07:21:41,Delivered,851.4
3747,5722,422,Biryani,2024-05-18 07:21:41,Cancelled,876.18
3748,8239,229,Mutton Curry,2022-08-22 07:21:41,Preparing,896.73
3749,2090,344,Dosa,2023-03-28 07:21:41,Preparing,517.44
3750,9555,230,Paneer Tikka,2023-11-15 07:21:41,Preparing,1092.52
3751,5329,30,Dal Makhani,2023-02-25 07:21:41,Cancelled,395.79
3752,2225,346,Paneer Tikka,2022-03-13 07:21:41,Preparing,1000.81
3753,9608,105,Biryani,2023-03-16 07:21:41,Delivered,884.63
3754,2158,154,Paneer Tikka,2022-03-26 07:21:41,Preparing,538.22
3755,2567,59,Dosa,2022-05-09 07:21:41,Cancelled,1144.48
3756,6049,427,Paneer Tikka,2023-08-07 07:21:41,Delivered,574.42
3757,973,109,Butter Chicken,2024-06-10 07:21:41,Cancelled,1451.48
3758,5709,159,Biryani,2024-06-08 07:21:41,Preparing,728.62
3759,1302,370,Mutton Curry,2022-08-13 07:21:41,Delivered,1009.54
3760,3195,139,Butter Chicken,2023-12-31 07:21:41,Delivered,808.87
3761,2977,34,Pani Puri,2024-01-11 07:21:41,Cancelled,1056.24
3762,1855,424,Mutton Curry,2023-08-03 07:21:41,Delivered,451.75
3763,3210,499,Dosa,2022-06-09 07:21:41,Cancelled,971.2
3764,1819,47,Samosa,2024-09-27 07:21:41,Preparing,1285.24
3765,4488,212,Dal Makhani,2022-05-16 07:21:41,Cancelled,1021.35
3766,3136,189,Pani Puri,2023-07-26 07:21:41,Preparing,870.0
3767,4003,154,Biryani,2023-06-02 07:21:41,Preparing,317.51
3768,5965,79,Butter Chicken,2024-09-13 07:21:41,Preparing,1226.56
3769,6559,436,Chole Bhature,2024-09-28 07:21:41,Delivered,258.26
3770,22,352,Butter Chicken,2024-05-03 07:21:41,Cancelled,1075.64
3771,768,412,Mutton Curry,2024-03-15 07:21:41,Cancelled,688.44
3772,4383,296,Biryani,2023-09-29 07:21:41,Cancelled,1320.75
3773,9424,381,Samosa,2024-04-13 07:21:41,Preparing,1053.37
3774,2273,33,Paneer Tikka,2023-07-11 07:21:41,Delivered,264.4
3775,4596,221,Butter Chicken,2023-02-28 07:21:41,Cancelled,1194.85
3776,1839,445,Biryani,2023-06-05 07:21:41,Preparing,1222.73
3777,699,372,Mutton Curry,2024-01-14 07:21:41,Preparing,766.84
3778,8728,126,Dosa,2022-11-18 07:21:41,Preparing,525.79
3779,2586,289,Pani Puri,2023-06-22 07:21:41,Preparing,352.99
3780,2942,498,Rogan Josh,2025-03-04 07:21:41,Cancelled,872.31
3781,7024,42,Dosa,2023-12-01 07:21:41,Cancelled,542.22
3782,8178,48,Butter Chicken,2022-05-09 07:21:41,Cancelled,1001.91
3783,4809,269,Chole Bhature,2024-08-24 07:21:41,Preparing,1291.73
3784,3910,95,Samosa,2022-03-25 07:21:41,Delivered,1470.77
3785,7490,126,Dosa,2022-10-14 07:21:41,Preparing,1232.48
3786,2361,166,Butter Chicken,2024-05-25 07:21:41,Preparing,1405.56
3787,8412,353,Biryani,2022-10-30 07:21:41,Preparing,628.69
3788,2477,498,Paneer Tikka,2023-03-16 07:21:41,Preparing,1349.03
3789,8661,318,Butter Chicken,2023-12-04 07:21:41,Cancelled,1087.57
3790,7330,312,Pani Puri,2022-11-02 07:21:41,Delivered,110.45
3791,8130,6,Chole Bhature,2022-06-16 07:21:41,Preparing,1450.66
3792,9537,207,Rogan Josh,2023-01-18 07:21:41,Delivered,851.17
3793,2563,51,Biryani,2024-10-23 07:21:41,Cancelled,1291.26
3794,5503,291,Mutton Curry,2023-04-21 07:21:41,Cancelled,902.81
3795,9135,134,Samosa,2023-07-27 07:21:41,Cancelled,407.35
3796,5753,152,Dal Makhani,2023-05-17 07:21:41,Cancelled,203.05
3797,3422,307,Paneer Tikka,2023-04-12 07:21:41,Preparing,1050.79
3798,4512,497,Paneer Tikka,2023-06-14 07:21:41,Preparing,1127.86
3799,9050,463,Dosa,2022-03-22 07:21:41,Preparing,889.52
3800,6921,490,Pani Puri,2025-03-02 07:21:41,Cancelled,1194.35
3801,4807,47,Biryani,2023-06-07 07:21:41,Cancelled,1316.82
3802,156,117,Rogan Josh,2025-01-29 07:21:41,Cancelled,603.02
3803,494,335,Samosa,2023-09-18 07:21:41,Preparing,230.97
3804,4023,257,Biryani,2022-05-18 07:21:41,Preparing,395.02
3805,5579,254,Biryani,2024-05-04 07:21:41,Cancelled,1453.56
3806,2824,92,Dal Makhani,2024-08-04 07:21:41,Cancelled,697.46
3807,9110,292,Butter Chicken,2022-07-15 07:21:41,Preparing,245.12
3808,769,498,Paneer Tikka,2023-02-15 07:21:41,Cancelled,1014.22
3809,5932,114,Chole Bhature,2024-07-14 07:21:41,Preparing,1202.54
3810,8440,303,Pani Puri,2023-02-08 07:21:41,Delivered,685.93
3811,4142,234,Dosa,2023-11-21 07:21:41,Cancelled,1202.54
3812,1469,182,Biryani,2022-03-15 07:21:41,Cancelled,1147.65
3813,3134,193,Chole Bhature,2024-12-07 07:21:41,Cancelled,1392.83
3814,9874,105,Paneer Tikka,2023-09-24 07:21:41,Preparing,1297.89
3815,3116,394,Biryani,2022-05-09 07:21:41,Preparing,851.69
3816,1931,324,Dal Makhani,2024-03-28 07:21:41,Delivered,866.71
3817,4423,219,Butter Chicken,2022-10-13 07:21:41,Preparing,1306.95
3818,9560,77,Dal Makhani,2022-05-07 07:21:41,Cancelled,179.42
3819,1489,87,Samosa,2023-11-21 07:21:41,Delivered,233.34
3820,354,130,Pani Puri,2024-09-06 07:21:41,Delivered,1229.11
3821,5171,146,Dal Makhani,2023-02-22 07:21:41,Delivered,245.59
3822,1204,179,Pani Puri,2023-08-25 07:21:41,Delivered,1200.43
3823,3953,289,Biryani,2024-04-22 07:21:41,Cancelled,1163.91
3824,5141,452,Samosa,2022-12-16 07:21:41,Delivered,114.76
3825,834,119,Samosa,2025-03-01 07:21:41,Delivered,789.67
3826,95,371,Pani Puri,2022-05-21 07:21:41,Delivered,1135.91
3827,7520,284,Mutton Curry,2025-02-20 07:21:41,Delivered,332.93
3828,8550,406,Dal Makhani,2022-07-08 07:21:41,Cancelled,548.39
3829,1556,210,Biryani,2022-10-03 07:21:41,Cancelled,233.87
3830,7264,147,Biryani,2024-11-15 07:21:41,Cancelled,1382.35
3831,1038,207,Paneer Tikka,2024-01-09 07:21:41,Cancelled,237.48
3832,1801,422,Pani Puri,2022-03-28 07:21:41,Delivered,703.64
3833,4585,442,Rogan Josh,2022-06-06 07:21:41,Delivered,633.0
3834,9172,391,Pani Puri,2024-12-13 07:21:41,Cancelled,1411.49
3835,5233,146,Biryani,2024-04-26 07:21:41,Preparing,1136.61
3836,4395,434,Paneer Tikka,2022-07-24 07:21:41,Delivered,895.79
3837,5132,127,Butter Chicken,2024-08-23 07:21:41,Delivered,682.18
3838,8523,24,Dosa,2023-07-03 07:21:41,Preparing,102.9
3839,9615,387,Mutton Curry,2023-04-22 07:21:41,Preparing,483.44
3840,7416,495,Dosa,2022-07-22 07:21:41,Delivered,1346.4
3841,3325,195,Paneer Tikka,2022-05-17 07:21:41,Cancelled,509.97
3842,5097,58,Mutton Curry,2025-02-02 07:21:41,Cancelled,402.58
3843,1044,192,Chole Bhature,2024-11-13 07:21:41,Delivered,481.53
3844,6821,38,Mutton Curry,2024-12-02 07:21:41,Delivered,1197.58
3845,4534,399,Mutton Curry,2024-05-09 07:21:41,Preparing,561.52
3846,6623,433,Dal Makhani,2024-10-15 07:21:41,Cancelled,1189.38
3847,9029,257,Samosa,2023-05-31 07:21:41,Delivered,870.6
3848,9375,343,Mutton Curry,2024-10-20 07:21:41,Delivered,253.88
3849,1759,25,Biryani,2023-03-25 07:21:41,Delivered,592.5
3850,87,244,Samosa,2023-12-16 07:21:41,Delivered,1273.77
3851,7533,122,Mutton Curry,2023-12-02 07:21:41,Preparing,393.11
3852,4515,49,Mutton Curry,2023-03-29 07:21:41,Cancelled,181.22
3853,960,124,Dal Makhani,2023-11-28 07:21:41,Delivered,1122.15
3854,2514,301,Biryani,2024-03-31 07:21:41,Cancelled,833.73
3855,3442,227,Paneer Tikka,2023-05-27 07:21:41,Preparing,954.77
3856,3314,304,Biryani,2024-04-18 07:21:41,Preparing,1447.82
3857,3236,371,Biryani,2022-08-25 07:21:41,Preparing,1267.52
3858,1236,5,Butter Chicken,2022-05-07 07:21:41,Cancelled,1080.71
3859,329,209,Samosa,2022-11-19 07:21:41,Preparing,195.18
3860,8650,412,Mutton Curry,2023-04-29 07:21:41,Delivered,744.83
3861,1034,280,Mutton Curry,2022-06-21 07:21:41,Cancelled,828.81
3862,7787,451,Butter Chicken,2022-04-14 07:21:41,Cancelled,955.99
3863,8773,111,Mutton Curry,2022-05-11 07:21:41,Delivered,722.11
3864,6577,260,Dosa,2022-07-19 07:21:41,Delivered,858.58
3865,1946,84,Chole Bhature,2023-07-22 07:21:41,Delivered,300.56
3866,9908,397,Samosa,2023-07-30 07:21:41,Cancelled,742.18
3867,8408,341,Chole Bhature,2024-11-17 07:21:41,Preparing,127.11
3868,3511,261,Dal Makhani,2023-06-20 07:21:41,Delivered,902.28
3869,8397,131,Paneer Tikka,2023-06-21 07:21:41,Cancelled,264.15
3870,7661,331,Samosa,2024-01-08 07:21:41,Delivered,1450.32
3871,5405,91,Samosa,2025-02-08 07:21:41,Cancelled,1067.21
3872,4615,18,Biryani,2023-09-15 07:21:41,Delivered,320.64
3873,8968,467,Mutton Curry,2024-01-03 07:21:41,Cancelled,957.37
3874,4715,183,Chole Bhature,2025-02-18 07:21:41,Cancelled,971.35
3875,7187,489,Butter Chicken,2022-09-14 07:21:41,Cancelled,922.18
3876,7517,211,Dal Makhani,2022-03-31 07:21:41,Cancelled,932.81
3877,4543,211,Rogan Josh,2022-03-29 07:21:41,Preparing,226.78
3878,9364,280,Samosa,2022-03-26 07:21:41,Delivered,1060.05
3879,848,9,Dal Makhani,2022-07-25 07:21:41,Preparing,1353.59
3880,6697,363,Biryani,2022-11-10 07:21:41,Cancelled,500.38
3881,6368,401,Paneer Tikka,2022-09-22 07:21:41,Delivered,392.73
3882,884,488,Pani Puri,2023-01-01 07:21:41,Delivered,505.54
3883,4987,403,Dal Makhani,2023-01-26 07:21:41,Delivered,1384.61
3884,9717,261,Samosa,2023-07-13 07:21:41,Preparing,1462.48
3885,3858,14,Paneer Tikka,2023-01-21 07:21:41,Preparing,1403.54
3886,7196,227,Butter Chicken,2024-03-24 07:21:41,Delivered,350.47
3887,5314,436,Biryani,2022-07-31 07:21:41,Delivered,1014.7
3888,4777,8,Dal Makhani,2022-11-27 07:21:41,Preparing,1079.42
3889,6618,377,Chole Bhature,2022-03-24 07:21:41,Cancelled,558.88
3890,3732,1,Dosa,2025-01-12 07:21:41,Cancelled,993.01
3891,831,23,Rogan Josh,2023-10-01 07:21:41,Cancelled,232.9
3892,7412,157,Mutton Curry,2022-07-07 07:21:41,Delivered,1469.92
3893,1081,83,Dosa,2024-09-10 07:21:41,Cancelled,287.28
3894,8166,243,Pani Puri,2023-01-29 07:21:41,Delivered,202.24
3895,5127,367,Samosa,2022-12-02 07:21:41,Preparing,902.32
3896,9801,467,Biryani,2024-03-13 07:21:41,Delivered,168.38
3897,399,71,Mutton Curry,2024-04-30 07:21:41,Cancelled,198.74
3898,214,158,Chole Bhature,2024-01-06 07:21:41,Delivered,837.42
3899,3258,484,Mutton Curry,2025-01-19 07:21:41,Preparing,1172.86
3900,3079,125,Samosa,2023-03-31 07:21:41,Preparing,182.97
3901,70,430,Paneer Tikka,2023-08-10 07:21:41,Preparing,746.19
3902,914,418,Butter Chicken,2024-03-29 07:21:41,Cancelled,733.34
3903,1825,241,Chole Bhature,2022-09-28 07:21:41,Delivered,248.12
3904,625,141,Mutton Curry,2023-06-11 07:21:41,Delivered,441.05
3905,1814,249,Paneer Tikka,2022-10-04 07:21:41,Delivered,224.97
3906,1603,108,Mutton Curry,2022-10-09 07:21:41,Delivered,369.0
3907,3368,474,Chole Bhature,2024-01-22 07:21:41,Preparing,1148.24
3908,4902,231,Pani Puri,2024-04-22 07:21:41,Cancelled,1261.33
3909,6910,451,Dal Makhani,2023-04-07 07:21:41,Preparing,196.54
3910,9141,231,Mutton Curry,2024-07-13 07:21:41,Delivered,550.85
3911,8956,261,Samosa,2022-06-26 07:21:41,Preparing,809.59
3912,8500,64,Rogan Josh,2024-12-05 07:21:41,Preparing,125.62
3913,77,343,Dal Makhani,2024-09-16 07:21:41,Cancelled,271.39
3914,9556,228,Paneer Tikka,2022-07-12 07:21:41,Delivered,897.75
3915,4849,369,Pani Puri,2024-12-04 07:21:41,Preparing,1278.43
3916,1599,137,Pani Puri,2024-12-13 07:21:41,Delivered,775.54
3917,6274,466,Pani Puri,2022-08-25 07:21:41,Preparing,971.38
3918,9700,96,Paneer Tikka,2024-12-22 07:21:41,Delivered,1267.41
3919,6110,365,Dal Makhani,2023-12-21 07:21:41,Cancelled,538.95
3920,6512,99,Dosa,2023-10-16 07:21:41,Preparing,745.53
3921,6504,490,Biryani,2022-08-05 07:21:41,Cancelled,1107.09
3922,1277,458,Dosa,2024-02-02 07:21:41,Delivered,836.52
3923,1513,70,Pani Puri,2024-06-02 07:21:41,Cancelled,905.46
3924,4734,313,Samosa,2024-09-10 07:21:41,Delivered,1409.09
3925,2057,391,Dal Makhani,2023-01-27 07:21:41,Cancelled,607.87
3926,8301,412,Pani Puri,2022-03-15 07:21:41,Cancelled,376.65
3927,5672,298,Dosa,2024-10-14 07:21:41,Delivered,1138.0
3928,1992,231,Mutton Curry,2024-09-25 07:21:41,Delivered,902.1
3929,7052,417,Rogan Josh,2023-07-03 07:21:41,Preparing,1164.21
3930,5965,208,Chole Bhature,2025-03-04 07:21:41,Preparing,1356.7
3931,8029,322,Samosa,2022-08-26 07:21:41,Cancelled,526.66
3932,724,76,Biryani,2024-02-08 07:21:41,Cancelled,1206.58
3933,8843,238,Biryani,2022-10-13 07:21:41,Delivered,1296.34
3934,9847,14,Chole Bhature,2023-09-28 07:21:41,Delivered,1327.25
3935,6089,73,Paneer Tikka,2023-08-07 07:21:41,Cancelled,931.12
3936,2536,140,Rogan Josh,2025-02-10 07:21:41,Preparing,862.4
3937,5453,195,Butter Chicken,2022-05-29 07:21:41,Cancelled,1073.03
3938,7212,336,Pani Puri,2025-02-28 07:21:41,Cancelled,912.74
3939,157,132,Samosa,2023-09-14 07:21:41,Delivered,106.68
3940,9055,176,Mutton Curry,2023-06-20 07:21:41,Preparing,149.77
3941,8227,331,Paneer Tikka,2022-11-12 07:21:41,Preparing,165.48
3942,4438,490,Dosa,2024-09-06 07:21:41,Preparing,723.15
3943,3885,1,Pani Puri,2022-06-22 07:21:41,Preparing,790.18
3944,175,328,Dosa,2024-08-23 07:21:41,Delivered,1183.41
3945,3995,227,Dal Makhani,2023-07-30 07:21:41,Cancelled,1406.14
3946,762,277,Samosa,2024-04-03 07:21:41,Preparing,652.47
3947,1305,326,Chole Bhature,2023-04-23 07:21:41,Preparing,1099.09
3948,2633,383,Samosa,2022-05-23 07:21:41,Preparing,1173.21
3949,3324,31,Chole Bhature,2022-03-25 07:21:41,Delivered,816.39
3950,9431,41,Butter Chicken,2023-02-11 07:21:41,Preparing,851.76
3951,5910,189,Chole Bhature,2022-05-11 07:21:41,Delivered,1118.29
3952,2318,135,Biryani,2024-01-15 07:21:41,Delivered,246.13
3953,7666,263,Dal Makhani,2023-03-25 07:21:41,Cancelled,807.63
3954,9726,139,Mutton Curry,2024-05-02 07:21:41,Cancelled,341.26
3955,1396,172,Dosa,2024-12-10 07:21:41,Delivered,984.52
3956,6083,332,Samosa,2022-10-04 07:21:41,Preparing,294.38
3957,8873,340,Pani Puri,2023-12-24 07:21:41,Delivered,1266.65
3958,9400,328,Samosa,2023-04-26 07:21:41,Delivered,128.21
3959,4291,447,Chole Bhature,2023-05-30 07:21:41,Delivered,1023.13
3960,5960,173,Samosa,2022-03-14 07:21:41,Preparing,478.61
3961,36,58,Dal Makhani,2022-11-02 07:21:41,Delivered,428.55
3962,2355,36,Chole Bhature,2022-11-04 07:21:41,Preparing,396.78
3963,1279,463,Dal Makhani,2022-08-17 07:21:41,Delivered,1410.49
3964,5736,53,Dosa,2024-01-18 07:21:41,Delivered,1222.2
3965,647,356,Paneer Tikka,2022-03-30 07:21:41,Preparing,1205.2
3966,2238,290,Chole Bhature,2022-04-06 07:21:41,Delivered,1359.06
3967,8673,365,Samosa,2023-11-07 07:21:41,Preparing,975.59
3968,5259,202,Butter Chicken,2022-03-28 07:21:41,Preparing,710.81
3969,914,215,Pani Puri,2024-04-17 07:21:41,Preparing,244.82
3970,1153,348,Pani Puri,2025-02-17 07:21:41,Delivered,908.24
3971,4557,202,Dal Makhani,2024-09-27 07:21:41,Preparing,685.78
3972,4708,123,Samosa,2023-04-27 07:21:41,Cancelled,1271.91
3973,7837,376,Pani Puri,2022-10-28 07:21:41,Delivered,896.62
3974,7800,339,Paneer Tikka,2024-03-08 07:21:41,Preparing,1088.19
3975,5755,365,Dal Makhani,2024-05-13 07:21:41,Delivered,667.75
3976,4570,498,Dal Makhani,2022-12-13 07:21:41,Preparing,523.85
3977,7112,421,Butter Chicken,2023-10-14 07:21:41,Delivered,925.69
3978,3390,386,Pani Puri,2024-09-13 07:21:41,Delivered,313.53
3979,1590,113,Chole Bhature,2023-10-17 07:21:41,Cancelled,1304.59
3980,9203,370,Rogan Josh,2024-08-17 07:21:41,Delivered,1048.79
3981,400,100,Dal Makhani,2022-11-28 07:21:41,Cancelled,1367.48
3982,5107,116,Butter Chicken,2022-11-27 07:21:41,Preparing,487.33
3983,5524,340,Samosa,2022-04-26 07:21:41,Cancelled,455.06
3984,2213,146,Samosa,2024-12-07 07:21:41,Preparing,1076.56
3985,9014,389,Dal Makhani,2025-01-04 07:21:41,Delivered,145.63
3986,6653,262,Biryani,2023-09-19 07:21:41,Cancelled,206.68
3987,9209,268,Rogan Josh,2024-04-09 07:21:41,Preparing,251.72
3988,1667,236,Paneer Tikka,2024-04-08 07:21:41,Cancelled,841.41
3989,8788,4,Rogan Josh,2024-09-19 07:21:41,Delivered,1469.16
3990,8486,50,Rogan Josh,2024-02-26 07:21:41,Delivered,1466.02
3991,6222,414,Butter Chicken,2023-07-26 07:21:41,Preparing,1398.55
3992,2223,408,Dosa,2022-10-07 07:21:41,Preparing,1092.26
3993,4392,315,Mutton Curry,2022-09-27 07:21:41,Delivered,572.87
3994,7229,54,Biryani,2024-11-22 07:21:41,Preparing,767.04
3995,9805,204,Butter Chicken,2023-04-01 07:21:41,Preparing,537.11
3996,537,259,Biryani,2023-06-13 07:21:41,Preparing,808.36
3997,494,179,Pani Puri,2022-12-09 07:21:41,Cancelled,1145.27
3998,7898,207,Dal Makhani,2024-01-31 07:21:41,Delivered,1187.52
3999,2971,120,Chole Bhature,2024-10-02 07:21:41,Preparing,760.55
4000,1401,205,Pani Puri,2024-11-23 07:21:41,Cancelled,622.75
4001,926,117,Rogan Josh,2025-02-08 07:21:41,Preparing,324.18
4002,1764,417,Samosa,2023-11-27 07:21:41,Preparing,876.41
4003,8324,27,Chole Bhature,2023-02-06 07:21:41,Preparing,999.08
4004,9686,242,Chole Bhature,2024-08-05 07:21:41,Delivered,1179.99
4005,5571,127,Paneer Tikka,2024-08-07 07:21:41,Preparing,890.07
4006,3170,280,Paneer Tikka,2024-04-10 07:21:41,Preparing,800.72
4007,5421,79,Butter Chicken,2023-10-24 07:21:41,Preparing,274.44
4008,1810,388,Rogan Josh,2023-09-21 07:21:41,Cancelled,1412.0
4009,2212,297,Chole Bhature,2023-12-15 07:21:41,Preparing,242.26
4010,8087,112,Mutton Curry,2022-12-07 07:21:41,Preparing,1308.59
4011,9122,260,Mutton Curry,2024-02-13 07:21:41,Preparing,808.07
4012,5184,144,Paneer Tikka,2022-05-09 07:21:41,Delivered,288.96
4013,4488,473,Paneer Tikka,2022-08-16 07:21:41,Cancelled,1153.86
4014,4972,392,Rogan Josh,2023-07-28 07:21:41,Preparing,939.62
4015,9257,22,Rogan Josh,2024-10-02 07:21:41,Cancelled,314.29
4016,9673,208,Biryani,2023-10-26 07:21:41,Cancelled,314.05
4017,6926,84,Rogan Josh,2024-12-19 07:21:41,Delivered,1414.65
4018,4904,343,Chole Bhature,2023-04-26 07:21:41,Delivered,1353.29
4019,1372,187,Mutton Curry,2023-05-31 07:21:41,Preparing,741.01
4020,708,346,Pani Puri,2022-10-29 07:21:41,Cancelled,1382.07
4021,3286,135,Pani Puri,2023-09-25 07:21:41,Cancelled,888.97
4022,9922,203,Biryani,2025-02-28 07:21:41,Delivered,684.71
4023,7188,141,Samosa,2023-03-15 07:21:41,Preparing,1046.67
4024,4123,121,Butter Chicken,2023-04-09 07:21:41,Delivered,1273.83
4025,2017,313,Mutton Curry,2025-01-25 07:21:41,Cancelled,1316.72
4026,1657,353,Paneer Tikka,2025-01-07 07:21:41,Cancelled,840.9
4027,1368,380,Butter Chicken,2022-11-23 07:21:41,Delivered,378.15
4028,8392,74,Pani Puri,2023-01-22 07:21:41,Preparing,406.84
4029,5334,7,Rogan Josh,2022-10-03 07:21:41,Cancelled,205.74
4030,6814,268,Chole Bhature,2023-03-24 07:21:41,Preparing,736.22
4031,1419,192,Chole Bhature,2024-04-25 07:21:41,Delivered,1332.15
4032,2138,273,Paneer Tikka,2024-05-23 07:21:41,Preparing,329.8
4033,3862,94,Mutton Curry,2024-07-05 07:21:41,Cancelled,876.31
4034,222,463,Dosa,2022-06-09 07:21:41,Preparing,540.44
4035,7758,288,Mutton Curry,2025-01-09 07:21:41,Cancelled,276.77
4036,7553,109,Chole Bhature,2022-03-08 07:21:41,Delivered,338.79
4037,8832,230,Biryani,2022-05-12 07:21:41,Delivered,926.99
4038,8347,310,Mutton Curry,2024-06-23 07:21:41,Delivered,1003.56
4039,2689,281,Dosa,2024-11-08 07:21:41,Cancelled,125.16
4040,1876,489,Chole Bhature,2025-01-08 07:21:41,Delivered,826.39
4041,9807,422,Dosa,2023-03-04 07:21:41,Cancelled,500.42
4042,2680,234,Samosa,2023-01-07 07:21:41,Delivered,838.18
4043,8599,457,Butter Chicken,2024-06-27 07:21:41,Preparing,157.65
4044,6435,301,Paneer Tikka,2023-01-24 07:21:41,Delivered,1140.99
4045,8508,125,Dosa,2023-12-03 07:21:41,Preparing,784.99
4046,1337,36,Mutton Curry,2023-10-08 07:21:41,Preparing,523.9
4047,7246,315,Samosa,2024-08-31 07:21:41,Cancelled,589.77
4048,3021,367,Dosa,2025-01-18 07:21:41,Delivered,1244.21
4049,9219,105,Dosa,2022-08-02 07:21:41,Delivered,474.58
4050,4338,366,Rogan Josh,2023-05-23 07:21:41,Delivered,1368.54
4051,9490,374,Paneer Tikka,2022-06-07 07:21:41,Cancelled,1159.41
4052,8023,156,Mutton Curry,2023-06-16 07:21:41,Cancelled,281.85
4053,4070,50,Butter Chicken,2024-05-31 07:21:41,Delivered,685.08
4054,9157,48,Chole Bhature,2022-04-13 07:21:41,Cancelled,991.29
4055,3353,142,Paneer Tikka,2022-07-15 07:21:41,Delivered,1479.95
4056,5545,319,Pani Puri,2022-08-02 07:21:41,Delivered,523.24
4057,1315,92,Paneer Tikka,2024-12-17 07:21:41,Delivered,1006.15
4058,8935,58,Paneer Tikka,2023-07-09 07:21:41,Preparing,1158.93
4059,7009,262,Mutton Curry,2025-02-07 07:21:41,Delivered,335.63
4060,6157,14,Chole Bhature,2022-07-31 07:21:41,Cancelled,1175.36
4061,8109,316,Butter Chicken,2022-08-27 07:21:41,Cancelled,287.35
4062,4439,120,Dal Makhani,2022-09-08 07:21:41,Delivered,785.39
4063,4252,125,Butter Chicken,2022-03-18 07:21:41,Delivered,680.27
4064,162,84,Rogan Josh,2023-08-24 07:21:41,Preparing,259.11
4065,1382,448,Rogan Josh,2023-12-12 07:21:41,Cancelled,176.96
4066,5688,187,Butter Chicken,2024-07-03 07:21:41,Cancelled,1409.23
4067,6457,277,Pani Puri,2022-07-04 07:21:41,Preparing,1346.08
4068,601,376,Biryani,2023-01-29 07:21:41,Preparing,179.59
4069,3527,89,Butter Chicken,2024-07-31 07:21:41,Delivered,1014.29
4070,4460,281,Mutton Curry,2022-06-29 07:21:41,Delivered,979.14
4071,4003,253,Chole Bhature,2022-09-06 07:21:41,Preparing,1353.79
4072,8563,331,Dosa,2024-03-25 07:21:41,Preparing,821.81
4073,5238,432,Dosa,2023-10-10 07:21:41,Preparing,376.08
4074,2848,376,Mutton Curry,2023-10-03 07:21:41,Delivered,717.95
4075,1616,30,Mutton Curry,2022-04-27 07:21:41,Preparing,202.32
4076,9886,224,Dal Makhani,2023-07-15 07:21:41,Delivered,133.02
4077,9800,403,Samosa,2023-08-06 07:21:41,Delivered,1138.97
4078,2200,185,Samosa,2023-06-17 07:21:41,Preparing,1252.4
4079,8717,15,Dal Makhani,2022-06-28 07:21:41,Preparing,930.28
4080,6825,78,Dal Makhani,2024-11-25 07:21:41,Cancelled,1128.01
4081,4070,22,Mutton Curry,2024-11-27 07:21:41,Delivered,222.77
4082,2557,311,Dal Makhani,2022-04-21 07:21:41,Delivered,362.26
4083,6897,188,Samosa,2023-08-05 07:21:41,Cancelled,1108.24
4084,2865,92,Mutton Curry,2022-05-05 07:21:41,Delivered,281.42
4085,9399,146,Paneer Tikka,2022-12-19 07:21:41,Preparing,121.31
4086,9359,138,Dosa,2024-03-03 07:21:41,Preparing,359.91
4087,3955,87,Biryani,2024-03-18 07:21:41,Delivered,465.74
4088,3181,434,Chole Bhature,2023-06-02 07:21:41,Preparing,244.98
4089,9417,126,Mutton Curry,2023-12-15 07:21:41,Preparing,1401.14
4090,3562,115,Dal Makhani,2024-12-17 07:21:41,Delivered,1010.68
4091,2482,88,Dosa,2023-04-02 07:21:41,Preparing,412.95
4092,8734,286,Rogan Josh,2024-10-18 07:21:41,Preparing,1327.44
4093,8114,499,Biryani,2024-05-04 07:21:41,Delivered,449.06
4094,7024,110,Dosa,2024-06-04 07:21:41,Delivered,1394.86
4095,2035,438,Samosa,2024-07-13 07:21:41,Preparing,337.82
4096,6741,144,Dosa,2023-01-03 07:21:41,Delivered,574.83
4097,8090,78,Rogan Josh,2024-10-13 07:21:41,Cancelled,1269.65
4098,8615,241,Mutton Curry,2023-11-13 07:21:41,Cancelled,180.57
4099,3528,310,Pani Puri,2023-02-26 07:21:41,Cancelled,117.6
4100,4734,150,Dal Makhani,2023-02-25 07:21:41,Cancelled,240.62
4101,6472,11,Chole Bhature,2022-04-19 07:21:41,Cancelled,809.93
4102,2770,111,Paneer Tikka,2022-03-08 07:21:41,Preparing,167.85
4103,291,432,Dosa,2023-08-29 07:21:41,Preparing,1216.88
4104,3231,271,Dosa,2022-04-30 07:21:41,Cancelled,1168.35
4105,8025,341,Mutton Curry,2023-12-07 07:21:41,Cancelled,1115.11
4106,7248,268,Mutton Curry,2024-01-23 07:21:41,Cancelled,125.29
4107,1132,310,Pani Puri,2024-02-10 07:21:41,Cancelled,599.09
4108,301,427,Chole Bhature,2024-06-13 07:21:41,Delivered,801.67
4109,887,77,Biryani,2023-01-21 07:21:41,Delivered,977.27
4110,773,223,Dal Makhani,2022-06-29 07:21:41,Cancelled,319.5
4111,7160,496,Rogan Josh,2022-03-08 07:21:41,Preparing,510.79
4112,2278,210,Pani Puri,2024-07-07 07:21:41,Cancelled,1474.85
4113,2156,305,Dal Makhani,2022-09-12 07:21:41,Delivered,692.24
4114,7252,63,Paneer Tikka,2024-01-09 07:21:41,Preparing,578.36
4115,5389,44,Dosa,2024-03-17 07:21:41,Delivered,824.83
4116,6174,107,Pani Puri,2023-01-29 07:21:41,Delivered,1375.86
4117,605,135,Butter Chicken,2024-07-21 07:21:41,Delivered,338.03
4118,2710,188,Paneer Tikka,2022-05-26 07:21:41,Cancelled,369.49
4119,2198,355,Biryani,2023-07-15 07:21:41,Cancelled,1303.77
4120,9638,1,Biryani,2023-05-11 07:21:41,Delivered,720.03
4121,6737,21,Dosa,2022-12-18 07:21:41,Delivered,1182.08
4122,7896,319,Paneer Tikka,2024-06-13 07:21:41,Delivered,135.43
4123,3050,325,Dal Makhani,2023-10-22 07:21:41,Delivered,467.65
4124,5857,313,Butter Chicken,2023-12-12 07:21:41,Cancelled,974.52
4125,7727,382,Mutton Curry,2023-04-01 07:21:41,Preparing,1091.44
4126,7182,13,Paneer Tikka,2023-03-05 07:21:41,Delivered,900.61
4127,6680,224,Dosa,2023-04-25 07:21:41,Delivered,1239.29
4128,6388,473,Dal Makhani,2022-07-05 07:21:41,Cancelled,1405.16
4129,7888,313,Dal Makhani,2024-06-02 07:21:41,Cancelled,1055.12
4130,1531,333,Pani Puri,2023-03-12 07:21:41,Preparing,1267.2
4131,4097,484,Samosa,2022-07-30 07:21:41,Cancelled,1028.95
4132,469,318,Pani Puri,2022-06-29 07:21:41,Cancelled,1202.91
4133,9602,453,Rogan Josh,2022-03-15 07:21:41,Preparing,1404.83
4134,7469,444,Dosa,2024-12-21 07:21:41,Preparing,899.91
4135,4060,452,Dosa,2022-08-09 07:21:41,Preparing,933.45
4136,4434,125,Biryani,2023-08-03 07:21:41,Delivered,198.05
4137,4396,4,Chole Bhature,2022-11-03 07:21:41,Delivered,891.09
4138,4799,450,Mutton Curry,2022-11-29 07:21:41,Delivered,1136.51
4139,2719,349,Mutton Curry,2024-01-10 07:21:41,Preparing,876.38
4140,3805,168,Chole Bhature,2022-05-10 07:21:41,Cancelled,554.13
4141,1049,209,Mutton Curry,2024-10-24 07:21:41,Delivered,1276.18
4142,1726,276,Biryani,2025-02-03 07:21:41,Cancelled,1191.25
4143,8394,213,Paneer Tikka,2023-01-16 07:21:41,Delivered,1174.39
4144,3182,467,Pani Puri,2022-11-07 07:21:41,Delivered,133.54
4145,9649,32,Pani Puri,2024-06-23 07:21:41,Preparing,1465.87
4146,650,255,Pani Puri,2024-12-08 07:21:41,Preparing,972.0
4147,5363,240,Dosa,2023-07-08 07:21:41,Cancelled,343.03
4148,5974,78,Chole Bhature,2022-11-19 07:21:41,Cancelled,634.03
4149,3139,42,Mutton Curry,2022-03-10 07:21:41,Cancelled,236.62
4150,1050,285,Biryani,2024-12-19 07:21:41,Delivered,375.88
4151,5315,48,Dosa,2024-03-14 07:21:41,Delivered,1214.0
4152,9502,261,Samosa,2022-08-08 07:21:41,Delivered,230.92
4153,5922,427,Paneer Tikka,2022-06-02 07:21:41,Delivered,1032.47
4154,361,126,Dal Makhani,2024-02-16 07:21:41,Delivered,1287.44
4155,1397,387,Dosa,2025-02-28 07:21:41,Cancelled,412.3
4156,936,386,Pani Puri,2022-06-20 07:21:41,Preparing,674.99
4157,5173,42,Rogan Josh,2024-11-16 07:21:41,Delivered,868.54
4158,4566,323,Dal Makhani,2023-09-24 07:21:41,Cancelled,895.62
4159,4010,421,Biryani,2024-11-21 07:21:41,Cancelled,334.24
4160,4949,163,Biryani,2022-05-26 07:21:41,Delivered,1454.82
4161,2892,36,Paneer Tikka,2022-05-13 07:21:41,Delivered,1479.53
4162,2095,80,Dosa,2024-11-26 07:21:41,Cancelled,541.93
4163,1427,302,Samosa,2023-06-17 07:21:41,Cancelled,1205.12
4164,3442,484,Pani Puri,2023-10-05 07:21:41,Cancelled,190.56
4165,7429,292,Biryani,2023-01-17 07:21:41,Preparing,1001.51
4166,9054,299,Dosa,2024-09-10 07:21:41,Cancelled,370.6
4167,3875,337,Chole Bhature,2023-03-19 07:21:41,Delivered,207.91
4168,4519,438,Mutton Curry,2024-05-21 07:21:41,Delivered,274.4
4169,1664,110,Rogan Josh,2022-11-28 07:21:41,Delivered,543.76
4170,1059,309,Biryani,2025-01-26 07:21:41,Cancelled,470.16
4171,7938,495,Dosa,2022-07-03 07:21:41,Preparing,937.51
4172,6615,343,Dosa,2024-03-13 07:21:41,Cancelled,1338.66
4173,7003,24,Pani Puri,2022-10-08 07:21:41,Cancelled,1394.5
4174,1588,106,Pani Puri,2024-09-15 07:21:41,Cancelled,735.17
4175,8020,283,Chole Bhature,2023-07-20 07:21:41,Delivered,1407.09
4176,6751,96,Dosa,2023-09-04 07:21:41,Delivered,520.69
4177,8381,438,Mutton Curry,2024-06-02 07:21:41,Preparing,456.8
4178,2495,357,Biryani,2023-09-14 07:21:41,Cancelled,197.28
4179,3286,371,Rogan Josh,2024-10-05 07:21:41,Cancelled,1088.97
4180,5303,91,Dal Makhani,2023-07-02 07:21:41,Cancelled,1480.64
4181,1219,374,Dal Makhani,2024-12-14 07:21:41,Cancelled,481.99
4182,2220,386,Pani Puri,2023-04-09 07:21:41,Cancelled,621.61
4183,8497,78,Samosa,2022-07-01 07:21:41,Delivered,592.85
4184,6230,22,Chole Bhature,2023-08-06 07:21:41,Preparing,1391.61
4185,4565,179,Samosa,2022-05-14 07:21:41,Cancelled,1289.61
4186,820,213,Samosa,2023-10-31 07:21:41,Cancelled,1108.24
4187,7371,408,Paneer Tikka,2024-11-18 07:21:41,Cancelled,1443.81
4188,3192,29,Chole Bhature,2023-02-07 07:21:41,Preparing,220.24
4189,8234,190,Pani Puri,2022-11-09 07:21:41,Cancelled,591.48
4190,5408,222,Pani Puri,2024-10-23 07:21:41,Cancelled,929.14
4191,8332,119,Mutton Curry,2024-09-06 07:21:41,Delivered,600.8
4192,5532,349,Dosa,2025-01-19 07:21:41,Cancelled,745.95
4193,847,48,Dosa,2023-09-27 07:21:41,Cancelled,1135.17
4194,9286,292,Dal Makhani,2022-09-24 07:21:41,Cancelled,1101.21
4195,3670,134,Biryani,2022-07-04 07:21:41,Delivered,617.01
4196,4073,491,Chole Bhature,2024-09-01 07:21:41,Delivered,334.92
4197,634,82,Biryani,2023-02-27 07:21:41,Preparing,867.5
4198,4268,139,Mutton Curry,2023-09-03 07:21:41,Delivered,449.1
4199,5650,335,Dal Makhani,2023-08-02 07:21:41,Delivered,466.28
4200,1368,215,Samosa,2023-02-10 07:21:41,Delivered,869.98
4201,8924,40,Chole Bhature,2024-04-15 07:21:41,Delivered,606.45
4202,281,282,Rogan Josh,2022-12-22 07:21:41,Preparing,712.78
4203,8691,354,Dal Makhani,2023-11-29 07:21:41,Preparing,420.5
4204,4538,352,Pani Puri,2023-07-13 07:21:41,Delivered,829.91
4205,8315,410,Mutton Curry,2022-06-06 07:21:41,Preparing,825.37
4206,6964,467,Pani Puri,2023-06-26 07:21:41,Cancelled,1158.8
4207,4145,353,Mutton Curry,2024-04-16 07:21:41,Delivered,1034.78
4208,7759,177,Biryani,2024-03-03 07:21:41,Delivered,180.71
4209,6810,382,Dosa,2023-02-24 07:21:41,Preparing,786.12
4210,9226,245,Samosa,2024-05-18 07:21:41,Preparing,677.85
4211,350,36,Dosa,2022-09-30 07:21:41,Delivered,1140.96
4212,8564,231,Dosa,2022-06-16 07:21:41,Cancelled,275.6
4213,8970,247,Chole Bhature,2024-12-10 07:21:41,Cancelled,1330.52
4214,1183,451,Dal Makhani,2022-03-14 07:21:41,Cancelled,445.11
4215,1297,82,Rogan Josh,2025-02-05 07:21:41,Delivered,1042.26
4216,6487,58,Pani Puri,2023-12-25 07:21:41,Cancelled,1436.43
4217,5357,81,Dosa,2023-02-05 07:21:41,Cancelled,1281.29
4218,8459,154,Mutton Curry,2023-07-27 07:21:41,Delivered,180.51
4219,1068,429,Dal Makhani,2022-12-10 07:21:41,Cancelled,941.67
4220,6012,487,Butter Chicken,2022-05-05 07:21:41,Preparing,449.91
4221,1317,306,Biryani,2023-12-16 07:21:41,Preparing,332.48
4222,2633,247,Dal Makhani,2023-01-06 07:21:41,Delivered,1425.67
4223,7331,162,Rogan Josh,2024-05-25 07:21:41,Delivered,1166.85
4224,3747,132,Biryani,2023-12-02 07:21:41,Cancelled,935.33
4225,1785,211,Paneer Tikka,2022-07-13 07:21:41,Preparing,830.03
4226,7976,291,Mutton Curry,2023-05-20 07:21:41,Preparing,346.83
4227,2673,70,Biryani,2024-04-06 07:21:41,Preparing,786.8
4228,1921,231,Paneer Tikka,2024-05-03 07:21:41,Delivered,582.89
4229,2896,152,Pani Puri,2024-02-22 07:21:41,Delivered,313.41
4230,4334,100,Paneer Tikka,2024-03-17 07:21:41,Delivered,346.76
4231,4365,468,Chole Bhature,2022-12-15 07:21:41,Cancelled,204.54
4232,1705,400,Chole Bhature,2023-05-29 07:21:41,Preparing,851.89
4233,9032,444,Dal Makhani,2024-08-28 07:21:41,Delivered,665.47
4234,1924,36,Rogan Josh,2022-07-03 07:21:41,Delivered,648.07
4235,5794,40,Samosa,2025-01-28 07:21:41,Delivered,1296.11
4236,9276,483,Chole Bhature,2023-06-08 07:21:41,Preparing,904.17
4237,8149,79,Mutton Curry,2022-09-27 07:21:41,Preparing,319.75
4238,2562,160,Samosa,2023-10-25 07:21:41,Cancelled,681.07
4239,9812,304,Chole Bhature,2022-06-30 07:21:41,Preparing,1449.55
4240,6059,283,Butter Chicken,2023-06-22 07:21:41,Preparing,346.06
4241,6769,272,Samosa,2024-10-08 07:21:41,Preparing,701.61
4242,9450,223,Chole Bhature,2022-06-01 07:21:41,Cancelled,1041.23
4243,2026,107,Chole Bhature,2023-07-01 07:21:41,Cancelled,1224.46
4244,1862,69,Biryani,2024-12-27 07:21:41,Cancelled,709.93
4245,7945,472,Butter Chicken,2024-10-14 07:21:41,Delivered,494.83
4246,2718,211,Butter Chicken,2024-11-03 07:21:41,Cancelled,116.62
4247,8054,56,Chole Bhature,2023-03-08 07:21:41,Cancelled,561.6
4248,5514,6,Chole Bhature,2023-02-09 07:21:41,Delivered,427.44
4249,9670,10,Samosa,2023-09-06 07:21:41,Preparing,199.95
4250,2842,186,Butter Chicken,2023-11-26 07:21:41,Cancelled,880.37
4251,4957,55,Biryani,2024-03-26 07:21:41,Delivered,1317.88
4252,7065,407,Dosa,2024-05-14 07:21:41,Preparing,545.01
4253,7721,132,Dal Makhani,2023-03-06 07:21:41,Preparing,975.57
4254,4269,276,Dosa,2022-11-11 07:21:41,Preparing,372.84
4255,941,250,Paneer Tikka,2024-11-26 07:21:41,Delivered,1208.6
4256,5506,381,Dosa,2022-12-01 07:21:41,Delivered,558.69
4257,4029,114,Paneer Tikka,2024-07-18 07:21:41,Delivered,459.81
4258,2309,106,Dosa,2024-06-07 07:21:41,Cancelled,374.61
4259,8580,104,Biryani,2024-01-30 07:21:41,Preparing,1146.15
4260,7938,264,Samosa,2023-05-15 07:21:41,Preparing,476.8
4261,4580,309,Samosa,2025-02-04 07:21:41,Cancelled,486.19
4262,9734,30,Chole Bhature,2022-04-04 07:21:41,Preparing,1191.2
4263,4811,206,Samosa,2022-08-13 07:21:41,Cancelled,1001.11
4264,4249,194,Samosa,2023-02-18 07:21:41,Preparing,890.51
4265,4050,256,Rogan Josh,2023-12-07 07:21:41,Delivered,598.33
4266,2476,214,Samosa,2024-01-28 07:21:41,Cancelled,899.94
4267,4453,116,Butter Chicken,2023-01-05 07:21:41,Cancelled,1386.8
4268,2603,453,Paneer Tikka,2022-08-06 07:21:41,Preparing,802.83
4269,7665,91,Dal Makhani,2024-05-09 07:21:41,Cancelled,331.18
4270,111,312,Rogan Josh,2023-02-24 07:21:41,Preparing,345.86
4271,808,411,Paneer Tikka,2024-01-23 07:21:41,Delivered,1373.44
4272,9871,386,Rogan Josh,2023-10-08 07:21:41,Delivered,1251.98
4273,6872,256,Biryani,2022-07-27 07:21:41,Delivered,447.73
4274,3690,281,Samosa,2023-08-22 07:21:41,Cancelled,744.3
4275,7849,401,Paneer Tikka,2022-12-07 07:21:41,Preparing,387.15
4276,9836,383,Dosa,2024-11-03 07:21:41,Cancelled,134.28
4277,8094,399,Chole Bhature,2023-02-15 07:21:41,Cancelled,945.44
4278,7335,49,Samosa,2024-03-04 07:21:41,Cancelled,879.13
4279,1164,475,Dal Makhani,2025-01-29 07:21:41,Preparing,443.26
4280,5962,387,Chole Bhature,2024-01-21 07:21:41,Delivered,679.42
4281,9682,60,Paneer Tikka,2022-09-15 07:21:41,Cancelled,701.97
4282,6597,398,Butter Chicken,2022-08-31 07:21:41,Preparing,948.93
4283,8039,120,Biryani,2024-01-27 07:21:41,Preparing,390.2
4284,2882,170,Paneer Tikka,2024-11-06 07:21:41,Delivered,611.57
4285,4456,261,Biryani,2024-05-24 07:21:41,Delivered,1201.66
4286,2360,37,Chole Bhature,2023-09-29 07:21:41,Delivered,1053.73
4287,7961,415,Paneer Tikka,2023-05-26 07:21:41,Cancelled,738.16
4288,5331,110,Dosa,2023-11-18 07:21:41,Cancelled,891.94
4289,9103,226,Samosa,2022-12-05 07:21:41,Delivered,878.84
4290,7395,117,Paneer Tikka,2023-05-14 07:21:41,Delivered,1316.59
4291,2262,179,Samosa,2022-06-24 07:21:41,Delivered,1271.55
4292,1806,435,Dosa,2024-08-01 07:21:41,Preparing,886.84
4293,8448,287,Biryani,2022-10-30 07:21:41,Delivered,1063.24
4294,9173,238,Dal Makhani,2023-03-10 07:21:41,Cancelled,209.17
4295,5650,487,Dosa,2022-12-28 07:21:41,Delivered,1488.91
4296,9837,226,Samosa,2022-12-25 07:21:41,Delivered,101.75
4297,5753,172,Pani Puri,2023-02-14 07:21:41,Cancelled,552.82
4298,6239,464,Pani Puri,2022-06-06 07:21:41,Cancelled,1064.61
4299,4955,206,Pani Puri,2023-05-06 07:21:41,Cancelled,1250.05
4300,4626,3,Biryani,2024-04-25 07:21:41,Delivered,191.19
4301,7268,396,Mutton Curry,2023-01-22 07:21:41,Delivered,834.64
4302,8041,380,Samosa,2024-01-16 07:21:41,Delivered,881.88
4303,4133,181,Samosa,2024-07-15 07:21:41,Cancelled,562.87
4304,6379,281,Pani Puri,2023-12-23 07:21:41,Cancelled,887.16
4305,2089,449,Mutton Curry,2022-07-13 07:21:41,Cancelled,393.25
4306,6919,34,Dal Makhani,2023-01-18 07:21:41,Delivered,368.02
4307,8385,330,Chole Bhature,2024-05-02 07:21:41,Cancelled,1415.07
4308,2334,70,Samosa,2022-12-10 07:21:41,Preparing,576.89
4309,9311,34,Dal Makhani,2024-11-29 07:21:41,Cancelled,769.93
4310,1096,31,Pani Puri,2024-09-02 07:21:41,Preparing,230.06
4311,3288,41,Samosa,2023-09-25 07:21:41,Delivered,723.68
4312,9754,34,Dal Makhani,2024-11-09 07:21:41,Preparing,219.58
4313,1125,365,Dosa,2024-12-21 07:21:41,Delivered,890.75
4314,5372,142,Butter Chicken,2025-01-26 07:21:41,Preparing,1029.63
4315,484,128,Samosa,2022-11-11 07:21:41,Cancelled,300.86
4316,9267,282,Chole Bhature,2024-09-10 07:21:41,Preparing,934.69
4317,9692,380,Biryani,2022-03-26 07:21:41,Delivered,709.78
4318,6254,77,Chole Bhature,2022-07-07 07:21:41,Delivered,832.32
4319,415,426,Biryani,2022-06-28 07:21:41,Preparing,1069.59
4320,1422,375,Biryani,2022-05-04 07:21:41,Preparing,333.53
4321,213,350,Rogan Josh,2022-11-01 07:21:41,Preparing,421.78
4322,368,315,Butter Chicken,2022-06-21 07:21:41,Delivered,1104.96
4323,180,307,Dosa,2023-12-13 07:21:41,Preparing,288.38
4324,809,277,Mutton Curry,2023-06-05 07:21:41,Delivered,210.01
4325,3765,381,Pani Puri,2025-02-09 07:21:41,Cancelled,1251.93
4326,7740,394,Rogan Josh,2025-02-10 07:21:41,Delivered,623.69
4327,4550,125,Butter Chicken,2022-09-25 07:21:41,Cancelled,1164.55
4328,7539,282,Pani Puri,2023-08-06 07:21:41,Delivered,468.14
4329,7696,329,Mutton Curry,2023-11-03 07:21:41,Delivered,599.0
4330,1989,142,Paneer Tikka,2024-01-17 07:21:41,Delivered,949.75
4331,488,229,Butter Chicken,2022-03-26 07:21:41,Cancelled,407.22
4332,781,9,Samosa,2024-11-05 07:21:41,Cancelled,1043.12
4333,1331,183,Rogan Josh,2022-04-22 07:21:41,Delivered,710.37
4334,6808,428,Biryani,2024-01-10 07:21:41,Preparing,1366.24
4335,4273,358,Samosa,2024-08-29 07:21:41,Delivered,1267.77
4336,4742,199,Chole Bhature,2024-07-03 07:21:41,Preparing,1342.77
4337,1550,467,Pani Puri,2022-07-31 07:21:41,Preparing,1056.82
4338,7853,8,Pani Puri,2024-02-07 07:21:41,Preparing,783.06
4339,5610,211,Dosa,2023-08-20 07:21:41,Preparing,1052.79
4340,6031,127,Samosa,2023-10-25 07:21:41,Preparing,844.64
4341,9906,112,Paneer Tikka,2024-12-11 07:21:41,Preparing,262.71
4342,3998,477,Mutton Curry,2023-10-13 07:21:41,Cancelled,1110.15
4343,6573,246,Samosa,2024-07-26 07:21:41,Delivered,1269.08
4344,7996,49,Samosa,2022-10-20 07:21:41,Cancelled,1206.85
4345,2258,454,Chole Bhature,2024-11-08 07:21:41,Cancelled,1063.51
4346,7880,409,Dal Makhani,2024-08-31 07:21:41,Delivered,1043.24
4347,2191,476,Chole Bhature,2024-06-13 07:21:41,Delivered,812.73
4348,6204,463,Butter Chicken,2023-05-02 07:21:41,Delivered,448.76
4349,1860,122,Samosa,2023-01-11 07:21:41,Delivered,750.32
4350,1404,227,Dal Makhani,2024-09-28 07:21:41,Delivered,1243.83
4351,9681,149,Mutton Curry,2023-08-18 07:21:41,Preparing,1432.72
4352,3059,96,Mutton Curry,2024-05-12 07:21:41,Preparing,552.52
4353,1801,116,Pani Puri,2022-04-18 07:21:41,Cancelled,617.05
4354,3321,423,Chole Bhature,2024-09-21 07:21:41,Preparing,635.7
4355,6513,329,Dosa,2024-11-09 07:21:41,Cancelled,905.77
4356,3325,444,Pani Puri,2022-12-18 07:21:41,Cancelled,951.74
4357,2417,405,Paneer Tikka,2024-05-06 07:21:41,Delivered,164.79
4358,7300,409,Mutton Curry,2022-11-26 07:21:41,Preparing,894.68
4359,4902,413,Biryani,2023-08-31 07:21:41,Delivered,127.44
4360,4353,41,Pani Puri,2024-09-17 07:21:41,Cancelled,471.58
4361,6470,123,Dosa,2024-10-06 07:21:41,Preparing,1358.05
4362,2933,379,Dosa,2024-10-21 07:21:41,Cancelled,1342.79
4363,2686,52,Rogan Josh,2024-07-21 07:21:41,Delivered,839.6
4364,4392,8,Butter Chicken,2023-06-24 07:21:41,Preparing,192.16
4365,7341,136,Pani Puri,2024-11-24 07:21:41,Delivered,1190.68
4366,6357,202,Pani Puri,2024-09-30 07:21:41,Preparing,264.83
4367,755,443,Paneer Tikka,2024-01-15 07:21:41,Preparing,1192.46
4368,3488,105,Rogan Josh,2023-04-16 07:21:41,Preparing,240.45
4369,6510,496,Dal Makhani,2022-07-14 07:21:41,Delivered,1032.93
4370,9906,392,Pani Puri,2024-05-20 07:21:41,Cancelled,532.34
4371,3099,42,Biryani,2025-02-22 07:21:41,Delivered,881.79
4372,2143,336,Biryani,2022-03-29 07:21:41,Cancelled,588.81
4373,681,185,Butter Chicken,2022-06-03 07:21:41,Delivered,638.48
4374,1727,248,Chole Bhature,2023-10-29 07:21:41,Delivered,235.52
4375,565,383,Pani Puri,2024-10-15 07:21:41,Preparing,562.09
4376,1624,34,Paneer Tikka,2023-04-06 07:21:41,Cancelled,905.28
4377,2779,57,Pani Puri,2023-09-23 07:21:41,Delivered,1431.35
4378,1832,356,Butter Chicken,2023-04-17 07:21:41,Delivered,1495.43
4379,1757,203,Samosa,2023-03-09 07:21:41,Cancelled,703.26
4380,1353,91,Butter Chicken,2024-04-14 07:21:41,Preparing,790.78
4381,9045,101,Samosa,2024-12-30 07:21:41,Delivered,187.46
4382,4924,50,Paneer Tikka,2024-11-14 07:21:41,Preparing,795.22
4383,4736,171,Dal Makhani,2022-06-14 07:21:41,Cancelled,358.71
4384,9378,455,Rogan Josh,2024-07-07 07:21:41,Delivered,1289.92
4385,4228,461,Samosa,2022-03-07 07:21:41,Cancelled,106.01
4386,8807,420,Dal Makhani,2022-07-06 07:21:41,Delivered,894.56
4387,7307,477,Dal Makhani,2023-03-08 07:21:41,Delivered,1080.76
4388,410,332,Biryani,2023-07-11 07:21:41,Preparing,1039.82
4389,484,137,Chole Bhature,2023-03-02 07:21:41,Delivered,1177.61
4390,3552,301,Rogan Josh,2024-09-11 07:21:41,Cancelled,448.86
4391,7434,241,Chole Bhature,2023-11-27 07:21:41,Preparing,1070.17
4392,8152,140,Biryani,2024-04-01 07:21:41,Preparing,1306.55
4393,2313,108,Mutton Curry,2025-01-17 07:21:41,Cancelled,1409.49
4394,7298,25,Samosa,2024-03-28 07:21:41,Preparing,885.16
4395,1829,119,Chole Bhature,2023-07-22 07:21:41,Cancelled,242.38
4396,2561,192,Dal Makhani,2022-03-23 07:21:41,Cancelled,327.97
4397,2809,91,Chole Bhature,2022-08-29 07:21:41,Preparing,1363.31
4398,4340,209,Dosa,2024-12-26 07:21:41,Delivered,921.36
4399,3979,299,Dosa,2022-12-06 07:21:41,Preparing,1409.28
4400,6523,317,Butter Chicken,2024-06-25 07:21:41,Delivered,220.87
4401,3815,262,Dal Makhani,2023-11-17 07:21:41,Delivered,252.91
4402,7445,4,Pani Puri,2023-04-07 07:21:41,Preparing,1138.86
4403,2134,497,Paneer Tikka,2024-11-23 07:21:41,Preparing,358.72
4404,7171,46,Biryani,2025-02-18 07:21:41,Cancelled,232.23
4405,2657,403,Dosa,2024-08-17 07:21:41,Cancelled,599.13
4406,2451,174,Butter Chicken,2024-08-07 07:21:41,Preparing,1341.82
4407,1367,459,Dosa,2022-12-16 07:21:41,Cancelled,991.13
4408,6411,500,Biryani,2024-04-03 07:21:41,Delivered,1127.47
4409,5237,455,Rogan Josh,2023-02-10 07:21:41,Delivered,188.23
4410,8515,499,Butter Chicken,2023-10-20 07:21:41,Preparing,344.05
4411,5991,51,Paneer Tikka,2024-03-18 07:21:41,Delivered,1152.29
4412,9175,354,Rogan Josh,2024-08-30 07:21:41,Delivered,187.33
4413,7180,457,Pani Puri,2024-06-17 07:21:41,Preparing,1344.29
4414,6343,486,Samosa,2022-03-19 07:21:41,Cancelled,356.74
4415,1004,306,Mutton Curry,2022-11-12 07:21:41,Delivered,686.12
4416,5447,498,Biryani,2022-04-01 07:21:41,Preparing,1263.06
4417,4828,336,Rogan Josh,2022-07-08 07:21:41,Cancelled,346.94
4418,8210,287,Mutton Curry,2025-01-21 07:21:41,Delivered,226.83
4419,7204,196,Mutton Curry,2023-01-09 07:21:41,Delivered,1432.01
4420,9042,19,Pani Puri,2023-08-28 07:21:41,Delivered,369.4
4421,4103,343,Rogan Josh,2022-11-26 07:21:41,Cancelled,101.51
4422,5776,222,Chole Bhature,2024-01-19 07:21:41,Cancelled,518.61
4423,4942,82,Rogan Josh,2023-12-21 07:21:41,Preparing,675.94
4424,569,86,Chole Bhature,2023-09-04 07:21:41,Preparing,1470.42
4425,8561,262,Chole Bhature,2022-03-25 07:21:41,Delivered,1156.41
4426,2723,133,Biryani,2022-07-01 07:21:41,Delivered,983.03
4427,5928,163,Chole Bhature,2024-03-19 07:21:41,Preparing,464.0
4428,462,465,Dal Makhani,2022-04-09 07:21:41,Cancelled,1353.52
4429,7866,265,Chole Bhature,2024-03-02 07:21:41,Delivered,577.8
4430,4108,80,Biryani,2022-10-10 07:21:41,Cancelled,496.87
4431,5874,409,Rogan Josh,2025-01-04 07:21:41,Preparing,904.72
4432,2952,388,Mutton Curry,2023-12-12 07:21:41,Delivered,145.01
4433,4326,319,Butter Chicken,2022-12-31 07:21:41,Delivered,358.96
4434,4238,18,Pani Puri,2023-12-24 07:21:41,Preparing,1372.97
4435,3887,203,Paneer Tikka,2022-10-01 07:21:41,Delivered,508.64
4436,897,57,Butter Chicken,2023-02-23 07:21:41,Delivered,1193.58
4437,5866,266,Dosa,2022-08-08 07:21:41,Preparing,1029.28
4438,1736,298,Chole Bhature,2022-05-19 07:21:41,Delivered,222.67
4439,6903,380,Rogan Josh,2022-09-16 07:21:41,Cancelled,1195.89
4440,3027,169,Rogan Josh,2023-03-09 07:21:41,Preparing,613.09
4441,1087,375,Dal Makhani,2022-04-26 07:21:41,Cancelled,325.57
4442,49,491,Dosa,2023-11-05 07:21:41,Delivered,1371.75
4443,9270,200,Samosa,2023-05-30 07:21:41,Delivered,1109.55
4444,3103,348,Dal Makhani,2024-04-11 07:21:41,Preparing,912.71
4445,7439,195,Rogan Josh,2024-10-31 07:21:41,Preparing,1266.92
4446,9483,52,Mutton Curry,2024-01-05 07:21:41,Delivered,1066.5
4447,3098,215,Chole Bhature,2022-12-22 07:21:41,Delivered,360.85
4448,4479,195,Butter Chicken,2025-02-07 07:21:41,Cancelled,1245.8
4449,9826,35,Butter Chicken,2023-12-02 07:21:41,Delivered,186.37
4450,1160,101,Samosa,2022-08-28 07:21:41,Preparing,197.41
4451,9886,347,Chole Bhature,2023-03-28 07:21:41,Preparing,1256.78
4452,4395,391,Dal Makhani,2024-08-15 07:21:41,Delivered,157.07
4453,7610,381,Paneer Tikka,2024-06-22 07:21:41,Preparing,1129.48
4454,9284,64,Mutton Curry,2024-01-30 07:21:41,Delivered,1377.62
4455,1902,225,Biryani,2022-10-20 07:21:41,Cancelled,263.13
4456,2156,219,Dal Makhani,2024-09-13 07:21:41,Cancelled,1296.58
4457,8641,479,Butter Chicken,2024-07-13 07:21:41,Cancelled,567.24
4458,3278,357,Paneer Tikka,2024-01-05 07:21:41,Cancelled,298.42
4459,70,325,Pani Puri,2022-10-08 07:21:41,Cancelled,204.67
4460,4,283,Dosa,2024-03-24 07:21:41,Delivered,1068.39
4461,6118,155,Samosa,2023-10-30 07:21:41,Cancelled,1259.36
4462,1956,195,Chole Bhature,2023-11-17 07:21:41,Delivered,298.98
4463,702,104,Samosa,2023-06-09 07:21:41,Delivered,315.03
4464,7399,237,Paneer Tikka,2022-10-22 07:21:41,Preparing,911.28
4465,5634,263,Paneer Tikka,2022-09-19 07:21:41,Cancelled,580.62
4466,338,332,Rogan Josh,2024-07-11 07:21:41,Cancelled,1079.21
4467,7536,145,Pani Puri,2022-08-16 07:21:41,Cancelled,248.77
4468,9489,471,Paneer Tikka,2022-07-19 07:21:41,Delivered,1419.07
4469,6815,499,Rogan Josh,2022-03-14 07:21:41,Delivered,1169.98
4470,5322,464,Samosa,2022-09-15 07:21:41,Cancelled,252.26
4471,9552,51,Dosa,2024-06-14 07:21:41,Cancelled,1268.79
4472,7839,145,Rogan Josh,2023-09-14 07:21:41,Cancelled,603.01
4473,3288,487,Dal Makhani,2023-10-27 07:21:41,Cancelled,1359.92
4474,6462,179,Pani Puri,2025-02-26 07:21:41,Preparing,943.0
4475,8408,32,Chole Bhature,2025-01-20 07:21:41,Cancelled,995.97
4476,458,459,Biryani,2022-07-30 07:21:41,Delivered,267.66
4477,4201,441,Samosa,2023-06-03 07:21:41,Cancelled,684.36
4478,1636,19,Pani Puri,2023-09-12 07:21:41,Cancelled,410.75
4479,8774,490,Samosa,2022-09-24 07:21:41,Preparing,1433.77
4480,5712,24,Paneer Tikka,2022-08-10 07:21:41,Preparing,705.96
4481,2995,162,Butter Chicken,2023-05-13 07:21:41,Cancelled,1383.83
4482,3394,6,Mutton Curry,2024-10-03 07:21:41,Preparing,1381.64
4483,267,481,Pani Puri,2022-12-06 07:21:41,Delivered,137.61
4484,5134,454,Dosa,2023-10-15 07:21:41,Preparing,165.99
4485,7881,469,Dal Makhani,2022-04-02 07:21:41,Cancelled,513.03
4486,7499,339,Mutton Curry,2022-06-01 07:21:41,Preparing,1185.06
4487,5959,467,Paneer Tikka,2022-05-01 07:21:41,Cancelled,384.57
4488,9298,162,Samosa,2022-12-05 07:21:41,Preparing,428.48
4489,7690,109,Butter Chicken,2024-04-20 07:21:41,Preparing,229.54
4490,4276,76,Biryani,2022-04-07 07:21:41,Delivered,401.53
4491,623,312,Biryani,2023-03-12 07:21:41,Delivered,765.57
4492,9719,272,Dosa,2024-07-12 07:21:41,Preparing,511.28
4493,6626,347,Biryani,2024-10-02 07:21:41,Preparing,487.28
4494,836,217,Pani Puri,2023-02-08 07:21:41,Preparing,1105.81
4495,3579,236,Rogan Josh,2024-08-26 07:21:41,Delivered,1068.41
4496,3883,383,Rogan Josh,2022-11-06 07:21:41,Preparing,1480.9
4497,1627,314,Dosa,2024-07-11 07:21:41,Preparing,375.6
4498,3906,256,Pani Puri,2023-03-22 07:21:41,Delivered,1315.11
4499,1437,369,Paneer Tikka,2023-07-05 07:21:41,Delivered,133.65
4500,7972,58,Biryani,2023-08-01 07:21:41,Preparing,388.57
4501,8087,451,Rogan Josh,2023-09-13 07:21:41,Preparing,1223.54
4502,6730,357,Pani Puri,2023-09-28 07:21:41,Delivered,655.52
4503,6315,345,Dal Makhani,2023-06-05 07:21:41,Preparing,1070.84
4504,277,450,Butter Chicken,2023-06-08 07:21:41,Preparing,1476.29
4505,8854,41,Samosa,2024-12-11 07:21:41,Delivered,1030.8
4506,5586,161,Rogan Josh,2024-09-06 07:21:41,Cancelled,910.15
4507,6001,240,Dosa,2024-05-22 07:21:41,Cancelled,336.82
4508,3960,423,Samosa,2023-12-05 07:21:41,Cancelled,1147.56
4509,1260,205,Biryani,2024-07-14 07:21:41,Cancelled,558.66
4510,2961,216,Samosa,2022-04-03 07:21:41,Delivered,739.89
4511,100,131,Biryani,2023-11-21 07:21:41,Cancelled,1256.8
4512,3315,40,Biryani,2024-02-03 07:21:41,Cancelled,568.43
4513,3077,108,Butter Chicken,2024-08-17 07:21:41,Cancelled,925.89
4514,8550,356,Chole Bhature,2024-10-29 07:21:41,Cancelled,318.83
4515,7795,274,Paneer Tikka,2024-10-23 07:21:41,Preparing,385.65
4516,2277,161,Rogan Josh,2023-10-06 07:21:41,Delivered,284.66
4517,9162,499,Pani Puri,2024-03-13 07:21:41,Cancelled,1360.72
4518,4700,74,Paneer Tikka,2024-01-23 07:21:41,Cancelled,1477.58
4519,7361,150,Biryani,2022-05-18 07:21:41,Cancelled,1208.38
4520,8864,435,Samosa,2024-04-04 07:21:41,Preparing,583.05
4521,1916,296,Biryani,2024-05-22 07:21:41,Preparing,205.87
4522,2175,462,Rogan Josh,2024-01-20 07:21:41,Preparing,875.77
4523,8360,296,Mutton Curry,2023-12-12 07:21:41,Cancelled,697.0
4524,4735,196,Mutton Curry,2022-12-06 07:21:41,Preparing,115.71
4525,2328,248,Dosa,2025-01-31 07:21:41,Cancelled,1274.98
4526,7422,219,Samosa,2022-08-05 07:21:41,Cancelled,1124.63
4527,5635,494,Paneer Tikka,2024-04-21 07:21:41,Cancelled,177.36
4528,9070,375,Pani Puri,2024-11-04 07:21:41,Cancelled,673.15
4529,4744,436,Chole Bhature,2024-01-05 07:21:41,Delivered,1065.68
4530,7308,99,Dal Makhani,2025-01-21 07:21:41,Delivered,868.49
4531,6157,251,Dal Makhani,2022-08-07 07:21:41,Preparing,1022.83
4532,2765,283,Pani Puri,2023-05-04 07:21:41,Cancelled,554.43
4533,1537,316,Rogan Josh,2024-04-24 07:21:41,Cancelled,898.06
4534,3793,128,Dal Makhani,2022-12-26 07:21:41,Delivered,826.63
4535,6279,59,Dosa,2022-08-31 07:21:41,Delivered,1252.44
4536,742,95,Chole Bhature,2024-01-24 07:21:41,Preparing,241.52
4537,911,394,Butter Chicken,2023-04-07 07:21:41,Cancelled,465.86
4538,1078,188,Dosa,2024-03-24 07:21:41,Delivered,145.68
4539,4670,102,Biryani,2023-09-09 07:21:41,Delivered,1307.11
4540,2805,108,Dal Makhani,2025-01-29 07:21:41,Cancelled,471.79
4541,8471,292,Pani Puri,2023-08-27 07:21:41,Preparing,762.78
4542,204,257,Dal Makhani,2022-05-10 07:21:41,Preparing,275.52
4543,6759,126,Mutton Curry,2022-11-11 07:21:41,Delivered,1404.27
4544,2061,109,Samosa,2024-12-07 07:21:41,Cancelled,547.2
4545,3195,65,Biryani,2023-02-17 07:21:41,Delivered,678.06
4546,4767,64,Samosa,2022-09-09 07:21:41,Delivered,660.83
4547,8373,28,Butter Chicken,2023-08-30 07:21:41,Delivered,728.8
4548,8104,245,Biryani,2024-09-28 07:21:41,Preparing,587.3
4549,4604,226,Rogan Josh,2022-04-17 07:21:41,Cancelled,574.28
4550,9580,244,Pani Puri,2024-05-07 07:21:41,Preparing,1483.37
4551,553,467,Biryani,2022-10-25 07:21:41,Preparing,416.72
4552,9437,156,Dosa,2023-09-26 07:21:41,Preparing,948.75
4553,244,472,Butter Chicken,2023-12-30 07:21:41,Delivered,537.83
4554,2141,1,Mutton Curry,2024-12-09 07:21:41,Cancelled,597.51
4555,5776,381,Chole Bhature,2024-11-20 07:21:41,Delivered,479.93
4556,741,6,Mutton Curry,2022-03-26 07:21:41,Cancelled,365.95
4557,6234,486,Samosa,2024-01-29 07:21:41,Cancelled,1123.03
4558,8633,120,Samosa,2022-09-23 07:21:41,Delivered,1173.73
4559,3554,341,Rogan Josh,2025-02-20 07:21:41,Delivered,631.85
4560,4848,268,Dal Makhani,2025-01-12 07:21:41,Delivered,1377.8
4561,7160,327,Dal Makhani,2022-07-13 07:21:41,Delivered,640.26
4562,2902,156,Mutton Curry,2023-01-09 07:21:41,Delivered,776.65
4563,1367,230,Pani Puri,2024-10-01 07:21:41,Preparing,581.14
4564,5268,93,Dosa,2022-06-28 07:21:41,Cancelled,169.51
4565,5342,107,Chole Bhature,2024-03-23 07:21:41,Preparing,1091.96
4566,476,385,Butter Chicken,2024-12-09 07:21:41,Cancelled,1246.12
4567,364,201,Butter Chicken,2022-04-07 07:21:41,Delivered,439.38
4568,8778,441,Pani Puri,2023-08-18 07:21:41,Delivered,247.49
4569,3963,255,Pani Puri,2022-12-04 07:21:41,Preparing,1259.14
4570,8939,241,Dal Makhani,2024-02-25 07:21:41,Cancelled,598.36
4571,3618,353,Paneer Tikka,2023-06-12 07:21:41,Preparing,876.04
4572,3287,319,Dal Makhani,2024-06-19 07:21:41,Preparing,1498.54
4573,446,298,Paneer Tikka,2023-06-04 07:21:41,Cancelled,1254.68
4574,6227,304,Dosa,2022-08-17 07:21:41,Delivered,1322.79
4575,1513,70,Samosa,2024-06-20 07:21:41,Preparing,376.52
4576,3000,10,Butter Chicken,2024-08-02 07:21:41,Delivered,1313.19
4577,9592,247,Dosa,2023-11-23 07:21:41,Cancelled,1286.17
4578,2181,208,Mutton Curry,2024-08-23 07:21:41,Preparing,767.16
4579,4883,29,Dosa,2023-06-30 07:21:41,Preparing,471.41
4580,7330,155,Dal Makhani,2023-06-02 07:21:41,Delivered,469.81
4581,830,24,Dosa,2022-03-25 07:21:41,Cancelled,869.91
4582,2809,475,Chole Bhature,2025-02-13 07:21:41,Preparing,103.73
4583,7413,497,Chole Bhature,2024-11-05 07:21:41,Cancelled,545.72
4584,1590,334,Pani Puri,2024-07-17 07:21:41,Cancelled,1370.42
4585,7706,246,Dal Makhani,2024-05-29 07:21:41,Preparing,144.38
4586,9029,273,Dosa,2024-12-12 07:21:41,Preparing,938.84
4587,7174,73,Chole Bhature,2024-11-10 07:21:41,Delivered,756.97
4588,2521,122,Samosa,2023-11-14 07:21:41,Cancelled,1369.25
4589,2012,265,Biryani,2023-03-05 07:21:41,Delivered,1186.78
4590,9655,481,Samosa,2022-06-28 07:21:41,Cancelled,1100.43
4591,66,24,Biryani,2024-01-23 07:21:41,Cancelled,417.82
4592,7421,351,Samosa,2023-05-22 07:21:41,Delivered,681.27
4593,8967,346,Pani Puri,2023-08-09 07:21:41,Cancelled,216.82
4594,8609,374,Pani Puri,2022-05-18 07:21:41,Delivered,258.11
4595,7700,437,Pani Puri,2022-03-16 07:21:41,Cancelled,1205.63
4596,269,336,Samosa,2024-11-28 07:21:41,Delivered,1301.59
4597,8439,93,Dal Makhani,2023-10-15 07:21:41,Delivered,860.13
4598,7170,410,Samosa,2022-09-22 07:21:41,Preparing,1458.31
4599,5815,205,Chole Bhature,2023-09-03 07:21:41,Preparing,963.69
4600,6409,68,Rogan Josh,2023-07-03 07:21:41,Delivered,205.79
4601,3675,454,Dal Makhani,2023-05-02 07:21:41,Delivered,1424.31
4602,7970,427,Paneer Tikka,2024-10-22 07:21:41,Delivered,178.03
4603,9996,482,Dal Makhani,2022-03-31 07:21:41,Preparing,629.08
4604,2393,410,Dal Makhani,2024-06-21 07:21:41,Delivered,344.46
4605,3773,111,Paneer Tikka,2023-09-12 07:21:41,Delivered,1219.22
4606,4611,462,Paneer Tikka,2024-02-27 07:21:41,Delivered,1212.33
4607,3044,35,Butter Chicken,2023-10-15 07:21:41,Delivered,1348.59
4608,6590,492,Pani Puri,2022-03-21 07:21:41,Delivered,857.82
4609,359,484,Samosa,2023-03-03 07:21:41,Cancelled,1166.09
4610,5177,204,Chole Bhature,2023-02-22 07:21:41,Preparing,1481.02
4611,1672,208,Butter Chicken,2024-07-26 07:21:41,Delivered,1402.89
4612,3752,360,Dosa,2024-10-26 07:21:41,Cancelled,1368.23
4613,2761,66,Samosa,2025-02-03 07:21:41,Cancelled,1302.02
4614,2995,146,Rogan Josh,2024-11-29 07:21:41,Preparing,258.57
4615,8386,332,Dal Makhani,2022-12-16 07:21:41,Cancelled,291.09
4616,5099,62,Chole Bhature,2023-09-06 07:21:41,Cancelled,1014.23
4617,6969,321,Biryani,2022-03-09 07:21:41,Cancelled,158.56
4618,5185,256,Biryani,2023-07-20 07:21:41,Delivered,551.2
4619,8757,61,Paneer Tikka,2023-08-20 07:21:41,Cancelled,132.69
4620,4603,278,Paneer Tikka,2023-07-03 07:21:41,Cancelled,1075.95
4621,718,335,Pani Puri,2022-09-06 07:21:41,Cancelled,1229.68
4622,5732,481,Biryani,2024-07-20 07:21:41,Cancelled,1117.62
4623,2787,209,Chole Bhature,2023-07-02 07:21:41,Preparing,1232.74
4624,6891,10,Dosa,2024-05-05 07:21:41,Cancelled,1264.09
4625,1765,262,Chole Bhature,2022-10-23 07:21:41,Cancelled,1423.98
4626,8294,51,Samosa,2023-11-23 07:21:41,Delivered,700.83
4627,6580,458,Mutton Curry,2023-08-24 07:21:41,Preparing,1081.57
4628,6663,105,Mutton Curry,2023-02-24 07:21:41,Delivered,436.69
4629,9818,175,Mutton Curry,2024-03-29 07:21:41,Preparing,1099.47
4630,5160,51,Chole Bhature,2022-11-03 07:21:41,Cancelled,759.21
4631,604,169,Samosa,2024-06-20 07:21:41,Delivered,177.91
4632,444,371,Samosa,2023-09-18 07:21:41,Delivered,953.2
4633,8585,232,Pani Puri,2025-03-01 07:21:41,Delivered,409.78
4634,9566,205,Mutton Curry,2022-05-02 07:21:41,Preparing,918.1
4635,5841,215,Dosa,2022-04-09 07:21:41,Delivered,402.26
4636,9158,317,Pani Puri,2023-10-09 07:21:41,Cancelled,518.99
4637,203,424,Samosa,2022-11-05 07:21:41,Delivered,710.55
4638,3170,66,Mutton Curry,2025-02-15 07:21:41,Cancelled,409.2
4639,8841,441,Samosa,2024-01-11 07:21:41,Preparing,1480.2
4640,9366,146,Samosa,2022-10-01 07:21:41,Cancelled,1335.25
4641,5577,77,Dal Makhani,2023-06-14 07:21:41,Preparing,270.42
4642,5355,170,Dosa,2022-07-30 07:21:41,Preparing,337.65
4643,4861,443,Biryani,2022-11-06 07:21:41,Cancelled,239.06
4644,5499,194,Samosa,2024-12-06 07:21:41,Preparing,548.15
4645,2231,120,Samosa,2023-11-17 07:21:41,Delivered,201.95
4646,7488,62,Chole Bhature,2025-01-18 07:21:41,Delivered,1489.06
4647,2313,140,Butter Chicken,2024-03-12 07:21:41,Cancelled,999.14
4648,4528,19,Paneer Tikka,2023-11-13 07:21:41,Delivered,877.12
4649,5860,490,Dal Makhani,2023-01-20 07:21:41,Delivered,289.02
4650,1332,277,Chole Bhature,2023-11-19 07:21:41,Preparing,770.18
4651,330,184,Chole Bhature,2024-03-31 07:21:41,Cancelled,791.36
4652,358,19,Chole Bhature,2023-02-14 07:21:41,Preparing,1441.95
4653,8681,432,Mutton Curry,2022-04-25 07:21:41,Cancelled,119.41
4654,9172,167,Pani Puri,2022-11-20 07:21:41,Preparing,1199.5
4655,1114,31,Butter Chicken,2022-03-31 07:21:41,Delivered,400.14
4656,5183,390,Mutton Curry,2023-01-24 07:21:41,Preparing,596.57
4657,6330,283,Dosa,2024-09-09 07:21:41,Preparing,779.23
4658,9008,311,Dal Makhani,2025-02-23 07:21:41,Delivered,1197.41
4659,9356,197,Dal Makhani,2023-09-18 07:21:41,Delivered,1079.44
4660,6454,27,Mutton Curry,2023-01-07 07:21:41,Preparing,1351.73
4661,8446,476,Pani Puri,2022-04-28 07:21:41,Delivered,1436.6
4662,8034,448,Pani Puri,2022-12-08 07:21:41,Delivered,418.4
4663,7927,389,Dal Makhani,2022-06-11 07:21:41,Delivered,610.16
4664,8920,336,Chole Bhature,2024-06-17 07:21:41,Delivered,802.68
4665,4314,466,Rogan Josh,2024-10-13 07:21:41,Delivered,213.05
4666,5218,118,Samosa,2023-08-05 07:21:41,Preparing,891.59
4667,9276,413,Samosa,2023-03-16 07:21:41,Preparing,963.0
4668,8434,55,Pani Puri,2023-06-21 07:21:41,Delivered,388.94
4669,5733,176,Dal Makhani,2024-03-09 07:21:41,Cancelled,412.43
4670,4526,313,Dosa,2023-11-24 07:21:41,Cancelled,348.52
4671,7167,247,Dal Makhani,2023-05-28 07:21:41,Delivered,921.57
4672,9604,439,Samosa,2023-07-25 07:21:41,Preparing,861.52
4673,5463,328,Rogan Josh,2022-08-31 07:21:41,Delivered,1373.98
4674,3685,351,Samosa,2023-07-31 07:21:41,Cancelled,653.31
4675,1686,18,Mutton Curry,2022-07-29 07:21:41,Delivered,956.68
4676,7431,142,Chole Bhature,2023-05-29 07:21:41,Preparing,280.62
4677,2424,245,Paneer Tikka,2024-04-15 07:21:41,Preparing,670.25
4678,2455,82,Chole Bhature,2025-01-07 07:21:41,Preparing,1374.43
4679,6450,415,Dal Makhani,2023-06-30 07:21:41,Cancelled,1403.1
4680,1597,269,Rogan Josh,2023-10-30 07:21:41,Delivered,203.04
4681,9870,152,Paneer Tikka,2024-09-30 07:21:41,Cancelled,1410.9
4682,7707,413,Butter Chicken,2024-05-01 07:21:41,Preparing,516.48
4683,1156,285,Butter Chicken,2022-12-26 07:21:41,Delivered,675.78
4684,72,376,Dal Makhani,2024-12-05 07:21:41,Preparing,1444.67
4685,9850,211,Rogan Josh,2023-05-08 07:21:41,Cancelled,224.11
4686,4971,8,Samosa,2023-06-24 07:21:41,Delivered,721.07
4687,6029,233,Biryani,2024-04-26 07:21:41,Preparing,175.25
4688,2942,160,Samosa,2024-10-27 07:21:41,Cancelled,204.46
4689,5450,213,Mutton Curry,2024-11-17 07:21:41,Cancelled,638.55
4690,5174,289,Rogan Josh,2024-08-30 07:21:41,Delivered,1189.87
4691,4364,209,Pani Puri,2024-02-28 07:21:41,Cancelled,1204.32
4692,7117,64,Paneer Tikka,2022-04-19 07:21:41,Cancelled,634.34
4693,344,162,Pani Puri,2023-09-04 07:21:41,Cancelled,1306.13
4694,2789,383,Paneer Tikka,2024-12-10 07:21:41,Cancelled,743.19
4695,3177,21,Dosa,2023-01-08 07:21:41,Preparing,104.74
4696,1745,213,Dosa,2024-04-02 07:21:41,Cancelled,1225.99
4697,9264,446,Biryani,2024-03-22 07:21:41,Delivered,374.1
4698,9683,116,Samosa,2023-01-12 07:21:41,Delivered,796.86
4699,9041,202,Biryani,2024-08-18 07:21:41,Cancelled,255.14
4700,5356,379,Paneer Tikka,2023-01-23 07:21:41,Delivered,1434.84
4701,641,146,Pani Puri,2023-08-31 07:21:41,Cancelled,218.14
4702,3596,417,Samosa,2025-02-18 07:21:41,Cancelled,231.37
4703,3214,254,Samosa,2023-02-08 07:21:41,Cancelled,1281.78
4704,4331,103,Rogan Josh,2023-09-18 07:21:41,Cancelled,196.43
4705,9832,249,Chole Bhature,2022-06-09 07:21:41,Delivered,934.16
4706,5352,5,Dal Makhani,2022-07-06 07:21:41,Delivered,119.55
4707,9269,117,Paneer Tikka,2023-08-09 07:21:41,Preparing,352.2
4708,9383,196,Biryani,2023-02-02 07:21:41,Cancelled,114.09
4709,5639,150,Dosa,2023-03-26 07:21:41,Preparing,380.73
4710,3848,320,Pani Puri,2024-03-16 07:21:41,Preparing,1034.33
4711,860,171,Pani Puri,2024-09-22 07:21:41,Delivered,664.66
4712,1189,307,Pani Puri,2023-01-16 07:21:41,Cancelled,602.25
4713,5100,178,Rogan Josh,2024-06-07 07:21:41,Preparing,402.08
4714,1152,412,Dosa,2022-05-03 07:21:41,Preparing,996.74
4715,5352,140,Biryani,2024-08-06 07:21:41,Preparing,1013.03
4716,262,311,Rogan Josh,2022-09-24 07:21:41,Preparing,1407.39
4717,5794,143,Rogan Josh,2022-05-10 07:21:41,Delivered,816.08
4718,5698,267,Pani Puri,2024-08-18 07:21:41,Delivered,661.19
4719,4036,153,Dal Makhani,2023-02-08 07:21:41,Preparing,1245.85
4720,7037,420,Biryani,2025-01-14 07:21:41,Preparing,931.58
4721,6042,369,Samosa,2022-09-26 07:21:41,Cancelled,354.08
4722,8619,328,Biryani,2025-02-26 07:21:41,Delivered,991.25
4723,6555,194,Biryani,2023-07-25 07:21:41,Delivered,374.48
4724,9291,188,Dosa,2025-01-18 07:21:41,Preparing,252.85
4725,8226,142,Butter Chicken,2023-05-17 07:21:41,Cancelled,906.96
4726,5453,123,Chole Bhature,2022-04-09 07:21:41,Cancelled,380.29
4727,8390,89,Samosa,2024-06-10 07:21:41,Cancelled,1399.29
4728,4283,381,Chole Bhature,2023-11-30 07:21:41,Delivered,277.43
4729,8451,320,Chole Bhature,2024-12-24 07:21:41,Delivered,300.79
4730,1636,366,Dal Makhani,2023-10-28 07:21:41,Preparing,1112.84
4731,973,15,Paneer Tikka,2022-06-25 07:21:41,Delivered,514.29
4732,2271,491,Butter Chicken,2023-04-19 07:21:41,Preparing,1272.99
4733,3167,198,Pani Puri,2023-06-17 07:21:41,Preparing,963.02
4734,985,170,Butter Chicken,2023-03-25 07:21:41,Cancelled,1414.98
4735,7809,344,Butter Chicken,2023-04-16 07:21:41,Preparing,564.37
4736,3736,16,Paneer Tikka,2024-03-04 07:21:41,Cancelled,1477.84
4737,9142,445,Pani Puri,2022-06-01 07:21:41,Cancelled,562.44
4738,3650,40,Chole Bhature,2023-08-03 07:21:41,Preparing,717.3
4739,5380,174,Paneer Tikka,2023-06-22 07:21:41,Cancelled,1433.55
4740,2217,5,Mutton Curry,2022-11-30 07:21:41,Preparing,1245.56
4741,507,346,Paneer Tikka,2023-11-23 07:21:41,Cancelled,1111.41
4742,7712,84,Rogan Josh,2024-03-06 07:21:41,Delivered,1299.19
4743,9524,389,Butter Chicken,2022-08-04 07:21:41,Preparing,1050.94
4744,48,341,Samosa,2022-04-27 07:21:41,Preparing,972.65
4745,9619,219,Biryani,2022-12-07 07:21:41,Delivered,176.04
4746,7894,449,Biryani,2022-05-10 07:21:41,Preparing,544.78
4747,3279,412,Samosa,2022-08-10 07:21:41,Delivered,114.38
4748,3313,329,Samosa,2024-06-30 07:21:41,Delivered,167.59
4749,2043,372,Dosa,2023-06-19 07:21:41,Delivered,272.1
4750,9373,267,Dal Makhani,2023-02-21 07:21:41,Cancelled,497.28
4751,7451,80,Paneer Tikka,2022-12-21 07:21:41,Delivered,1066.65
4752,9593,108,Rogan Josh,2023-03-28 07:21:41,Preparing,521.61
4753,1951,5,Paneer Tikka,2024-09-27 07:21:41,Cancelled,549.87
4754,3209,372,Dal Makhani,2022-03-06 07:21:41,Preparing,1016.29
4755,2212,15,Paneer Tikka,2023-02-11 07:21:41,Cancelled,822.96
4756,3278,208,Samosa,2024-02-25 07:21:41,Cancelled,945.54
4757,8485,314,Dosa,2023-04-02 07:21:41,Delivered,513.7
4758,7297,64,Mutton Curry,2024-01-11 07:21:41,Preparing,314.11
4759,720,496,Chole Bhature,2023-05-16 07:21:41,Delivered,167.83
4760,8643,296,Dosa,2022-07-18 07:21:41,Cancelled,749.43
4761,439,72,Samosa,2022-05-20 07:21:41,Preparing,1227.69
4762,714,9,Mutton Curry,2023-09-26 07:21:41,Preparing,1436.27
4763,164,368,Butter Chicken,2022-06-09 07:21:41,Delivered,420.91
4764,149,8,Dal Makhani,2023-04-25 07:21:41,Delivered,1121.91
4765,1462,105,Paneer Tikka,2025-01-17 07:21:41,Cancelled,903.46
4766,4480,216,Mutton Curry,2022-04-10 07:21:41,Preparing,432.83
4767,1107,325,Biryani,2024-07-29 07:21:41,Preparing,634.37
4768,1979,458,Chole Bhature,2024-09-07 07:21:41,Delivered,1042.72
4769,6874,162,Samosa,2023-07-19 07:21:41,Delivered,552.97
4770,2700,280,Pani Puri,2024-05-27 07:21:41,Delivered,1350.69
4771,9327,381,Pani Puri,2024-02-01 07:21:41,Cancelled,979.65
4772,7219,3,Pani Puri,2023-12-21 07:21:41,Delivered,654.48
4773,7481,144,Dosa,2023-08-27 07:21:41,Cancelled,1257.2
4774,1679,458,Dal Makhani,2024-01-01 07:21:41,Preparing,338.84
4775,5026,113,Rogan Josh,2024-09-12 07:21:41,Cancelled,484.34
4776,4896,169,Rogan Josh,2023-04-24 07:21:41,Cancelled,226.04
4777,9787,308,Rogan Josh,2024-07-23 07:21:41,Cancelled,959.92
4778,4465,151,Chole Bhature,2022-07-31 07:21:41,Delivered,559.53
4779,4787,90,Pani Puri,2023-01-21 07:21:41,Delivered,251.4
4780,6163,498,Rogan Josh,2022-12-12 07:21:41,Preparing,281.46
4781,1339,177,Chole Bhature,2024-07-01 07:21:41,Preparing,534.43
4782,4264,175,Butter Chicken,2024-04-23 07:21:41,Preparing,1459.38
4783,4308,237,Pani Puri,2024-09-28 07:21:41,Cancelled,547.7
4784,3249,442,Mutton Curry,2022-11-18 07:21:41,Delivered,241.78
4785,2911,387,Rogan Josh,2022-11-29 07:21:41,Delivered,789.18
4786,3546,235,Mutton Curry,2022-04-14 07:21:41,Delivered,633.53
4787,2714,104,Biryani,2023-02-06 07:21:41,Delivered,331.94
4788,8068,135,Samosa,2022-08-23 07:21:41,Delivered,842.99
4789,7186,300,Paneer Tikka,2023-04-26 07:21:41,Cancelled,810.78
4790,5650,185,Mutton Curry,2023-12-27 07:21:41,Delivered,1222.74
4791,4196,29,Dal Makhani,2022-09-04 07:21:41,Preparing,515.41
4792,7356,384,Paneer Tikka,2025-03-01 07:21:41,Delivered,1313.27
4793,6656,416,Rogan Josh,2024-12-01 07:21:41,Preparing,536.3
4794,6753,310,Samosa,2023-06-29 07:21:41,Delivered,702.58
4795,3331,42,Biryani,2022-07-25 07:21:41,Preparing,353.14
4796,8377,147,Biryani,2022-03-20 07:21:41,Delivered,618.81
4797,3796,184,Rogan Josh,2022-08-22 07:21:41,Preparing,994.97
4798,7058,123,Butter Chicken,2025-02-27 07:21:41,Cancelled,816.56
4799,324,347,Samosa,2024-07-13 07:21:41,Preparing,1340.15
4800,7432,423,Butter Chicken,2024-12-29 07:21:41,Cancelled,889.66
4801,3064,256,Chole Bhature,2023-08-27 07:21:41,Delivered,648.36
4802,5615,357,Biryani,2024-09-26 07:21:41,Preparing,331.53
4803,3411,233,Pani Puri,2023-03-31 07:21:41,Cancelled,439.09
4804,6447,32,Rogan Josh,2022-06-13 07:21:41,Preparing,1270.13
4805,4462,266,Dosa,2024-07-14 07:21:41,Delivered,1294.91
4806,5515,161,Chole Bhature,2023-12-18 07:21:41,Delivered,1145.19
4807,7130,343,Chole Bhature,2023-02-11 07:21:41,Delivered,431.5
4808,5023,396,Pani Puri,2022-04-24 07:21:41,Cancelled,467.44
4809,6036,130,Mutton Curry,2024-05-04 07:21:41,Delivered,1442.96
4810,8077,442,Chole Bhature,2024-10-04 07:21:41,Cancelled,945.89
4811,7567,266,Dosa,2023-07-10 07:21:41,Delivered,535.58
4812,7053,13,Mutton Curry,2024-11-22 07:21:41,Delivered,1249.2
4813,1353,203,Dosa,2023-05-02 07:21:41,Preparing,1233.04
4814,6851,37,Paneer Tikka,2023-12-14 07:21:41,Cancelled,278.77
4815,8183,134,Paneer Tikka,2023-05-01 07:21:41,Delivered,1190.94
4816,7920,290,Chole Bhature,2023-07-27 07:21:41,Preparing,526.49
4817,1243,15,Biryani,2023-03-13 07:21:41,Cancelled,386.17
4818,3908,482,Dosa,2024-08-22 07:21:41,Preparing,201.3
4819,7840,166,Dal Makhani,2023-10-02 07:21:41,Preparing,698.06
4820,7066,122,Dosa,2024-09-25 07:21:41,Cancelled,751.15
4821,9919,143,Chole Bhature,2023-02-17 07:21:41,Cancelled,1072.87
4822,1148,235,Biryani,2024-03-03 07:21:41,Delivered,790.09
4823,3308,110,Paneer Tikka,2024-09-02 07:21:41,Preparing,1024.79
4824,7697,434,Samosa,2023-11-16 07:21:41,Delivered,850.96
4825,9998,415,Dosa,2022-11-10 07:21:41,Delivered,470.75
4826,4109,195,Paneer Tikka,2024-05-26 07:21:41,Cancelled,630.75
4827,8688,252,Rogan Josh,2024-07-27 07:21:41,Cancelled,532.15
4828,2613,24,Dosa,2023-03-13 07:21:41,Cancelled,660.17
4829,6289,178,Dosa,2024-02-11 07:21:41,Preparing,745.0
4830,5233,382,Dal Makhani,2024-12-15 07:21:41,Preparing,360.29
4831,9509,259,Mutton Curry,2023-12-07 07:21:41,Delivered,1150.16
4832,9378,262,Samosa,2024-01-20 07:21:41,Delivered,162.63
4833,4861,20,Pani Puri,2022-07-06 07:21:41,Delivered,639.47
4834,9677,308,Rogan Josh,2023-11-02 07:21:41,Preparing,183.78
4835,3438,186,Mutton Curry,2024-11-28 07:21:41,Preparing,1092.94
4836,6132,18,Butter Chicken,2022-12-05 07:21:41,Cancelled,284.05
4837,5168,481,Samosa,2023-10-19 07:21:41,Preparing,1308.36
4838,8689,7,Mutton Curry,2023-11-23 07:21:41,Preparing,480.64
4839,1943,191,Paneer Tikka,2025-01-02 07:21:41,Preparing,707.8
4840,9725,248,Rogan Josh,2022-05-26 07:21:41,Delivered,1188.82
4841,8707,42,Dosa,2022-03-24 07:21:41,Delivered,263.11
4842,2337,202,Pani Puri,2024-05-05 07:21:41,Preparing,808.77
4843,5954,99,Mutton Curry,2022-05-01 07:21:41,Cancelled,1322.97
4844,6635,140,Chole Bhature,2023-08-11 07:21:41,Delivered,619.13
4845,1121,26,Pani Puri,2022-07-14 07:21:41,Delivered,1416.32
4846,5430,24,Biryani,2023-12-23 07:21:41,Delivered,995.89
4847,1685,166,Chole Bhature,2024-09-12 07:21:41,Preparing,1350.11
4848,8826,416,Pani Puri,2024-06-16 07:21:41,Preparing,596.73
4849,2681,429,Biryani,2022-11-04 07:21:41,Cancelled,590.87
4850,3569,450,Dal Makhani,2022-07-08 07:21:41,Preparing,1014.87
4851,7810,151,Paneer Tikka,2023-09-22 07:21:41,Delivered,1377.17
4852,239,282,Chole Bhature,2022-04-25 07:21:41,Delivered,767.61
4853,3414,168,Butter Chicken,2025-02-12 07:21:41,Delivered,302.28
4854,1010,145,Dal Makhani,2024-10-24 07:21:41,Delivered,1258.38
4855,3024,491,Biryani,2025-01-10 07:21:41,Cancelled,198.0
4856,1176,139,Biryani,2024-10-01 07:21:41,Preparing,390.25
4857,7197,107,Chole Bhature,2024-07-19 07:21:41,Delivered,673.31
4858,9926,27,Samosa,2024-08-22 07:21:41,Preparing,1177.39
4859,6369,274,Biryani,2022-06-09 07:21:41,Preparing,1448.62
4860,232,485,Dal Makhani,2024-04-25 07:21:41,Preparing,1013.55
4861,8071,255,Rogan Josh,2024-10-17 07:21:41,Preparing,1068.73
4862,1552,201,Dosa,2023-10-26 07:21:41,Delivered,693.67
4863,198,33,Rogan Josh,2023-05-22 07:21:41,Delivered,585.65
4864,3556,319,Dal Makhani,2023-06-14 07:21:41,Preparing,653.99
4865,1890,97,Butter Chicken,2022-11-29 07:21:41,Cancelled,1347.58
4866,8024,379,Dosa,2025-01-26 07:21:41,Delivered,1106.09
4867,8145,309,Dal Makhani,2023-08-18 07:21:41,Cancelled,865.59
4868,5175,458,Pani Puri,2023-10-09 07:21:41,Delivered,768.11
4869,4082,87,Butter Chicken,2023-11-10 07:21:41,Delivered,1460.06
4870,3351,235,Dosa,2022-04-02 07:21:41,Delivered,1211.55
4871,5015,332,Chole Bhature,2022-12-03 07:21:41,Cancelled,1360.74
4872,6425,435,Biryani,2024-08-31 07:21:41,Preparing,916.98
4873,8253,284,Paneer Tikka,2023-12-04 07:21:41,Delivered,1214.08
4874,1708,368,Chole Bhature,2023-05-23 07:21:41,Delivered,394.79
4875,9221,253,Dosa,2022-06-03 07:21:41,Preparing,759.62
4876,411,446,Biryani,2023-06-28 07:21:41,Preparing,1246.65
4877,1791,375,Rogan Josh,2022-03-15 07:21:41,Cancelled,387.3
4878,9434,434,Butter Chicken,2024-05-16 07:21:41,Delivered,959.98
4879,1373,428,Dal Makhani,2024-03-25 07:21:41,Cancelled,1418.91
4880,4635,79,Paneer Tikka,2023-12-03 07:21:41,Preparing,860.01
4881,7483,210,Mutton Curry,2022-11-29 07:21:41,Cancelled,686.25
4882,9101,400,Samosa,2023-02-28 07:21:41,Cancelled,894.01
4883,6198,188,Paneer Tikka,2024-03-07 07:21:41,Delivered,1129.53
4884,1424,147,Samosa,2023-07-28 07:21:41,Preparing,1039.71
4885,6885,455,Chole Bhature,2023-09-05 07:21:41,Delivered,376.17
4886,5025,89,Butter Chicken,2025-03-01 07:21:41,Cancelled,1444.76
4887,8771,122,Pani Puri,2023-12-08 07:21:41,Delivered,977.27
4888,3358,341,Pani Puri,2024-04-11 07:21:41,Delivered,1181.55
4889,2575,159,Rogan Josh,2023-11-03 07:21:41,Cancelled,183.38
4890,2767,348,Pani Puri,2022-06-23 07:21:41,Delivered,1301.62
4891,7708,392,Pani Puri,2022-03-09 07:21:41,Cancelled,1350.14
4892,8501,79,Samosa,2024-01-07 07:21:41,Delivered,858.88
4893,6705,418,Rogan Josh,2023-03-10 07:21:41,Delivered,1331.94
4894,3118,387,Dal Makhani,2024-07-14 07:21:41,Delivered,321.34
4895,2325,112,Rogan Josh,2022-05-02 07:21:41,Cancelled,694.31
4896,8855,44,Rogan Josh,2022-09-08 07:21:41,Cancelled,292.17
4897,4310,480,Rogan Josh,2024-03-02 07:21:41,Cancelled,626.07
4898,4912,77,Mutton Curry,2024-12-13 07:21:41,Cancelled,1289.19
4899,787,260,Mutton Curry,2025-02-08 07:21:41,Delivered,105.52
4900,1852,439,Butter Chicken,2025-01-19 07:21:41,Cancelled,808.29
4901,6534,160,Dal Makhani,2022-05-21 07:21:41,Cancelled,510.69
4902,6986,339,Dosa,2023-03-18 07:21:41,Cancelled,676.92
4903,5662,350,Rogan Josh,2024-04-25 07:21:41,Delivered,827.81
4904,9898,252,Rogan Josh,2023-04-02 07:21:41,Delivered,494.3
4905,948,415,Paneer Tikka,2024-10-12 07:21:41,Delivered,170.6
4906,3704,415,Paneer Tikka,2023-02-05 07:21:41,Delivered,1172.13
4907,2643,25,Paneer Tikka,2024-04-30 07:21:41,Delivered,1112.51
4908,4401,182,Samosa,2023-09-11 07:21:41,Preparing,1140.28
4909,8990,293,Pani Puri,2024-11-06 07:21:41,Cancelled,1305.63
4910,2385,167,Paneer Tikka,2023-11-17 07:21:41,Cancelled,1331.24
4911,9933,417,Mutton Curry,2022-12-19 07:21:41,Delivered,695.07
4912,5605,313,Dal Makhani,2023-10-11 07:21:41,Preparing,819.14
4913,9308,46,Rogan Josh,2022-10-27 07:21:41,Cancelled,876.11
4914,7327,93,Pani Puri,2023-01-07 07:21:41,Delivered,411.04
4915,6070,82,Dal Makhani,2022-07-16 07:21:41,Delivered,421.48
4916,1938,201,Butter Chicken,2023-12-05 07:21:41,Delivered,248.72
4917,1091,35,Rogan Josh,2024-05-25 07:21:41,Delivered,1439.92
4918,8363,221,Biryani,2022-07-28 07:21:41,Cancelled,1467.09
4919,7783,353,Pani Puri,2024-01-07 07:21:41,Cancelled,1046.92
4920,9866,58,Samosa,2023-10-07 07:21:41,Delivered,867.29
4921,2441,358,Mutton Curry,2025-01-24 07:21:41,Preparing,136.35
4922,543,234,Dal Makhani,2023-04-07 07:21:41,Delivered,355.22
4923,2350,89,Samosa,2022-11-22 07:21:41,Cancelled,1238.58
4924,8528,128,Mutton Curry,2024-03-04 07:21:41,Preparing,1250.91
4925,5279,212,Dal Makhani,2024-03-15 07:21:41,Cancelled,1199.29
4926,356,278,Dal Makhani,2024-04-21 07:21:41,Delivered,251.43
4927,6676,467,Dosa,2022-05-28 07:21:41,Preparing,1007.62
4928,9460,150,Paneer Tikka,2024-12-09 07:21:41,Cancelled,1494.21
4929,6165,171,Butter Chicken,2024-04-22 07:21:41,Preparing,599.38
4930,3373,61,Butter Chicken,2024-10-30 07:21:41,Preparing,881.39
4931,6408,4,Pani Puri,2023-05-20 07:21:41,Preparing,1238.21
4932,3022,181,Samosa,2023-01-26 07:21:41,Delivered,517.45
4933,2328,481,Chole Bhature,2023-04-22 07:21:41,Delivered,432.52
4934,9388,315,Paneer Tikka,2025-01-05 07:21:41,Cancelled,242.5
4935,2023,355,Paneer Tikka,2023-02-12 07:21:41,Cancelled,640.02
4936,5136,176,Rogan Josh,2024-04-19 07:21:41,Cancelled,1493.2
4937,8153,76,Biryani,2023-09-29 07:21:41,Delivered,1188.09
4938,3835,62,Butter Chicken,2024-07-05 07:21:41,Delivered,1378.61
4939,8731,130,Biryani,2023-02-17 07:21:41,Delivered,729.16
4940,5249,398,Chole Bhature,2022-06-01 07:21:41,Preparing,443.59
4941,2338,142,Dosa,2023-09-30 07:21:41,Delivered,178.24
4942,5742,110,Paneer Tikka,2023-12-20 07:21:41,Preparing,417.53
4943,3101,191,Paneer Tikka,2024-05-24 07:21:41,Cancelled,372.51
4944,8633,428,Samosa,2023-03-19 07:21:41,Cancelled,1360.2
4945,5500,135,Samosa,2024-01-20 07:21:41,Delivered,1207.42
4946,9688,450,Dosa,2023-03-08 07:21:41,Cancelled,449.56
4947,4051,148,Pani Puri,2023-07-30 07:21:41,Preparing,295.48
4948,6985,382,Butter Chicken,2023-04-16 07:21:41,Preparing,1262.27
4949,5459,318,Mutton Curry,2024-09-27 07:21:41,Cancelled,1120.63
4950,4601,368,Mutton Curry,2024-08-03 07:21:41,Delivered,729.29
4951,8562,493,Dal Makhani,2024-10-03 07:21:41,Preparing,965.3
4952,9144,373,Biryani,2023-11-26 07:21:41,Cancelled,1406.19
4953,2951,396,Butter Chicken,2023-05-21 07:21:41,Delivered,596.67
4954,3322,435,Biryani,2023-04-11 07:21:41,Preparing,667.34
4955,1052,414,Pani Puri,2022-08-01 07:21:41,Cancelled,742.01
4956,6282,477,Chole Bhature,2022-06-17 07:21:41,Preparing,142.64
4957,7607,494,Mutton Curry,2025-02-11 07:21:41,Cancelled,1099.19
4958,1847,317,Rogan Josh,2023-05-20 07:21:41,Cancelled,1183.89
4959,2581,11,Mutton Curry,2023-08-21 07:21:41,Cancelled,281.44
4960,1045,326,Mutton Curry,2024-02-15 07:21:41,Cancelled,487.01
4961,6298,190,Pani Puri,2022-06-18 07:21:41,Delivered,151.83
4962,6039,62,Biryani,2023-02-22 07:21:41,Delivered,644.56
4963,4313,397,Rogan Josh,2022-12-18 07:21:41,Delivered,928.07
4964,7198,102,Samosa,2022-11-08 07:21:41,Delivered,542.41
4965,5711,28,Mutton Curry,2024-07-01 07:21:41,Delivered,729.43
4966,4827,87,Chole Bhature,2024-09-02 07:21:41,Cancelled,176.04
4967,3505,355,Dal Makhani,2022-12-25 07:21:41,Preparing,1325.43
4968,9766,446,Dosa,2024-08-27 07:21:41,Cancelled,620.27
4969,7951,103,Samosa,2024-01-28 07:21:41,Preparing,804.3
4970,7429,348,Butter Chicken,2023-04-06 07:21:41,Delivered,1016.53
4971,1341,353,Pani Puri,2023-06-16 07:21:41,Cancelled,444.14
4972,2571,362,Biryani,2023-06-03 07:21:41,Preparing,538.44
4973,8305,306,Pani Puri,2022-12-25 07:21:41,Cancelled,922.78
4974,4284,394,Chole Bhature,2023-06-09 07:21:41,Delivered,170.65
4975,3182,283,Mutton Curry,2022-04-23 07:21:41,Cancelled,1416.63
4976,6695,389,Biryani,2023-09-01 07:21:41,Preparing,959.7
4977,9435,328,Butter Chicken,2024-05-02 07:21:41,Delivered,250.09
4978,4779,51,Samosa,2023-08-04 07:21:41,Preparing,1260.98
4979,9283,393,Samosa,2023-06-18 07:21:41,Cancelled,1217.34
4980,2035,417,Pani Puri,2024-12-11 07:21:41,Preparing,578.64
4981,3723,419,Rogan Josh,2023-11-24 07:21:41,Delivered,305.91
4982,1993,203,Chole Bhature,2024-06-30 07:21:41,Cancelled,760.53
4983,1583,375,Samosa,2022-10-21 07:21:41,Delivered,911.45
4984,5378,209,Chole Bhature,2023-09-16 07:21:41,Cancelled,108.91
4985,3146,416,Dal Makhani,2023-03-22 07:21:41,Preparing,497.49
4986,4131,438,Paneer Tikka,2024-02-12 07:21:41,Cancelled,1411.4
4987,9501,268,Biryani,2022-06-30 07:21:41,Cancelled,1485.36
4988,2794,348,Pani Puri,2024-12-07 07:21:41,Preparing,688.57
4989,5076,80,Paneer Tikka,2023-02-19 07:21:41,Preparing,390.37
4990,6389,120,Dal Makhani,2023-02-02 07:21:41,Preparing,1340.03
4991,9994,52,Dosa,2022-09-09 07:21:41,Cancelled,595.32
4992,4963,30,Butter Chicken,2024-05-05 07:21:41,Delivered,498.74
4993,8282,54,Dal Makhani,2023-09-18 07:21:41,Cancelled,629.23
4994,8425,389,Pani Puri,2022-07-23 07:21:41,Delivered,1053.77
4995,6658,115,Dal Makhani,2022-12-05 07:21:41,Cancelled,1080.64
4996,3667,117,Dosa,2023-03-13 07:21:41,Preparing,447.18
4997,8630,39,Dosa,2024-12-09 07:21:41,Delivered,513.74
4998,6346,152,Biryani,2025-02-14 07:21:41,Preparing,1349.42
4999,5625,111,Rogan Josh,2023-03-21 07:21:41,Cancelled,851.63
5000,2820,203,Dosa,2024-05-25 07:21:41,Preparing,972.08
5001,484,97,Butter Chicken,2024-10-19 07:21:41,Delivered,915.18
5002,8018,78,Paneer Tikka,2023-07-31 07:21:41,Cancelled,1148.16
5003,2123,487,Dal Makhani,2024-04-22 07:21:41,Delivered,512.44
5004,3555,467,Paneer Tikka,2022-05-16 07:21:41,Cancelled,1116.25
5005,3741,150,Pani Puri,2022-03-20 07:21:41,Delivered,1242.11
5006,5143,362,Butter Chicken,2023-05-19 07:21:41,Preparing,1232.37
5007,113,487,Rogan Josh,2024-12-19 07:21:41,Delivered,907.66
5008,5470,400,Samosa,2024-03-24 07:21:41,Preparing,837.79
5009,3168,244,Biryani,2025-01-27 07:21:41,Cancelled,441.55
5010,5442,252,Paneer Tikka,2024-12-24 07:21:41,Preparing,247.62
5011,5044,400,Samosa,2022-05-31 07:21:41,Preparing,132.82
5012,2042,108,Chole Bhature,2024-09-13 07:21:41,Delivered,1079.32
5013,6623,180,Mutton Curry,2024-09-06 07:21:41,Delivered,397.02
5014,5286,312,Mutton Curry,2022-12-15 07:21:41,Preparing,1093.6
5015,2805,324,Samosa,2022-11-13 07:21:41,Cancelled,296.74
5016,8862,345,Chole Bhature,2024-10-18 07:21:41,Preparing,1163.17
5017,6783,118,Biryani,2023-12-02 07:21:41,Cancelled,1360.51
5018,6582,201,Butter Chicken,2023-08-19 07:21:41,Cancelled,419.61
5019,5831,347,Mutton Curry,2024-02-08 07:21:41,Cancelled,870.02
5020,8836,332,Dal Makhani,2022-07-30 07:21:41,Delivered,286.92
5021,3739,329,Pani Puri,2023-01-07 07:21:41,Delivered,1390.68
5022,8038,428,Paneer Tikka,2022-07-28 07:21:41,Preparing,1445.36
5023,740,328,Dosa,2024-04-27 07:21:41,Cancelled,1258.09
5024,9691,485,Pani Puri,2023-02-24 07:21:41,Delivered,385.81
5025,8132,48,Butter Chicken,2023-07-16 07:21:41,Preparing,108.76
5026,5835,323,Paneer Tikka,2022-10-19 07:21:41,Preparing,1361.82
5027,9363,269,Mutton Curry,2022-06-15 07:21:41,Cancelled,398.81
5028,8572,414,Butter Chicken,2023-01-31 07:21:41,Delivered,856.55
5029,57,88,Pani Puri,2024-10-13 07:21:41,Preparing,105.36
5030,7843,156,Dal Makhani,2025-02-24 07:21:41,Preparing,1052.67
5031,5780,236,Rogan Josh,2022-03-20 07:21:41,Preparing,104.27
5032,6996,350,Butter Chicken,2023-07-27 07:21:41,Delivered,282.62
5033,9012,180,Pani Puri,2025-01-16 07:21:41,Delivered,568.26
5034,3514,96,Dal Makhani,2024-07-08 07:21:41,Delivered,647.76
5035,2266,107,Butter Chicken,2024-12-01 07:21:41,Delivered,1166.91
5036,6422,223,Pani Puri,2023-05-14 07:21:41,Preparing,850.37
5037,6610,2,Biryani,2022-05-05 07:21:41,Cancelled,821.38
5038,2662,29,Butter Chicken,2022-03-16 07:21:41,Cancelled,810.28
5039,4019,495,Butter Chicken,2022-09-07 07:21:41,Delivered,631.23
5040,9729,434,Paneer Tikka,2025-01-18 07:21:41,Delivered,605.55
5041,10,246,Samosa,2023-09-21 07:21:41,Delivered,889.99
5042,1562,21,Dosa,2023-09-24 07:21:41,Preparing,1200.57
5043,7814,60,Samosa,2023-03-07 07:21:41,Cancelled,1205.37
5044,5456,230,Dosa,2025-01-14 07:21:41,Delivered,993.99
5045,9149,384,Pani Puri,2022-06-28 07:21:41,Delivered,1210.03
5046,529,363,Dosa,2023-11-22 07:21:41,Cancelled,1281.57
5047,1522,360,Chole Bhature,2022-07-28 07:21:41,Cancelled,924.49
5048,743,304,Butter Chicken,2024-09-15 07:21:41,Cancelled,686.46
5049,1015,54,Butter Chicken,2024-10-27 07:21:41,Delivered,194.57
5050,5724,179,Chole Bhature,2023-02-27 07:21:41,Preparing,1263.81
5051,6484,290,Rogan Josh,2023-10-10 07:21:41,Delivered,1244.28
5052,2060,466,Samosa,2023-06-05 07:21:41,Cancelled,204.21
5053,9431,87,Dosa,2023-01-28 07:21:41,Preparing,580.77
5054,9848,291,Rogan Josh,2024-06-19 07:21:41,Preparing,346.92
5055,2985,233,Chole Bhature,2022-05-29 07:21:41,Delivered,128.79
5056,8407,306,Samosa,2023-05-05 07:21:41,Preparing,1334.86
5057,4135,115,Rogan Josh,2024-04-26 07:21:41,Delivered,363.78
5058,3826,372,Butter Chicken,2022-11-05 07:21:41,Delivered,1078.26
5059,5867,258,Butter Chicken,2023-10-30 07:21:41,Preparing,1113.47
5060,9311,105,Pani Puri,2022-07-04 07:21:41,Cancelled,391.12
5061,6329,438,Biryani,2025-02-10 07:21:41,Cancelled,1427.68
5062,2458,66,Pani Puri,2025-02-18 07:21:41,Preparing,158.94
5063,6148,146,Pani Puri,2024-03-23 07:21:41,Cancelled,926.57
5064,9385,167,Dal Makhani,2024-12-24 07:21:41,Cancelled,544.79
5065,5557,251,Butter Chicken,2023-11-20 07:21:41,Cancelled,1243.14
5066,9451,129,Samosa,2023-08-13 07:21:41,Cancelled,1096.31
5067,8579,39,Dosa,2024-03-11 07:21:41,Preparing,1038.23
5068,8380,452,Paneer Tikka,2022-12-03 07:21:41,Preparing,713.27
5069,5214,495,Butter Chicken,2024-09-05 07:21:41,Delivered,397.64
5070,5597,339,Rogan Josh,2023-05-02 07:21:41,Delivered,887.24
5071,1696,230,Dosa,2023-04-07 07:21:41,Preparing,440.72
5072,9758,182,Chole Bhature,2025-02-16 07:21:41,Preparing,823.58
5073,7683,310,Mutton Curry,2022-04-01 07:21:41,Cancelled,1177.73
5074,3794,26,Biryani,2024-09-09 07:21:41,Preparing,1278.45
5075,5514,160,Rogan Josh,2024-08-02 07:21:41,Cancelled,1384.93
5076,3826,408,Dosa,2022-07-03 07:21:41,Delivered,736.0
5077,9522,458,Chole Bhature,2023-08-02 07:21:41,Cancelled,948.6
5078,3595,364,Biryani,2022-04-02 07:21:41,Cancelled,231.12
5079,5367,420,Dosa,2023-07-20 07:21:41,Delivered,1054.75
5080,5229,282,Biryani,2023-11-30 07:21:41,Cancelled,164.59
5081,6826,204,Dosa,2024-11-16 07:21:41,Preparing,276.46
5082,9506,461,Paneer Tikka,2024-01-30 07:21:41,Cancelled,1032.99
5083,3009,446,Butter Chicken,2024-03-27 07:21:41,Cancelled,649.87
5084,64,403,Butter Chicken,2022-09-30 07:21:41,Delivered,742.66
5085,313,269,Chole Bhature,2022-05-23 07:21:41,Cancelled,1463.11
5086,6656,238,Dosa,2024-09-03 07:21:41,Delivered,1388.51
5087,4839,355,Biryani,2023-02-22 07:21:41,Delivered,534.53
5088,4058,7,Rogan Josh,2024-06-27 07:21:41,Cancelled,334.24
5089,5122,150,Rogan Josh,2022-09-18 07:21:41,Delivered,1433.13
5090,1441,121,Biryani,2023-11-15 07:21:41,Preparing,315.96
5091,5023,478,Rogan Josh,2024-07-10 07:21:41,Cancelled,517.1
5092,5512,151,Samosa,2023-08-23 07:21:41,Cancelled,1216.0
5093,3505,379,Samosa,2024-10-21 07:21:41,Delivered,1344.1
5094,4255,130,Paneer Tikka,2024-04-05 07:21:41,Delivered,1192.58
5095,3500,112,Pani Puri,2024-01-26 07:21:41,Cancelled,242.31
5096,2155,179,Biryani,2023-08-30 07:21:41,Cancelled,1031.14
5097,5521,480,Mutton Curry,2022-05-08 07:21:41,Preparing,1047.58
5098,6810,147,Rogan Josh,2024-09-02 07:21:41,Cancelled,104.6
5099,4301,284,Rogan Josh,2022-12-22 07:21:41,Preparing,586.69
5100,7433,85,Paneer Tikka,2024-09-13 07:21:41,Delivered,1143.89
5101,742,340,Mutton Curry,2024-08-05 07:21:41,Cancelled,1035.27
5102,6508,42,Rogan Josh,2023-09-20 07:21:41,Cancelled,1450.08
5103,2286,476,Dal Makhani,2023-08-10 07:21:41,Preparing,1440.29
5104,5875,131,Dosa,2025-02-10 07:21:41,Cancelled,654.83
5105,9962,129,Mutton Curry,2024-09-02 07:21:41,Cancelled,533.36
5106,1921,424,Chole Bhature,2024-08-24 07:21:41,Cancelled,845.04
5107,225,143,Pani Puri,2025-01-07 07:21:41,Preparing,1369.11
5108,5809,162,Butter Chicken,2024-01-23 07:21:41,Preparing,368.11
5109,7379,202,Samosa,2022-12-03 07:21:41,Preparing,810.71
5110,3659,203,Mutton Curry,2024-09-06 07:21:41,Cancelled,1197.55
5111,3395,61,Dal Makhani,2022-07-07 07:21:41,Cancelled,119.79
5112,8485,225,Chole Bhature,2023-09-26 07:21:41,Preparing,1326.87
5113,2544,56,Biryani,2024-01-06 07:21:41,Preparing,1015.1
5114,483,100,Butter Chicken,2024-03-29 07:21:41,Preparing,965.06
5115,6637,193,Paneer Tikka,2023-07-18 07:21:41,Cancelled,1074.34
5116,9927,436,Dosa,2022-06-14 07:21:41,Delivered,1403.41
5117,5878,142,Mutton Curry,2024-03-29 07:21:41,Delivered,1010.43
5118,1554,443,Samosa,2023-10-11 07:21:41,Cancelled,666.15
5119,8295,454,Pani Puri,2024-12-28 07:21:41,Cancelled,1328.46
5120,9135,241,Butter Chicken,2023-03-19 07:21:41,Preparing,153.33
5121,9588,343,Rogan Josh,2023-06-20 07:21:41,Preparing,618.13
5122,8752,166,Butter Chicken,2022-08-06 07:21:41,Preparing,936.11
5123,9947,84,Mutton Curry,2024-07-08 07:21:41,Delivered,931.57
5124,1073,125,Butter Chicken,2022-05-23 07:21:41,Preparing,776.81
5125,720,380,Dosa,2023-03-18 07:21:41,Delivered,320.35
5126,2287,442,Rogan Josh,2022-04-19 07:21:41,Preparing,1158.08
5127,8238,59,Mutton Curry,2024-06-27 07:21:41,Delivered,344.77
5128,3438,467,Pani Puri,2023-06-17 07:21:41,Delivered,811.55
5129,4938,349,Butter Chicken,2022-07-30 07:21:41,Cancelled,1416.22
5130,5195,484,Dal Makhani,2022-03-13 07:21:41,Preparing,1357.24
5131,8022,185,Mutton Curry,2023-03-29 07:21:41,Cancelled,966.97
5132,9063,42,Butter Chicken,2022-07-24 07:21:41,Preparing,1387.43
5133,6693,231,Biryani,2023-02-12 07:21:41,Cancelled,411.07
5134,1381,262,Dosa,2025-01-04 07:21:41,Cancelled,979.44
5135,1985,256,Samosa,2022-06-28 07:21:41,Preparing,1338.8
5136,3378,54,Dal Makhani,2023-09-13 07:21:41,Delivered,366.09
5137,7324,497,Dosa,2024-08-10 07:21:41,Delivered,744.44
5138,4777,500,Dosa,2023-01-22 07:21:41,Delivered,302.74
5139,2536,139,Dal Makhani,2023-11-26 07:21:41,Preparing,1452.34
5140,9937,464,Pani Puri,2022-05-10 07:21:41,Delivered,1244.48
5141,3799,325,Biryani,2023-11-23 07:21:41,Preparing,1477.39
5142,8686,373,Paneer Tikka,2024-12-13 07:21:41,Preparing,772.12
5143,3958,205,Samosa,2023-06-12 07:21:41,Delivered,745.61
5144,4280,44,Paneer Tikka,2022-06-03 07:21:41,Delivered,542.46
5145,4242,337,Dosa,2022-09-22 07:21:41,Cancelled,1252.0
5146,1234,175,Biryani,2023-03-29 07:21:41,Delivered,1399.34
5147,6726,466,Mutton Curry,2023-09-05 07:21:41,Preparing,303.64
5148,5276,91,Chole Bhature,2023-08-29 07:21:41,Preparing,133.05
5149,421,181,Dal Makhani,2025-01-09 07:21:41,Preparing,192.3
5150,6377,309,Paneer Tikka,2022-04-07 07:21:41,Cancelled,1149.64
5151,825,167,Dosa,2022-08-19 07:21:41,Cancelled,1172.14
5152,1164,259,Butter Chicken,2024-07-07 07:21:41,Delivered,1387.84
5153,8349,87,Samosa,2022-04-01 07:21:41,Delivered,272.0
5154,2548,58,Dosa,2023-09-07 07:21:41,Cancelled,1489.57
5155,5451,254,Chole Bhature,2024-11-06 07:21:41,Preparing,470.01
5156,5202,75,Biryani,2022-06-02 07:21:41,Delivered,730.32
5157,851,393,Butter Chicken,2024-10-12 07:21:41,Delivered,358.61
5158,9363,483,Dosa,2024-05-13 07:21:41,Delivered,534.51
5159,111,445,Butter Chicken,2022-04-21 07:21:41,Cancelled,674.69
5160,4551,449,Biryani,2025-01-28 07:21:41,Cancelled,759.01
5161,3392,355,Dal Makhani,2022-08-07 07:21:41,Cancelled,942.46
5162,6258,438,Pani Puri,2023-10-30 07:21:41,Preparing,214.09
5163,9851,116,Pani Puri,2022-05-02 07:21:41,Delivered,1125.72
5164,854,144,Butter Chicken,2022-08-21 07:21:41,Delivered,853.74
5165,6698,378,Biryani,2024-10-24 07:21:41,Cancelled,1292.0
5166,553,19,Dal Makhani,2024-11-13 07:21:41,Cancelled,1280.55
5167,8380,313,Samosa,2022-03-10 07:21:41,Delivered,781.99
5168,8916,426,Dosa,2022-12-12 07:21:41,Cancelled,446.45
5169,3729,35,Mutton Curry,2022-03-17 07:21:41,Cancelled,1193.87
5170,5215,331,Rogan Josh,2023-03-08 07:21:41,Preparing,1464.39
5171,9713,35,Pani Puri,2024-09-28 07:21:41,Cancelled,1047.95
5172,9419,359,Butter Chicken,2022-04-11 07:21:41,Preparing,487.13
5173,9850,260,Paneer Tikka,2025-02-02 07:21:41,Cancelled,1326.38
5174,9691,152,Rogan Josh,2022-04-03 07:21:41,Delivered,705.66
5175,2828,3,Mutton Curry,2023-01-30 07:21:41,Delivered,581.61
5176,8245,89,Pani Puri,2023-12-19 07:21:41,Delivered,1135.73
5177,5151,54,Rogan Josh,2023-12-28 07:21:41,Delivered,201.57
5178,3826,240,Samosa,2022-03-14 07:21:41,Preparing,178.45
5179,3301,230,Dal Makhani,2023-06-02 07:21:41,Cancelled,537.9
5180,8361,385,Chole Bhature,2025-01-08 07:21:41,Delivered,303.38
5181,8093,381,Dal Makhani,2025-02-02 07:21:41,Delivered,1315.66
5182,4816,229,Chole Bhature,2024-12-27 07:21:41,Delivered,869.79
5183,3307,216,Biryani,2023-01-26 07:21:41,Cancelled,1321.84
5184,9516,238,Butter Chicken,2024-05-28 07:21:41,Cancelled,169.7
5185,7986,25,Dosa,2023-11-11 07:21:41,Preparing,700.55
5186,477,83,Rogan Josh,2022-10-22 07:21:41,Preparing,1380.08
5187,1998,222,Paneer Tikka,2022-07-19 07:21:41,Preparing,844.81
5188,5162,51,Biryani,2024-04-02 07:21:41,Delivered,1234.8
5189,813,43,Samosa,2023-06-07 07:21:41,Preparing,1491.33
5190,1126,120,Dosa,2024-10-11 07:21:41,Preparing,502.87
5191,922,314,Samosa,2022-06-30 07:21:41,Cancelled,1095.44
5192,9425,38,Paneer Tikka,2022-12-09 07:21:41,Cancelled,608.79
5193,3397,313,Samosa,2024-11-29 07:21:41,Cancelled,186.92
5194,4942,450,Butter Chicken,2022-12-09 07:21:41,Cancelled,960.27
5195,7268,90,Dal Makhani,2024-07-24 07:21:41,Delivered,570.46
5196,1872,181,Dosa,2022-09-02 07:21:41,Delivered,369.57
5197,3735,321,Chole Bhature,2022-09-08 07:21:41,Delivered,270.36
5198,6316,211,Rogan Josh,2023-04-18 07:21:41,Preparing,283.29
5199,7108,371,Pani Puri,2022-09-11 07:21:41,Cancelled,598.98
5200,8289,195,Samosa,2022-10-06 07:21:41,Cancelled,155.56
5201,3791,202,Pani Puri,2022-08-25 07:21:41,Delivered,1430.56
5202,4384,67,Samosa,2023-11-24 07:21:41,Cancelled,1226.96
5203,6568,431,Samosa,2024-12-20 07:21:41,Preparing,1232.42
5204,2046,87,Dal Makhani,2023-09-20 07:21:41,Delivered,259.93
5205,9567,304,Dal Makhani,2022-07-27 07:21:41,Delivered,1003.18
5206,6135,64,Samosa,2024-08-02 07:21:41,Delivered,386.6
5207,2976,383,Chole Bhature,2024-10-04 07:21:41,Delivered,254.06
5208,6350,12,Chole Bhature,2024-01-02 07:21:41,Cancelled,243.53
5209,9997,366,Dosa,2022-11-21 07:21:41,Preparing,161.02
5210,43,161,Paneer Tikka,2023-01-13 07:21:41,Preparing,536.29
5211,295,482,Dal Makhani,2024-01-30 07:21:41,Cancelled,1360.44
5212,3690,458,Pani Puri,2022-12-13 07:21:41,Cancelled,902.51
5213,8750,24,Pani Puri,2023-04-18 07:21:41,Cancelled,334.42
5214,8000,480,Paneer Tikka,2023-01-13 07:21:41,Preparing,244.33
5215,1739,291,Mutton Curry,2024-01-18 07:21:41,Cancelled,859.63
5216,4765,193,Dosa,2022-11-03 07:21:41,Cancelled,327.88
5217,4578,491,Rogan Josh,2024-09-24 07:21:41,Preparing,1497.49
5218,9379,331,Samosa,2024-02-04 07:21:41,Delivered,611.95
5219,515,11,Butter Chicken,2024-05-23 07:21:41,Preparing,1112.74
5220,9674,485,Mutton Curry,2022-10-14 07:21:41,Preparing,219.74
5221,743,125,Dosa,2023-04-09 07:21:41,Cancelled,926.8
5222,4881,173,Butter Chicken,2023-02-12 07:21:41,Cancelled,576.45
5223,8115,381,Butter Chicken,2023-09-19 07:21:41,Delivered,806.94
5224,3634,141,Rogan Josh,2022-08-20 07:21:41,Preparing,523.1
5225,1214,384,Paneer Tikka,2024-02-20 07:21:41,Preparing,1448.6
5226,8403,193,Pani Puri,2023-09-24 07:21:41,Preparing,876.65
5227,5580,7,Rogan Josh,2023-08-01 07:21:41,Delivered,1050.34
5228,3235,427,Butter Chicken,2023-09-19 07:21:41,Preparing,1418.74
5229,3965,499,Paneer Tikka,2022-10-13 07:21:41,Cancelled,1136.56
5230,3094,239,Dal Makhani,2024-12-13 07:21:41,Delivered,930.14
5231,8544,454,Mutton Curry,2024-05-11 07:21:41,Preparing,1378.98
5232,8573,292,Dosa,2023-04-18 07:21:41,Cancelled,1177.08
5233,3767,211,Samosa,2023-10-04 07:21:41,Delivered,1233.01
5234,1065,255,Mutton Curry,2024-12-25 07:21:41,Delivered,135.97
5235,6312,303,Chole Bhature,2024-08-16 07:21:41,Cancelled,415.87
5236,4137,477,Mutton Curry,2024-01-17 07:21:41,Delivered,382.56
5237,8224,148,Chole Bhature,2024-09-24 07:21:41,Cancelled,343.76
5238,5742,456,Biryani,2022-04-19 07:21:41,Preparing,286.38
5239,2397,18,Paneer Tikka,2023-09-20 07:21:41,Cancelled,197.11
5240,7213,49,Biryani,2024-01-03 07:21:41,Preparing,502.77
5241,4539,205,Dosa,2022-06-15 07:21:41,Preparing,585.14
5242,2286,238,Samosa,2023-12-15 07:21:41,Preparing,871.22
5243,675,214,Biryani,2024-03-22 07:21:41,Cancelled,178.73
5244,8135,256,Mutton Curry,2025-01-28 07:21:41,Cancelled,352.97
5245,7382,333,Samosa,2024-01-22 07:21:41,Preparing,1335.02
5246,3961,320,Mutton Curry,2022-08-20 07:21:41,Preparing,843.61
5247,5257,54,Dal Makhani,2022-08-10 07:21:41,Delivered,864.92
5248,6836,122,Butter Chicken,2024-05-30 07:21:41,Preparing,378.25
5249,1275,270,Butter Chicken,2024-03-17 07:21:41,Delivered,1452.12
5250,9304,280,Biryani,2024-04-13 07:21:41,Preparing,333.91
5251,3932,122,Biryani,2023-12-23 07:21:41,Cancelled,310.23
5252,3944,132,Samosa,2024-10-08 07:21:41,Delivered,278.04
5253,7406,239,Rogan Josh,2025-01-27 07:21:41,Preparing,543.84
5254,1810,348,Butter Chicken,2024-05-05 07:21:41,Cancelled,561.51
5255,2708,357,Samosa,2024-05-18 07:21:41,Delivered,248.0
5256,1115,41,Mutton Curry,2024-03-02 07:21:41,Delivered,474.02
5257,9995,361,Dosa,2022-09-29 07:21:41,Cancelled,389.22
5258,948,461,Paneer Tikka,2023-06-28 07:21:41,Cancelled,1122.05
5259,3953,259,Butter Chicken,2024-03-09 07:21:41,Delivered,898.56
5260,5482,370,Dosa,2024-07-04 07:21:41,Preparing,1354.59
5261,2554,191,Chole Bhature,2023-02-06 07:21:41,Delivered,278.95
5262,9,94,Biryani,2024-09-24 07:21:41,Delivered,1163.22
5263,6410,362,Samosa,2024-01-14 07:21:41,Cancelled,823.88
5264,8428,191,Dosa,2024-02-19 07:21:41,Preparing,565.16
5265,4888,57,Rogan Josh,2023-10-26 07:21:41,Preparing,1225.49
5266,4617,282,Samosa,2025-01-02 07:21:41,Delivered,550.81
5267,3353,344,Pani Puri,2024-10-01 07:21:41,Delivered,246.11
5268,3615,378,Pani Puri,2025-01-31 07:21:41,Preparing,840.77
5269,5560,358,Pani Puri,2022-09-22 07:21:41,Cancelled,938.95
5270,6225,195,Dal Makhani,2024-06-22 07:21:41,Delivered,149.89
5271,1996,10,Butter Chicken,2023-01-26 07:21:41,Delivered,1221.9
5272,9461,471,Chole Bhature,2025-02-22 07:21:41,Cancelled,1236.94
5273,9197,273,Dal Makhani,2023-12-10 07:21:41,Cancelled,1267.59
5274,1279,13,Paneer Tikka,2025-01-31 07:21:41,Delivered,382.3
5275,2237,426,Pani Puri,2023-04-05 07:21:41,Cancelled,1295.93
5276,2120,283,Biryani,2024-05-21 07:21:41,Preparing,154.35
5277,6275,406,Samosa,2022-05-27 07:21:41,Cancelled,769.7
5278,2932,73,Dal Makhani,2024-06-23 07:21:41,Preparing,793.56
5279,5098,272,Butter Chicken,2023-01-06 07:21:41,Delivered,944.84
5280,9859,104,Paneer Tikka,2022-09-12 07:21:41,Cancelled,375.32
5281,9167,326,Biryani,2025-01-20 07:21:41,Preparing,671.76
5282,5494,281,Dal Makhani,2023-02-13 07:21:41,Preparing,882.17
5283,4831,367,Butter Chicken,2025-02-13 07:21:41,Preparing,463.61
5284,3525,220,Butter Chicken,2022-06-04 07:21:41,Delivered,1093.39
5285,286,407,Chole Bhature,2022-09-02 07:21:41,Delivered,1158.63
5286,1220,263,Rogan Josh,2023-07-13 07:21:41,Preparing,571.32
5287,2810,182,Paneer Tikka,2024-01-07 07:21:41,Delivered,398.01
5288,6659,434,Dal Makhani,2023-11-06 07:21:41,Delivered,482.88
5289,557,434,Biryani,2022-05-04 07:21:41,Delivered,600.5
5290,2701,395,Chole Bhature,2023-08-15 07:21:41,Preparing,823.97
5291,536,235,Biryani,2022-06-03 07:21:41,Preparing,540.35
5292,702,406,Dal Makhani,2023-01-29 07:21:41,Delivered,1470.68
5293,6550,95,Biryani,2022-04-05 07:21:41,Cancelled,421.46
5294,7915,157,Biryani,2022-11-13 07:21:41,Delivered,165.05
5295,8785,325,Butter Chicken,2024-04-29 07:21:41,Preparing,1399.2
5296,4337,53,Dosa,2024-09-01 07:21:41,Preparing,439.28
5297,126,399,Paneer Tikka,2024-05-11 07:21:41,Cancelled,1255.83
5298,1967,156,Dal Makhani,2022-09-05 07:21:41,Delivered,781.66
5299,3192,301,Samosa,2024-08-19 07:21:41,Delivered,676.08
5300,6098,71,Butter Chicken,2023-05-03 07:21:41,Preparing,748.12
5301,4900,394,Pani Puri,2024-12-23 07:21:41,Delivered,212.25
5302,7050,363,Pani Puri,2024-04-23 07:21:41,Preparing,1382.05
5303,6701,208,Chole Bhature,2024-01-22 07:21:41,Preparing,778.07
5304,2539,415,Mutton Curry,2024-04-04 07:21:41,Cancelled,857.97
5305,741,391,Paneer Tikka,2024-09-26 07:21:41,Cancelled,1205.57
5306,8648,404,Butter Chicken,2022-08-26 07:21:41,Cancelled,1300.56
5307,9070,210,Butter Chicken,2023-06-09 07:21:41,Preparing,1391.1
5308,4577,457,Butter Chicken,2024-05-16 07:21:41,Preparing,835.12
5309,4882,307,Biryani,2022-08-31 07:21:41,Delivered,243.56
5310,3683,258,Dal Makhani,2023-09-01 07:21:41,Delivered,1198.32
5311,7294,36,Samosa,2022-08-14 07:21:41,Preparing,131.02
5312,3746,191,Paneer Tikka,2024-02-27 07:21:41,Cancelled,566.38
5313,6159,244,Dal Makhani,2022-09-15 07:21:41,Cancelled,871.49
5314,2246,17,Mutton Curry,2024-09-24 07:21:41,Cancelled,619.89
5315,9115,280,Mutton Curry,2023-03-30 07:21:41,Cancelled,672.31
5316,5374,443,Dosa,2023-12-23 07:21:41,Cancelled,911.08
5317,7436,352,Paneer Tikka,2022-04-05 07:21:41,Preparing,832.83
5318,6851,468,Mutton Curry,2024-07-08 07:21:41,Cancelled,302.93
5319,4315,103,Biryani,2023-02-16 07:21:41,Preparing,110.55
5320,2809,284,Dal Makhani,2022-05-23 07:21:41,Preparing,674.66
5321,5642,295,Rogan Josh,2023-11-05 07:21:41,Cancelled,973.85
5322,2328,152,Samosa,2023-08-28 07:21:41,Preparing,851.39
5323,4399,500,Pani Puri,2022-06-02 07:21:41,Preparing,1404.07
5324,4541,417,Dal Makhani,2024-08-26 07:21:41,Cancelled,579.04
5325,5996,213,Chole Bhature,2024-10-12 07:21:41,Delivered,249.71
5326,8344,475,Pani Puri,2023-08-30 07:21:41,Delivered,901.91
5327,4082,40,Dosa,2023-12-24 07:21:41,Preparing,353.78
5328,820,333,Dal Makhani,2024-01-31 07:21:41,Cancelled,1017.23
5329,1863,357,Butter Chicken,2024-10-23 07:21:41,Preparing,1299.93
5330,6037,489,Butter Chicken,2022-11-11 07:21:41,Cancelled,185.86
5331,8477,85,Rogan Josh,2024-05-06 07:21:41,Cancelled,562.08
5332,3225,370,Rogan Josh,2022-08-26 07:21:41,Cancelled,848.54
5333,5773,192,Samosa,2023-09-25 07:21:41,Preparing,397.33
5334,1380,62,Pani Puri,2024-11-18 07:21:41,Preparing,333.8
5335,6555,53,Rogan Josh,2025-01-17 07:21:41,Preparing,1478.6
5336,4588,393,Chole Bhature,2022-10-13 07:21:41,Delivered,748.84
5337,1241,375,Pani Puri,2024-07-07 07:21:41,Preparing,1470.02
5338,4787,246,Dosa,2024-07-03 07:21:41,Cancelled,1484.85
5339,6136,70,Mutton Curry,2024-12-30 07:21:41,Cancelled,1278.86
5340,7137,346,Dal Makhani,2023-12-26 07:21:41,Preparing,903.69
5341,8761,257,Dal Makhani,2023-05-26 07:21:41,Delivered,1492.36
5342,8520,269,Dosa,2022-03-19 07:21:41,Delivered,1054.15
5343,9729,481,Butter Chicken,2024-05-13 07:21:41,Cancelled,1327.96
5344,4511,402,Butter Chicken,2022-10-17 07:21:41,Preparing,468.76
5345,3282,497,Pani Puri,2024-07-28 07:21:41,Delivered,1496.91
5346,119,376,Biryani,2023-10-23 07:21:41,Delivered,468.23
5347,1302,78,Rogan Josh,2022-10-16 07:21:41,Cancelled,435.05
5348,6182,330,Chole Bhature,2023-09-27 07:21:41,Delivered,974.13
5349,1739,463,Paneer Tikka,2022-03-24 07:21:41,Cancelled,273.53
5350,9977,367,Butter Chicken,2023-07-18 07:21:41,Preparing,715.53
5351,1929,8,Butter Chicken,2023-02-22 07:21:41,Cancelled,1063.88
5352,8258,257,Dosa,2023-04-03 07:21:41,Preparing,1275.87
5353,8747,285,Mutton Curry,2022-06-06 07:21:41,Cancelled,478.16
5354,1885,413,Butter Chicken,2022-03-23 07:21:41,Cancelled,182.09
5355,5399,434,Chole Bhature,2024-06-19 07:21:41,Preparing,1082.99
5356,1945,452,Rogan Josh,2022-03-22 07:21:41,Cancelled,328.99
5357,7065,117,Mutton Curry,2023-11-23 07:21:41,Preparing,690.91
5358,3511,355,Butter Chicken,2022-05-28 07:21:41,Delivered,1253.67
5359,7159,411,Dal Makhani,2022-05-26 07:21:41,Preparing,670.03
5360,8336,485,Biryani,2023-03-03 07:21:41,Preparing,1260.54
5361,604,348,Rogan Josh,2024-05-30 07:21:41,Preparing,773.77
5362,5254,19,Rogan Josh,2023-05-14 07:21:41,Cancelled,1442.34
5363,5600,62,Mutton Curry,2023-06-29 07:21:41,Cancelled,148.45
5364,8223,209,Paneer Tikka,2022-05-31 07:21:41,Cancelled,312.93
5365,329,306,Samosa,2024-07-14 07:21:41,Preparing,207.96
5366,6266,32,Mutton Curry,2022-09-13 07:21:41,Delivered,964.1
5367,1668,495,Mutton Curry,2025-02-19 07:21:41,Cancelled,401.56
5368,8653,250,Chole Bhature,2024-02-26 07:21:41,Delivered,308.63
5369,1246,258,Mutton Curry,2022-09-25 07:21:41,Delivered,964.79
5370,5065,454,Samosa,2024-10-11 07:21:41,Delivered,681.72
5371,3741,24,Butter Chicken,2023-07-23 07:21:41,Delivered,997.83
5372,4530,189,Pani Puri,2022-05-19 07:21:41,Cancelled,771.95
5373,8346,304,Paneer Tikka,2024-02-02 07:21:41,Preparing,262.53
5374,4469,427,Chole Bhature,2023-12-16 07:21:41,Cancelled,1063.88
5375,1314,105,Samosa,2024-09-02 07:21:41,Preparing,632.84
5376,6715,175,Chole Bhature,2023-12-18 07:21:41,Preparing,957.67
5377,6536,110,Butter Chicken,2022-07-17 07:21:41,Delivered,448.48
5378,3931,197,Chole Bhature,2024-04-06 07:21:41,Cancelled,1450.35
5379,852,355,Samosa,2023-07-31 07:21:41,Preparing,1327.07
5380,4180,167,Dosa,2023-11-16 07:21:41,Cancelled,386.51
5381,5120,436,Rogan Josh,2024-10-31 07:21:41,Cancelled,388.24
5382,7968,271,Paneer Tikka,2023-06-28 07:21:41,Preparing,855.77
5383,2648,91,Paneer Tikka,2024-03-30 07:21:41,Cancelled,926.29
5384,6911,216,Chole Bhature,2024-11-10 07:21:41,Preparing,755.47
5385,3442,239,Rogan Josh,2022-03-21 07:21:41,Cancelled,1316.85
5386,9807,366,Dosa,2024-11-22 07:21:41,Delivered,483.39
5387,6633,261,Paneer Tikka,2022-06-16 07:21:41,Preparing,1149.98
5388,793,399,Dal Makhani,2023-07-13 07:21:41,Cancelled,587.43
5389,6027,255,Paneer Tikka,2024-11-08 07:21:41,Delivered,404.93
5390,2846,4,Mutton Curry,2022-03-30 07:21:41,Cancelled,564.44
5391,1876,126,Rogan Josh,2022-05-14 07:21:41,Preparing,143.98
5392,1916,98,Samosa,2022-09-03 07:21:41,Delivered,1004.52
5393,6816,410,Butter Chicken,2023-06-09 07:21:41,Preparing,1046.03
5394,7683,460,Biryani,2023-08-14 07:21:41,Cancelled,269.82
5395,9389,208,Paneer Tikka,2022-04-05 07:21:41,Cancelled,1183.4
5396,7534,218,Chole Bhature,2024-08-09 07:21:41,Preparing,1416.34
5397,1394,438,Dosa,2023-04-29 07:21:41,Cancelled,943.64
5398,4631,36,Paneer Tikka,2024-07-24 07:21:41,Delivered,829.56
5399,3734,382,Butter Chicken,2023-06-01 07:21:41,Delivered,675.36
5400,2716,188,Paneer Tikka,2023-06-29 07:21:41,Cancelled,263.24
5401,6909,60,Pani Puri,2023-08-09 07:21:41,Cancelled,1249.41
5402,5073,425,Chole Bhature,2024-07-01 07:21:41,Delivered,158.78
5403,6384,240,Rogan Josh,2022-03-26 07:21:41,Delivered,598.93
5404,8050,281,Dosa,2023-08-19 07:21:41,Preparing,236.1
5405,6608,92,Biryani,2023-10-27 07:21:41,Cancelled,150.6
5406,7710,82,Dosa,2024-06-05 07:21:41,Delivered,829.87
5407,7641,254,Biryani,2023-12-03 07:21:41,Preparing,169.24
5408,3567,468,Butter Chicken,2024-03-03 07:21:41,Preparing,1393.36
5409,5949,179,Pani Puri,2024-03-26 07:21:41,Cancelled,613.16
5410,1942,232,Butter Chicken,2025-01-14 07:21:41,Delivered,1236.74
5411,4621,150,Mutton Curry,2022-06-29 07:21:41,Preparing,1189.68
5412,9781,134,Paneer Tikka,2024-01-07 07:21:41,Delivered,1134.18
5413,8345,85,Butter Chicken,2023-04-23 07:21:41,Delivered,1125.15
5414,6463,349,Biryani,2023-06-10 07:21:41,Cancelled,162.02
5415,4261,311,Dosa,2023-07-06 07:21:41,Preparing,557.9
5416,7454,263,Rogan Josh,2022-12-24 07:21:41,Preparing,1383.27
5417,9252,199,Rogan Josh,2023-11-12 07:21:41,Preparing,1374.82
5418,6451,15,Dal Makhani,2024-06-10 07:21:41,Cancelled,523.28
5419,9012,116,Mutton Curry,2023-09-08 07:21:41,Delivered,1290.4
5420,9149,86,Paneer Tikka,2022-04-07 07:21:41,Cancelled,1026.84
5421,8674,334,Chole Bhature,2024-07-15 07:21:41,Delivered,843.04
5422,883,319,Biryani,2022-03-10 07:21:41,Cancelled,1329.06
5423,5850,435,Mutton Curry,2022-12-23 07:21:41,Cancelled,684.86
5424,9198,172,Chole Bhature,2024-11-16 07:21:41,Delivered,245.99
5425,3599,430,Rogan Josh,2023-02-02 07:21:41,Preparing,571.48
5426,7188,466,Butter Chicken,2023-03-19 07:21:41,Cancelled,953.93
5427,1829,251,Rogan Josh,2023-11-19 07:21:41,Cancelled,1316.16
5428,4953,261,Mutton Curry,2024-05-30 07:21:41,Preparing,316.12
5429,2299,318,Dosa,2022-06-07 07:21:41,Delivered,403.43
5430,3358,166,Butter Chicken,2024-01-10 07:21:41,Delivered,702.34
5431,7363,39,Butter Chicken,2023-12-26 07:21:41,Preparing,1079.83
5432,8179,147,Biryani,2024-09-19 07:21:41,Delivered,367.19
5433,5299,254,Paneer Tikka,2024-05-08 07:21:41,Preparing,1158.26
5434,3573,383,Samosa,2023-07-08 07:21:41,Preparing,268.26
5435,7110,188,Mutton Curry,2024-11-15 07:21:41,Delivered,1050.14
5436,6064,423,Biryani,2022-05-09 07:21:41,Delivered,218.92
5437,2312,215,Butter Chicken,2024-02-16 07:21:41,Preparing,763.63
5438,2516,352,Butter Chicken,2023-12-02 07:21:41,Preparing,1069.26
5439,7358,386,Dal Makhani,2024-08-01 07:21:41,Preparing,1312.72
5440,8293,393,Pani Puri,2022-09-09 07:21:41,Delivered,399.76
5441,4238,500,Butter Chicken,2024-12-18 07:21:41,Preparing,1211.8
5442,1783,255,Pani Puri,2023-12-03 07:21:41,Delivered,974.86
5443,2792,453,Biryani,2022-06-12 07:21:41,Delivered,1479.17
5444,9974,239,Butter Chicken,2022-04-13 07:21:41,Cancelled,505.26
5445,3414,195,Paneer Tikka,2023-12-16 07:21:41,Cancelled,460.05
5446,4575,18,Samosa,2023-10-09 07:21:41,Preparing,1439.3
5447,5277,93,Dal Makhani,2022-03-28 07:21:41,Delivered,1317.96
5448,6290,274,Pani Puri,2022-12-27 07:21:41,Preparing,468.52
5449,9002,415,Chole Bhature,2022-09-07 07:21:41,Cancelled,164.73
5450,8038,459,Rogan Josh,2023-03-16 07:21:41,Delivered,1012.09
5451,3944,361,Rogan Josh,2023-04-11 07:21:41,Cancelled,1099.76
5452,7774,198,Paneer Tikka,2022-05-18 07:21:41,Cancelled,1009.86
5453,3201,200,Chole Bhature,2022-06-01 07:21:41,Delivered,1245.18
5454,6126,225,Mutton Curry,2023-07-25 07:21:41,Cancelled,451.94
5455,9041,489,Dal Makhani,2025-01-10 07:21:41,Preparing,475.39
5456,2841,279,Rogan Josh,2022-09-16 07:21:41,Preparing,929.9
5457,9715,30,Butter Chicken,2024-02-25 07:21:41,Delivered,627.2
5458,2158,303,Chole Bhature,2024-11-24 07:21:41,Delivered,1302.61
5459,3551,204,Rogan Josh,2024-06-26 07:21:41,Preparing,1335.42
5460,9569,88,Rogan Josh,2023-02-25 07:21:41,Delivered,1118.16
5461,509,333,Biryani,2024-11-10 07:21:41,Delivered,591.8
5462,9408,329,Rogan Josh,2022-04-26 07:21:41,Delivered,391.39
5463,6701,124,Pani Puri,2023-12-13 07:21:41,Cancelled,226.76
5464,9561,450,Chole Bhature,2023-01-16 07:21:41,Delivered,997.09
5465,5074,38,Pani Puri,2022-10-13 07:21:41,Preparing,1445.2
5466,4406,156,Butter Chicken,2024-08-02 07:21:41,Delivered,846.94
5467,7552,447,Biryani,2022-04-23 07:21:41,Delivered,382.82
5468,5510,31,Chole Bhature,2023-01-06 07:21:41,Cancelled,1119.52
5469,9588,398,Rogan Josh,2024-04-22 07:21:41,Delivered,519.04
5470,1845,464,Chole Bhature,2024-10-08 07:21:41,Preparing,1259.42
5471,8681,479,Samosa,2022-10-22 07:21:41,Delivered,695.49
5472,2393,436,Dal Makhani,2025-01-17 07:21:41,Cancelled,1027.11
5473,5643,106,Dal Makhani,2023-03-19 07:21:41,Cancelled,152.37
5474,6165,84,Samosa,2024-04-21 07:21:41,Preparing,1360.32
5475,8492,275,Dosa,2022-09-08 07:21:41,Preparing,1367.1
5476,1196,125,Mutton Curry,2023-04-24 07:21:41,Preparing,162.14
5477,1986,193,Pani Puri,2024-02-02 07:21:41,Preparing,224.77
5478,6322,90,Dal Makhani,2022-11-16 07:21:41,Cancelled,890.74
5479,7697,430,Dal Makhani,2022-10-23 07:21:41,Preparing,1494.74
5480,8024,312,Dosa,2023-08-20 07:21:41,Delivered,759.98
5481,8508,104,Pani Puri,2023-05-22 07:21:41,Delivered,533.36
5482,5096,494,Dosa,2022-10-14 07:21:41,Cancelled,149.38
5483,1273,118,Rogan Josh,2024-07-24 07:21:41,Cancelled,565.92
5484,640,124,Paneer Tikka,2022-11-20 07:21:41,Preparing,599.72
5485,3298,299,Paneer Tikka,2023-04-22 07:21:41,Cancelled,1155.49
5486,293,416,Biryani,2024-09-30 07:21:41,Preparing,281.24
5487,3840,106,Butter Chicken,2022-12-21 07:21:41,Preparing,1417.79
5488,9667,399,Paneer Tikka,2024-05-04 07:21:41,Delivered,760.28
5489,7778,127,Paneer Tikka,2022-08-03 07:21:41,Preparing,1105.45
5490,2608,409,Biryani,2024-05-10 07:21:41,Cancelled,1090.95
5491,8937,105,Chole Bhature,2023-05-18 07:21:41,Cancelled,1424.5
5492,9711,19,Dal Makhani,2025-02-28 07:21:41,Cancelled,1498.44
5493,9413,398,Paneer Tikka,2024-08-09 07:21:41,Delivered,975.07
5494,7379,490,Biryani,2024-10-12 07:21:41,Delivered,1251.83
5495,6325,417,Butter Chicken,2024-02-15 07:21:41,Delivered,1372.47
5496,6404,468,Chole Bhature,2023-05-18 07:21:41,Preparing,855.56
5497,5015,326,Paneer Tikka,2022-08-22 07:21:41,Cancelled,627.73
5498,4417,310,Butter Chicken,2024-04-15 07:21:41,Delivered,306.1
5499,2538,48,Mutton Curry,2023-09-11 07:21:41,Cancelled,759.08
5500,7236,269,Butter Chicken,2022-12-10 07:21:41,Preparing,213.31
5501,5328,262,Rogan Josh,2023-03-04 07:21:41,Cancelled,1290.42
5502,9845,74,Dosa,2023-08-15 07:21:41,Delivered,1061.72
5503,6357,353,Butter Chicken,2024-05-22 07:21:41,Preparing,170.35
5504,5819,113,Biryani,2023-11-03 07:21:41,Delivered,1050.94
5505,526,174,Butter Chicken,2024-06-01 07:21:41,Cancelled,912.23
5506,3967,477,Biryani,2024-11-11 07:21:41,Delivered,402.13
5507,851,103,Pani Puri,2022-11-24 07:21:41,Cancelled,703.54
5508,9393,238,Pani Puri,2022-11-24 07:21:41,Cancelled,110.52
5509,3976,14,Chole Bhature,2024-03-31 07:21:41,Cancelled,622.81
5510,1455,226,Biryani,2025-01-23 07:21:41,Delivered,724.81
5511,8115,138,Dosa,2024-12-31 07:21:41,Cancelled,111.09
5512,1581,197,Biryani,2024-11-02 07:21:41,Cancelled,428.39
5513,9049,144,Dosa,2024-08-22 07:21:41,Cancelled,678.97
5514,7104,12,Paneer Tikka,2024-06-04 07:21:41,Cancelled,306.67
5515,2150,17,Butter Chicken,2022-06-19 07:21:41,Preparing,1225.72
5516,7384,444,Samosa,2022-03-07 07:21:41,Preparing,1075.77
5517,9184,88,Chole Bhature,2023-02-10 07:21:41,Preparing,553.87
5518,690,461,Butter Chicken,2024-01-20 07:21:41,Delivered,374.58
5519,3640,252,Dosa,2024-03-07 07:21:41,Preparing,957.04
5520,649,209,Paneer Tikka,2024-08-30 07:21:41,Cancelled,602.32
5521,4914,27,Chole Bhature,2024-03-17 07:21:41,Cancelled,163.19
5522,7265,108,Dosa,2022-04-20 07:21:41,Preparing,740.12
5523,6855,493,Dosa,2022-12-21 07:21:41,Preparing,959.58
5524,9120,313,Dal Makhani,2023-11-25 07:21:41,Cancelled,1149.63
5525,6209,242,Dal Makhani,2023-12-21 07:21:41,Cancelled,941.23
5526,3664,379,Butter Chicken,2023-03-11 07:21:41,Preparing,1071.54
5527,3198,275,Dal Makhani,2023-10-26 07:21:41,Cancelled,1432.39
5528,58,265,Butter Chicken,2024-01-02 07:21:41,Delivered,228.77
5529,3256,250,Butter Chicken,2022-11-19 07:21:41,Cancelled,1341.8
5530,3317,362,Dosa,2023-04-04 07:21:41,Cancelled,1204.28
5531,7301,50,Pani Puri,2022-10-21 07:21:41,Delivered,922.99
5532,2544,1,Butter Chicken,2024-06-12 07:21:41,Delivered,1034.56
5533,1251,343,Butter Chicken,2025-01-28 07:21:41,Preparing,1078.48
5534,2826,444,Dosa,2024-12-13 07:21:41,Preparing,1071.34
5535,1645,345,Samosa,2024-11-03 07:21:41,Cancelled,265.29
5536,525,115,Butter Chicken,2024-02-24 07:21:41,Preparing,340.89
5537,2038,202,Mutton Curry,2024-03-24 07:21:41,Cancelled,320.44
5538,14,166,Biryani,2024-01-28 07:21:41,Preparing,1335.04
5539,4957,44,Dal Makhani,2024-10-24 07:21:41,Preparing,1415.48
5540,4547,433,Butter Chicken,2022-06-03 07:21:41,Preparing,820.25
5541,7859,278,Samosa,2022-07-31 07:21:41,Preparing,1166.91
5542,9904,288,Dosa,2022-07-21 07:21:41,Cancelled,938.61
5543,5975,372,Dal Makhani,2024-03-19 07:21:41,Cancelled,585.18
5544,1242,497,Samosa,2022-07-25 07:21:41,Preparing,1060.32
5545,9447,44,Dal Makhani,2023-11-09 07:21:41,Cancelled,784.79
5546,436,270,Butter Chicken,2022-10-14 07:21:41,Delivered,685.54
5547,9550,303,Paneer Tikka,2022-12-19 07:21:41,Preparing,735.11
5548,2061,238,Mutton Curry,2023-09-16 07:21:41,Delivered,220.8
5549,284,438,Dal Makhani,2022-12-25 07:21:41,Preparing,513.77
5550,6739,450,Samosa,2024-01-28 07:21:41,Cancelled,1278.42
5551,5145,84,Pani Puri,2023-02-01 07:21:41,Delivered,974.67
5552,1700,187,Chole Bhature,2023-07-26 07:21:41,Cancelled,498.03
5553,5556,96,Butter Chicken,2023-02-08 07:21:41,Cancelled,1161.22
5554,929,176,Butter Chicken,2024-11-06 07:21:41,Preparing,149.45
5555,1195,81,Butter Chicken,2023-02-26 07:21:41,Preparing,336.59
5556,7778,492,Chole Bhature,2024-11-18 07:21:41,Preparing,112.62
5557,2597,202,Paneer Tikka,2024-07-31 07:21:41,Delivered,1055.59
5558,2029,403,Dal Makhani,2023-11-03 07:21:41,Preparing,1410.39
5559,6251,153,Samosa,2024-04-04 07:21:41,Delivered,390.59
5560,688,377,Chole Bhature,2023-07-13 07:21:41,Delivered,309.71
5561,3237,296,Samosa,2024-03-01 07:21:41,Cancelled,961.75
5562,9379,138,Mutton Curry,2025-01-14 07:21:41,Cancelled,533.65
5563,4556,206,Butter Chicken,2023-01-22 07:21:41,Preparing,608.06
5564,2248,132,Rogan Josh,2024-02-09 07:21:41,Delivered,1157.44
5565,1437,484,Dosa,2024-09-30 07:21:41,Preparing,489.39
5566,7746,315,Butter Chicken,2024-02-08 07:21:41,Preparing,1102.75
5567,8316,192,Biryani,2022-11-26 07:21:41,Cancelled,216.3
5568,7574,397,Biryani,2025-01-30 07:21:41,Preparing,272.05
5569,9070,208,Butter Chicken,2023-04-08 07:21:41,Cancelled,1434.94
5570,2550,27,Paneer Tikka,2023-01-30 07:21:41,Preparing,650.02
5571,5971,283,Rogan Josh,2022-06-12 07:21:41,Cancelled,512.81
5572,8696,175,Chole Bhature,2023-07-27 07:21:41,Delivered,356.04
5573,1298,483,Rogan Josh,2022-10-05 07:21:41,Preparing,940.04
5574,6886,498,Biryani,2022-07-30 07:21:41,Delivered,537.13
5575,1226,317,Mutton Curry,2023-06-05 07:21:41,Delivered,1217.13
5576,856,166,Chole Bhature,2024-06-25 07:21:41,Preparing,749.67
5577,3602,260,Dosa,2024-12-03 07:21:41,Preparing,180.94
5578,7463,45,Dal Makhani,2025-02-22 07:21:41,Cancelled,1357.81
5579,8078,37,Biryani,2023-12-24 07:21:41,Delivered,1262.88
5580,4753,114,Butter Chicken,2022-12-01 07:21:41,Delivered,559.86
5581,3986,60,Butter Chicken,2023-08-24 07:21:41,Delivered,1278.3
5582,8650,351,Mutton Curry,2023-11-12 07:21:41,Preparing,1325.93
5583,2601,188,Pani Puri,2023-11-25 07:21:41,Preparing,849.19
5584,465,53,Paneer Tikka,2023-07-15 07:21:41,Preparing,116.19
5585,8739,337,Butter Chicken,2023-01-17 07:21:41,Delivered,135.15
5586,5274,209,Dosa,2023-11-25 07:21:41,Preparing,1465.7
5587,9163,67,Butter Chicken,2024-09-29 07:21:41,Delivered,207.16
5588,1770,87,Paneer Tikka,2023-11-28 07:21:41,Preparing,493.96
5589,8182,402,Dosa,2023-07-08 07:21:41,Delivered,1333.06
5590,740,174,Rogan Josh,2024-04-07 07:21:41,Delivered,869.75
5591,1643,109,Butter Chicken,2022-06-11 07:21:41,Cancelled,881.11
5592,2435,228,Samosa,2024-04-15 07:21:41,Preparing,350.53
5593,3431,446,Biryani,2024-06-18 07:21:41,Preparing,704.94
5594,574,368,Pani Puri,2024-07-23 07:21:41,Preparing,1080.03
5595,3134,391,Pani Puri,2022-12-18 07:21:41,Preparing,737.4
5596,5985,392,Butter Chicken,2022-11-16 07:21:41,Cancelled,663.1
5597,3393,453,Paneer Tikka,2022-12-24 07:21:41,Preparing,1488.06
5598,5786,105,Dal Makhani,2024-06-15 07:21:41,Delivered,683.43
5599,8147,12,Biryani,2023-10-04 07:21:41,Delivered,1334.14
5600,875,214,Dosa,2022-05-27 07:21:41,Preparing,1313.23
5601,2467,75,Biryani,2023-06-07 07:21:41,Cancelled,273.42
5602,8811,212,Paneer Tikka,2024-07-23 07:21:41,Delivered,113.69
5603,9037,245,Butter Chicken,2022-10-29 07:21:41,Delivered,1406.94
5604,9831,281,Paneer Tikka,2024-08-22 07:21:41,Cancelled,1025.0
5605,2980,22,Chole Bhature,2023-02-02 07:21:41,Preparing,989.03
5606,8717,258,Samosa,2023-09-17 07:21:41,Delivered,1484.08
5607,5566,72,Mutton Curry,2023-03-29 07:21:41,Delivered,834.46
5608,3465,259,Chole Bhature,2023-07-31 07:21:41,Cancelled,1417.02
5609,2223,412,Butter Chicken,2024-09-02 07:21:41,Cancelled,1249.66
5610,8568,233,Pani Puri,2023-01-31 07:21:41,Cancelled,889.17
5611,8020,408,Samosa,2022-12-21 07:21:41,Delivered,306.04
5612,1342,43,Rogan Josh,2022-03-28 07:21:41,Delivered,1185.1
5613,1107,433,Mutton Curry,2024-04-15 07:21:41,Cancelled,1171.97
5614,6845,28,Chole Bhature,2023-04-21 07:21:41,Delivered,899.16
5615,1389,199,Paneer Tikka,2023-06-15 07:21:41,Delivered,297.49
5616,2286,1,Samosa,2024-05-05 07:21:41,Preparing,697.04
5617,6261,263,Samosa,2022-08-08 07:21:41,Preparing,840.98
5618,7487,214,Paneer Tikka,2024-04-25 07:21:41,Preparing,594.02
5619,4597,114,Chole Bhature,2024-01-15 07:21:41,Cancelled,458.18
5620,7107,218,Paneer Tikka,2024-12-16 07:21:41,Cancelled,722.4
5621,2822,417,Chole Bhature,2023-11-21 07:21:41,Delivered,361.01
5622,8965,360,Biryani,2024-05-14 07:21:41,Cancelled,236.99
5623,6199,228,Chole Bhature,2024-02-24 07:21:41,Cancelled,1259.09
5624,7654,429,Paneer Tikka,2023-04-08 07:21:41,Preparing,645.42
5625,8019,475,Mutton Curry,2024-05-28 07:21:41,Cancelled,755.48
5626,9255,329,Mutton Curry,2024-11-03 07:21:41,Delivered,678.71
5627,4174,246,Butter Chicken,2022-06-19 07:21:41,Cancelled,643.93
5628,338,405,Dosa,2022-10-02 07:21:41,Delivered,507.31
5629,2127,83,Rogan Josh,2024-06-16 07:21:41,Delivered,1431.11
5630,8623,147,Paneer Tikka,2025-03-02 07:21:41,Delivered,1384.17
5631,4156,466,Paneer Tikka,2022-05-15 07:21:41,Cancelled,194.96
5632,2090,183,Dal Makhani,2023-02-10 07:21:41,Cancelled,224.07
5633,5134,45,Chole Bhature,2022-12-13 07:21:41,Preparing,892.26
5634,1519,232,Biryani,2023-09-09 07:21:41,Delivered,876.67
5635,1106,304,Dal Makhani,2024-01-01 07:21:41,Cancelled,914.6
5636,7820,297,Samosa,2022-06-11 07:21:41,Delivered,1335.84
5637,2973,374,Paneer Tikka,2023-01-25 07:21:41,Preparing,866.33
5638,1881,221,Rogan Josh,2024-12-23 07:21:41,Cancelled,1147.49
5639,1457,174,Mutton Curry,2024-10-12 07:21:41,Cancelled,762.99
5640,3108,362,Mutton Curry,2025-02-07 07:21:41,Cancelled,1290.44
5641,477,282,Dal Makhani,2022-11-18 07:21:41,Cancelled,536.86
5642,3250,334,Rogan Josh,2024-01-16 07:21:41,Delivered,507.04
5643,678,477,Samosa,2024-03-27 07:21:41,Delivered,119.97
5644,5405,105,Dosa,2024-02-05 07:21:41,Delivered,1276.98
5645,9333,486,Paneer Tikka,2022-10-31 07:21:41,Delivered,1322.77
5646,2215,55,Chole Bhature,2022-10-25 07:21:41,Preparing,1246.87
5647,5817,486,Biryani,2024-02-03 07:21:41,Delivered,936.38
5648,7033,427,Pani Puri,2022-03-08 07:21:41,Preparing,460.18
5649,6177,76,Paneer Tikka,2023-04-06 07:21:41,Preparing,262.46
5650,1207,271,Rogan Josh,2022-11-07 07:21:41,Delivered,995.43
5651,2559,230,Pani Puri,2024-04-25 07:21:41,Delivered,889.03
5652,768,436,Biryani,2023-02-20 07:21:41,Cancelled,929.18
5653,386,397,Mutton Curry,2023-07-26 07:21:41,Preparing,151.76
5654,3774,315,Chole Bhature,2022-07-08 07:21:41,Preparing,719.9
5655,7127,158,Butter Chicken,2024-02-08 07:21:41,Cancelled,955.31
5656,6792,470,Rogan Josh,2023-07-18 07:21:41,Preparing,591.83
5657,5067,194,Butter Chicken,2022-06-02 07:21:41,Preparing,141.81
5658,2620,244,Dal Makhani,2025-02-03 07:21:41,Cancelled,1135.62
5659,1748,282,Rogan Josh,2024-01-12 07:21:41,Cancelled,297.35
5660,3853,272,Biryani,2024-11-01 07:21:41,Delivered,558.03
5661,2444,325,Dosa,2023-01-14 07:21:41,Cancelled,479.9
5662,1836,322,Rogan Josh,2022-06-30 07:21:41,Cancelled,208.64
5663,2146,100,Biryani,2024-02-06 07:21:41,Cancelled,770.74
5664,3190,406,Samosa,2024-07-21 07:21:41,Delivered,1125.25
5665,6129,396,Paneer Tikka,2024-11-07 07:21:41,Preparing,1213.81
5666,9790,349,Samosa,2023-06-17 07:21:41,Delivered,909.75
5667,2132,472,Biryani,2023-05-18 07:21:41,Cancelled,118.63
5668,4412,168,Chole Bhature,2025-02-22 07:21:41,Cancelled,744.56
5669,6247,305,Mutton Curry,2022-07-11 07:21:41,Cancelled,646.42
5670,2410,416,Butter Chicken,2023-04-22 07:21:41,Cancelled,1134.22
5671,3419,350,Dosa,2024-02-16 07:21:41,Delivered,830.75
5672,6182,438,Dal Makhani,2024-11-20 07:21:41,Preparing,1035.93
5673,5681,320,Dal Makhani,2022-05-23 07:21:41,Preparing,722.87
5674,9136,275,Dal Makhani,2023-02-12 07:21:41,Cancelled,1000.55
5675,8859,108,Paneer Tikka,2023-10-02 07:21:41,Delivered,1240.56
5676,7191,149,Rogan Josh,2023-07-05 07:21:41,Cancelled,858.71
5677,5249,187,Dosa,2022-10-16 07:21:41,Preparing,1236.46
5678,1368,134,Mutton Curry,2025-01-25 07:21:41,Preparing,148.55
5679,5231,128,Chole Bhature,2022-04-19 07:21:41,Preparing,271.13
5680,6647,204,Dal Makhani,2022-11-27 07:21:41,Preparing,428.82
5681,1834,182,Mutton Curry,2024-07-16 07:21:41,Preparing,209.47
5682,9221,287,Paneer Tikka,2023-11-26 07:21:41,Preparing,495.2
5683,8184,482,Paneer Tikka,2023-03-31 07:21:41,Preparing,907.74
5684,48,144,Mutton Curry,2022-03-18 07:21:41,Delivered,1027.76
5685,365,458,Dosa,2023-04-27 07:21:41,Delivered,612.3
5686,5064,318,Biryani,2024-10-26 07:21:41,Preparing,1350.48
5687,8206,475,Rogan Josh,2024-11-28 07:21:41,Cancelled,431.0
5688,5678,283,Dal Makhani,2024-08-20 07:21:41,Delivered,990.5
5689,996,17,Mutton Curry,2024-10-09 07:21:41,Cancelled,1175.8
5690,3102,82,Dal Makhani,2024-12-24 07:21:41,Delivered,1250.46
5691,2596,394,Biryani,2024-08-13 07:21:41,Cancelled,957.49
5692,8678,491,Dosa,2023-03-30 07:21:41,Preparing,1081.85
5693,7913,72,Butter Chicken,2022-06-04 07:21:41,Delivered,517.49
5694,9166,299,Paneer Tikka,2023-07-22 07:21:41,Preparing,408.88
5695,8081,448,Dosa,2022-07-17 07:21:41,Preparing,1434.28
5696,6865,304,Butter Chicken,2024-01-29 07:21:41,Preparing,417.7
5697,1307,282,Paneer Tikka,2023-03-20 07:21:41,Delivered,1434.72
5698,4001,117,Biryani,2022-07-05 07:21:41,Cancelled,903.46
5699,7612,401,Samosa,2023-07-23 07:21:41,Cancelled,1482.71
5700,2576,424,Mutton Curry,2024-04-04 07:21:41,Delivered,1234.48
5701,4749,280,Dosa,2022-11-10 07:21:41,Cancelled,733.6
5702,650,266,Samosa,2024-05-08 07:21:41,Preparing,557.34
5703,7717,499,Rogan Josh,2024-11-22 07:21:41,Cancelled,112.49
5704,42,92,Paneer Tikka,2022-11-01 07:21:41,Delivered,1331.49
5705,2675,4,Dal Makhani,2022-05-14 07:21:41,Delivered,1313.87
5706,7544,302,Pani Puri,2025-01-21 07:21:41,Preparing,613.22
5707,955,411,Butter Chicken,2023-11-05 07:21:41,Delivered,130.32
5708,5012,6,Biryani,2022-05-02 07:21:41,Delivered,996.12
5709,9750,224,Chole Bhature,2024-12-13 07:21:41,Delivered,581.72
5710,8642,420,Samosa,2022-12-12 07:21:41,Cancelled,1468.04
5711,1569,45,Biryani,2023-02-08 07:21:41,Preparing,988.29
5712,1466,54,Biryani,2023-10-30 07:21:41,Preparing,367.16
5713,9883,62,Dal Makhani,2022-05-01 07:21:41,Delivered,1471.39
5714,9929,221,Mutton Curry,2022-06-27 07:21:41,Preparing,776.25
5715,3275,242,Chole Bhature,2023-07-05 07:21:41,Preparing,1002.4
5716,9950,338,Samosa,2022-07-25 07:21:41,Delivered,713.96
5717,9091,179,Butter Chicken,2024-05-16 07:21:41,Delivered,732.92
5718,4037,83,Dosa,2022-10-10 07:21:41,Preparing,916.6
5719,6720,155,Dal Makhani,2023-12-18 07:21:41,Cancelled,162.96
5720,8489,195,Paneer Tikka,2022-06-04 07:21:41,Delivered,119.82
5721,5784,220,Samosa,2024-05-11 07:21:41,Preparing,769.48
5722,4803,419,Dosa,2025-02-17 07:21:41,Cancelled,140.93
5723,1951,101,Paneer Tikka,2022-10-20 07:21:41,Delivered,268.52
5724,8382,345,Butter Chicken,2024-10-23 07:21:41,Preparing,437.55
5725,4555,119,Dal Makhani,2024-06-08 07:21:41,Preparing,343.51
5726,8422,361,Samosa,2023-09-13 07:21:41,Preparing,1051.26
5727,7654,398,Rogan Josh,2023-06-22 07:21:41,Preparing,1014.15
5728,543,201,Dal Makhani,2022-12-19 07:21:41,Preparing,1110.68
5729,9950,309,Dal Makhani,2023-06-21 07:21:41,Cancelled,1406.92
5730,3030,109,Dal Makhani,2023-06-20 07:21:41,Cancelled,1367.96
5731,9176,2,Dal Makhani,2024-07-14 07:21:41,Preparing,1229.19
5732,3750,451,Mutton Curry,2025-01-08 07:21:41,Preparing,474.78
5733,4636,378,Dal Makhani,2023-02-11 07:21:41,Preparing,888.82
5734,8820,486,Biryani,2022-04-16 07:21:41,Preparing,575.89
5735,9949,141,Dal Makhani,2023-10-26 07:21:41,Cancelled,1323.15
5736,5342,201,Samosa,2023-10-09 07:21:41,Cancelled,584.83
5737,3285,487,Dosa,2022-12-30 07:21:41,Cancelled,899.23
5738,9637,112,Butter Chicken,2024-02-28 07:21:41,Cancelled,521.97
5739,4373,227,Dosa,2022-07-01 07:21:41,Preparing,242.59
5740,2917,403,Pani Puri,2023-07-09 07:21:41,Delivered,1383.83
5741,1520,353,Pani Puri,2024-12-25 07:21:41,Cancelled,1219.09
5742,8374,152,Pani Puri,2022-05-24 07:21:41,Cancelled,1147.6
5743,372,357,Rogan Josh,2023-11-04 07:21:41,Cancelled,305.4
5744,2276,148,Dosa,2022-09-29 07:21:41,Cancelled,996.15
5745,7746,151,Rogan Josh,2023-09-07 07:21:41,Delivered,743.72
5746,9112,253,Paneer Tikka,2022-08-23 07:21:41,Cancelled,159.47
5747,4350,319,Pani Puri,2023-08-10 07:21:41,Cancelled,890.15
5748,9025,221,Pani Puri,2025-02-28 07:21:41,Delivered,1289.37
5749,9126,298,Chole Bhature,2023-11-24 07:21:41,Preparing,886.66
5750,4889,64,Dal Makhani,2023-09-15 07:21:41,Cancelled,1121.78
5751,9615,251,Dal Makhani,2022-12-06 07:21:41,Preparing,510.17
5752,6497,77,Samosa,2023-03-29 07:21:41,Delivered,846.63
5753,1650,468,Rogan Josh,2025-01-22 07:21:41,Cancelled,1312.7
5754,5211,326,Mutton Curry,2022-04-03 07:21:41,Delivered,1201.16
5755,4987,123,Biryani,2023-02-02 07:21:41,Preparing,137.49
5756,8160,52,Dosa,2023-06-26 07:21:41,Preparing,939.45
5757,90,129,Rogan Josh,2024-07-18 07:21:41,Cancelled,1047.16
5758,7515,13,Rogan Josh,2023-05-05 07:21:41,Delivered,739.41
5759,7749,454,Dosa,2024-02-22 07:21:41,Cancelled,396.1
5760,4937,368,Pani Puri,2024-12-05 07:21:41,Cancelled,1073.22
5761,9696,308,Mutton Curry,2023-09-21 07:21:41,Preparing,1071.67
5762,9975,394,Chole Bhature,2024-08-31 07:21:41,Preparing,745.17
5763,1944,328,Mutton Curry,2024-01-18 07:21:41,Preparing,769.51
5764,9869,60,Dosa,2024-12-25 07:21:41,Preparing,1350.36
5765,8326,454,Samosa,2022-10-06 07:21:41,Cancelled,599.61
5766,2264,32,Dal Makhani,2022-03-29 07:21:41,Cancelled,663.69
5767,4154,275,Butter Chicken,2023-12-20 07:21:41,Cancelled,856.79
5768,7990,6,Pani Puri,2023-07-20 07:21:41,Preparing,163.04
5769,7102,259,Rogan Josh,2023-11-20 07:21:41,Delivered,945.62
5770,2495,89,Butter Chicken,2022-12-09 07:21:41,Cancelled,1161.3
5771,9604,194,Dosa,2022-12-23 07:21:41,Preparing,728.47
5772,7808,447,Butter Chicken,2022-09-13 07:21:41,Preparing,339.24
5773,2761,2,Samosa,2023-06-02 07:21:41,Delivered,386.17
5774,4703,115,Samosa,2024-01-08 07:21:41,Delivered,1384.18
5775,344,293,Mutton Curry,2022-09-22 07:21:41,Delivered,1103.61
5776,5968,187,Mutton Curry,2022-11-26 07:21:41,Cancelled,651.57
5777,740,74,Pani Puri,2023-12-22 07:21:41,Cancelled,629.85
5778,2462,289,Mutton Curry,2023-08-10 07:21:41,Cancelled,1431.78
5779,9942,145,Mutton Curry,2024-03-09 07:21:41,Preparing,1372.11
5780,3453,417,Mutton Curry,2023-01-26 07:21:41,Preparing,1200.77
5781,3806,5,Paneer Tikka,2022-03-25 07:21:41,Preparing,476.51
5782,8693,95,Rogan Josh,2023-05-04 07:21:41,Cancelled,246.82
5783,9713,361,Biryani,2023-07-13 07:21:41,Cancelled,366.26
5784,7880,196,Chole Bhature,2022-05-16 07:21:41,Delivered,1217.64
5785,4755,56,Biryani,2022-06-15 07:21:41,Cancelled,292.38
5786,7518,68,Dal Makhani,2025-02-19 07:21:41,Delivered,745.05
5787,1585,158,Pani Puri,2024-09-20 07:21:41,Cancelled,1089.04
5788,1179,218,Samosa,2022-05-22 07:21:41,Cancelled,850.37
5789,5922,4,Mutton Curry,2022-06-06 07:21:41,Preparing,851.56
5790,9630,303,Biryani,2024-07-11 07:21:41,Delivered,666.3
5791,2025,153,Butter Chicken,2022-10-10 07:21:41,Cancelled,1168.06
5792,6833,128,Biryani,2022-12-05 07:21:41,Preparing,1087.71
5793,9950,78,Mutton Curry,2024-07-09 07:21:41,Delivered,467.79
5794,7256,132,Paneer Tikka,2022-05-22 07:21:41,Cancelled,640.67
5795,3090,354,Pani Puri,2023-08-14 07:21:41,Preparing,1150.98
5796,7267,49,Chole Bhature,2022-04-13 07:21:41,Delivered,712.7
5797,613,309,Pani Puri,2024-12-07 07:21:41,Cancelled,1048.07
5798,3149,379,Paneer Tikka,2022-08-19 07:21:41,Cancelled,563.1
5799,5277,261,Butter Chicken,2023-09-23 07:21:41,Delivered,519.1
5800,9030,275,Chole Bhature,2023-03-14 07:21:41,Cancelled,990.78
5801,3635,305,Biryani,2024-01-02 07:21:41,Preparing,182.36
5802,2458,462,Biryani,2025-01-20 07:21:41,Cancelled,899.6
5803,4114,201,Chole Bhature,2023-10-10 07:21:41,Preparing,1225.43
5804,9157,189,Rogan Josh,2023-05-12 07:21:41,Delivered,446.6
5805,2485,464,Paneer Tikka,2023-12-15 07:21:41,Preparing,382.16
5806,1729,495,Biryani,2023-01-24 07:21:41,Delivered,1263.49
5807,9961,351,Paneer Tikka,2022-10-22 07:21:41,Preparing,1191.45
5808,1198,463,Biryani,2022-07-02 07:21:41,Preparing,272.82
5809,3875,232,Samosa,2023-11-24 07:21:41,Cancelled,797.39
5810,7496,106,Pani Puri,2022-09-06 07:21:41,Cancelled,333.59
5811,2538,358,Rogan Josh,2024-05-05 07:21:41,Preparing,1027.12
5812,7854,115,Pani Puri,2025-01-21 07:21:41,Preparing,351.04
5813,1247,486,Dal Makhani,2023-05-09 07:21:41,Delivered,366.63
5814,2538,268,Dosa,2023-03-24 07:21:41,Preparing,440.81
5815,398,6,Chole Bhature,2023-12-01 07:21:41,Cancelled,555.07
5816,849,81,Dal Makhani,2022-04-06 07:21:41,Preparing,295.44
5817,4474,4,Samosa,2023-11-11 07:21:41,Preparing,562.05
5818,6712,432,Paneer Tikka,2022-11-15 07:21:41,Preparing,214.95
5819,5356,307,Mutton Curry,2023-01-15 07:21:41,Delivered,679.67
5820,1507,148,Biryani,2022-05-27 07:21:41,Preparing,175.85
5821,7115,296,Mutton Curry,2023-07-04 07:21:41,Delivered,1153.03
5822,3042,297,Dal Makhani,2022-11-10 07:21:41,Preparing,1463.49
5823,8230,255,Chole Bhature,2023-07-26 07:21:41,Preparing,557.93
5824,4084,431,Biryani,2023-11-01 07:21:41,Delivered,421.52
5825,7646,61,Mutton Curry,2023-06-21 07:21:41,Preparing,1312.08
5826,3144,297,Dosa,2023-05-09 07:21:41,Delivered,1342.31
5827,4453,362,Butter Chicken,2023-01-23 07:21:41,Preparing,257.19
5828,6447,46,Mutton Curry,2024-07-14 07:21:41,Preparing,623.27
5829,7503,196,Paneer Tikka,2023-08-27 07:21:41,Preparing,120.46
5830,8993,182,Biryani,2024-09-16 07:21:41,Preparing,545.94
5831,1366,176,Mutton Curry,2022-07-15 07:21:41,Delivered,973.91
5832,7085,64,Dosa,2023-01-26 07:21:41,Delivered,572.2
5833,540,370,Rogan Josh,2024-12-01 07:21:41,Preparing,1353.97
5834,8813,150,Pani Puri,2024-05-13 07:21:41,Cancelled,1379.25
5835,1881,284,Dal Makhani,2022-10-22 07:21:41,Cancelled,885.63
5836,4127,412,Dal Makhani,2024-01-23 07:21:41,Delivered,257.62
5837,5292,28,Dal Makhani,2023-05-13 07:21:41,Cancelled,716.2
5838,5167,370,Butter Chicken,2024-03-15 07:21:41,Cancelled,110.96
5839,4560,40,Dosa,2023-03-18 07:21:41,Cancelled,1104.64
5840,4178,201,Chole Bhature,2024-04-26 07:21:41,Cancelled,178.14
5841,8197,222,Mutton Curry,2024-05-31 07:21:41,Preparing,463.74
5842,3078,41,Dal Makhani,2024-07-21 07:21:41,Cancelled,1494.92
5843,5193,255,Biryani,2024-09-25 07:21:41,Cancelled,1457.25
5844,3378,89,Dosa,2023-08-03 07:21:41,Cancelled,346.35
5845,4653,400,Mutton Curry,2022-06-12 07:21:41,Cancelled,364.64
5846,2645,385,Paneer Tikka,2023-09-03 07:21:41,Delivered,1219.79
5847,2374,93,Rogan Josh,2024-01-18 07:21:41,Cancelled,856.48
5848,9601,106,Samosa,2024-11-19 07:21:41,Cancelled,752.52
5849,748,171,Mutton Curry,2022-05-29 07:21:41,Cancelled,1265.36
5850,5030,208,Dosa,2023-07-29 07:21:41,Preparing,1053.59
5851,6356,358,Paneer Tikka,2024-07-15 07:21:41,Cancelled,1336.93
5852,2516,380,Chole Bhature,2023-08-20 07:21:41,Cancelled,554.71
5853,664,371,Pani Puri,2023-02-25 07:21:41,Cancelled,539.09
5854,5230,351,Mutton Curry,2023-10-04 07:21:41,Cancelled,128.95
5855,9210,249,Rogan Josh,2023-02-27 07:21:41,Preparing,1387.04
5856,4493,235,Samosa,2024-04-16 07:21:41,Delivered,168.79
5857,1833,467,Paneer Tikka,2023-07-30 07:21:41,Cancelled,997.56
5858,1777,179,Biryani,2023-02-26 07:21:41,Preparing,252.26
5859,6986,469,Rogan Josh,2023-10-15 07:21:41,Preparing,1353.58
5860,6323,23,Butter Chicken,2023-01-18 07:21:41,Delivered,386.75
5861,9336,295,Butter Chicken,2023-10-01 07:21:41,Delivered,1372.76
5862,839,328,Paneer Tikka,2025-01-27 07:21:41,Cancelled,1423.89
5863,3969,117,Paneer Tikka,2023-04-24 07:21:41,Delivered,554.36
5864,2795,42,Mutton Curry,2024-03-08 07:21:41,Cancelled,622.51
5865,4373,108,Pani Puri,2024-12-02 07:21:41,Delivered,1075.32
5866,6642,12,Paneer Tikka,2025-01-29 07:21:41,Cancelled,345.26
5867,3494,134,Mutton Curry,2022-10-09 07:21:41,Preparing,577.93
5868,2296,414,Rogan Josh,2024-11-19 07:21:41,Delivered,470.16
5869,197,149,Rogan Josh,2024-09-23 07:21:41,Preparing,863.02
5870,385,135,Chole Bhature,2023-02-27 07:21:41,Preparing,1469.19
5871,6141,47,Rogan Josh,2024-08-13 07:21:41,Delivered,1104.9
5872,74,454,Biryani,2024-03-11 07:21:41,Preparing,459.27
5873,8484,370,Pani Puri,2022-07-10 07:21:41,Delivered,682.34
5874,9661,234,Dosa,2023-02-03 07:21:41,Cancelled,382.5
5875,2369,396,Butter Chicken,2022-04-05 07:21:41,Cancelled,1001.82
5876,5673,251,Dosa,2023-08-30 07:21:41,Delivered,1102.89
5877,4601,319,Pani Puri,2024-02-23 07:21:41,Cancelled,471.6
5878,7851,450,Paneer Tikka,2024-01-10 07:21:41,Cancelled,616.75
5879,9958,339,Rogan Josh,2022-06-04 07:21:41,Preparing,214.66
5880,4254,449,Samosa,2024-01-27 07:21:41,Preparing,1432.09
5881,8392,360,Mutton Curry,2022-04-25 07:21:41,Delivered,1314.58
5882,2153,371,Dosa,2022-03-07 07:21:41,Cancelled,498.16
5883,2603,360,Rogan Josh,2024-07-03 07:21:41,Preparing,969.37
5884,4830,264,Pani Puri,2022-11-27 07:21:41,Cancelled,942.29
5885,1343,474,Pani Puri,2022-09-26 07:21:41,Delivered,937.93
5886,1896,310,Butter Chicken,2024-03-02 07:21:41,Delivered,410.38
5887,2310,328,Mutton Curry,2023-08-05 07:21:41,Preparing,986.22
5888,2248,32,Rogan Josh,2022-08-26 07:21:41,Delivered,1220.51
5889,3572,434,Mutton Curry,2024-11-03 07:21:41,Preparing,814.21
5890,8104,98,Paneer Tikka,2022-06-01 07:21:41,Preparing,161.74
5891,5232,209,Chole Bhature,2023-06-12 07:21:41,Preparing,746.14
5892,6385,192,Dal Makhani,2024-02-28 07:21:41,Cancelled,792.57
5893,660,206,Rogan Josh,2022-05-18 07:21:41,Cancelled,1355.57
5894,4350,260,Dal Makhani,2024-12-12 07:21:41,Delivered,963.27
5895,1135,18,Mutton Curry,2023-08-26 07:21:41,Delivered,796.88
5896,1654,66,Dosa,2023-12-07 07:21:41,Preparing,720.71
5897,5271,367,Dosa,2022-10-12 07:21:41,Preparing,335.33
5898,738,88,Rogan Josh,2024-12-25 07:21:41,Cancelled,875.89
5899,3634,374,Dosa,2024-05-01 07:21:41,Delivered,692.31
5900,9629,451,Pani Puri,2024-04-06 07:21:41,Cancelled,697.71
5901,1705,315,Pani Puri,2022-05-16 07:21:41,Cancelled,768.56
5902,6524,332,Chole Bhature,2024-08-26 07:21:41,Cancelled,341.18
5903,24,74,Paneer Tikka,2025-01-02 07:21:41,Cancelled,686.15
5904,6053,201,Rogan Josh,2024-10-23 07:21:41,Delivered,461.9
5905,6628,388,Biryani,2022-12-24 07:21:41,Delivered,1343.96
5906,9350,41,Rogan Josh,2024-06-03 07:21:41,Cancelled,501.96
5907,1018,66,Dosa,2023-08-24 07:21:41,Delivered,149.15
5908,2475,15,Pani Puri,2023-03-15 07:21:41,Cancelled,425.1
5909,4526,122,Samosa,2022-08-27 07:21:41,Delivered,920.74
5910,8438,470,Dal Makhani,2023-09-09 07:21:41,Cancelled,328.76
5911,1872,484,Butter Chicken,2024-11-19 07:21:41,Cancelled,1372.97
5912,4033,383,Chole Bhature,2023-01-09 07:21:41,Cancelled,260.14
5913,1211,348,Dal Makhani,2024-04-29 07:21:41,Cancelled,655.2
5914,9831,329,Dosa,2024-12-01 07:21:41,Cancelled,1314.81
5915,3783,115,Butter Chicken,2023-05-19 07:21:41,Cancelled,606.38
5916,8477,393,Biryani,2022-12-30 07:21:41,Delivered,478.36
5917,4999,106,Biryani,2023-09-18 07:21:41,Delivered,778.9
5918,5083,115,Mutton Curry,2023-02-23 07:21:41,Preparing,1078.95
5919,8286,166,Dosa,2023-06-21 07:21:41,Delivered,748.58
5920,7601,457,Samosa,2023-12-09 07:21:41,Delivered,460.97
5921,2100,83,Pani Puri,2023-01-19 07:21:41,Delivered,158.95
5922,156,160,Samosa,2022-08-15 07:21:41,Cancelled,449.98
5923,4056,147,Dosa,2022-10-27 07:21:41,Preparing,1282.68
5924,3132,41,Dosa,2024-04-04 07:21:41,Delivered,826.28
5925,8023,97,Biryani,2023-07-06 07:21:41,Delivered,749.83
5926,9779,51,Paneer Tikka,2023-12-22 07:21:41,Cancelled,1313.47
5927,2342,460,Rogan Josh,2024-09-17 07:21:41,Cancelled,266.64
5928,4603,379,Rogan Josh,2024-04-08 07:21:41,Cancelled,488.12
5929,2059,329,Samosa,2024-07-24 07:21:41,Delivered,134.98
5930,2518,395,Mutton Curry,2024-09-06 07:21:41,Cancelled,911.9
5931,4222,393,Samosa,2025-03-03 07:21:41,Cancelled,444.95
5932,6138,27,Dosa,2025-02-06 07:21:41,Cancelled,476.98
5933,6928,84,Biryani,2022-03-14 07:21:41,Delivered,1284.39
5934,6754,191,Rogan Josh,2022-08-26 07:21:41,Preparing,923.78
5935,9132,269,Butter Chicken,2022-05-11 07:21:41,Cancelled,435.83
5936,1152,300,Dosa,2022-12-08 07:21:41,Preparing,242.04
5937,897,379,Rogan Josh,2024-01-02 07:21:41,Preparing,225.5
5938,7290,243,Dal Makhani,2023-04-17 07:21:41,Delivered,1037.9
5939,332,188,Samosa,2022-10-20 07:21:41,Preparing,813.5
5940,801,69,Chole Bhature,2024-04-29 07:21:41,Preparing,552.39
5941,4084,296,Dosa,2022-03-24 07:21:41,Delivered,303.26
5942,1836,485,Samosa,2024-11-06 07:21:41,Delivered,620.57
5943,3138,463,Dosa,2024-06-30 07:21:41,Delivered,1081.57
5944,4031,453,Pani Puri,2024-12-29 07:21:41,Delivered,1120.77
5945,80,209,Chole Bhature,2024-06-27 07:21:41,Cancelled,290.02
5946,7187,327,Biryani,2024-09-04 07:21:41,Cancelled,664.94
5947,4720,179,Butter Chicken,2022-08-11 07:21:41,Preparing,1429.99
5948,3844,436,Dosa,2023-12-05 07:21:41,Preparing,1402.93
5949,5759,155,Samosa,2024-12-03 07:21:41,Delivered,931.03
5950,625,144,Butter Chicken,2023-03-13 07:21:41,Delivered,782.27
5951,4964,189,Paneer Tikka,2024-11-07 07:21:41,Delivered,535.62
5952,4823,483,Dosa,2023-01-14 07:21:41,Delivered,728.59
5953,5293,72,Pani Puri,2024-07-07 07:21:41,Delivered,284.58
5954,9410,312,Chole Bhature,2024-09-18 07:21:41,Cancelled,805.55
5955,7637,432,Dal Makhani,2023-06-23 07:21:41,Preparing,227.58
5956,7660,75,Samosa,2024-01-27 07:21:41,Cancelled,1115.84
5957,8117,279,Butter Chicken,2023-08-03 07:21:41,Cancelled,625.15
5958,5042,253,Butter Chicken,2022-04-04 07:21:41,Cancelled,655.69
5959,9809,96,Pani Puri,2023-08-01 07:21:41,Preparing,1410.48
5960,910,423,Butter Chicken,2023-10-03 07:21:41,Delivered,324.13
5961,8013,234,Paneer Tikka,2023-02-01 07:21:41,Delivered,1047.65
5962,9987,444,Dal Makhani,2024-12-15 07:21:41,Preparing,154.93
5963,4739,239,Biryani,2022-10-29 07:21:41,Delivered,1136.5
5964,598,241,Pani Puri,2024-11-07 07:21:41,Preparing,1249.7
5965,8505,391,Paneer Tikka,2024-07-19 07:21:41,Cancelled,268.68
5966,7802,449,Biryani,2024-09-14 07:21:41,Cancelled,422.78
5967,707,500,Mutton Curry,2022-03-31 07:21:41,Preparing,210.62
5968,3833,200,Samosa,2022-12-20 07:21:41,Delivered,828.98
5969,9341,39,Rogan Josh,2023-10-27 07:21:41,Preparing,927.05
5970,60,299,Dosa,2023-06-01 07:21:41,Cancelled,730.69
5971,4005,30,Chole Bhature,2022-06-14 07:21:41,Cancelled,753.86
5972,7618,186,Dosa,2024-08-09 07:21:41,Delivered,917.28
5973,5807,180,Dosa,2023-08-26 07:21:41,Cancelled,806.71
5974,9351,361,Samosa,2023-02-17 07:21:41,Delivered,1102.99
5975,5691,80,Dosa,2023-03-15 07:21:41,Delivered,750.82
5976,2833,474,Paneer Tikka,2024-01-19 07:21:41,Delivered,514.69
5977,9475,318,Biryani,2023-01-25 07:21:41,Delivered,578.65
5978,1280,396,Butter Chicken,2023-12-03 07:21:41,Cancelled,885.88
5979,9560,273,Butter Chicken,2024-06-12 07:21:41,Cancelled,1377.45
5980,6695,399,Dosa,2023-04-11 07:21:41,Delivered,1378.85
5981,5766,443,Chole Bhature,2022-12-03 07:21:41,Cancelled,661.49
5982,2602,50,Pani Puri,2024-04-11 07:21:41,Delivered,367.57
5983,1851,65,Pani Puri,2022-07-12 07:21:41,Preparing,992.81
5984,925,241,Butter Chicken,2023-02-19 07:21:41,Cancelled,264.31
5985,6173,77,Chole Bhature,2024-04-27 07:21:41,Preparing,623.03
5986,2651,239,Paneer Tikka,2025-02-01 07:21:41,Preparing,1076.27
5987,2455,27,Biryani,2024-05-09 07:21:41,Cancelled,1434.66
5988,2232,369,Paneer Tikka,2022-04-06 07:21:41,Preparing,898.73
5989,3878,318,Paneer Tikka,2022-09-14 07:21:41,Delivered,1334.47
5990,6674,44,Chole Bhature,2024-07-07 07:21:41,Delivered,1269.06
5991,7070,5,Pani Puri,2022-12-22 07:21:41,Cancelled,1285.52
5992,9635,185,Biryani,2023-09-30 07:21:41,Cancelled,879.93
5993,7561,164,Dal Makhani,2024-05-03 07:21:41,Delivered,433.54
5994,5631,398,Paneer Tikka,2024-10-15 07:21:41,Cancelled,1203.89
5995,9365,204,Samosa,2023-05-23 07:21:41,Delivered,1081.2
5996,1362,296,Samosa,2022-09-04 07:21:41,Cancelled,1063.81
5997,9252,374,Rogan Josh,2022-11-28 07:21:41,Cancelled,110.53
5998,8031,379,Butter Chicken,2024-05-20 07:21:41,Cancelled,356.37
5999,1819,56,Chole Bhature,2022-10-30 07:21:41,Cancelled,385.14
6000,7654,19,Samosa,2022-03-16 07:21:41,Delivered,298.96
6001,7282,276,Pani Puri,2024-03-15 07:21:41,Preparing,925.56
6002,7993,80,Dal Makhani,2024-11-26 07:21:41,Preparing,1061.84
6003,3599,396,Paneer Tikka,2024-01-11 07:21:41,Cancelled,490.64
6004,8259,402,Chole Bhature,2023-03-06 07:21:41,Delivered,481.37
6005,8405,488,Paneer Tikka,2024-06-24 07:21:41,Cancelled,849.0
6006,8966,319,Mutton Curry,2022-05-04 07:21:41,Delivered,324.17
6007,1211,406,Dal Makhani,2024-01-14 07:21:41,Cancelled,210.35
6008,9877,11,Pani Puri,2023-05-28 07:21:41,Preparing,448.76
6009,3812,6,Butter Chicken,2023-12-10 07:21:41,Delivered,660.64
6010,1728,48,Mutton Curry,2025-02-21 07:21:41,Cancelled,1376.08
6011,1201,483,Chole Bhature,2023-08-27 07:21:41,Preparing,809.01
6012,1911,217,Mutton Curry,2022-12-12 07:21:41,Delivered,393.17
6013,5227,298,Mutton Curry,2025-01-03 07:21:41,Cancelled,408.42
6014,6732,485,Butter Chicken,2022-11-29 07:21:41,Delivered,936.15
6015,4528,132,Biryani,2022-08-23 07:21:41,Cancelled,756.25
6016,536,178,Dal Makhani,2022-05-13 07:21:41,Delivered,817.2
6017,1573,224,Mutton Curry,2024-01-30 07:21:41,Cancelled,499.73
6018,6037,254,Mutton Curry,2024-12-26 07:21:41,Cancelled,860.52
6019,9706,332,Dosa,2022-09-18 07:21:41,Preparing,491.19
6020,6641,260,Samosa,2023-07-26 07:21:41,Preparing,113.14
6021,4622,97,Samosa,2022-08-26 07:21:41,Cancelled,876.06
6022,466,264,Rogan Josh,2023-03-19 07:21:41,Preparing,920.86
6023,679,162,Mutton Curry,2023-02-05 07:21:41,Preparing,975.93
6024,9085,48,Butter Chicken,2022-09-12 07:21:41,Cancelled,1152.74
6025,7486,355,Samosa,2023-11-07 07:21:41,Delivered,1339.0
6026,2129,242,Dosa,2024-05-11 07:21:41,Delivered,605.49
6027,6913,27,Mutton Curry,2023-05-11 07:21:41,Delivered,1329.95
6028,3044,375,Mutton Curry,2022-05-28 07:21:41,Cancelled,1153.95
6029,6846,148,Rogan Josh,2025-01-10 07:21:41,Preparing,752.74
6030,4470,275,Chole Bhature,2024-06-02 07:21:41,Preparing,171.27
6031,4818,135,Chole Bhature,2022-08-02 07:21:41,Delivered,771.76
6032,1501,333,Dosa,2022-07-29 07:21:41,Cancelled,584.82
6033,3625,94,Pani Puri,2023-06-30 07:21:41,Cancelled,671.91
6034,8392,17,Pani Puri,2024-05-26 07:21:41,Cancelled,675.0
6035,1401,287,Samosa,2022-10-01 07:21:41,Preparing,1403.01
6036,2711,335,Mutton Curry,2023-03-20 07:21:41,Preparing,115.89
6037,9629,442,Dal Makhani,2022-12-07 07:21:41,Delivered,297.02
6038,6889,417,Paneer Tikka,2025-02-11 07:21:41,Cancelled,639.96
6039,4437,291,Dosa,2023-09-04 07:21:41,Cancelled,1466.4
6040,7476,12,Dal Makhani,2024-04-07 07:21:41,Cancelled,784.62
6041,7414,341,Samosa,2022-10-29 07:21:41,Cancelled,177.68
6042,1235,6,Samosa,2024-01-13 07:21:41,Preparing,136.65
6043,7503,490,Dosa,2022-08-10 07:21:41,Cancelled,476.67
6044,6492,279,Rogan Josh,2022-04-17 07:21:41,Delivered,1360.37
6045,7212,88,Mutton Curry,2022-05-06 07:21:41,Preparing,148.06
6046,2793,384,Mutton Curry,2022-12-27 07:21:41,Delivered,899.74
6047,2582,219,Mutton Curry,2024-08-24 07:21:41,Cancelled,615.34
6048,9442,337,Mutton Curry,2025-01-06 07:21:41,Preparing,951.75
6049,4646,43,Mutton Curry,2023-08-25 07:21:41,Delivered,200.53
6050,838,343,Dal Makhani,2024-10-17 07:21:41,Cancelled,165.22
6051,2085,355,Samosa,2024-05-30 07:21:41,Cancelled,1018.12
6052,4090,271,Paneer Tikka,2025-01-31 07:21:41,Preparing,1428.54
6053,183,165,Chole Bhature,2023-12-06 07:21:41,Preparing,366.45
6054,12,272,Mutton Curry,2024-11-07 07:21:41,Cancelled,1392.96
6055,8884,315,Biryani,2022-10-05 07:21:41,Delivered,771.85
6056,1549,252,Paneer Tikka,2023-07-31 07:21:41,Preparing,1348.0
6057,2479,484,Samosa,2023-03-06 07:21:41,Cancelled,1398.75
6058,5309,23,Biryani,2023-03-25 07:21:41,Delivered,254.47
6059,6333,154,Samosa,2023-02-12 07:21:41,Delivered,889.99
6060,7879,462,Pani Puri,2023-03-07 07:21:41,Preparing,549.61
6061,71,312,Samosa,2023-01-11 07:21:41,Preparing,1283.11
6062,3854,70,Biryani,2024-01-20 07:21:41,Cancelled,620.26
6063,5884,379,Pani Puri,2023-07-24 07:21:41,Preparing,863.18
6064,8208,36,Biryani,2023-08-04 07:21:41,Preparing,1184.36
6065,6758,406,Mutton Curry,2024-01-14 07:21:41,Preparing,1279.47
6066,1224,45,Chole Bhature,2023-01-26 07:21:41,Cancelled,1163.73
6067,3779,87,Pani Puri,2024-06-30 07:21:41,Cancelled,1241.3
6068,5315,470,Samosa,2023-03-25 07:21:41,Preparing,423.32
6069,6122,459,Dosa,2023-10-27 07:21:41,Delivered,439.85
6070,6306,103,Chole Bhature,2022-04-14 07:21:41,Preparing,300.97
6071,8763,421,Dal Makhani,2024-04-07 07:21:41,Preparing,1358.49
6072,4787,240,Paneer Tikka,2022-08-06 07:21:41,Preparing,241.37
6073,6040,233,Dosa,2024-08-09 07:21:41,Cancelled,1167.99
6074,8329,366,Mutton Curry,2023-12-16 07:21:41,Cancelled,850.18
6075,195,436,Paneer Tikka,2023-10-21 07:21:41,Cancelled,1022.58
6076,3516,352,Mutton Curry,2022-08-28 07:21:41,Delivered,798.9
6077,3053,212,Biryani,2024-05-29 07:21:41,Preparing,1175.48
6078,93,159,Paneer Tikka,2022-08-17 07:21:41,Delivered,1009.9
6079,2155,436,Biryani,2023-06-20 07:21:41,Preparing,265.18
6080,7399,60,Mutton Curry,2023-06-10 07:21:41,Preparing,936.33
6081,6193,173,Mutton Curry,2022-08-06 07:21:41,Preparing,808.41
6082,2307,86,Pani Puri,2022-06-02 07:21:41,Delivered,658.31
6083,568,144,Mutton Curry,2024-01-28 07:21:41,Cancelled,401.41
6084,3140,213,Samosa,2024-11-26 07:21:41,Preparing,1318.01
6085,5996,468,Paneer Tikka,2023-11-21 07:21:41,Cancelled,379.97
6086,846,187,Mutton Curry,2023-03-22 07:21:41,Preparing,375.88
6087,2284,213,Dosa,2023-07-12 07:21:41,Cancelled,622.29
6088,7219,243,Biryani,2024-08-30 07:21:41,Preparing,442.5
6089,642,316,Rogan Josh,2024-12-30 07:21:41,Delivered,390.31
6090,8763,205,Mutton Curry,2023-10-14 07:21:41,Cancelled,921.04
6091,3364,321,Mutton Curry,2024-08-20 07:21:41,Delivered,640.19
6092,6411,342,Butter Chicken,2024-11-27 07:21:41,Preparing,1413.07
6093,8111,67,Chole Bhature,2022-06-04 07:21:41,Preparing,282.78
6094,9435,100,Chole Bhature,2024-12-18 07:21:41,Preparing,1317.78
6095,7735,386,Biryani,2023-04-14 07:21:41,Delivered,1455.31
6096,5860,172,Biryani,2023-02-06 07:21:41,Delivered,152.76
6097,7844,422,Biryani,2022-05-09 07:21:41,Preparing,747.91
6098,2697,220,Pani Puri,2023-12-10 07:21:41,Preparing,1069.68
6099,9822,457,Dosa,2023-03-19 07:21:41,Delivered,1324.58
6100,1910,34,Dal Makhani,2024-04-26 07:21:41,Cancelled,1237.51
6101,3677,156,Mutton Curry,2023-08-21 07:21:41,Delivered,733.04
6102,1118,111,Rogan Josh,2022-06-10 07:21:41,Preparing,963.39
6103,6104,243,Dosa,2022-06-01 07:21:41,Cancelled,1388.61
6104,805,110,Paneer Tikka,2022-04-05 07:21:41,Preparing,639.29
6105,4680,302,Rogan Josh,2024-08-11 07:21:41,Cancelled,659.48
6106,668,23,Dal Makhani,2024-08-07 07:21:41,Cancelled,1090.33
6107,9870,142,Pani Puri,2023-05-05 07:21:41,Cancelled,230.44
6108,1102,391,Paneer Tikka,2022-05-21 07:21:41,Delivered,1420.04
6109,362,63,Butter Chicken,2024-10-20 07:21:41,Preparing,417.67
6110,1161,457,Biryani,2024-02-04 07:21:41,Cancelled,1268.04
6111,3289,174,Dosa,2024-02-24 07:21:41,Preparing,229.98
6112,2604,68,Rogan Josh,2024-05-29 07:21:41,Delivered,1099.2
6113,5233,254,Samosa,2023-04-12 07:21:41,Preparing,952.2
6114,6431,498,Rogan Josh,2023-10-12 07:21:41,Delivered,964.27
6115,3024,430,Biryani,2022-12-04 07:21:41,Preparing,1062.28
6116,3874,310,Butter Chicken,2024-09-12 07:21:41,Preparing,312.06
6117,3499,379,Mutton Curry,2023-02-24 07:21:41,Cancelled,1098.69
6118,1054,43,Butter Chicken,2023-11-12 07:21:41,Preparing,658.89
6119,1046,214,Biryani,2022-08-21 07:21:41,Preparing,1348.21
6120,3045,301,Rogan Josh,2024-06-18 07:21:41,Cancelled,983.42
6121,7707,72,Biryani,2025-01-19 07:21:41,Preparing,914.13
6122,342,160,Butter Chicken,2022-12-17 07:21:41,Cancelled,1132.22
6123,544,85,Mutton Curry,2024-11-05 07:21:41,Preparing,820.73
6124,3236,108,Pani Puri,2022-07-11 07:21:41,Preparing,523.27
6125,8961,474,Chole Bhature,2024-04-11 07:21:41,Preparing,531.97
6126,8505,242,Chole Bhature,2024-02-18 07:21:41,Cancelled,1464.6
6127,2977,383,Mutton Curry,2022-11-23 07:21:41,Delivered,1062.21
6128,8083,351,Butter Chicken,2023-08-11 07:21:41,Delivered,315.17
6129,803,61,Paneer Tikka,2024-05-31 07:21:41,Delivered,898.44
6130,3270,359,Samosa,2024-07-09 07:21:41,Cancelled,197.81
6131,1827,155,Chole Bhature,2022-04-02 07:21:41,Cancelled,189.67
6132,4662,359,Paneer Tikka,2024-09-10 07:21:41,Cancelled,309.55
6133,428,268,Butter Chicken,2024-02-29 07:21:41,Cancelled,780.77
6134,2848,76,Paneer Tikka,2024-11-08 07:21:41,Delivered,1123.87
6135,7231,106,Dosa,2022-05-08 07:21:41,Delivered,1285.6
6136,7559,470,Chole Bhature,2023-10-28 07:21:41,Preparing,255.8
6137,8814,308,Dal Makhani,2023-04-29 07:21:41,Preparing,639.13
6138,5796,479,Biryani,2024-05-14 07:21:41,Cancelled,407.64
6139,7181,289,Mutton Curry,2024-09-11 07:21:41,Delivered,170.87
6140,3413,311,Dosa,2022-06-17 07:21:41,Cancelled,1049.36
6141,7767,131,Paneer Tikka,2023-10-23 07:21:41,Delivered,1134.65
6142,8978,395,Chole Bhature,2023-09-29 07:21:41,Preparing,948.14
6143,890,357,Samosa,2024-08-12 07:21:41,Delivered,655.85
6144,3172,381,Paneer Tikka,2022-04-26 07:21:41,Delivered,686.18
6145,9113,259,Dal Makhani,2023-01-15 07:21:41,Delivered,582.24
6146,8286,40,Mutton Curry,2023-02-18 07:21:41,Delivered,1499.58
6147,7044,48,Mutton Curry,2022-12-09 07:21:41,Cancelled,1361.13
6148,6980,191,Dosa,2023-08-26 07:21:41,Delivered,1325.43
6149,5761,423,Mutton Curry,2022-12-31 07:21:41,Preparing,1149.57
6150,120,134,Butter Chicken,2023-12-31 07:21:41,Delivered,658.61
6151,415,104,Dal Makhani,2022-08-09 07:21:41,Cancelled,1018.37
6152,2940,476,Dosa,2023-12-15 07:21:41,Preparing,1157.82
6153,9974,235,Butter Chicken,2024-05-18 07:21:41,Preparing,362.11
6154,1689,247,Pani Puri,2022-09-12 07:21:41,Preparing,1491.48
6155,5987,226,Pani Puri,2023-04-24 07:21:41,Cancelled,399.49
6156,4787,405,Dosa,2024-04-26 07:21:41,Cancelled,888.04
6157,2203,430,Dosa,2022-06-14 07:21:41,Cancelled,1274.58
6158,9164,339,Butter Chicken,2024-04-28 07:21:41,Preparing,354.83
6159,9354,103,Paneer Tikka,2024-12-30 07:21:41,Preparing,1147.45
6160,8880,237,Dosa,2024-01-22 07:21:41,Preparing,127.79
6161,2118,253,Biryani,2024-12-23 07:21:41,Preparing,706.36
6162,7377,356,Rogan Josh,2022-10-05 07:21:41,Delivered,741.23
6163,4765,446,Biryani,2022-12-01 07:21:41,Preparing,1001.79
6164,5256,472,Pani Puri,2022-07-24 07:21:41,Cancelled,1188.79
6165,6450,344,Samosa,2023-05-12 07:21:41,Delivered,989.91
6166,2054,58,Butter Chicken,2022-11-28 07:21:41,Delivered,1052.34
6167,4280,355,Pani Puri,2022-08-09 07:21:41,Preparing,1157.0
6168,6027,161,Chole Bhature,2024-09-13 07:21:41,Delivered,395.12
6169,4012,31,Dal Makhani,2024-06-01 07:21:41,Delivered,667.32
6170,9862,15,Butter Chicken,2022-07-18 07:21:41,Delivered,183.3
6171,403,328,Mutton Curry,2024-01-21 07:21:41,Cancelled,386.31
6172,6227,122,Paneer Tikka,2022-05-31 07:21:41,Preparing,287.92
6173,1171,415,Butter Chicken,2023-09-16 07:21:41,Preparing,1192.48
6174,8591,281,Rogan Josh,2022-10-12 07:21:41,Preparing,771.62
6175,8614,67,Rogan Josh,2024-05-08 07:21:41,Cancelled,938.99
6176,9088,320,Pani Puri,2024-04-20 07:21:41,Cancelled,1290.47
6177,4208,103,Mutton Curry,2025-02-25 07:21:41,Preparing,467.44
6178,7727,473,Butter Chicken,2022-03-14 07:21:41,Delivered,1155.66
6179,7827,335,Chole Bhature,2023-07-25 07:21:41,Delivered,1017.93
6180,930,75,Butter Chicken,2024-03-21 07:21:41,Delivered,1335.06
6181,9992,267,Samosa,2025-02-25 07:21:41,Cancelled,307.55
6182,6795,437,Chole Bhature,2022-10-12 07:21:41,Cancelled,910.96
6183,4583,9,Chole Bhature,2022-11-20 07:21:41,Cancelled,709.05
6184,4847,180,Butter Chicken,2022-04-18 07:21:41,Delivered,1163.33
6185,6420,332,Dosa,2023-12-05 07:21:41,Cancelled,760.5
6186,9184,163,Samosa,2022-06-24 07:21:41,Delivered,591.63
6187,960,157,Butter Chicken,2024-04-21 07:21:41,Cancelled,1364.02
6188,9325,428,Dal Makhani,2022-11-27 07:21:41,Preparing,845.14
6189,6275,211,Dosa,2022-07-09 07:21:41,Preparing,915.67
6190,5501,488,Biryani,2023-10-10 07:21:41,Cancelled,520.46
6191,865,419,Samosa,2022-07-31 07:21:41,Cancelled,374.57
6192,8517,255,Mutton Curry,2024-04-23 07:21:41,Preparing,1170.22
6193,6522,261,Chole Bhature,2024-06-25 07:21:41,Delivered,972.84
6194,4153,158,Paneer Tikka,2024-11-23 07:21:41,Cancelled,353.22
6195,6389,58,Paneer Tikka,2024-05-04 07:21:41,Cancelled,672.97
6196,5259,287,Paneer Tikka,2024-08-31 07:21:41,Delivered,298.09
6197,5102,250,Dal Makhani,2024-02-25 07:21:41,Preparing,210.41
6198,3247,17,Chole Bhature,2025-02-08 07:21:41,Preparing,106.77
6199,5372,472,Mutton Curry,2024-12-09 07:21:41,Preparing,407.48
6200,793,73,Butter Chicken,2022-11-03 07:21:41,Cancelled,1205.53
6201,916,468,Samosa,2022-03-17 07:21:41,Cancelled,579.77
6202,5383,196,Rogan Josh,2022-07-27 07:21:41,Cancelled,612.42
6203,5833,344,Samosa,2023-11-14 07:21:41,Delivered,1385.11
6204,5559,39,Rogan Josh,2023-02-05 07:21:41,Preparing,673.39
6205,8529,147,Biryani,2022-08-06 07:21:41,Preparing,491.48
6206,697,290,Dal Makhani,2023-02-01 07:21:41,Preparing,524.41
6207,8071,172,Paneer Tikka,2023-02-26 07:21:41,Cancelled,1199.66
6208,4664,149,Pani Puri,2024-05-17 07:21:41,Preparing,379.17
6209,2326,6,Chole Bhature,2022-08-24 07:21:41,Delivered,409.07
6210,3366,252,Pani Puri,2024-05-19 07:21:41,Preparing,316.96
6211,9273,353,Samosa,2025-02-13 07:21:41,Cancelled,275.68
6212,9638,261,Butter Chicken,2025-02-26 07:21:41,Preparing,1419.56
6213,9644,355,Pani Puri,2023-07-22 07:21:41,Preparing,1122.46
6214,7483,217,Dosa,2022-03-07 07:21:41,Delivered,716.72
6215,6908,274,Paneer Tikka,2023-01-15 07:21:41,Cancelled,828.48
6216,1752,397,Paneer Tikka,2022-05-02 07:21:41,Preparing,477.67
6217,6470,44,Mutton Curry,2024-01-22 07:21:41,Delivered,504.94
6218,7556,347,Pani Puri,2024-11-20 07:21:41,Delivered,288.06
6219,6678,19,Biryani,2024-08-14 07:21:41,Delivered,318.77
6220,965,379,Samosa,2023-08-05 07:21:41,Cancelled,129.07
6221,5970,364,Paneer Tikka,2022-05-30 07:21:41,Delivered,1228.09
6222,8081,356,Biryani,2022-11-16 07:21:41,Cancelled,833.91
6223,1630,128,Samosa,2023-08-07 07:21:41,Cancelled,1394.37
6224,3845,143,Biryani,2023-04-27 07:21:41,Cancelled,1086.74
6225,7486,103,Dal Makhani,2024-02-25 07:21:41,Delivered,946.39
6226,4130,204,Pani Puri,2022-12-09 07:21:41,Cancelled,1204.31
6227,2724,236,Mutton Curry,2022-11-14 07:21:41,Cancelled,1413.15
6228,7401,106,Dosa,2024-01-18 07:21:41,Preparing,506.41
6229,9488,306,Dosa,2024-04-16 07:21:41,Delivered,654.58
6230,7212,233,Dal Makhani,2023-11-19 07:21:41,Delivered,911.01
6231,8101,238,Butter Chicken,2024-11-21 07:21:41,Preparing,749.58
6232,6576,147,Samosa,2024-09-13 07:21:41,Delivered,490.37
6233,8368,452,Biryani,2024-08-17 07:21:41,Delivered,1465.72
6234,6261,31,Butter Chicken,2025-02-23 07:21:41,Delivered,826.46
6235,7165,182,Biryani,2023-10-05 07:21:41,Preparing,202.2
6236,6025,272,Rogan Josh,2023-11-15 07:21:41,Delivered,158.01
6237,8530,273,Paneer Tikka,2024-09-07 07:21:41,Preparing,576.07
6238,3307,317,Pani Puri,2024-12-08 07:21:41,Delivered,622.45
6239,9900,449,Dal Makhani,2022-11-12 07:21:41,Delivered,574.64
6240,4535,289,Pani Puri,2024-10-28 07:21:41,Cancelled,588.21
6241,3696,173,Paneer Tikka,2023-12-11 07:21:41,Cancelled,1327.63
6242,7361,366,Paneer Tikka,2022-04-06 07:21:41,Delivered,1038.6
6243,4475,155,Biryani,2022-07-18 07:21:41,Cancelled,1299.92
6244,2874,203,Dal Makhani,2022-12-09 07:21:41,Cancelled,364.36
6245,7058,112,Dosa,2023-06-03 07:21:41,Cancelled,1331.31
6246,3175,476,Pani Puri,2024-11-28 07:21:41,Preparing,1107.31
6247,8441,219,Rogan Josh,2023-04-22 07:21:41,Delivered,655.06
6248,9719,306,Chole Bhature,2022-09-12 07:21:41,Delivered,244.63
6249,1305,42,Dosa,2023-12-03 07:21:41,Cancelled,298.93
6250,9658,227,Samosa,2022-06-27 07:21:41,Preparing,1394.38
6251,5287,397,Chole Bhature,2024-07-29 07:21:41,Cancelled,948.95
6252,2354,402,Paneer Tikka,2024-09-02 07:21:41,Preparing,570.88
6253,5757,43,Dal Makhani,2023-09-15 07:21:41,Delivered,282.57
6254,6572,139,Rogan Josh,2025-02-02 07:21:41,Cancelled,558.3
6255,8495,169,Biryani,2025-01-15 07:21:41,Delivered,546.06
6256,3016,365,Mutton Curry,2023-06-04 07:21:41,Preparing,628.17
6257,3041,56,Dosa,2022-08-14 07:21:41,Delivered,1225.95
6258,190,141,Paneer Tikka,2023-07-21 07:21:41,Preparing,580.67
6259,7717,410,Biryani,2024-02-15 07:21:41,Cancelled,1087.85
6260,5139,137,Butter Chicken,2023-01-10 07:21:41,Cancelled,403.53
6261,8250,199,Biryani,2022-08-19 07:21:41,Preparing,1170.66
6262,8920,59,Chole Bhature,2024-05-29 07:21:41,Preparing,371.01
6263,1820,190,Pani Puri,2023-11-18 07:21:41,Cancelled,870.14
6264,3822,274,Samosa,2023-06-04 07:21:41,Cancelled,1343.49
6265,6327,66,Dosa,2023-08-06 07:21:41,Delivered,1017.12
6266,9165,424,Biryani,2024-10-31 07:21:41,Preparing,1276.72
6267,2647,486,Pani Puri,2022-12-23 07:21:41,Cancelled,210.61
6268,2626,371,Biryani,2023-08-08 07:21:41,Delivered,607.61
6269,2620,67,Paneer Tikka,2023-10-21 07:21:41,Delivered,196.1
6270,3745,353,Dal Makhani,2024-12-10 07:21:41,Cancelled,251.7
6271,3907,318,Rogan Josh,2023-11-16 07:21:41,Cancelled,226.28
6272,453,458,Paneer Tikka,2025-01-05 07:21:41,Delivered,268.26
6273,3435,42,Dal Makhani,2024-02-11 07:21:41,Delivered,586.66
6274,4718,29,Butter Chicken,2025-02-19 07:21:41,Cancelled,1081.78
6275,8206,142,Pani Puri,2024-07-08 07:21:41,Cancelled,584.66
6276,3660,166,Butter Chicken,2024-04-04 07:21:41,Cancelled,282.17
6277,1715,115,Butter Chicken,2023-06-11 07:21:41,Preparing,833.62
6278,1815,173,Dal Makhani,2025-01-03 07:21:41,Preparing,1270.39
6279,6927,277,Pani Puri,2024-06-26 07:21:41,Delivered,1369.92
6280,7943,38,Butter Chicken,2024-01-17 07:21:41,Preparing,1296.99
6281,5786,90,Biryani,2024-11-12 07:21:41,Cancelled,1094.2
6282,9671,113,Rogan Josh,2024-06-06 07:21:41,Cancelled,1470.18
6283,7733,98,Pani Puri,2023-03-25 07:21:41,Delivered,1420.37
6284,5645,426,Samosa,2022-07-09 07:21:41,Delivered,1251.22
6285,5696,12,Dal Makhani,2024-12-05 07:21:41,Delivered,416.93
6286,6203,298,Chole Bhature,2023-06-28 07:21:41,Preparing,647.68
6287,2610,238,Rogan Josh,2022-06-13 07:21:41,Cancelled,272.0
6288,3807,489,Paneer Tikka,2022-09-04 07:21:41,Cancelled,1336.2
6289,9257,214,Dosa,2022-04-24 07:21:41,Preparing,245.62
6290,426,246,Rogan Josh,2024-03-08 07:21:41,Preparing,200.19
6291,3541,161,Butter Chicken,2023-06-12 07:21:41,Preparing,1497.37
6292,1122,44,Chole Bhature,2023-03-12 07:21:41,Cancelled,1232.21
6293,3236,490,Rogan Josh,2023-06-11 07:21:41,Preparing,464.23
6294,2308,52,Chole Bhature,2023-05-19 07:21:41,Delivered,833.18
6295,3528,69,Biryani,2023-01-11 07:21:41,Preparing,579.1
6296,4915,262,Rogan Josh,2023-10-18 07:21:41,Cancelled,1231.84
6297,8635,130,Dosa,2024-04-08 07:21:41,Delivered,653.8
6298,6918,209,Paneer Tikka,2023-11-05 07:21:41,Delivered,987.85
6299,4296,178,Butter Chicken,2025-03-04 07:21:41,Delivered,399.61
6300,11,103,Mutton Curry,2024-01-13 07:21:41,Delivered,731.68
6301,5113,258,Dosa,2024-01-01 07:21:41,Cancelled,359.8
6302,5784,359,Rogan Josh,2023-01-25 07:21:41,Cancelled,132.44
6303,6469,374,Dal Makhani,2022-04-24 07:21:41,Delivered,318.14
6304,6697,48,Dosa,2022-06-04 07:21:41,Delivered,888.31
6305,9437,424,Dosa,2023-01-07 07:21:41,Cancelled,988.29
6306,3530,224,Rogan Josh,2024-01-14 07:21:41,Preparing,402.92
6307,8733,4,Pani Puri,2024-09-21 07:21:41,Cancelled,363.47
6308,5998,450,Rogan Josh,2025-01-15 07:21:41,Cancelled,175.84
6309,5153,39,Biryani,2023-01-23 07:21:41,Delivered,771.67
6310,1894,298,Rogan Josh,2025-02-28 07:21:41,Delivered,1243.06
6311,5333,185,Chole Bhature,2022-08-10 07:21:41,Preparing,305.05
6312,5917,107,Dal Makhani,2023-12-08 07:21:41,Preparing,984.55
6313,8555,384,Paneer Tikka,2022-06-10 07:21:41,Preparing,1373.75
6314,4292,423,Rogan Josh,2022-08-12 07:21:41,Delivered,894.3
6315,5697,361,Dosa,2024-03-18 07:21:41,Preparing,1343.03
6316,908,69,Biryani,2023-02-24 07:21:41,Preparing,809.29
6317,1286,443,Pani Puri,2024-10-07 07:21:41,Cancelled,1472.77
6318,810,447,Rogan Josh,2024-11-26 07:21:41,Preparing,610.08
6319,53,363,Samosa,2022-06-27 07:21:41,Delivered,257.86
6320,7170,285,Biryani,2023-04-21 07:21:41,Preparing,1274.23
6321,9322,384,Butter Chicken,2024-07-09 07:21:41,Preparing,491.5
6322,8185,103,Mutton Curry,2023-01-16 07:21:41,Delivered,1023.36
6323,1126,491,Butter Chicken,2023-11-16 07:21:41,Preparing,1248.12
6324,6893,472,Biryani,2022-07-10 07:21:41,Delivered,902.65
6325,4464,33,Biryani,2022-05-14 07:21:41,Cancelled,346.35
6326,1876,274,Paneer Tikka,2024-01-13 07:21:41,Delivered,354.61
6327,2928,437,Chole Bhature,2024-09-23 07:21:41,Preparing,1157.37
6328,4848,188,Rogan Josh,2023-06-08 07:21:41,Preparing,361.81
6329,3288,129,Pani Puri,2022-08-22 07:21:41,Preparing,542.75
6330,8322,3,Samosa,2024-07-26 07:21:41,Delivered,790.05
6331,7380,358,Rogan Josh,2023-10-15 07:21:41,Cancelled,1185.72
6332,9952,435,Chole Bhature,2022-07-17 07:21:41,Preparing,789.45
6333,6554,412,Biryani,2024-01-06 07:21:41,Cancelled,1385.59
6334,8423,171,Paneer Tikka,2023-04-26 07:21:41,Delivered,475.6
6335,1799,238,Butter Chicken,2022-12-01 07:21:41,Delivered,757.08
6336,5860,202,Dal Makhani,2024-10-14 07:21:41,Preparing,1069.08
6337,3297,376,Rogan Josh,2024-12-30 07:21:41,Cancelled,499.84
6338,1946,249,Dosa,2023-05-01 07:21:41,Delivered,1313.66
6339,2712,270,Dal Makhani,2023-03-06 07:21:41,Preparing,511.4
6340,5315,146,Samosa,2023-03-11 07:21:41,Preparing,600.69
6341,7571,220,Samosa,2022-07-05 07:21:41,Cancelled,350.51
6342,2247,485,Biryani,2023-04-27 07:21:41,Preparing,1297.63
6343,5336,256,Chole Bhature,2023-02-13 07:21:41,Preparing,967.38
6344,1326,156,Mutton Curry,2024-12-27 07:21:41,Delivered,1147.79
6345,1408,126,Biryani,2022-04-03 07:21:41,Delivered,332.51
6346,8095,397,Dal Makhani,2024-10-05 07:21:41,Cancelled,1470.62
6347,3809,29,Paneer Tikka,2024-09-13 07:21:41,Preparing,321.72
6348,9318,352,Biryani,2024-04-03 07:21:41,Cancelled,1459.48
6349,5909,32,Pani Puri,2024-03-18 07:21:41,Cancelled,389.61
6350,230,325,Paneer Tikka,2022-06-15 07:21:41,Preparing,229.0
6351,6780,182,Mutton Curry,2022-12-02 07:21:41,Cancelled,346.71
6352,3029,177,Chole Bhature,2024-10-08 07:21:41,Preparing,723.97
6353,7083,461,Dal Makhani,2022-06-09 07:21:41,Preparing,201.21
6354,9160,321,Butter Chicken,2023-04-02 07:21:41,Preparing,328.77
6355,2033,179,Butter Chicken,2022-06-23 07:21:41,Cancelled,850.75
6356,5445,449,Dosa,2024-02-16 07:21:41,Delivered,760.5
6357,2606,162,Dal Makhani,2023-11-05 07:21:41,Delivered,1160.26
6358,1340,56,Chole Bhature,2024-03-16 07:21:41,Cancelled,691.17
6359,5776,98,Dosa,2023-04-13 07:21:41,Delivered,1307.95
6360,7266,443,Dal Makhani,2023-05-13 07:21:41,Delivered,214.46
6361,6067,299,Dosa,2024-12-02 07:21:41,Cancelled,1025.42
6362,8632,361,Chole Bhature,2023-02-07 07:21:41,Delivered,743.64
6363,3559,203,Chole Bhature,2022-08-15 07:21:41,Preparing,539.5
6364,7713,294,Mutton Curry,2022-11-11 07:21:41,Delivered,820.41
6365,6322,275,Biryani,2024-09-06 07:21:41,Delivered,887.38
6366,4645,442,Paneer Tikka,2022-03-08 07:21:41,Preparing,634.5
6367,9086,115,Dosa,2024-03-31 07:21:41,Cancelled,817.51
6368,164,105,Dosa,2023-11-12 07:21:41,Delivered,191.52
6369,3074,72,Pani Puri,2023-02-16 07:21:41,Delivered,918.5
6370,642,307,Pani Puri,2023-07-11 07:21:41,Delivered,754.93
6371,6875,31,Rogan Josh,2023-08-31 07:21:41,Preparing,532.89
6372,4964,47,Pani Puri,2023-06-11 07:21:41,Cancelled,908.62
6373,9155,133,Pani Puri,2024-07-25 07:21:41,Delivered,512.73
6374,2901,168,Butter Chicken,2025-01-26 07:21:41,Preparing,1054.43
6375,5353,171,Dosa,2024-04-27 07:21:41,Delivered,1280.54
6376,4412,390,Dosa,2023-12-15 07:21:41,Delivered,1140.7
6377,4056,190,Rogan Josh,2024-05-25 07:21:41,Preparing,401.6
6378,7802,10,Samosa,2024-05-10 07:21:41,Preparing,204.15
6379,9594,131,Dosa,2025-01-16 07:21:41,Delivered,187.76
6380,5751,176,Dosa,2024-01-19 07:21:41,Delivered,400.84
6381,6760,95,Rogan Josh,2022-11-11 07:21:41,Cancelled,1399.13
6382,8241,396,Biryani,2024-02-15 07:21:41,Cancelled,1399.61
6383,3810,222,Pani Puri,2022-07-15 07:21:41,Delivered,1150.86
6384,8866,180,Chole Bhature,2023-04-28 07:21:41,Delivered,1252.89
6385,212,2,Paneer Tikka,2024-05-14 07:21:41,Delivered,194.29
6386,3563,182,Rogan Josh,2023-02-26 07:21:41,Preparing,447.9
6387,6252,399,Paneer Tikka,2023-12-05 07:21:41,Cancelled,1188.46
6388,8284,454,Paneer Tikka,2024-10-30 07:21:41,Preparing,433.62
6389,9056,331,Rogan Josh,2022-09-22 07:21:41,Cancelled,1441.7
6390,7606,45,Biryani,2024-02-14 07:21:41,Preparing,1059.66
6391,9000,85,Pani Puri,2024-06-11 07:21:41,Cancelled,759.26
6392,5423,140,Paneer Tikka,2023-05-13 07:21:41,Cancelled,257.45
6393,3847,434,Biryani,2022-08-12 07:21:41,Cancelled,1248.26
6394,9557,198,Mutton Curry,2023-10-22 07:21:41,Cancelled,119.06
6395,503,225,Mutton Curry,2023-08-17 07:21:41,Cancelled,845.48
6396,6890,387,Paneer Tikka,2023-06-09 07:21:41,Preparing,274.13
6397,1971,401,Rogan Josh,2022-03-20 07:21:41,Cancelled,446.01
6398,673,7,Dosa,2023-10-02 07:21:41,Cancelled,852.57
6399,3202,328,Mutton Curry,2022-09-15 07:21:41,Preparing,730.56
6400,7379,229,Dal Makhani,2022-12-26 07:21:41,Delivered,774.24
6401,5097,446,Dal Makhani,2023-03-27 07:21:41,Delivered,1028.18
6402,4962,401,Mutton Curry,2022-05-22 07:21:41,Cancelled,928.69
6403,7380,254,Butter Chicken,2024-04-17 07:21:41,Preparing,222.03
6404,8049,24,Paneer Tikka,2023-06-10 07:21:41,Delivered,976.82
6405,8955,388,Mutton Curry,2022-10-28 07:21:41,Cancelled,528.46
6406,9059,338,Mutton Curry,2023-10-15 07:21:41,Preparing,1296.15
6407,8716,235,Biryani,2022-07-11 07:21:41,Preparing,186.15
6408,998,106,Samosa,2024-04-18 07:21:41,Delivered,796.41
6409,4585,456,Butter Chicken,2023-04-16 07:21:41,Cancelled,777.48
6410,3669,289,Butter Chicken,2022-05-13 07:21:41,Cancelled,1344.76
6411,8249,12,Butter Chicken,2023-10-07 07:21:41,Delivered,144.11
6412,7179,419,Pani Puri,2024-11-03 07:21:41,Delivered,702.47
6413,239,126,Paneer Tikka,2023-07-07 07:21:41,Preparing,177.04
6414,2329,407,Biryani,2023-02-11 07:21:41,Cancelled,1203.9
6415,534,94,Dosa,2023-01-20 07:21:41,Cancelled,208.7
6416,2660,378,Butter Chicken,2025-02-28 07:21:41,Cancelled,1196.83
6417,9312,62,Paneer Tikka,2024-05-12 07:21:41,Preparing,1070.99
6418,5878,428,Mutton Curry,2022-08-09 07:21:41,Delivered,747.24
6419,5243,270,Mutton Curry,2024-07-14 07:21:41,Cancelled,321.45
6420,4986,238,Biryani,2023-11-12 07:21:41,Cancelled,386.21
6421,8437,260,Dosa,2022-09-30 07:21:41,Cancelled,1320.35
6422,2432,463,Biryani,2022-03-14 07:21:41,Delivered,1273.46
6423,6188,169,Chole Bhature,2022-12-08 07:21:41,Delivered,1035.7
6424,8629,482,Samosa,2023-06-20 07:21:41,Cancelled,1286.2
6425,7289,56,Rogan Josh,2023-08-25 07:21:41,Preparing,1027.2
6426,2365,268,Dosa,2024-11-18 07:21:41,Delivered,740.65
6427,2221,90,Mutton Curry,2022-05-14 07:21:41,Delivered,888.88
6428,6953,94,Butter Chicken,2024-11-28 07:21:41,Delivered,1261.67
6429,2522,359,Mutton Curry,2022-12-14 07:21:41,Cancelled,429.46
6430,914,353,Dal Makhani,2022-10-12 07:21:41,Delivered,653.78
6431,5315,82,Samosa,2023-10-22 07:21:41,Cancelled,1111.59
6432,9169,481,Rogan Josh,2023-02-01 07:21:41,Cancelled,1290.1
6433,4480,459,Pani Puri,2024-04-11 07:21:41,Cancelled,683.92
6434,2319,19,Dal Makhani,2023-10-15 07:21:41,Preparing,1154.72
6435,9274,339,Biryani,2024-06-23 07:21:41,Delivered,1128.35
6436,3638,328,Dal Makhani,2024-09-20 07:21:41,Delivered,1178.8
6437,8441,3,Butter Chicken,2024-02-12 07:21:41,Preparing,1371.69
6438,5565,34,Dal Makhani,2025-02-08 07:21:41,Cancelled,703.27
6439,4351,168,Dal Makhani,2023-11-13 07:21:41,Delivered,574.95
6440,2328,314,Chole Bhature,2025-02-27 07:21:41,Preparing,619.91
6441,4215,287,Paneer Tikka,2023-12-22 07:21:41,Delivered,193.88
6442,9250,388,Samosa,2023-10-27 07:21:41,Preparing,485.08
6443,2146,439,Rogan Josh,2024-09-28 07:21:41,Cancelled,357.42
6444,7564,180,Butter Chicken,2024-06-25 07:21:41,Preparing,1348.86
6445,6914,213,Rogan Josh,2024-07-21 07:21:41,Cancelled,1367.76
6446,7199,431,Samosa,2025-01-07 07:21:41,Preparing,567.97
6447,66,498,Pani Puri,2025-01-22 07:21:41,Cancelled,1226.33
6448,6525,267,Dal Makhani,2025-02-19 07:21:41,Cancelled,671.73
6449,9631,389,Biryani,2023-09-14 07:21:41,Delivered,818.0
6450,6154,18,Butter Chicken,2023-09-07 07:21:41,Cancelled,1367.33
6451,4929,409,Dal Makhani,2025-01-31 07:21:41,Cancelled,1068.21
6452,9452,134,Samosa,2023-04-26 07:21:41,Preparing,318.93
6453,4198,317,Dal Makhani,2022-08-29 07:21:41,Delivered,518.66
6454,3927,20,Samosa,2024-10-04 07:21:41,Cancelled,109.29
6455,5185,167,Dosa,2022-07-17 07:21:41,Cancelled,556.29
6456,2645,156,Biryani,2023-06-25 07:21:41,Cancelled,1182.52
6457,5266,325,Butter Chicken,2024-10-08 07:21:41,Delivered,181.52
6458,6341,23,Mutton Curry,2025-01-02 07:21:41,Preparing,145.7
6459,449,389,Chole Bhature,2023-04-08 07:21:41,Delivered,661.42
6460,1767,199,Mutton Curry,2024-03-16 07:21:41,Cancelled,136.04
6461,6748,227,Biryani,2022-08-14 07:21:41,Preparing,1134.48
6462,7362,384,Samosa,2023-04-01 07:21:41,Delivered,1413.9
6463,1200,210,Paneer Tikka,2024-06-26 07:21:41,Cancelled,255.65
6464,3315,253,Dosa,2023-02-04 07:21:41,Preparing,310.06
6465,1997,59,Butter Chicken,2023-06-21 07:21:41,Delivered,473.25
6466,8968,195,Dosa,2023-06-07 07:21:41,Delivered,1333.8
6467,9101,32,Paneer Tikka,2023-07-18 07:21:41,Delivered,696.74
6468,98,291,Biryani,2022-06-22 07:21:41,Delivered,976.57
6469,6650,272,Samosa,2023-12-28 07:21:41,Preparing,959.34
6470,3173,383,Dosa,2023-07-30 07:21:41,Cancelled,544.23
6471,901,401,Samosa,2023-03-27 07:21:41,Preparing,724.39
6472,1341,216,Biryani,2022-06-10 07:21:41,Cancelled,1463.71
6473,6830,213,Dosa,2023-11-20 07:21:41,Cancelled,296.64
6474,4750,43,Samosa,2024-06-24 07:21:41,Cancelled,164.24
6475,8634,3,Chole Bhature,2022-08-26 07:21:41,Preparing,536.71
6476,5939,409,Samosa,2023-09-21 07:21:41,Preparing,1473.3
6477,8933,31,Paneer Tikka,2022-09-17 07:21:41,Preparing,333.19
6478,546,342,Samosa,2022-04-21 07:21:41,Delivered,377.28
6479,4427,471,Dal Makhani,2024-11-15 07:21:41,Preparing,647.96
6480,8056,256,Dal Makhani,2022-08-23 07:21:41,Cancelled,798.09
6481,3455,491,Rogan Josh,2024-10-21 07:21:41,Cancelled,684.87
6482,3204,219,Pani Puri,2022-06-21 07:21:41,Cancelled,883.86
6483,1371,337,Mutton Curry,2022-08-25 07:21:41,Preparing,1391.87
6484,3132,218,Samosa,2025-01-04 07:21:41,Cancelled,1265.62
6485,3882,291,Dosa,2023-09-30 07:21:41,Preparing,1470.07
6486,1120,62,Dal Makhani,2023-02-21 07:21:41,Cancelled,335.7
6487,3823,77,Rogan Josh,2024-09-04 07:21:41,Delivered,1302.83
6488,3874,133,Rogan Josh,2023-07-15 07:21:41,Cancelled,600.43
6489,9489,446,Rogan Josh,2022-06-04 07:21:41,Preparing,288.51
6490,2797,45,Paneer Tikka,2025-02-09 07:21:41,Cancelled,1409.53
6491,8738,412,Biryani,2023-04-04 07:21:41,Delivered,1003.88
6492,4120,310,Mutton Curry,2023-04-18 07:21:41,Cancelled,1080.01
6493,1356,230,Dal Makhani,2022-03-28 07:21:41,Delivered,1078.12
6494,4118,247,Chole Bhature,2022-06-30 07:21:41,Preparing,1022.66
6495,4671,188,Biryani,2022-06-13 07:21:41,Preparing,203.4
6496,8236,364,Butter Chicken,2024-04-03 07:21:41,Cancelled,1180.78
6497,2924,373,Biryani,2023-08-02 07:21:41,Delivered,1146.06
6498,1513,369,Paneer Tikka,2023-06-18 07:21:41,Preparing,1492.97
6499,2087,34,Biryani,2022-06-03 07:21:41,Delivered,861.37
6500,8282,138,Biryani,2022-03-24 07:21:41,Delivered,1034.25
6501,6140,136,Pani Puri,2024-04-07 07:21:41,Cancelled,573.81
6502,4809,119,Butter Chicken,2022-03-17 07:21:41,Cancelled,447.83
6503,4986,282,Butter Chicken,2024-11-17 07:21:41,Preparing,1482.28
6504,9729,326,Rogan Josh,2024-12-03 07:21:41,Preparing,1256.97
6505,2522,234,Paneer Tikka,2023-02-24 07:21:41,Cancelled,415.81
6506,1856,278,Pani Puri,2022-09-27 07:21:41,Delivered,153.89
6507,5242,407,Pani Puri,2022-10-01 07:21:41,Preparing,537.04
6508,5216,258,Chole Bhature,2023-07-12 07:21:41,Preparing,350.71
6509,1478,146,Mutton Curry,2023-10-23 07:21:41,Cancelled,886.5
6510,5899,325,Mutton Curry,2024-08-16 07:21:41,Preparing,838.6
6511,7485,419,Butter Chicken,2023-01-14 07:21:41,Delivered,1173.41
6512,4757,489,Paneer Tikka,2024-08-18 07:21:41,Delivered,1496.54
6513,8769,191,Dosa,2022-06-12 07:21:41,Preparing,675.32
6514,1404,413,Paneer Tikka,2024-11-29 07:21:41,Delivered,1497.51
6515,7938,28,Chole Bhature,2024-06-30 07:21:41,Delivered,1094.39
6516,4974,144,Rogan Josh,2023-03-22 07:21:41,Delivered,634.0
6517,5856,408,Biryani,2022-12-11 07:21:41,Cancelled,602.55
6518,2185,188,Dosa,2023-08-02 07:21:41,Delivered,251.53
6519,4206,174,Biryani,2024-08-26 07:21:41,Preparing,1039.73
6520,2261,243,Dal Makhani,2024-09-19 07:21:41,Cancelled,492.44
6521,3537,174,Dal Makhani,2024-08-30 07:21:41,Preparing,1266.12
6522,6137,185,Paneer Tikka,2023-03-28 07:21:41,Delivered,571.89
6523,8492,326,Dosa,2022-10-09 07:21:41,Cancelled,721.18
6524,8395,337,Butter Chicken,2023-12-07 07:21:41,Delivered,702.96
6525,894,6,Paneer Tikka,2024-01-31 07:21:41,Delivered,367.37
6526,7036,280,Dosa,2023-11-28 07:21:41,Delivered,465.69
6527,6298,266,Pani Puri,2023-01-07 07:21:41,Cancelled,541.03
6528,5665,74,Pani Puri,2024-05-04 07:21:41,Delivered,963.27
6529,2029,260,Butter Chicken,2022-08-18 07:21:41,Delivered,445.17
6530,7656,40,Paneer Tikka,2024-04-10 07:21:41,Delivered,1420.79
6531,5108,270,Dal Makhani,2023-06-28 07:21:41,Delivered,1460.47
6532,96,32,Chole Bhature,2024-05-07 07:21:41,Cancelled,451.0
6533,1078,271,Butter Chicken,2023-07-21 07:21:41,Preparing,1071.97
6534,5154,350,Rogan Josh,2022-05-15 07:21:41,Delivered,511.82
6535,9580,173,Chole Bhature,2025-01-20 07:21:41,Preparing,1247.8
6536,8178,14,Chole Bhature,2022-06-20 07:21:41,Delivered,1032.61
6537,318,274,Butter Chicken,2024-08-14 07:21:41,Delivered,102.16
6538,1219,453,Dal Makhani,2024-05-11 07:21:41,Preparing,848.13
6539,8035,128,Biryani,2023-12-04 07:21:41,Preparing,1062.04
6540,7464,425,Pani Puri,2023-07-17 07:21:41,Preparing,700.01
6541,3196,329,Rogan Josh,2023-04-05 07:21:41,Delivered,1021.36
6542,3975,2,Butter Chicken,2023-12-12 07:21:41,Preparing,1384.5
6543,1951,308,Paneer Tikka,2024-06-05 07:21:41,Cancelled,918.64
6544,2054,149,Biryani,2024-02-24 07:21:41,Delivered,373.95
6545,4524,274,Pani Puri,2024-12-15 07:21:41,Preparing,177.08
6546,5966,163,Dosa,2023-08-12 07:21:41,Cancelled,812.5
6547,7465,51,Chole Bhature,2023-08-14 07:21:41,Preparing,191.39
6548,4897,373,Samosa,2023-02-13 07:21:41,Cancelled,913.09
6549,1705,405,Paneer Tikka,2022-06-03 07:21:41,Cancelled,1014.74
6550,3404,428,Dosa,2022-04-14 07:21:41,Preparing,531.38
6551,8310,381,Samosa,2023-05-30 07:21:41,Delivered,342.64
6552,2212,453,Dosa,2023-12-12 07:21:41,Cancelled,156.85
6553,9066,63,Biryani,2022-09-08 07:21:41,Preparing,830.04
6554,6405,472,Chole Bhature,2025-01-07 07:21:41,Preparing,930.72
6555,5936,59,Chole Bhature,2023-07-04 07:21:41,Preparing,224.56
6556,8385,5,Dosa,2024-08-01 07:21:41,Preparing,480.74
6557,8398,165,Biryani,2023-06-24 07:21:41,Delivered,1093.62
6558,7882,158,Pani Puri,2024-05-16 07:21:41,Cancelled,990.52
6559,5637,344,Paneer Tikka,2022-08-09 07:21:41,Cancelled,1429.75
6560,2983,386,Chole Bhature,2024-01-03 07:21:41,Cancelled,1492.83
6561,1463,137,Chole Bhature,2022-03-31 07:21:41,Preparing,1391.55
6562,3908,194,Dosa,2022-12-18 07:21:41,Cancelled,655.45
6563,7338,486,Biryani,2024-06-07 07:21:41,Preparing,909.81
6564,6347,447,Butter Chicken,2024-10-03 07:21:41,Delivered,1281.24
6565,874,286,Rogan Josh,2023-10-11 07:21:41,Cancelled,195.45
6566,9861,436,Dosa,2023-09-27 07:21:41,Delivered,1363.19
6567,8023,11,Mutton Curry,2024-08-23 07:21:41,Delivered,1198.44
6568,8652,205,Pani Puri,2024-07-10 07:21:41,Preparing,109.01
6569,6933,424,Rogan Josh,2025-01-05 07:21:41,Cancelled,1290.19
6570,5269,389,Pani Puri,2023-12-03 07:21:41,Cancelled,1099.21
6571,7237,173,Biryani,2023-09-18 07:21:41,Cancelled,1396.13
6572,4395,87,Dosa,2024-02-04 07:21:41,Delivered,1203.35
6573,5829,71,Butter Chicken,2025-02-12 07:21:41,Preparing,135.58
6574,1480,312,Dal Makhani,2023-06-18 07:21:41,Cancelled,454.53
6575,8459,245,Rogan Josh,2025-02-11 07:21:41,Cancelled,938.24
6576,4385,24,Dal Makhani,2022-05-05 07:21:41,Preparing,1311.04
6577,8029,47,Biryani,2022-12-25 07:21:41,Preparing,656.29
6578,9418,134,Dal Makhani,2024-09-13 07:21:41,Cancelled,1309.66
6579,2738,241,Mutton Curry,2022-10-18 07:21:41,Preparing,613.99
6580,8111,468,Mutton Curry,2024-10-01 07:21:41,Cancelled,1374.38
6581,2338,173,Pani Puri,2024-03-10 07:21:41,Cancelled,487.28
6582,4246,310,Biryani,2023-04-15 07:21:41,Cancelled,992.88
6583,6235,469,Rogan Josh,2022-10-01 07:21:41,Preparing,608.56
6584,9391,136,Pani Puri,2024-07-14 07:21:41,Cancelled,910.56
6585,6237,3,Dosa,2022-09-01 07:21:41,Preparing,919.7
6586,2577,129,Rogan Josh,2024-08-30 07:21:41,Cancelled,277.79
6587,7838,401,Samosa,2022-10-06 07:21:41,Delivered,665.67
6588,8420,438,Paneer Tikka,2022-04-23 07:21:41,Preparing,465.85
6589,3570,292,Dal Makhani,2023-01-25 07:21:41,Cancelled,659.97
6590,8947,120,Biryani,2023-10-27 07:21:41,Cancelled,1193.57
6591,5063,325,Mutton Curry,2022-10-05 07:21:41,Delivered,1285.53
6592,1003,184,Mutton Curry,2022-11-03 07:21:41,Cancelled,1292.59
6593,4147,149,Butter Chicken,2024-01-06 07:21:41,Preparing,953.61
6594,3020,126,Pani Puri,2025-01-22 07:21:41,Preparing,1188.51
6595,6049,342,Pani Puri,2022-07-20 07:21:41,Preparing,649.42
6596,8739,402,Paneer Tikka,2024-02-17 07:21:41,Cancelled,402.9
6597,5005,196,Biryani,2024-01-20 07:21:41,Delivered,584.04
6598,3206,276,Rogan Josh,2024-12-09 07:21:41,Preparing,1124.37
6599,2672,490,Butter Chicken,2022-07-17 07:21:41,Delivered,313.84
6600,1649,406,Pani Puri,2022-09-03 07:21:41,Cancelled,1128.71
6601,5510,197,Dosa,2022-12-05 07:21:41,Cancelled,860.19
6602,7641,402,Butter Chicken,2023-02-20 07:21:41,Preparing,518.21
6603,1164,372,Samosa,2024-02-12 07:21:41,Cancelled,513.37
6604,3041,496,Samosa,2022-12-23 07:21:41,Cancelled,376.74
6605,7102,354,Paneer Tikka,2024-08-13 07:21:41,Delivered,535.01
6606,2333,369,Biryani,2024-04-01 07:21:41,Delivered,163.83
6607,1080,96,Pani Puri,2022-10-08 07:21:41,Preparing,1172.77
6608,479,459,Butter Chicken,2022-12-18 07:21:41,Delivered,1211.59
6609,5904,136,Dosa,2024-01-18 07:21:41,Cancelled,625.74
6610,8988,316,Pani Puri,2025-01-10 07:21:41,Preparing,271.02
6611,1660,183,Pani Puri,2022-12-25 07:21:41,Delivered,750.6
6612,49,78,Biryani,2023-01-27 07:21:41,Cancelled,584.64
6613,9849,195,Paneer Tikka,2024-04-25 07:21:41,Preparing,742.59
6614,3427,270,Samosa,2024-06-22 07:21:41,Preparing,1056.69
6615,2529,188,Chole Bhature,2022-08-12 07:21:41,Cancelled,1328.4
6616,9075,321,Dosa,2024-10-28 07:21:41,Delivered,848.3
6617,8921,369,Chole Bhature,2023-06-12 07:21:41,Cancelled,491.85
6618,436,375,Paneer Tikka,2022-10-02 07:21:41,Cancelled,1242.39
6619,6054,204,Dosa,2022-07-25 07:21:41,Preparing,1482.17
6620,9049,137,Biryani,2023-12-22 07:21:41,Preparing,358.02
6621,4671,220,Rogan Josh,2023-04-29 07:21:41,Cancelled,222.61
6622,1114,91,Dosa,2023-11-21 07:21:41,Cancelled,796.21
6623,1135,299,Butter Chicken,2023-04-14 07:21:41,Preparing,807.99
6624,815,210,Samosa,2023-04-23 07:21:41,Preparing,1057.21
6625,3695,239,Rogan Josh,2022-06-23 07:21:41,Preparing,413.36
6626,5680,40,Samosa,2024-07-30 07:21:41,Delivered,327.4
6627,2089,358,Biryani,2025-01-04 07:21:41,Cancelled,1342.67
6628,5208,278,Biryani,2023-05-25 07:21:41,Preparing,333.66
6629,5672,344,Butter Chicken,2024-10-23 07:21:41,Preparing,216.56
6630,6881,199,Paneer Tikka,2025-01-31 07:21:41,Cancelled,1253.05
6631,1095,153,Chole Bhature,2022-08-15 07:21:41,Preparing,1267.72
6632,3278,70,Samosa,2023-12-07 07:21:41,Cancelled,1144.74
6633,4608,340,Butter Chicken,2023-03-17 07:21:41,Cancelled,318.48
6634,630,360,Paneer Tikka,2025-02-24 07:21:41,Delivered,1059.95
6635,1670,13,Dosa,2024-11-22 07:21:41,Delivered,125.89
6636,9427,9,Mutton Curry,2025-01-12 07:21:41,Cancelled,698.07
6637,3555,148,Samosa,2023-07-07 07:21:41,Cancelled,623.17
6638,2147,432,Samosa,2024-11-13 07:21:41,Cancelled,1042.69
6639,2091,167,Samosa,2023-05-20 07:21:41,Cancelled,1061.42
6640,110,184,Chole Bhature,2025-02-12 07:21:41,Cancelled,469.94
6641,5644,66,Paneer Tikka,2022-06-17 07:21:41,Preparing,672.09
6642,9372,151,Mutton Curry,2022-10-24 07:21:41,Cancelled,784.06
6643,4538,455,Dal Makhani,2023-07-18 07:21:41,Preparing,765.66
6644,4086,425,Paneer Tikka,2023-09-13 07:21:41,Cancelled,392.61
6645,2272,153,Biryani,2022-08-07 07:21:41,Delivered,306.79
6646,5096,227,Biryani,2023-05-21 07:21:41,Preparing,1364.51
6647,4361,202,Pani Puri,2023-07-02 07:21:41,Preparing,203.76
6648,5663,298,Mutton Curry,2024-12-28 07:21:41,Cancelled,657.22
6649,4499,322,Pani Puri,2023-02-27 07:21:41,Preparing,1375.6
6650,9138,124,Dosa,2023-08-21 07:21:41,Cancelled,340.17
6651,754,31,Paneer Tikka,2024-09-15 07:21:41,Cancelled,1043.46
6652,3311,333,Dosa,2023-07-14 07:21:41,Preparing,1277.21
6653,4231,210,Butter Chicken,2023-06-25 07:21:41,Delivered,410.24
6654,3882,471,Chole Bhature,2022-12-07 07:21:41,Preparing,294.02
6655,8393,65,Paneer Tikka,2022-03-21 07:21:41,Cancelled,1471.68
6656,6788,4,Pani Puri,2022-07-12 07:21:41,Delivered,1403.68
6657,361,39,Biryani,2023-06-28 07:21:41,Preparing,437.3
6658,8949,342,Pani Puri,2024-10-10 07:21:41,Delivered,1449.4
6659,1004,116,Biryani,2023-09-07 07:21:41,Cancelled,1354.58
6660,3332,466,Mutton Curry,2025-01-20 07:21:41,Preparing,642.78
6661,5186,334,Chole Bhature,2022-05-31 07:21:41,Cancelled,1241.92
6662,7020,93,Butter Chicken,2022-12-15 07:21:41,Delivered,281.23
6663,2397,222,Dal Makhani,2025-01-26 07:21:41,Preparing,1122.25
6664,7398,56,Dal Makhani,2023-05-17 07:21:41,Preparing,548.38
6665,3252,324,Biryani,2025-01-29 07:21:41,Preparing,1405.12
6666,4387,233,Chole Bhature,2024-03-29 07:21:41,Cancelled,814.77
6667,1080,1,Dosa,2024-06-10 07:21:41,Delivered,1286.97
6668,2058,433,Pani Puri,2024-06-07 07:21:41,Preparing,698.51
6669,5680,37,Dosa,2023-04-11 07:21:41,Delivered,1333.42
6670,7023,338,Chole Bhature,2022-04-21 07:21:41,Delivered,479.46
6671,3842,10,Dal Makhani,2023-12-25 07:21:41,Cancelled,1454.19
6672,7115,409,Biryani,2022-11-11 07:21:41,Cancelled,123.89
6673,9676,471,Rogan Josh,2023-08-04 07:21:41,Delivered,459.49
6674,874,473,Dal Makhani,2025-01-26 07:21:41,Delivered,354.57
6675,9916,283,Dosa,2023-03-21 07:21:41,Preparing,1164.66
6676,950,388,Mutton Curry,2023-08-29 07:21:41,Cancelled,581.32
6677,4072,226,Dosa,2024-06-26 07:21:41,Cancelled,981.92
6678,2898,149,Samosa,2022-11-25 07:21:41,Delivered,1176.51
6679,7599,257,Mutton Curry,2024-08-22 07:21:41,Delivered,1142.99
6680,2103,21,Biryani,2022-12-09 07:21:41,Preparing,396.8
6681,4609,475,Chole Bhature,2024-09-03 07:21:41,Preparing,1373.74
6682,4317,362,Paneer Tikka,2023-07-25 07:21:41,Preparing,246.19
6683,8642,172,Rogan Josh,2023-08-16 07:21:41,Preparing,1403.92
6684,7848,366,Pani Puri,2023-01-28 07:21:41,Cancelled,1089.58
6685,6899,483,Paneer Tikka,2023-10-07 07:21:41,Preparing,518.72
6686,9367,289,Rogan Josh,2024-05-30 07:21:41,Delivered,1100.81
6687,1331,382,Dal Makhani,2022-07-31 07:21:41,Cancelled,286.36
6688,5432,191,Pani Puri,2023-12-23 07:21:41,Preparing,1157.46
6689,6966,164,Paneer Tikka,2022-10-21 07:21:41,Cancelled,1425.01
6690,7580,141,Samosa,2024-03-09 07:21:41,Delivered,861.34
6691,6182,408,Chole Bhature,2024-08-31 07:21:41,Preparing,636.3
6692,2015,390,Pani Puri,2023-10-20 07:21:41,Preparing,315.83
6693,8772,239,Rogan Josh,2023-07-08 07:21:41,Cancelled,197.37
6694,9384,219,Dal Makhani,2022-04-20 07:21:41,Preparing,1381.8
6695,6236,154,Butter Chicken,2023-02-23 07:21:41,Cancelled,977.16
6696,1394,99,Mutton Curry,2022-09-20 07:21:41,Preparing,1452.57
6697,5516,97,Mutton Curry,2024-06-22 07:21:41,Delivered,1087.74
6698,8234,427,Chole Bhature,2024-05-30 07:21:41,Preparing,563.83
6699,5675,156,Rogan Josh,2023-12-25 07:21:41,Delivered,1441.01
6700,1887,52,Dosa,2024-09-04 07:21:41,Preparing,470.45
6701,2774,467,Biryani,2024-05-09 07:21:41,Preparing,899.53
6702,627,442,Mutton Curry,2024-04-29 07:21:41,Delivered,164.82
6703,4249,330,Rogan Josh,2024-02-05 07:21:41,Preparing,1416.79
6704,7944,48,Pani Puri,2023-09-19 07:21:41,Delivered,200.25
6705,7275,191,Paneer Tikka,2022-03-22 07:21:41,Preparing,1097.52
6706,8802,361,Samosa,2023-12-20 07:21:41,Delivered,1189.73
6707,1157,295,Dosa,2024-09-30 07:21:41,Cancelled,352.35
6708,2711,412,Mutton Curry,2024-03-16 07:21:41,Preparing,995.47
6709,9266,43,Mutton Curry,2024-06-24 07:21:41,Cancelled,861.14
6710,7225,471,Chole Bhature,2022-09-17 07:21:41,Preparing,779.35
6711,5050,117,Pani Puri,2024-06-11 07:21:41,Preparing,979.48
6712,9887,286,Dosa,2023-04-10 07:21:41,Preparing,1472.64
6713,5227,417,Dal Makhani,2023-03-01 07:21:41,Cancelled,883.94
6714,1062,15,Samosa,2023-06-03 07:21:41,Preparing,700.45
6715,5693,210,Paneer Tikka,2023-02-21 07:21:41,Cancelled,1052.04
6716,4157,140,Pani Puri,2024-07-01 07:21:41,Cancelled,441.0
6717,7708,224,Biryani,2024-10-18 07:21:41,Delivered,1233.3
6718,7124,411,Samosa,2024-12-29 07:21:41,Cancelled,688.23
6719,2979,409,Paneer Tikka,2022-07-18 07:21:41,Preparing,1361.65
6720,135,228,Paneer Tikka,2023-11-18 07:21:41,Cancelled,1098.11
6721,4599,114,Samosa,2024-12-06 07:21:41,Cancelled,1018.52
6722,766,234,Dal Makhani,2024-01-28 07:21:41,Preparing,1080.96
6723,6338,47,Mutton Curry,2024-08-28 07:21:41,Cancelled,389.19
6724,3651,396,Chole Bhature,2024-08-10 07:21:41,Delivered,912.34
6725,9644,9,Butter Chicken,2022-06-24 07:21:41,Delivered,627.37
6726,7161,102,Chole Bhature,2023-11-28 07:21:41,Preparing,1105.53
6727,6912,220,Samosa,2022-05-09 07:21:41,Delivered,176.73
6728,5813,78,Paneer Tikka,2022-05-01 07:21:41,Preparing,964.3
6729,5861,410,Paneer Tikka,2022-09-16 07:21:41,Cancelled,530.09
6730,4776,188,Chole Bhature,2023-07-21 07:21:41,Preparing,186.24
6731,6348,94,Mutton Curry,2024-10-23 07:21:41,Delivered,1375.83
6732,727,346,Samosa,2024-03-31 07:21:41,Delivered,101.36
6733,3721,146,Pani Puri,2023-08-17 07:21:41,Preparing,926.75
6734,5778,252,Biryani,2022-09-19 07:21:41,Preparing,1172.36
6735,5880,421,Dosa,2024-05-22 07:21:41,Preparing,707.78
6736,3189,442,Butter Chicken,2024-03-24 07:21:41,Preparing,649.12
6737,3639,110,Biryani,2022-05-13 07:21:41,Cancelled,248.77
6738,8653,334,Pani Puri,2023-04-17 07:21:41,Delivered,360.77
6739,6786,499,Biryani,2022-12-06 07:21:41,Preparing,639.11
6740,8814,163,Mutton Curry,2022-09-02 07:21:41,Cancelled,304.34
6741,5688,477,Samosa,2024-03-15 07:21:41,Delivered,1206.55
6742,486,115,Dosa,2023-03-16 07:21:41,Preparing,885.83
6743,6943,194,Pani Puri,2023-09-13 07:21:41,Cancelled,189.38
6744,2342,22,Pani Puri,2024-05-08 07:21:41,Delivered,428.89
6745,5135,457,Mutton Curry,2022-05-31 07:21:41,Cancelled,868.39
6746,1,69,Chole Bhature,2024-06-01 07:21:41,Delivered,589.81
6747,4640,416,Paneer Tikka,2024-10-10 07:21:41,Delivered,380.37
6748,9245,468,Dosa,2023-10-27 07:21:41,Preparing,490.05
6749,1162,173,Pani Puri,2024-08-16 07:21:41,Cancelled,231.25
6750,1793,378,Samosa,2024-03-16 07:21:41,Preparing,1364.2
6751,446,465,Paneer Tikka,2023-11-06 07:21:41,Preparing,1484.07
6752,54,455,Chole Bhature,2024-05-07 07:21:41,Preparing,703.49
6753,759,253,Rogan Josh,2023-01-13 07:21:41,Delivered,661.72
6754,7279,347,Pani Puri,2022-08-01 07:21:41,Preparing,661.27
6755,8631,45,Dosa,2025-02-08 07:21:41,Delivered,934.28
6756,388,235,Biryani,2022-09-08 07:21:41,Delivered,735.51
6757,2154,56,Dal Makhani,2022-09-16 07:21:41,Cancelled,921.42
6758,1031,404,Mutton Curry,2022-05-21 07:21:41,Preparing,1072.41
6759,2905,61,Rogan Josh,2024-12-24 07:21:41,Preparing,170.9
6760,1799,222,Mutton Curry,2023-07-04 07:21:41,Preparing,952.18
6761,140,385,Dal Makhani,2023-04-19 07:21:41,Cancelled,733.69
6762,5430,210,Paneer Tikka,2023-01-21 07:21:41,Delivered,1378.94
6763,8086,415,Dosa,2025-01-26 07:21:41,Cancelled,632.11
6764,7446,340,Biryani,2024-12-01 07:21:41,Cancelled,1420.55
6765,3483,434,Mutton Curry,2022-05-04 07:21:41,Cancelled,1155.93
6766,9532,454,Mutton Curry,2022-05-14 07:21:41,Delivered,1107.49
6767,9233,399,Butter Chicken,2024-07-22 07:21:41,Preparing,233.59
6768,1986,192,Rogan Josh,2024-04-04 07:21:41,Cancelled,498.34
6769,7259,206,Samosa,2024-01-25 07:21:41,Cancelled,830.93
6770,1293,151,Mutton Curry,2022-04-05 07:21:41,Preparing,827.56
6771,1981,134,Mutton Curry,2024-06-23 07:21:41,Preparing,680.85
6772,1886,176,Chole Bhature,2025-02-02 07:21:41,Cancelled,1103.99
6773,8679,330,Paneer Tikka,2022-05-30 07:21:41,Delivered,1336.4
6774,4401,261,Dosa,2022-11-04 07:21:41,Cancelled,1137.44
6775,9668,206,Samosa,2024-01-02 07:21:41,Cancelled,1448.25
6776,7231,48,Dal Makhani,2023-09-11 07:21:41,Preparing,1213.86
6777,8735,388,Samosa,2022-12-09 07:21:41,Preparing,1181.02
6778,9954,176,Chole Bhature,2023-03-20 07:21:41,Delivered,817.74
6779,2268,386,Pani Puri,2024-01-03 07:21:41,Cancelled,389.57
6780,14,383,Dosa,2023-10-14 07:21:41,Preparing,1329.09
6781,7644,345,Chole Bhature,2022-07-09 07:21:41,Cancelled,715.83
6782,2378,243,Rogan Josh,2023-11-05 07:21:41,Cancelled,943.09
6783,1606,355,Butter Chicken,2023-03-02 07:21:41,Cancelled,129.92
6784,3433,440,Dal Makhani,2022-08-19 07:21:41,Cancelled,625.99
6785,8861,19,Samosa,2025-03-04 07:21:41,Preparing,1424.33
6786,8572,211,Rogan Josh,2023-01-03 07:21:41,Cancelled,520.0
6787,6075,458,Butter Chicken,2024-06-15 07:21:41,Cancelled,347.2
6788,1272,236,Paneer Tikka,2024-04-28 07:21:41,Preparing,202.66
6789,1533,6,Biryani,2022-11-05 07:21:41,Delivered,961.12
6790,1045,322,Paneer Tikka,2022-11-27 07:21:41,Cancelled,667.89
6791,8715,213,Dosa,2022-05-06 07:21:41,Cancelled,920.46
6792,6333,470,Mutton Curry,2022-10-22 07:21:41,Cancelled,1470.3
6793,6782,456,Chole Bhature,2023-12-09 07:21:41,Delivered,1160.04
6794,3905,11,Chole Bhature,2022-04-05 07:21:41,Cancelled,222.08
6795,5048,391,Biryani,2024-12-21 07:21:41,Preparing,896.91
6796,7038,113,Pani Puri,2022-07-16 07:21:41,Preparing,1226.01
6797,9911,381,Chole Bhature,2024-04-01 07:21:41,Delivered,625.31
6798,5391,204,Butter Chicken,2022-04-01 07:21:41,Delivered,439.34
6799,19,272,Dal Makhani,2024-07-21 07:21:41,Cancelled,242.87
6800,9410,379,Chole Bhature,2023-05-30 07:21:41,Cancelled,124.1
6801,3877,499,Butter Chicken,2022-05-13 07:21:41,Preparing,776.85
6802,7651,327,Dal Makhani,2023-10-15 07:21:41,Preparing,1230.5
6803,2124,60,Chole Bhature,2023-05-22 07:21:41,Cancelled,654.74
6804,4640,27,Butter Chicken,2023-05-08 07:21:41,Cancelled,729.23
6805,7735,221,Samosa,2022-06-23 07:21:41,Delivered,769.04
6806,6257,368,Chole Bhature,2025-01-27 07:21:41,Preparing,1021.14
6807,835,252,Mutton Curry,2023-03-19 07:21:41,Cancelled,1368.05
6808,1637,312,Chole Bhature,2024-03-18 07:21:41,Delivered,144.89
6809,7174,185,Butter Chicken,2022-06-30 07:21:41,Delivered,781.29
6810,782,471,Samosa,2024-02-06 07:21:41,Delivered,210.7
6811,5649,185,Rogan Josh,2024-02-18 07:21:41,Preparing,256.12
6812,3767,73,Samosa,2023-06-07 07:21:41,Cancelled,219.11
6813,2189,485,Samosa,2025-02-20 07:21:41,Cancelled,674.76
6814,5046,171,Biryani,2024-04-23 07:21:41,Delivered,1000.06
6815,8008,387,Samosa,2022-12-15 07:21:41,Cancelled,1306.45
6816,2508,497,Biryani,2022-03-22 07:21:41,Delivered,1278.62
6817,4683,484,Paneer Tikka,2022-10-31 07:21:41,Cancelled,1213.34
6818,9754,320,Dosa,2023-04-29 07:21:41,Preparing,245.56
6819,5148,253,Dal Makhani,2024-12-29 07:21:41,Delivered,423.62
6820,3865,41,Chole Bhature,2024-08-26 07:21:41,Cancelled,668.24
6821,3437,390,Chole Bhature,2024-12-09 07:21:41,Delivered,365.28
6822,1162,312,Dosa,2024-04-10 07:21:41,Cancelled,887.49
6823,8625,62,Butter Chicken,2023-10-25 07:21:41,Cancelled,762.29
6824,5338,13,Samosa,2022-12-28 07:21:41,Preparing,1043.0
6825,439,34,Dosa,2024-08-16 07:21:41,Preparing,660.68
6826,4118,1,Biryani,2023-07-13 07:21:41,Preparing,133.55
6827,6043,84,Rogan Josh,2023-11-17 07:21:41,Delivered,600.64
6828,1196,319,Rogan Josh,2023-05-22 07:21:41,Preparing,595.13
6829,9027,404,Dosa,2024-05-13 07:21:41,Delivered,606.53
6830,5386,60,Mutton Curry,2023-05-22 07:21:41,Cancelled,478.99
6831,8436,328,Rogan Josh,2024-04-14 07:21:41,Delivered,679.0
6832,5227,494,Butter Chicken,2025-01-31 07:21:41,Cancelled,465.33
6833,6590,58,Dosa,2023-11-30 07:21:41,Preparing,748.79
6834,4293,141,Dosa,2022-08-05 07:21:41,Delivered,462.26
6835,5200,360,Paneer Tikka,2024-11-25 07:21:41,Delivered,805.48
6836,3325,417,Samosa,2023-12-14 07:21:41,Preparing,420.83
6837,9253,232,Chole Bhature,2023-06-10 07:21:41,Delivered,803.47
6838,4425,482,Dosa,2025-02-25 07:21:41,Cancelled,719.17
6839,9935,37,Dosa,2022-12-18 07:21:41,Delivered,1488.23
6840,600,205,Paneer Tikka,2024-06-22 07:21:41,Preparing,1017.41
6841,7380,196,Butter Chicken,2024-09-05 07:21:41,Cancelled,1394.16
6842,3437,407,Pani Puri,2024-05-10 07:21:41,Preparing,1243.07
6843,5954,40,Mutton Curry,2023-02-16 07:21:41,Delivered,1016.85
6844,4575,407,Pani Puri,2023-07-22 07:21:41,Cancelled,392.8
6845,385,468,Dal Makhani,2024-08-07 07:21:41,Cancelled,1383.51
6846,4521,362,Mutton Curry,2025-02-16 07:21:41,Preparing,1354.84
6847,6436,409,Chole Bhature,2024-06-21 07:21:41,Cancelled,236.53
6848,9511,124,Samosa,2023-10-24 07:21:41,Cancelled,326.23
6849,9956,244,Dosa,2024-09-14 07:21:41,Preparing,640.44
6850,8860,334,Chole Bhature,2023-04-24 07:21:41,Preparing,1052.85
6851,7604,41,Mutton Curry,2024-01-01 07:21:41,Delivered,699.72
6852,3977,9,Dosa,2024-02-26 07:21:41,Cancelled,587.36
6853,4970,98,Pani Puri,2024-02-11 07:21:41,Preparing,535.11
6854,368,407,Samosa,2023-12-13 07:21:41,Preparing,939.23
6855,6642,397,Paneer Tikka,2023-07-13 07:21:41,Cancelled,1413.48
6856,9726,473,Dosa,2024-01-19 07:21:41,Preparing,952.43
6857,2231,317,Chole Bhature,2024-09-15 07:21:41,Cancelled,1490.72
6858,2559,408,Dosa,2023-12-21 07:21:41,Cancelled,1107.51
6859,363,257,Samosa,2022-05-24 07:21:41,Cancelled,734.27
6860,2319,252,Dosa,2022-09-13 07:21:41,Preparing,1177.29
6861,370,469,Samosa,2025-01-24 07:21:41,Preparing,667.21
6862,5350,465,Mutton Curry,2022-04-28 07:21:41,Cancelled,878.84
6863,1238,109,Rogan Josh,2023-07-28 07:21:41,Delivered,997.06
6864,8272,93,Mutton Curry,2024-07-29 07:21:41,Delivered,1229.09
6865,5018,254,Dosa,2023-02-20 07:21:41,Preparing,1296.07
6866,9359,478,Dal Makhani,2025-01-16 07:21:41,Preparing,1374.39
6867,9149,97,Butter Chicken,2022-08-24 07:21:41,Delivered,399.23
6868,8394,215,Butter Chicken,2023-11-23 07:21:41,Delivered,381.42
6869,9827,108,Mutton Curry,2024-07-23 07:21:41,Cancelled,1034.52
6870,2024,170,Dosa,2022-10-13 07:21:41,Delivered,665.0
6871,5512,253,Mutton Curry,2023-07-07 07:21:41,Delivered,1216.66
6872,1814,283,Dal Makhani,2024-06-10 07:21:41,Delivered,435.55
6873,9931,82,Dosa,2023-05-21 07:21:41,Delivered,1316.5
6874,5854,164,Biryani,2024-09-25 07:21:41,Delivered,145.83
6875,3750,416,Mutton Curry,2023-10-21 07:21:41,Cancelled,482.31
6876,6291,436,Dosa,2024-04-03 07:21:41,Cancelled,1122.46
6877,4430,47,Butter Chicken,2024-09-30 07:21:41,Cancelled,207.89
6878,8870,465,Butter Chicken,2024-05-20 07:21:41,Cancelled,1441.7
6879,7168,34,Dal Makhani,2024-04-03 07:21:41,Preparing,512.49
6880,818,423,Samosa,2024-12-18 07:21:41,Cancelled,287.32
6881,9619,427,Chole Bhature,2024-12-26 07:21:41,Cancelled,401.96
6882,3369,304,Pani Puri,2024-09-26 07:21:41,Cancelled,897.74
6883,6346,492,Rogan Josh,2024-06-03 07:21:41,Cancelled,272.04
6884,2146,431,Rogan Josh,2022-08-29 07:21:41,Preparing,156.79
6885,6046,103,Dal Makhani,2023-03-31 07:21:41,Preparing,205.42
6886,1082,99,Paneer Tikka,2024-05-23 07:21:41,Delivered,458.22
6887,592,261,Dal Makhani,2023-05-17 07:21:41,Preparing,1485.28
6888,2395,408,Dal Makhani,2023-09-25 07:21:41,Cancelled,1394.87
6889,6489,327,Samosa,2023-10-14 07:21:41,Delivered,1294.83
6890,3459,280,Biryani,2023-06-06 07:21:41,Delivered,1107.27
6891,2119,209,Biryani,2024-08-24 07:21:41,Delivered,655.44
6892,6929,312,Dosa,2024-01-16 07:21:41,Preparing,1266.11
6893,5715,305,Dosa,2025-01-12 07:21:41,Delivered,931.1
6894,4680,355,Dal Makhani,2022-10-07 07:21:41,Delivered,1247.48
6895,232,150,Paneer Tikka,2023-07-01 07:21:41,Delivered,824.82
6896,6030,186,Mutton Curry,2024-10-18 07:21:41,Preparing,840.6
6897,5903,43,Biryani,2023-04-09 07:21:41,Preparing,669.46
6898,4070,34,Dosa,2023-08-06 07:21:41,Cancelled,686.62
6899,4306,111,Samosa,2022-04-15 07:21:41,Delivered,1062.83
6900,2450,290,Dosa,2022-04-19 07:21:41,Cancelled,1212.34
6901,4568,349,Biryani,2022-04-06 07:21:41,Cancelled,936.28
6902,8653,415,Dal Makhani,2023-04-27 07:21:41,Preparing,452.54
6903,4652,363,Mutton Curry,2023-11-02 07:21:41,Preparing,822.49
6904,5649,364,Biryani,2023-02-15 07:21:41,Cancelled,322.21
6905,5868,481,Samosa,2022-03-27 07:21:41,Delivered,1007.32
6906,3897,351,Butter Chicken,2023-05-09 07:21:41,Delivered,382.27
6907,800,308,Samosa,2023-10-03 07:21:41,Cancelled,1272.58
6908,5746,153,Biryani,2023-10-27 07:21:41,Cancelled,491.3
6909,8727,354,Samosa,2023-07-30 07:21:41,Delivered,1478.21
6910,2177,264,Samosa,2023-10-30 07:21:41,Preparing,301.64
6911,167,229,Samosa,2024-06-27 07:21:41,Cancelled,821.41
6912,3005,31,Samosa,2023-01-27 07:21:41,Delivered,527.18
6913,699,18,Rogan Josh,2024-02-21 07:21:41,Preparing,516.27
6914,2105,265,Rogan Josh,2022-07-05 07:21:41,Delivered,1045.9
6915,3185,229,Butter Chicken,2022-06-11 07:21:41,Preparing,874.14
6916,3673,488,Paneer Tikka,2022-12-28 07:21:41,Cancelled,638.12
6917,2805,330,Samosa,2022-10-03 07:21:41,Delivered,105.53
6918,8406,284,Dal Makhani,2022-05-09 07:21:41,Delivered,998.87
6919,2725,407,Pani Puri,2025-01-25 07:21:41,Cancelled,1472.84
6920,912,473,Mutton Curry,2022-05-09 07:21:41,Cancelled,860.9
6921,2140,436,Samosa,2022-09-24 07:21:41,Delivered,591.91
6922,3546,224,Dosa,2024-09-05 07:21:41,Cancelled,1428.63
6923,2867,377,Paneer Tikka,2024-11-02 07:21:41,Cancelled,1071.39
6924,4605,445,Rogan Josh,2024-10-09 07:21:41,Delivered,179.65
6925,2758,135,Butter Chicken,2023-12-31 07:21:41,Preparing,369.91
6926,4036,426,Rogan Josh,2023-09-29 07:21:41,Delivered,1260.19
6927,3677,135,Dosa,2025-02-20 07:21:41,Preparing,363.54
6928,4383,295,Samosa,2024-09-18 07:21:41,Cancelled,445.81
6929,3639,313,Rogan Josh,2024-09-19 07:21:41,Preparing,1373.09
6930,904,31,Paneer Tikka,2022-08-19 07:21:41,Preparing,302.27
6931,8181,283,Chole Bhature,2024-02-16 07:21:41,Delivered,484.06
6932,3098,163,Dal Makhani,2024-09-10 07:21:41,Preparing,1363.7
6933,9981,347,Paneer Tikka,2022-08-05 07:21:41,Preparing,1334.6
6934,4624,256,Chole Bhature,2023-02-20 07:21:41,Delivered,902.57
6935,2591,429,Rogan Josh,2025-02-16 07:21:41,Cancelled,1068.91
6936,879,106,Butter Chicken,2024-03-26 07:21:41,Preparing,1220.18
6937,2136,448,Paneer Tikka,2023-03-07 07:21:41,Delivered,997.8
6938,8889,40,Pani Puri,2025-01-16 07:21:41,Cancelled,611.12
6939,989,97,Dosa,2023-11-30 07:21:41,Preparing,1079.72
6940,575,475,Dal Makhani,2024-05-28 07:21:41,Delivered,1387.37
6941,9077,241,Pani Puri,2023-07-02 07:21:41,Preparing,1133.92
6942,4036,200,Paneer Tikka,2023-05-07 07:21:41,Preparing,768.45
6943,8544,8,Paneer Tikka,2023-03-03 07:21:41,Cancelled,1058.91
6944,5742,41,Dal Makhani,2023-12-29 07:21:41,Preparing,631.19
6945,3840,428,Rogan Josh,2022-12-19 07:21:41,Delivered,1041.94
6946,2221,173,Mutton Curry,2023-04-07 07:21:41,Preparing,437.78
6947,7243,20,Chole Bhature,2023-03-12 07:21:41,Delivered,266.09
6948,9748,376,Mutton Curry,2024-07-31 07:21:41,Preparing,1056.84
6949,2918,19,Dal Makhani,2023-10-21 07:21:41,Preparing,1224.59
6950,5008,37,Dosa,2024-01-04 07:21:41,Preparing,938.45
6951,1908,92,Pani Puri,2022-07-08 07:21:41,Preparing,895.61
6952,9643,34,Dal Makhani,2024-12-19 07:21:41,Delivered,1229.82
6953,7061,100,Paneer Tikka,2024-09-02 07:21:41,Cancelled,1132.57
6954,8374,64,Mutton Curry,2022-03-19 07:21:41,Delivered,547.72
6955,5249,29,Pani Puri,2023-11-30 07:21:41,Cancelled,292.29
6956,2524,500,Samosa,2024-03-23 07:21:41,Delivered,1306.29
6957,6913,332,Mutton Curry,2023-03-16 07:21:41,Delivered,484.15
6958,5384,65,Dal Makhani,2023-03-19 07:21:41,Preparing,257.69
6959,7586,324,Rogan Josh,2023-04-02 07:21:41,Cancelled,1112.76
6960,9465,463,Chole Bhature,2023-07-31 07:21:41,Preparing,1133.35
6961,6781,243,Pani Puri,2022-11-14 07:21:41,Cancelled,397.1
6962,4471,406,Paneer Tikka,2024-11-08 07:21:41,Preparing,717.76
6963,3109,394,Pani Puri,2023-10-31 07:21:41,Cancelled,723.62
6964,501,389,Pani Puri,2023-12-16 07:21:41,Cancelled,575.56
6965,9763,365,Butter Chicken,2022-08-03 07:21:41,Cancelled,962.32
6966,9745,200,Paneer Tikka,2025-01-18 07:21:41,Delivered,448.22
6967,8310,255,Butter Chicken,2024-09-25 07:21:41,Delivered,674.12
6968,3302,97,Mutton Curry,2024-05-29 07:21:41,Preparing,782.98
6969,928,314,Butter Chicken,2022-08-20 07:21:41,Preparing,766.84
6970,519,307,Mutton Curry,2025-01-14 07:21:41,Delivered,1393.83
6971,6378,271,Chole Bhature,2022-04-28 07:21:41,Cancelled,977.75
6972,3439,243,Chole Bhature,2022-10-22 07:21:41,Delivered,984.89
6973,2949,157,Biryani,2023-08-30 07:21:41,Cancelled,1139.56
6974,2328,241,Butter Chicken,2023-07-08 07:21:41,Preparing,831.28
6975,8303,38,Dosa,2022-03-27 07:21:41,Delivered,181.16
6976,9592,64,Butter Chicken,2023-12-12 07:21:41,Cancelled,180.23
6977,280,8,Butter Chicken,2024-11-06 07:21:41,Preparing,1186.7
6978,5187,56,Chole Bhature,2023-06-06 07:21:41,Preparing,686.91
6979,3507,291,Samosa,2022-07-10 07:21:41,Preparing,564.74
6980,4290,60,Pani Puri,2025-02-27 07:21:41,Preparing,407.86
6981,6043,278,Pani Puri,2023-11-09 07:21:41,Delivered,752.75
6982,6768,95,Mutton Curry,2024-04-02 07:21:41,Preparing,1025.14
6983,236,346,Dal Makhani,2024-11-25 07:21:41,Cancelled,877.58
6984,154,259,Mutton Curry,2023-07-11 07:21:41,Preparing,1481.31
6985,8938,313,Chole Bhature,2024-06-29 07:21:41,Preparing,204.1
6986,3376,251,Pani Puri,2023-08-17 07:21:41,Delivered,977.83
6987,4701,311,Biryani,2023-06-25 07:21:41,Preparing,124.8
6988,6808,396,Dal Makhani,2023-06-15 07:21:41,Delivered,750.11
6989,8340,240,Rogan Josh,2022-10-29 07:21:41,Cancelled,1040.02
6990,585,146,Dosa,2024-06-16 07:21:41,Preparing,149.6
6991,8032,60,Biryani,2023-09-20 07:21:41,Delivered,1490.07
6992,9831,278,Butter Chicken,2025-01-07 07:21:41,Preparing,1299.1
6993,6131,20,Samosa,2024-06-12 07:21:41,Cancelled,298.85
6994,8988,174,Butter Chicken,2022-09-28 07:21:41,Delivered,635.87
6995,9150,312,Dal Makhani,2025-02-22 07:21:41,Delivered,1113.68
6996,2552,73,Paneer Tikka,2023-10-03 07:21:41,Cancelled,553.44
6997,4966,492,Pani Puri,2022-09-01 07:21:41,Preparing,705.09
6998,3053,401,Pani Puri,2022-10-08 07:21:41,Cancelled,528.55
6999,8497,157,Samosa,2022-08-28 07:21:41,Preparing,942.81
7000,5081,476,Biryani,2024-12-20 07:21:41,Preparing,824.23
7001,5353,124,Paneer Tikka,2024-11-24 07:21:41,Preparing,787.37
7002,893,99,Samosa,2024-02-04 07:21:41,Preparing,1103.05
7003,3424,194,Samosa,2024-12-25 07:21:41,Preparing,886.54
7004,3358,300,Biryani,2023-11-04 07:21:41,Preparing,1293.86
7005,8358,17,Dal Makhani,2023-10-25 07:21:41,Delivered,1359.22
7006,5124,333,Dal Makhani,2023-12-28 07:21:41,Preparing,1072.71
7007,7918,89,Biryani,2024-09-04 07:21:41,Cancelled,449.49
7008,5526,80,Rogan Josh,2024-07-25 07:21:41,Preparing,545.58
7009,608,386,Mutton Curry,2024-02-21 07:21:41,Cancelled,1049.45
7010,3460,160,Dosa,2023-03-09 07:21:41,Delivered,1481.58
7011,1203,162,Biryani,2024-05-28 07:21:41,Preparing,884.96
7012,6515,22,Rogan Josh,2023-06-21 07:21:41,Cancelled,929.58
7013,2419,87,Paneer Tikka,2023-09-10 07:21:41,Delivered,441.02
7014,758,90,Paneer Tikka,2023-11-07 07:21:41,Preparing,758.57
7015,2071,258,Chole Bhature,2022-08-04 07:21:41,Cancelled,1038.99
7016,4984,81,Dal Makhani,2022-08-26 07:21:41,Cancelled,1463.5
7017,9460,90,Dosa,2023-09-29 07:21:41,Delivered,1088.19
7018,5014,184,Samosa,2024-07-01 07:21:41,Preparing,1426.47
7019,5203,264,Samosa,2024-10-30 07:21:41,Preparing,1249.45
7020,6288,314,Mutton Curry,2022-08-06 07:21:41,Preparing,1170.77
7021,7275,402,Dosa,2022-07-17 07:21:41,Cancelled,313.18
7022,2730,172,Pani Puri,2024-09-03 07:21:41,Cancelled,1429.0
7023,1741,345,Rogan Josh,2023-05-10 07:21:41,Cancelled,573.07
7024,7087,153,Dal Makhani,2023-06-06 07:21:41,Cancelled,512.52
7025,2624,50,Pani Puri,2024-11-19 07:21:41,Preparing,515.63
7026,3452,130,Dosa,2023-02-02 07:21:41,Preparing,947.08
7027,7469,279,Samosa,2022-10-07 07:21:41,Preparing,1485.85
7028,8544,78,Pani Puri,2023-11-30 07:21:41,Cancelled,498.16
7029,4131,128,Rogan Josh,2024-01-23 07:21:41,Cancelled,270.04
7030,1789,461,Mutton Curry,2022-07-11 07:21:41,Delivered,470.19
7031,617,50,Mutton Curry,2022-07-23 07:21:41,Delivered,1106.25
7032,1389,249,Paneer Tikka,2022-09-03 07:21:41,Delivered,1052.95
7033,8489,428,Paneer Tikka,2022-05-12 07:21:41,Delivered,1304.33
7034,496,161,Rogan Josh,2022-10-22 07:21:41,Cancelled,869.11
7035,2519,270,Biryani,2022-07-17 07:21:41,Preparing,1212.43
7036,8094,250,Paneer Tikka,2022-08-16 07:21:41,Cancelled,625.07
7037,4954,81,Dal Makhani,2022-05-02 07:21:41,Cancelled,1128.16
7038,5936,407,Chole Bhature,2024-12-18 07:21:41,Cancelled,805.22
7039,8079,444,Dosa,2023-12-29 07:21:41,Preparing,1447.41
7040,6383,6,Mutton Curry,2023-07-16 07:21:41,Cancelled,1250.84
7041,7302,262,Chole Bhature,2024-09-15 07:21:41,Preparing,1141.67
7042,699,147,Dal Makhani,2023-11-17 07:21:41,Cancelled,618.17
7043,4682,64,Paneer Tikka,2024-11-01 07:21:41,Delivered,1321.04
7044,5579,415,Biryani,2024-11-06 07:21:41,Delivered,967.18
7045,9695,472,Rogan Josh,2023-04-10 07:21:41,Delivered,971.47
7046,7411,172,Mutton Curry,2024-12-14 07:21:41,Cancelled,1217.54
7047,7489,449,Mutton Curry,2023-09-12 07:21:41,Cancelled,568.99
7048,1715,154,Paneer Tikka,2024-11-14 07:21:41,Preparing,103.79
7049,4000,347,Biryani,2022-11-06 07:21:41,Cancelled,403.35
7050,6487,156,Chole Bhature,2023-08-19 07:21:41,Delivered,428.48
7051,7974,42,Paneer Tikka,2023-01-27 07:21:41,Delivered,1293.59
7052,5594,156,Samosa,2023-01-19 07:21:41,Preparing,419.57
7053,1606,236,Paneer Tikka,2023-08-22 07:21:41,Delivered,163.79
7054,8474,335,Mutton Curry,2024-11-29 07:21:41,Preparing,812.3
7055,3245,227,Dosa,2024-08-30 07:21:41,Cancelled,714.36
7056,2342,93,Butter Chicken,2023-01-08 07:21:41,Cancelled,1316.16
7057,6941,373,Dal Makhani,2023-05-20 07:21:41,Preparing,1049.28
7058,4838,192,Dal Makhani,2025-01-05 07:21:41,Preparing,1489.09
7059,2120,416,Dosa,2022-09-16 07:21:41,Cancelled,1238.33
7060,1623,181,Paneer Tikka,2022-05-18 07:21:41,Cancelled,1458.52
7061,7225,380,Dosa,2025-01-30 07:21:41,Cancelled,1494.92
7062,3054,9,Mutton Curry,2023-08-25 07:21:41,Preparing,533.77
7063,1581,424,Pani Puri,2022-03-25 07:21:41,Delivered,723.37
7064,9929,479,Dal Makhani,2022-06-29 07:21:41,Delivered,261.25
7065,7216,136,Mutton Curry,2023-12-15 07:21:41,Delivered,804.04
7066,7832,484,Biryani,2024-05-16 07:21:41,Cancelled,978.18
7067,6240,72,Samosa,2023-08-23 07:21:41,Preparing,933.46
7068,3511,257,Paneer Tikka,2023-12-31 07:21:41,Preparing,204.6
7069,4610,93,Samosa,2024-06-16 07:21:41,Delivered,718.01
7070,4802,127,Paneer Tikka,2024-03-26 07:21:41,Preparing,557.55
7071,2457,53,Paneer Tikka,2024-09-06 07:21:41,Cancelled,1051.85
7072,1274,104,Samosa,2023-03-30 07:21:41,Cancelled,754.9
7073,8688,36,Dal Makhani,2024-11-04 07:21:41,Delivered,360.21
7074,52,63,Dosa,2023-12-17 07:21:41,Cancelled,1089.77
7075,8661,74,Pani Puri,2022-08-12 07:21:41,Delivered,1333.04
7076,1775,236,Pani Puri,2022-12-23 07:21:41,Preparing,169.92
7077,1891,393,Pani Puri,2022-08-20 07:21:41,Preparing,1301.04
7078,9461,306,Chole Bhature,2025-01-05 07:21:41,Cancelled,965.02
7079,3429,300,Butter Chicken,2022-12-14 07:21:41,Delivered,526.42
7080,5970,352,Dal Makhani,2022-06-27 07:21:41,Delivered,582.58
7081,4108,389,Dal Makhani,2023-12-09 07:21:41,Preparing,1299.45
7082,7661,20,Biryani,2022-03-09 07:21:41,Delivered,607.47
7083,5799,309,Pani Puri,2022-03-28 07:21:41,Delivered,210.92
7084,6253,212,Dal Makhani,2022-09-28 07:21:41,Preparing,1268.35
7085,4080,246,Rogan Josh,2023-08-14 07:21:41,Cancelled,657.08
7086,437,344,Dal Makhani,2024-11-01 07:21:41,Cancelled,626.18
7087,4703,40,Biryani,2023-07-22 07:21:41,Cancelled,1416.74
7088,1531,289,Chole Bhature,2024-03-04 07:21:41,Preparing,983.13
7089,500,63,Chole Bhature,2022-12-09 07:21:41,Preparing,405.86
7090,1149,413,Samosa,2024-12-14 07:21:41,Delivered,502.14
7091,6274,237,Paneer Tikka,2025-02-08 07:21:41,Preparing,1322.51
7092,992,485,Pani Puri,2023-08-11 07:21:41,Delivered,1484.64
7093,5609,250,Mutton Curry,2023-02-04 07:21:41,Preparing,1102.78
7094,3376,224,Butter Chicken,2022-10-26 07:21:41,Cancelled,526.38
7095,230,89,Mutton Curry,2023-02-12 07:21:41,Delivered,271.46
7096,9809,482,Pani Puri,2024-02-18 07:21:41,Delivered,684.2
7097,6968,492,Dal Makhani,2023-06-24 07:21:41,Cancelled,346.43
7098,2439,226,Mutton Curry,2023-09-08 07:21:41,Cancelled,506.74
7099,7594,334,Biryani,2023-06-12 07:21:41,Delivered,370.42
7100,5124,36,Biryani,2023-08-27 07:21:41,Delivered,1168.22
7101,2420,263,Mutton Curry,2023-11-10 07:21:41,Preparing,1320.14
7102,8255,89,Butter Chicken,2024-06-24 07:21:41,Cancelled,757.85
7103,1293,221,Biryani,2024-09-08 07:21:41,Preparing,331.35
7104,926,420,Mutton Curry,2023-03-04 07:21:41,Preparing,1189.24
7105,4413,399,Dosa,2022-08-10 07:21:41,Cancelled,1164.89
7106,1410,208,Biryani,2022-10-13 07:21:41,Cancelled,592.87
7107,9804,332,Samosa,2023-11-02 07:21:41,Preparing,647.08
7108,9627,119,Samosa,2023-12-17 07:21:41,Delivered,1341.02
7109,7698,466,Rogan Josh,2024-05-29 07:21:41,Delivered,1045.81
7110,6378,46,Samosa,2024-02-22 07:21:41,Delivered,1290.08
7111,1528,457,Rogan Josh,2023-12-01 07:21:41,Preparing,1411.39
7112,4330,33,Butter Chicken,2022-06-17 07:21:41,Delivered,389.0
7113,2773,36,Rogan Josh,2023-07-11 07:21:41,Preparing,138.65
7114,4054,281,Mutton Curry,2022-12-05 07:21:41,Cancelled,1411.68
7115,5277,446,Biryani,2024-04-19 07:21:41,Preparing,544.62
7116,8471,70,Paneer Tikka,2024-01-01 07:21:41,Delivered,219.35
7117,2795,232,Dal Makhani,2022-07-22 07:21:41,Preparing,1494.49
7118,1213,183,Rogan Josh,2023-03-05 07:21:41,Cancelled,424.86
7119,979,487,Rogan Josh,2023-12-19 07:21:41,Cancelled,445.52
7120,6825,155,Butter Chicken,2024-11-15 07:21:41,Delivered,499.14
7121,6916,133,Paneer Tikka,2024-12-29 07:21:41,Preparing,536.12
7122,461,86,Mutton Curry,2023-06-28 07:21:41,Delivered,782.0
7123,1004,130,Samosa,2023-01-30 07:21:41,Delivered,178.1
7124,8063,270,Chole Bhature,2023-09-09 07:21:41,Delivered,328.55
7125,301,255,Chole Bhature,2024-11-12 07:21:41,Preparing,1231.89
7126,6786,253,Biryani,2024-05-28 07:21:41,Preparing,1223.22
7127,8376,367,Butter Chicken,2023-03-24 07:21:41,Delivered,1496.83
7128,6059,454,Pani Puri,2022-06-30 07:21:41,Cancelled,585.74
7129,7879,25,Biryani,2023-10-20 07:21:41,Delivered,635.25
7130,5549,154,Samosa,2022-05-16 07:21:41,Delivered,1302.01
7131,6110,69,Biryani,2024-12-14 07:21:41,Cancelled,1122.57
7132,8885,64,Paneer Tikka,2024-10-13 07:21:41,Cancelled,1103.62
7133,1762,357,Dal Makhani,2023-09-24 07:21:41,Preparing,928.38
7134,9576,342,Butter Chicken,2023-04-16 07:21:41,Cancelled,1051.42
7135,6843,6,Samosa,2022-12-07 07:21:41,Preparing,271.74
7136,7378,26,Butter Chicken,2023-06-11 07:21:41,Preparing,1139.42
7137,3000,43,Dosa,2023-06-04 07:21:41,Delivered,1056.86
7138,1954,131,Dosa,2022-05-25 07:21:41,Preparing,329.81
7139,3202,456,Butter Chicken,2023-03-31 07:21:41,Cancelled,613.57
7140,7918,199,Pani Puri,2023-01-08 07:21:41,Cancelled,569.82
7141,2520,103,Paneer Tikka,2022-03-16 07:21:41,Preparing,611.84
7142,8150,489,Chole Bhature,2024-08-26 07:21:41,Preparing,627.15
7143,7780,436,Rogan Josh,2022-08-31 07:21:41,Preparing,1346.5
7144,8527,369,Biryani,2024-08-02 07:21:41,Delivered,551.47
7145,2595,225,Paneer Tikka,2024-08-23 07:21:41,Cancelled,404.19
7146,2381,347,Dosa,2022-10-25 07:21:41,Delivered,677.36
7147,1858,192,Chole Bhature,2022-07-30 07:21:41,Preparing,506.73
7148,8318,147,Biryani,2022-03-10 07:21:41,Delivered,785.83
7149,1871,263,Paneer Tikka,2022-05-22 07:21:41,Preparing,393.77
7150,3379,232,Butter Chicken,2023-12-26 07:21:41,Cancelled,858.51
7151,7847,358,Pani Puri,2022-09-23 07:21:41,Preparing,321.42
7152,2733,498,Samosa,2024-03-13 07:21:41,Cancelled,784.78
7153,5903,165,Mutton Curry,2024-06-11 07:21:41,Delivered,281.62
7154,9774,334,Mutton Curry,2022-05-31 07:21:41,Cancelled,767.87
7155,5133,421,Dosa,2022-09-01 07:21:41,Preparing,1475.94
7156,5501,168,Rogan Josh,2023-05-29 07:21:41,Cancelled,260.54
7157,7319,242,Pani Puri,2023-05-04 07:21:41,Delivered,1498.07
7158,7058,77,Butter Chicken,2022-10-16 07:21:41,Preparing,1234.25
7159,1788,87,Pani Puri,2025-02-25 07:21:41,Preparing,516.07
7160,2426,79,Samosa,2023-09-11 07:21:41,Preparing,576.76
7161,2930,431,Biryani,2024-02-21 07:21:41,Cancelled,1302.17
7162,2357,119,Rogan Josh,2024-09-04 07:21:41,Cancelled,518.55
7163,8069,215,Paneer Tikka,2024-04-23 07:21:41,Cancelled,1164.03
7164,621,387,Chole Bhature,2023-12-19 07:21:41,Cancelled,1074.65
7165,1769,419,Paneer Tikka,2023-02-21 07:21:41,Cancelled,1191.48
7166,2586,263,Paneer Tikka,2022-03-11 07:21:41,Preparing,334.16
7167,6189,186,Dosa,2022-11-27 07:21:41,Cancelled,819.36
7168,3339,413,Dal Makhani,2023-08-29 07:21:41,Preparing,1470.15
7169,7831,431,Chole Bhature,2024-12-18 07:21:41,Delivered,786.8
7170,7545,426,Mutton Curry,2022-11-20 07:21:41,Cancelled,454.39
7171,8944,423,Dosa,2024-07-25 07:21:41,Delivered,1217.4
7172,6025,496,Dosa,2022-05-27 07:21:41,Delivered,101.19
7173,9014,210,Dal Makhani,2022-11-03 07:21:41,Cancelled,985.02
7174,359,426,Mutton Curry,2023-10-10 07:21:41,Cancelled,1366.68
7175,4456,346,Samosa,2023-06-13 07:21:41,Preparing,1083.09
7176,6008,251,Mutton Curry,2023-02-05 07:21:41,Preparing,1015.05
7177,4767,216,Dosa,2022-05-27 07:21:41,Delivered,175.14
7178,4408,425,Pani Puri,2023-08-10 07:21:41,Cancelled,768.81
7179,5647,500,Butter Chicken,2022-08-06 07:21:41,Delivered,1001.82
7180,4226,259,Dosa,2024-10-03 07:21:41,Preparing,1452.77
7181,278,375,Butter Chicken,2024-03-21 07:21:41,Delivered,365.98
7182,1276,334,Chole Bhature,2023-03-21 07:21:41,Delivered,995.98
7183,6943,217,Butter Chicken,2024-04-16 07:21:41,Preparing,684.01
7184,1619,112,Biryani,2023-07-30 07:21:41,Preparing,1488.32
7185,2720,160,Biryani,2022-10-25 07:21:41,Cancelled,993.42
7186,8556,171,Biryani,2024-03-06 07:21:41,Delivered,977.11
7187,8235,326,Samosa,2022-03-26 07:21:41,Cancelled,1167.12
7188,336,78,Samosa,2022-06-05 07:21:41,Cancelled,1180.06
7189,3945,91,Samosa,2023-07-25 07:21:41,Cancelled,431.33
7190,3207,227,Dosa,2024-09-15 07:21:41,Delivered,840.52
7191,2706,212,Rogan Josh,2024-10-18 07:21:41,Preparing,1165.47
7192,1156,377,Dal Makhani,2023-04-25 07:21:41,Cancelled,1133.73
7193,8954,140,Samosa,2023-01-02 07:21:41,Cancelled,927.29
7194,4251,81,Pani Puri,2023-10-13 07:21:41,Cancelled,853.41
7195,3859,201,Chole Bhature,2024-03-10 07:21:41,Cancelled,986.6
7196,4734,402,Dal Makhani,2025-02-20 07:21:41,Preparing,1262.0
7197,611,383,Dosa,2023-04-28 07:21:41,Delivered,111.89
7198,9832,116,Mutton Curry,2022-03-19 07:21:41,Delivered,1100.24
7199,9322,400,Rogan Josh,2024-03-17 07:21:41,Delivered,826.94
7200,7280,497,Samosa,2024-08-16 07:21:41,Cancelled,598.35
7201,2848,347,Chole Bhature,2022-04-29 07:21:41,Cancelled,204.4
7202,5428,183,Rogan Josh,2022-03-27 07:21:41,Preparing,1278.15
7203,2354,365,Mutton Curry,2024-10-26 07:21:41,Delivered,1054.02
7204,2438,57,Biryani,2023-04-09 07:21:41,Preparing,795.43
7205,389,46,Biryani,2024-05-15 07:21:41,Delivered,506.92
7206,5097,385,Pani Puri,2024-12-15 07:21:41,Cancelled,658.84
7207,4325,4,Pani Puri,2022-12-18 07:21:41,Preparing,256.67
7208,287,481,Mutton Curry,2024-02-02 07:21:41,Cancelled,876.2
7209,759,45,Pani Puri,2022-10-16 07:21:41,Delivered,241.93
7210,8318,223,Samosa,2022-05-26 07:21:41,Delivered,512.11
7211,9532,313,Rogan Josh,2022-11-03 07:21:41,Delivered,1079.22
7212,6499,290,Paneer Tikka,2024-11-26 07:21:41,Preparing,152.14
7213,6995,116,Samosa,2022-07-04 07:21:41,Delivered,1399.18
7214,403,447,Samosa,2023-11-22 07:21:41,Preparing,132.42
7215,8315,214,Paneer Tikka,2022-12-22 07:21:41,Cancelled,988.24
7216,931,412,Paneer Tikka,2022-03-21 07:21:41,Cancelled,1171.03
7217,6033,44,Samosa,2024-11-21 07:21:41,Cancelled,1483.94
7218,2861,189,Biryani,2024-10-07 07:21:41,Preparing,241.32
7219,8608,23,Biryani,2023-12-04 07:21:41,Preparing,823.94
7220,9974,35,Pani Puri,2023-03-14 07:21:41,Preparing,298.13
7221,3736,223,Mutton Curry,2022-09-12 07:21:41,Preparing,267.44
7222,7114,235,Pani Puri,2024-04-01 07:21:41,Preparing,604.66
7223,3040,237,Mutton Curry,2023-11-20 07:21:41,Cancelled,505.48
7224,6371,352,Dal Makhani,2022-12-13 07:21:41,Cancelled,1403.22
7225,6247,321,Butter Chicken,2022-07-23 07:21:41,Preparing,213.08
7226,9785,311,Mutton Curry,2025-02-15 07:21:41,Delivered,368.2
7227,857,229,Rogan Josh,2022-09-19 07:21:41,Delivered,284.41
7228,2564,35,Dosa,2022-11-25 07:21:41,Cancelled,361.73
7229,4639,202,Rogan Josh,2022-05-20 07:21:41,Cancelled,953.49
7230,8088,47,Chole Bhature,2022-10-29 07:21:41,Delivered,312.15
7231,8974,103,Butter Chicken,2023-06-11 07:21:41,Delivered,712.01
7232,3511,20,Dal Makhani,2023-03-03 07:21:41,Delivered,602.7
7233,207,54,Dal Makhani,2022-08-20 07:21:41,Cancelled,965.59
7234,5586,461,Pani Puri,2023-03-08 07:21:41,Preparing,620.73
7235,6219,282,Butter Chicken,2022-10-26 07:21:41,Cancelled,265.7
7236,8157,147,Biryani,2022-07-12 07:21:41,Delivered,127.8
7237,8650,214,Chole Bhature,2023-11-20 07:21:41,Delivered,1010.01
7238,2833,301,Chole Bhature,2023-02-06 07:21:41,Preparing,1292.82
7239,8170,106,Samosa,2023-06-22 07:21:41,Cancelled,325.69
7240,4259,189,Biryani,2022-07-16 07:21:41,Cancelled,719.67
7241,9022,493,Biryani,2023-07-01 07:21:41,Delivered,686.77
7242,1563,118,Dal Makhani,2023-04-23 07:21:41,Preparing,405.29
7243,7050,130,Paneer Tikka,2022-08-04 07:21:41,Preparing,1241.38
7244,7492,363,Biryani,2024-10-12 07:21:41,Delivered,1332.38
7245,9044,277,Paneer Tikka,2023-11-08 07:21:41,Delivered,1177.8
7246,4591,189,Mutton Curry,2024-06-11 07:21:41,Preparing,1094.15
7247,8496,384,Chole Bhature,2024-08-04 07:21:41,Delivered,755.55
7248,5930,135,Samosa,2024-02-15 07:21:41,Delivered,1338.06
7249,3259,457,Dal Makhani,2024-04-07 07:21:41,Delivered,1333.7
7250,9148,317,Rogan Josh,2022-03-21 07:21:41,Delivered,1183.44
7251,1745,58,Paneer Tikka,2024-09-20 07:21:41,Cancelled,790.83
7252,2193,210,Rogan Josh,2024-07-07 07:21:41,Cancelled,648.03
7253,5465,101,Dosa,2022-10-03 07:21:41,Delivered,623.71
7254,8253,254,Biryani,2024-12-09 07:21:41,Delivered,744.34
7255,1002,426,Samosa,2024-06-05 07:21:41,Delivered,892.32
7256,3044,451,Biryani,2024-03-17 07:21:41,Delivered,1458.52
7257,1852,279,Rogan Josh,2023-10-25 07:21:41,Preparing,477.54
7258,4493,390,Rogan Josh,2022-08-01 07:21:41,Cancelled,917.52
7259,374,464,Biryani,2022-04-30 07:21:41,Cancelled,795.87
7260,8815,129,Chole Bhature,2022-09-15 07:21:41,Preparing,1019.27
7261,4026,436,Biryani,2023-05-03 07:21:41,Preparing,512.15
7262,2339,333,Rogan Josh,2024-04-29 07:21:41,Cancelled,548.47
7263,7064,214,Samosa,2024-03-10 07:21:41,Delivered,288.75
7264,489,389,Butter Chicken,2025-01-26 07:21:41,Cancelled,134.24
7265,9285,122,Pani Puri,2024-10-28 07:21:41,Preparing,529.22
7266,9925,228,Samosa,2022-05-11 07:21:41,Cancelled,446.92
7267,1789,319,Rogan Josh,2022-10-27 07:21:41,Delivered,115.81
7268,8164,230,Butter Chicken,2025-01-01 07:21:41,Cancelled,420.67
7269,6426,145,Pani Puri,2023-10-26 07:21:41,Preparing,1143.58
7270,8677,472,Chole Bhature,2023-04-06 07:21:41,Delivered,1378.63
7271,8135,294,Pani Puri,2023-09-19 07:21:41,Preparing,836.05
7272,9200,385,Samosa,2024-10-04 07:21:41,Preparing,293.37
7273,6629,284,Biryani,2022-04-28 07:21:41,Delivered,110.17
7274,1051,428,Mutton Curry,2025-02-13 07:21:41,Delivered,1131.85
7275,9813,496,Pani Puri,2024-05-26 07:21:41,Delivered,1305.88
7276,8793,302,Dosa,2022-08-20 07:21:41,Cancelled,1473.85
7277,3817,336,Dosa,2024-08-08 07:21:41,Cancelled,429.08
7278,2464,89,Rogan Josh,2022-09-09 07:21:41,Cancelled,1178.11
7279,7604,80,Chole Bhature,2024-02-28 07:21:41,Cancelled,237.96
7280,4708,133,Mutton Curry,2022-10-19 07:21:41,Cancelled,576.05
7281,9359,399,Pani Puri,2024-08-04 07:21:41,Delivered,338.17
7282,8740,432,Biryani,2024-07-17 07:21:41,Preparing,450.33
7283,1494,323,Dosa,2023-04-24 07:21:41,Cancelled,1007.46
7284,9907,255,Butter Chicken,2024-07-15 07:21:41,Cancelled,436.3
7285,4806,195,Chole Bhature,2023-09-29 07:21:41,Preparing,705.42
7286,9856,61,Dosa,2023-08-06 07:21:41,Preparing,1025.76
7287,9924,332,Pani Puri,2024-04-11 07:21:41,Delivered,387.05
7288,4844,409,Chole Bhature,2024-03-13 07:21:41,Delivered,1359.76
7289,6184,162,Biryani,2024-12-11 07:21:41,Delivered,620.07
7290,1167,427,Pani Puri,2022-04-04 07:21:41,Delivered,928.94
7291,286,153,Chole Bhature,2024-01-06 07:21:41,Cancelled,699.84
7292,7552,44,Dosa,2023-09-15 07:21:41,Preparing,875.78
7293,954,246,Samosa,2023-03-21 07:21:41,Cancelled,1489.76
7294,4523,234,Dosa,2023-06-21 07:21:41,Preparing,150.93
7295,5381,225,Paneer Tikka,2022-04-29 07:21:41,Preparing,281.32
7296,4282,194,Pani Puri,2024-02-04 07:21:41,Cancelled,324.6
7297,4836,13,Mutton Curry,2024-04-19 07:21:41,Cancelled,1354.11
7298,5199,76,Chole Bhature,2022-06-12 07:21:41,Preparing,269.13
7299,8363,413,Dosa,2023-11-02 07:21:41,Cancelled,1282.52
7300,2118,160,Biryani,2022-06-04 07:21:41,Delivered,249.15
7301,2329,272,Butter Chicken,2023-01-29 07:21:41,Cancelled,677.12
7302,4861,156,Paneer Tikka,2023-07-27 07:21:41,Preparing,493.41
7303,5069,291,Biryani,2024-03-28 07:21:41,Cancelled,820.58
7304,6400,343,Chole Bhature,2022-10-15 07:21:41,Cancelled,1193.52
7305,89,11,Paneer Tikka,2024-01-17 07:21:41,Delivered,1177.82
7306,7066,289,Paneer Tikka,2024-07-16 07:21:41,Delivered,442.56
7307,7326,134,Samosa,2025-02-12 07:21:41,Preparing,674.55
7308,7626,33,Biryani,2024-05-09 07:21:41,Delivered,1100.83
7309,2755,461,Chole Bhature,2023-01-02 07:21:41,Delivered,567.82
7310,8207,396,Dosa,2024-01-25 07:21:41,Cancelled,380.81
7311,9785,405,Butter Chicken,2024-07-08 07:21:41,Cancelled,813.23
7312,1031,157,Paneer Tikka,2022-09-06 07:21:41,Delivered,727.08
7313,9221,339,Pani Puri,2024-08-26 07:21:41,Cancelled,121.15
7314,2842,401,Biryani,2023-10-02 07:21:41,Preparing,444.7
7315,9580,415,Dal Makhani,2022-12-12 07:21:41,Delivered,704.04
7316,2860,25,Paneer Tikka,2024-03-15 07:21:41,Cancelled,764.17
7317,8561,275,Samosa,2022-11-20 07:21:41,Cancelled,780.53
7318,6882,20,Samosa,2022-11-22 07:21:41,Delivered,365.39
7319,1303,419,Dosa,2023-03-25 07:21:41,Preparing,1108.47
7320,9218,371,Mutton Curry,2025-02-07 07:21:41,Cancelled,233.28
7321,2643,456,Biryani,2025-02-22 07:21:41,Cancelled,822.11
7322,7860,254,Rogan Josh,2023-04-14 07:21:41,Preparing,224.8
7323,7053,172,Rogan Josh,2023-06-02 07:21:41,Preparing,946.26
7324,3645,374,Mutton Curry,2022-10-14 07:21:41,Cancelled,1198.83
7325,4239,167,Dosa,2022-10-15 07:21:41,Cancelled,304.43
7326,1114,430,Dal Makhani,2023-05-27 07:21:41,Delivered,837.13
7327,6074,328,Paneer Tikka,2022-11-03 07:21:41,Cancelled,309.09
7328,1102,398,Dal Makhani,2022-05-04 07:21:41,Cancelled,1398.2
7329,2465,114,Butter Chicken,2022-07-23 07:21:41,Delivered,571.42
7330,4464,488,Mutton Curry,2022-11-11 07:21:41,Delivered,1302.21
7331,2218,92,Chole Bhature,2024-06-15 07:21:41,Delivered,602.66
7332,3300,103,Mutton Curry,2023-12-08 07:21:41,Delivered,1023.05
7333,8587,443,Samosa,2022-12-18 07:21:41,Preparing,645.22
7334,5215,495,Dosa,2025-01-08 07:21:41,Delivered,1318.86
7335,1108,379,Samosa,2024-03-23 07:21:41,Delivered,1245.55
7336,2621,20,Paneer Tikka,2024-04-25 07:21:41,Preparing,785.37
7337,3811,443,Dal Makhani,2024-09-21 07:21:41,Preparing,613.5
7338,2790,321,Dosa,2022-08-02 07:21:41,Preparing,705.36
7339,4084,126,Pani Puri,2024-10-30 07:21:41,Preparing,379.19
7340,6845,87,Paneer Tikka,2025-02-21 07:21:41,Cancelled,444.15
7341,5810,454,Chole Bhature,2024-07-01 07:21:41,Delivered,1124.03
7342,936,417,Pani Puri,2025-01-03 07:21:41,Cancelled,518.4
7343,530,191,Rogan Josh,2023-05-05 07:21:41,Delivered,1345.51
7344,3098,190,Dosa,2022-10-20 07:21:41,Preparing,985.67
7345,2268,81,Dal Makhani,2023-01-17 07:21:41,Cancelled,879.96
7346,4484,186,Paneer Tikka,2024-11-20 07:21:41,Preparing,1161.17
7347,3687,188,Mutton Curry,2023-08-03 07:21:41,Cancelled,571.8
7348,7014,376,Paneer Tikka,2022-08-07 07:21:41,Cancelled,148.05
7349,5667,247,Biryani,2024-06-08 07:21:41,Cancelled,672.33
7350,1961,164,Rogan Josh,2024-09-14 07:21:41,Cancelled,684.66
7351,2871,166,Rogan Josh,2023-08-05 07:21:41,Preparing,1135.78
7352,3222,164,Mutton Curry,2024-03-14 07:21:41,Cancelled,1008.07
7353,3406,102,Dosa,2023-08-22 07:21:41,Delivered,137.27
7354,4561,297,Paneer Tikka,2024-09-02 07:21:41,Cancelled,119.31
7355,2406,46,Paneer Tikka,2022-10-25 07:21:41,Delivered,1123.25
7356,4510,257,Mutton Curry,2023-07-11 07:21:41,Preparing,377.35
7357,6590,364,Dosa,2023-09-11 07:21:41,Cancelled,832.48
7358,8300,62,Pani Puri,2023-01-21 07:21:41,Preparing,509.0
7359,8838,371,Mutton Curry,2023-09-12 07:21:41,Delivered,1148.63
7360,8354,346,Butter Chicken,2023-01-25 07:21:41,Delivered,555.77
7361,7211,478,Rogan Josh,2022-09-25 07:21:41,Preparing,226.24
7362,1553,274,Dosa,2024-09-29 07:21:41,Preparing,1116.93
7363,6238,470,Paneer Tikka,2024-12-29 07:21:41,Preparing,131.82
7364,7376,253,Mutton Curry,2023-09-27 07:21:41,Preparing,239.84
7365,8366,81,Mutton Curry,2024-11-13 07:21:41,Preparing,1363.95
7366,4926,110,Pani Puri,2023-04-19 07:21:41,Preparing,170.7
7367,9848,445,Pani Puri,2023-09-15 07:21:41,Delivered,323.65
7368,6106,232,Pani Puri,2023-01-11 07:21:41,Preparing,1060.31
7369,7945,28,Chole Bhature,2023-04-06 07:21:41,Preparing,1116.98
7370,2118,63,Butter Chicken,2023-09-25 07:21:41,Delivered,400.66
7371,52,321,Biryani,2023-05-05 07:21:41,Preparing,1048.64
7372,1994,62,Biryani,2024-08-25 07:21:41,Cancelled,717.2
7373,7945,2,Pani Puri,2023-09-24 07:21:41,Delivered,1391.39
7374,2538,281,Pani Puri,2024-04-24 07:21:41,Cancelled,183.72
7375,1334,179,Samosa,2025-02-10 07:21:41,Cancelled,480.11
7376,6932,493,Dosa,2024-05-10 07:21:41,Delivered,1360.12
7377,3385,113,Paneer Tikka,2024-09-22 07:21:41,Delivered,1350.93
7378,2842,183,Paneer Tikka,2022-04-07 07:21:41,Cancelled,603.48
7379,4757,392,Biryani,2024-12-19 07:21:41,Cancelled,649.55
7380,7378,289,Biryani,2025-02-19 07:21:41,Delivered,614.12
7381,710,15,Pani Puri,2024-05-18 07:21:41,Delivered,1116.54
7382,8051,2,Mutton Curry,2024-04-05 07:21:41,Delivered,1328.74
7383,7518,381,Dal Makhani,2023-03-29 07:21:41,Cancelled,1433.05
7384,2099,453,Mutton Curry,2024-04-06 07:21:41,Preparing,128.91
7385,6645,481,Pani Puri,2024-01-22 07:21:41,Preparing,623.31
7386,8306,272,Pani Puri,2023-09-21 07:21:41,Delivered,165.76
7387,756,416,Biryani,2024-02-17 07:21:41,Delivered,854.2
7388,2848,202,Mutton Curry,2024-07-13 07:21:41,Cancelled,247.54
7389,2014,88,Biryani,2023-01-03 07:21:41,Preparing,1488.92
7390,7137,353,Samosa,2024-01-23 07:21:41,Preparing,599.27
7391,3999,61,Rogan Josh,2024-01-17 07:21:41,Delivered,166.38
7392,9289,61,Pani Puri,2022-06-24 07:21:41,Cancelled,1356.79
7393,8655,11,Pani Puri,2022-07-30 07:21:41,Delivered,915.8
7394,5313,99,Paneer Tikka,2024-03-29 07:21:41,Cancelled,203.14
7395,6001,26,Rogan Josh,2022-10-18 07:21:41,Cancelled,474.72
7396,8378,6,Paneer Tikka,2023-10-01 07:21:41,Delivered,1042.22
7397,6321,83,Samosa,2024-06-21 07:21:41,Delivered,206.56
7398,3530,28,Mutton Curry,2024-04-14 07:21:41,Delivered,151.54
7399,5161,156,Dosa,2022-08-30 07:21:41,Preparing,1487.16
7400,27,369,Mutton Curry,2025-02-28 07:21:41,Preparing,721.14
7401,1782,416,Dosa,2022-03-23 07:21:41,Preparing,230.31
7402,157,168,Biryani,2022-06-25 07:21:41,Delivered,1324.6
7403,119,11,Dosa,2022-11-05 07:21:41,Cancelled,917.19
7404,117,4,Dosa,2024-03-16 07:21:41,Delivered,471.12
7405,933,68,Rogan Josh,2024-07-18 07:21:41,Preparing,146.1
7406,9488,360,Dosa,2024-03-24 07:21:41,Cancelled,1083.71
7407,6369,497,Pani Puri,2023-05-12 07:21:41,Cancelled,825.59
7408,3098,413,Butter Chicken,2024-09-07 07:21:41,Delivered,1463.99
7409,188,242,Dal Makhani,2023-01-04 07:21:41,Cancelled,493.86
7410,6143,435,Rogan Josh,2024-11-30 07:21:41,Preparing,1164.47
7411,6283,32,Rogan Josh,2023-04-09 07:21:41,Delivered,703.31
7412,6412,159,Butter Chicken,2022-07-10 07:21:41,Preparing,270.35
7413,2116,451,Rogan Josh,2023-12-18 07:21:41,Delivered,1076.07
7414,9308,12,Biryani,2024-02-23 07:21:41,Preparing,1379.39
7415,4882,66,Butter Chicken,2025-02-10 07:21:41,Preparing,944.17
7416,8689,8,Chole Bhature,2023-01-21 07:21:41,Preparing,777.41
7417,644,125,Rogan Josh,2025-02-22 07:21:41,Delivered,216.5
7418,411,445,Rogan Josh,2024-05-21 07:21:41,Delivered,816.14
7419,564,421,Dosa,2024-05-03 07:21:41,Delivered,1409.1
7420,9383,26,Dal Makhani,2023-11-22 07:21:41,Delivered,1369.62
7421,9413,358,Chole Bhature,2025-02-14 07:21:41,Cancelled,201.38
7422,9104,83,Samosa,2023-08-22 07:21:41,Preparing,507.0
7423,3431,367,Dosa,2024-02-07 07:21:41,Delivered,1297.71
7424,6265,226,Rogan Josh,2023-01-14 07:21:41,Delivered,292.72
7425,2810,50,Biryani,2023-01-26 07:21:41,Preparing,968.72
7426,5554,282,Samosa,2024-03-07 07:21:41,Cancelled,1464.1
7427,8001,138,Dosa,2024-11-27 07:21:41,Delivered,421.89
7428,2019,106,Mutton Curry,2022-10-25 07:21:41,Delivered,1093.97
7429,2316,401,Dal Makhani,2023-07-09 07:21:41,Preparing,779.51
7430,3317,476,Rogan Josh,2024-05-09 07:21:41,Cancelled,1278.87
7431,1568,194,Mutton Curry,2024-03-01 07:21:41,Delivered,922.06
7432,8651,105,Pani Puri,2022-10-17 07:21:41,Preparing,445.05
7433,2156,497,Mutton Curry,2023-10-29 07:21:41,Preparing,183.55
7434,1240,213,Butter Chicken,2023-07-04 07:21:41,Delivered,678.66
7435,8018,70,Biryani,2023-05-25 07:21:41,Delivered,626.96
7436,7242,219,Butter Chicken,2022-12-02 07:21:41,Cancelled,352.42
7437,7192,195,Pani Puri,2023-08-27 07:21:41,Cancelled,1419.07
7438,1036,439,Chole Bhature,2024-12-13 07:21:41,Cancelled,709.0
7439,4027,164,Dosa,2024-10-03 07:21:41,Delivered,220.16
7440,2319,489,Dosa,2022-12-24 07:21:41,Cancelled,220.51
7441,8428,32,Pani Puri,2022-12-12 07:21:41,Cancelled,504.39
7442,782,32,Mutton Curry,2024-11-22 07:21:41,Delivered,1385.88
7443,4322,119,Samosa,2022-06-18 07:21:41,Preparing,682.91
7444,79,15,Butter Chicken,2023-10-01 07:21:41,Cancelled,1048.27
7445,2268,230,Mutton Curry,2023-03-10 07:21:41,Delivered,183.99
7446,6110,298,Dosa,2023-09-29 07:21:41,Preparing,787.75
7447,9804,99,Pani Puri,2024-03-28 07:21:41,Delivered,1136.06
7448,4190,394,Mutton Curry,2023-08-30 07:21:41,Preparing,443.24
7449,2936,379,Rogan Josh,2025-01-16 07:21:41,Preparing,953.45
7450,9024,102,Pani Puri,2024-01-04 07:21:41,Delivered,346.81
7451,8986,359,Paneer Tikka,2023-02-14 07:21:41,Delivered,1036.85
7452,6452,208,Mutton Curry,2023-02-14 07:21:41,Cancelled,951.42
7453,4373,290,Pani Puri,2023-09-17 07:21:41,Delivered,104.37
7454,2705,319,Mutton Curry,2022-05-21 07:21:41,Preparing,691.19
7455,5831,288,Butter Chicken,2024-05-25 07:21:41,Delivered,484.24
7456,8956,196,Mutton Curry,2022-07-31 07:21:41,Delivered,646.58
7457,762,56,Dal Makhani,2022-11-25 07:21:41,Cancelled,1026.03
7458,1833,440,Chole Bhature,2023-03-06 07:21:41,Preparing,1034.0
7459,7592,37,Biryani,2022-10-15 07:21:41,Cancelled,670.06
7460,3592,82,Rogan Josh,2022-12-21 07:21:41,Preparing,957.98
7461,4978,233,Dal Makhani,2022-05-07 07:21:41,Preparing,692.14
7462,493,245,Dosa,2022-06-28 07:21:41,Cancelled,525.62
7463,7527,107,Rogan Josh,2022-09-27 07:21:41,Cancelled,946.85
7464,7785,255,Rogan Josh,2024-03-13 07:21:41,Cancelled,1381.96
7465,5578,199,Paneer Tikka,2023-03-31 07:21:41,Delivered,148.49
7466,9960,291,Dal Makhani,2022-11-14 07:21:41,Cancelled,1336.16
7467,8937,119,Rogan Josh,2023-09-03 07:21:41,Cancelled,596.56
7468,7835,387,Butter Chicken,2022-05-30 07:21:41,Cancelled,1249.9
7469,2831,259,Biryani,2025-01-11 07:21:41,Preparing,402.35
7470,5127,40,Butter Chicken,2024-03-17 07:21:41,Preparing,138.85
7471,6348,162,Dosa,2024-05-18 07:21:41,Delivered,338.53
7472,2803,468,Dal Makhani,2023-10-21 07:21:41,Delivered,918.43
7473,7558,245,Dosa,2022-11-10 07:21:41,Cancelled,1487.87
7474,5913,374,Mutton Curry,2023-02-22 07:21:41,Preparing,1193.2
7475,8723,177,Dal Makhani,2023-11-26 07:21:41,Preparing,205.4
7476,6036,287,Dosa,2023-04-27 07:21:41,Cancelled,389.68
7477,7087,251,Mutton Curry,2022-06-07 07:21:41,Cancelled,269.18
7478,9413,362,Pani Puri,2025-01-10 07:21:41,Cancelled,342.24
7479,6710,166,Rogan Josh,2022-05-19 07:21:41,Cancelled,1387.48
7480,9638,74,Pani Puri,2022-07-19 07:21:41,Delivered,199.41
7481,7196,362,Samosa,2022-08-11 07:21:41,Cancelled,906.69
7482,7658,46,Butter Chicken,2022-04-28 07:21:41,Preparing,185.77
7483,2628,26,Mutton Curry,2023-09-06 07:21:41,Delivered,978.96
7484,3344,102,Butter Chicken,2023-10-02 07:21:41,Cancelled,863.6
7485,9355,257,Butter Chicken,2025-01-07 07:21:41,Delivered,500.12
7486,4107,186,Biryani,2023-10-18 07:21:41,Preparing,1314.4
7487,8240,301,Biryani,2022-04-11 07:21:41,Delivered,589.22
7488,5478,395,Samosa,2024-06-13 07:21:41,Cancelled,539.05
7489,6720,160,Chole Bhature,2023-01-13 07:21:41,Preparing,289.31
7490,5413,258,Chole Bhature,2024-11-15 07:21:41,Delivered,925.74
7491,2939,298,Paneer Tikka,2024-07-10 07:21:41,Preparing,1151.91
7492,550,206,Paneer Tikka,2023-12-01 07:21:41,Preparing,1137.98
7493,2913,470,Chole Bhature,2022-08-09 07:21:41,Preparing,358.11
7494,6655,178,Samosa,2024-03-02 07:21:41,Preparing,698.83
7495,1596,265,Chole Bhature,2023-03-24 07:21:41,Delivered,387.82
7496,369,17,Chole Bhature,2023-07-12 07:21:41,Delivered,415.02
7497,7966,402,Pani Puri,2023-01-28 07:21:41,Cancelled,654.31
7498,5528,494,Pani Puri,2022-09-29 07:21:41,Delivered,1069.69
7499,6668,279,Rogan Josh,2023-01-25 07:21:41,Preparing,326.87
7500,4753,222,Rogan Josh,2024-08-24 07:21:41,Delivered,478.39
7501,2442,133,Biryani,2022-04-13 07:21:41,Cancelled,272.16
7502,9238,374,Biryani,2022-12-25 07:21:41,Preparing,1368.74
7503,1047,265,Samosa,2023-12-15 07:21:41,Cancelled,1182.57
7504,3013,12,Biryani,2024-04-21 07:21:41,Preparing,634.22
7505,1014,495,Paneer Tikka,2024-10-15 07:21:41,Preparing,293.09
7506,5301,134,Dal Makhani,2024-03-11 07:21:41,Preparing,392.05
7507,2562,135,Pani Puri,2024-12-11 07:21:41,Cancelled,714.74
7508,1426,70,Samosa,2024-11-04 07:21:41,Delivered,1457.8
7509,7574,385,Mutton Curry,2025-02-07 07:21:41,Cancelled,1222.2
7510,1843,8,Samosa,2023-01-16 07:21:41,Preparing,730.04
7511,1628,350,Paneer Tikka,2023-03-02 07:21:41,Cancelled,277.48
7512,1760,417,Samosa,2023-10-11 07:21:41,Cancelled,1418.13
7513,6376,322,Dal Makhani,2023-05-15 07:21:41,Delivered,237.27
7514,9276,382,Dal Makhani,2022-10-04 07:21:41,Cancelled,1126.04
7515,9495,97,Paneer Tikka,2023-11-21 07:21:41,Cancelled,1261.31
7516,3965,246,Butter Chicken,2022-11-14 07:21:41,Preparing,1304.99
7517,3112,80,Butter Chicken,2022-05-23 07:21:41,Delivered,971.12
7518,7922,124,Chole Bhature,2022-05-17 07:21:41,Cancelled,627.54
7519,9527,259,Samosa,2024-01-31 07:21:41,Delivered,855.31
7520,3227,66,Pani Puri,2024-06-15 07:21:41,Delivered,533.19
7521,680,395,Biryani,2022-10-09 07:21:41,Delivered,247.77
7522,895,60,Paneer Tikka,2023-03-18 07:21:41,Cancelled,1299.21
7523,173,231,Pani Puri,2022-07-24 07:21:41,Cancelled,1391.79
7524,2357,485,Samosa,2022-09-21 07:21:41,Preparing,1193.01
7525,6344,468,Biryani,2024-11-19 07:21:41,Delivered,931.48
7526,245,466,Rogan Josh,2025-01-13 07:21:41,Delivered,1490.89
7527,4981,410,Butter Chicken,2024-01-31 07:21:41,Preparing,891.86
7528,9952,361,Chole Bhature,2024-01-03 07:21:41,Preparing,683.02
7529,1096,143,Samosa,2022-05-25 07:21:41,Cancelled,425.65
7530,1668,431,Mutton Curry,2023-12-21 07:21:41,Cancelled,1435.19
7531,2903,252,Biryani,2023-11-05 07:21:41,Cancelled,664.34
7532,9557,406,Samosa,2023-04-04 07:21:41,Delivered,333.04
7533,5401,420,Chole Bhature,2024-04-20 07:21:41,Cancelled,356.77
7534,6818,86,Pani Puri,2024-10-28 07:21:41,Delivered,1073.36
7535,2682,274,Paneer Tikka,2022-08-29 07:21:41,Delivered,325.99
7536,2494,241,Butter Chicken,2023-03-21 07:21:41,Preparing,312.69
7537,7999,488,Pani Puri,2024-03-06 07:21:41,Delivered,618.72
7538,9324,90,Samosa,2022-06-01 07:21:41,Delivered,831.46
7539,8473,229,Pani Puri,2023-09-19 07:21:41,Cancelled,471.03
7540,6783,287,Pani Puri,2022-09-08 07:21:41,Preparing,1173.62
7541,80,273,Rogan Josh,2022-06-11 07:21:41,Cancelled,1035.67
7542,8353,303,Butter Chicken,2022-08-31 07:21:41,Delivered,1235.11
7543,9166,96,Butter Chicken,2023-04-13 07:21:41,Cancelled,742.2
7544,7570,155,Rogan Josh,2022-12-21 07:21:41,Preparing,1338.83
7545,3815,163,Chole Bhature,2023-03-21 07:21:41,Cancelled,385.52
7546,2191,242,Dosa,2022-08-30 07:21:41,Delivered,1257.61
7547,8809,344,Biryani,2024-12-23 07:21:41,Cancelled,1151.43
7548,6172,125,Mutton Curry,2025-01-10 07:21:41,Preparing,456.5
7549,1505,322,Samosa,2023-04-11 07:21:41,Preparing,346.4
7550,289,84,Dosa,2024-06-22 07:21:41,Delivered,141.56
7551,6750,285,Butter Chicken,2023-07-02 07:21:41,Cancelled,602.82
7552,5274,160,Samosa,2022-11-06 07:21:41,Cancelled,922.73
7553,7985,468,Rogan Josh,2023-05-24 07:21:41,Delivered,144.64
7554,9104,460,Butter Chicken,2024-11-26 07:21:41,Cancelled,424.14
7555,6148,480,Rogan Josh,2023-04-25 07:21:41,Preparing,1412.46
7556,4298,45,Chole Bhature,2024-02-24 07:21:41,Cancelled,294.28
7557,5118,306,Samosa,2024-01-08 07:21:41,Preparing,410.21
7558,5799,412,Biryani,2023-08-08 07:21:41,Delivered,274.04
7559,2483,119,Chole Bhature,2022-06-14 07:21:41,Delivered,414.58
7560,255,189,Samosa,2023-03-17 07:21:41,Cancelled,201.29
7561,2332,405,Dal Makhani,2024-08-14 07:21:41,Cancelled,488.89
7562,8680,5,Biryani,2024-07-10 07:21:41,Delivered,642.79
7563,561,498,Butter Chicken,2024-05-21 07:21:41,Preparing,515.06
7564,3208,305,Mutton Curry,2024-05-28 07:21:41,Cancelled,947.38
7565,9221,214,Dal Makhani,2022-12-15 07:21:41,Delivered,1091.61
7566,1359,12,Biryani,2023-03-05 07:21:41,Cancelled,1314.97
7567,9660,404,Butter Chicken,2024-10-20 07:21:41,Cancelled,1045.91
7568,8698,382,Mutton Curry,2023-04-30 07:21:41,Preparing,166.25
7569,8753,193,Chole Bhature,2024-06-23 07:21:41,Delivered,806.84
7570,824,256,Butter Chicken,2024-10-18 07:21:41,Delivered,699.17
7571,2084,422,Dosa,2024-05-30 07:21:41,Delivered,1331.84
7572,2565,120,Paneer Tikka,2022-04-25 07:21:41,Cancelled,999.93
7573,2159,105,Dosa,2024-12-11 07:21:41,Preparing,551.93
7574,5880,226,Pani Puri,2023-08-20 07:21:41,Preparing,1492.87
7575,3271,115,Biryani,2023-09-08 07:21:41,Delivered,1148.13
7576,621,287,Pani Puri,2022-05-12 07:21:41,Delivered,1080.57
7577,3534,279,Mutton Curry,2022-07-28 07:21:41,Preparing,217.56
7578,9979,192,Mutton Curry,2024-05-02 07:21:41,Preparing,1200.24
7579,2407,311,Chole Bhature,2022-04-17 07:21:41,Cancelled,979.41
7580,3666,204,Butter Chicken,2023-11-25 07:21:41,Delivered,101.1
7581,1612,135,Chole Bhature,2023-06-27 07:21:41,Preparing,1189.04
7582,6183,382,Samosa,2023-07-12 07:21:41,Preparing,1240.87
7583,7950,229,Dal Makhani,2023-11-11 07:21:41,Delivered,1271.0
7584,8536,197,Pani Puri,2022-10-26 07:21:41,Delivered,107.71
7585,4032,90,Rogan Josh,2022-09-03 07:21:41,Preparing,1308.37
7586,8477,307,Pani Puri,2023-11-02 07:21:41,Preparing,620.73
7587,7224,215,Dal Makhani,2022-05-19 07:21:41,Cancelled,614.99
7588,38,271,Chole Bhature,2022-09-26 07:21:41,Cancelled,242.49
7589,5121,41,Mutton Curry,2024-03-13 07:21:41,Cancelled,1355.68
7590,9680,271,Dosa,2024-09-08 07:21:41,Delivered,268.01
7591,5880,181,Mutton Curry,2022-09-20 07:21:41,Delivered,1213.72
7592,4533,235,Dal Makhani,2024-12-29 07:21:41,Preparing,1360.61
7593,878,494,Pani Puri,2024-12-26 07:21:41,Delivered,553.94
7594,7821,483,Dal Makhani,2024-07-07 07:21:41,Delivered,948.11
7595,2945,84,Pani Puri,2023-10-10 07:21:41,Preparing,259.97
7596,1499,348,Rogan Josh,2024-01-24 07:21:41,Delivered,843.59
7597,2316,233,Biryani,2023-12-11 07:21:41,Preparing,717.02
7598,2313,291,Chole Bhature,2024-11-16 07:21:41,Cancelled,972.22
7599,9548,363,Butter Chicken,2023-06-08 07:21:41,Cancelled,221.44
7600,5260,190,Paneer Tikka,2023-02-03 07:21:41,Preparing,1395.05
7601,6708,379,Dal Makhani,2023-06-12 07:21:41,Delivered,394.12
7602,3917,108,Samosa,2023-09-13 07:21:41,Cancelled,426.45
7603,1188,306,Butter Chicken,2023-07-14 07:21:41,Delivered,307.54
7604,8135,220,Paneer Tikka,2022-07-12 07:21:41,Delivered,728.49
7605,1016,327,Dal Makhani,2023-05-22 07:21:41,Preparing,598.42
7606,9654,408,Dal Makhani,2023-02-16 07:21:41,Delivered,846.72
7607,5219,221,Mutton Curry,2023-08-24 07:21:41,Preparing,336.49
7608,3694,366,Dal Makhani,2023-12-14 07:21:41,Preparing,857.75
7609,3183,165,Paneer Tikka,2022-03-07 07:21:41,Delivered,1214.46
7610,3645,294,Dal Makhani,2023-08-22 07:21:41,Delivered,836.36
7611,7498,236,Dal Makhani,2024-07-17 07:21:41,Cancelled,1289.62
7612,5594,449,Dosa,2022-08-24 07:21:41,Cancelled,976.2
7613,2630,127,Butter Chicken,2024-01-03 07:21:41,Preparing,582.01
7614,5407,432,Paneer Tikka,2023-08-15 07:21:41,Delivered,1327.19
7615,7756,481,Samosa,2023-11-23 07:21:41,Preparing,854.38
7616,3458,467,Mutton Curry,2024-01-28 07:21:41,Preparing,380.77
7617,1655,448,Dal Makhani,2023-02-12 07:21:41,Preparing,1233.84
7618,7637,76,Paneer Tikka,2024-11-18 07:21:41,Preparing,944.23
7619,4422,322,Dosa,2023-11-29 07:21:41,Cancelled,238.22
7620,6640,478,Rogan Josh,2022-06-11 07:21:41,Cancelled,1299.03
7621,1003,264,Rogan Josh,2022-08-03 07:21:41,Preparing,1141.81
7622,9252,343,Biryani,2022-05-14 07:21:41,Preparing,1046.76
7623,4266,492,Biryani,2024-06-08 07:21:41,Cancelled,766.73
7624,4758,35,Samosa,2022-04-23 07:21:41,Cancelled,1121.0
7625,1331,140,Dal Makhani,2025-01-13 07:21:41,Cancelled,596.9
7626,5446,129,Biryani,2025-01-06 07:21:41,Cancelled,479.78
7627,8873,215,Mutton Curry,2024-03-27 07:21:41,Cancelled,782.32
7628,2316,275,Mutton Curry,2025-03-04 07:21:41,Preparing,1286.43
7629,5194,280,Butter Chicken,2023-03-21 07:21:41,Delivered,687.13
7630,6099,249,Biryani,2023-09-08 07:21:41,Preparing,1268.67
7631,6334,439,Chole Bhature,2024-02-22 07:21:41,Preparing,1054.43
7632,5471,255,Samosa,2023-02-19 07:21:41,Cancelled,1400.88
7633,6855,470,Rogan Josh,2023-09-18 07:21:41,Preparing,568.15
7634,3372,340,Samosa,2024-11-18 07:21:41,Preparing,1306.92
7635,1362,239,Dal Makhani,2023-01-26 07:21:41,Cancelled,890.74
7636,246,172,Paneer Tikka,2023-04-15 07:21:41,Delivered,1037.74
7637,7646,358,Rogan Josh,2022-10-13 07:21:41,Delivered,509.03
7638,4351,154,Samosa,2023-07-27 07:21:41,Cancelled,250.45
7639,2253,408,Dosa,2023-10-08 07:21:41,Cancelled,102.76
7640,5362,34,Butter Chicken,2024-01-05 07:21:41,Cancelled,1383.66
7641,1203,414,Pani Puri,2024-07-26 07:21:41,Delivered,497.36
7642,8292,473,Dosa,2024-12-14 07:21:41,Preparing,1446.87
7643,4183,195,Mutton Curry,2023-01-30 07:21:41,Preparing,1217.66
7644,8948,389,Samosa,2023-09-14 07:21:41,Preparing,946.41
7645,8886,92,Chole Bhature,2023-04-12 07:21:41,Delivered,1422.4
7646,1515,312,Dal Makhani,2023-12-22 07:21:41,Preparing,1373.73
7647,5350,127,Chole Bhature,2022-06-22 07:21:41,Preparing,838.67
7648,6933,318,Dosa,2023-12-29 07:21:41,Preparing,1186.52
7649,3505,329,Dosa,2023-05-08 07:21:41,Preparing,1140.01
7650,7196,414,Mutton Curry,2022-11-13 07:21:41,Cancelled,344.58
7651,50,135,Dal Makhani,2022-03-09 07:21:41,Preparing,152.9
7652,3565,383,Mutton Curry,2022-11-25 07:21:41,Preparing,961.2
7653,3298,436,Samosa,2022-10-11 07:21:41,Preparing,517.73
7654,4998,162,Chole Bhature,2022-05-08 07:21:41,Cancelled,343.47
7655,5660,81,Chole Bhature,2024-09-15 07:21:41,Delivered,516.63
7656,2332,43,Samosa,2022-07-17 07:21:41,Delivered,128.7
7657,3454,201,Samosa,2024-11-17 07:21:41,Cancelled,1158.84
7658,2749,18,Biryani,2024-11-01 07:21:41,Preparing,589.56
7659,8276,144,Butter Chicken,2024-08-01 07:21:41,Delivered,249.75
7660,4591,300,Biryani,2022-03-06 07:21:41,Preparing,1346.29
7661,9676,386,Dal Makhani,2023-02-16 07:21:41,Delivered,419.53
7662,8741,485,Dosa,2024-08-04 07:21:41,Preparing,641.42
7663,5693,463,Paneer Tikka,2024-05-23 07:21:41,Cancelled,1304.51
7664,2501,468,Butter Chicken,2024-06-13 07:21:41,Cancelled,1176.1
7665,4969,448,Dal Makhani,2024-01-07 07:21:41,Delivered,412.4
7666,7835,436,Paneer Tikka,2023-08-05 07:21:41,Cancelled,267.81
7667,8671,44,Dosa,2024-04-24 07:21:41,Delivered,374.36
7668,4811,183,Chole Bhature,2022-10-14 07:21:41,Delivered,1456.63
7669,5382,412,Mutton Curry,2022-03-20 07:21:41,Delivered,1199.52
7670,5689,498,Pani Puri,2022-05-03 07:21:41,Cancelled,480.84
7671,28,322,Rogan Josh,2022-10-14 07:21:41,Cancelled,945.03
7672,781,392,Paneer Tikka,2022-05-21 07:21:41,Delivered,790.64
7673,2918,178,Butter Chicken,2023-11-18 07:21:41,Preparing,832.32
7674,2064,51,Mutton Curry,2022-10-29 07:21:41,Preparing,320.78
7675,6133,481,Butter Chicken,2022-04-01 07:21:41,Delivered,623.35
7676,4015,65,Butter Chicken,2024-12-08 07:21:41,Preparing,230.27
7677,1988,379,Biryani,2022-06-25 07:21:41,Delivered,281.62
7678,2402,98,Pani Puri,2024-03-18 07:21:41,Cancelled,659.49
7679,144,277,Mutton Curry,2022-12-13 07:21:41,Delivered,700.8
7680,1129,393,Biryani,2024-12-23 07:21:41,Cancelled,995.26
7681,6019,278,Biryani,2024-08-19 07:21:41,Preparing,270.36
7682,4544,323,Pani Puri,2024-09-23 07:21:41,Delivered,1448.06
7683,8753,134,Biryani,2022-03-12 07:21:41,Cancelled,291.48
7684,1692,354,Paneer Tikka,2023-02-13 07:21:41,Preparing,874.62
7685,6046,274,Chole Bhature,2022-11-15 07:21:41,Preparing,841.55
7686,4854,206,Mutton Curry,2022-06-25 07:21:41,Cancelled,975.57
7687,3114,486,Butter Chicken,2024-02-12 07:21:41,Delivered,1017.08
7688,5610,394,Butter Chicken,2023-10-25 07:21:41,Cancelled,1319.13
7689,2403,414,Biryani,2024-07-01 07:21:41,Preparing,1050.91
7690,2481,490,Rogan Josh,2024-12-24 07:21:41,Delivered,509.93
7691,4782,90,Chole Bhature,2024-08-21 07:21:41,Cancelled,1349.33
7692,7293,119,Pani Puri,2024-06-09 07:21:41,Preparing,1321.69
7693,515,182,Pani Puri,2024-12-01 07:21:41,Preparing,1033.51
7694,5833,434,Dal Makhani,2023-10-25 07:21:41,Cancelled,1308.49
7695,3934,448,Paneer Tikka,2023-12-08 07:21:41,Cancelled,917.94
7696,367,428,Chole Bhature,2024-01-08 07:21:41,Cancelled,557.05
7697,1911,199,Mutton Curry,2024-08-07 07:21:41,Preparing,455.64
7698,8870,400,Chole Bhature,2022-04-25 07:21:41,Cancelled,1480.49
7699,1530,210,Mutton Curry,2022-12-23 07:21:41,Cancelled,924.59
7700,1059,423,Chole Bhature,2024-03-04 07:21:41,Preparing,1342.47
7701,3467,75,Butter Chicken,2025-02-10 07:21:41,Delivered,984.62
7702,9201,418,Dosa,2023-09-02 07:21:41,Preparing,303.1
7703,9139,60,Dosa,2024-12-25 07:21:41,Cancelled,557.29
7704,7945,346,Rogan Josh,2025-01-27 07:21:41,Preparing,1206.35
7705,4976,408,Chole Bhature,2024-05-12 07:21:41,Cancelled,488.05
7706,601,260,Mutton Curry,2023-04-02 07:21:41,Delivered,867.94
7707,9593,191,Chole Bhature,2023-05-10 07:21:41,Cancelled,237.89
7708,9386,118,Biryani,2022-06-18 07:21:41,Cancelled,385.72
7709,7958,221,Samosa,2023-12-23 07:21:41,Delivered,1269.02
7710,873,284,Mutton Curry,2024-01-01 07:21:41,Delivered,603.6
7711,3234,386,Dal Makhani,2024-02-19 07:21:41,Preparing,999.14
7712,2893,68,Biryani,2023-08-11 07:21:41,Cancelled,381.88
7713,2970,471,Rogan Josh,2022-11-30 07:21:41,Cancelled,1295.85
7714,1188,137,Pani Puri,2024-04-11 07:21:41,Preparing,1286.44
7715,6251,446,Dal Makhani,2023-10-12 07:21:41,Cancelled,916.15
7716,7138,347,Pani Puri,2022-11-16 07:21:41,Cancelled,1079.2
7717,6484,468,Pani Puri,2023-12-03 07:21:41,Preparing,634.31
7718,3187,128,Pani Puri,2023-05-20 07:21:41,Cancelled,686.8
7719,8213,313,Dal Makhani,2023-10-14 07:21:41,Cancelled,710.93
7720,7768,14,Dal Makhani,2023-05-08 07:21:41,Preparing,668.89
7721,228,350,Pani Puri,2024-07-11 07:21:41,Preparing,1047.38
7722,351,307,Paneer Tikka,2023-01-03 07:21:41,Preparing,1063.85
7723,441,423,Mutton Curry,2023-12-08 07:21:41,Cancelled,1421.43
7724,3700,110,Mutton Curry,2022-05-13 07:21:41,Preparing,835.27
7725,4782,4,Dal Makhani,2022-12-01 07:21:41,Cancelled,1250.72
7726,3738,132,Dosa,2023-05-24 07:21:41,Cancelled,206.56
7727,8987,45,Mutton Curry,2024-05-17 07:21:41,Delivered,1057.72
7728,4867,11,Samosa,2022-12-15 07:21:41,Preparing,708.39
7729,4590,54,Butter Chicken,2025-03-03 07:21:41,Preparing,1077.38
7730,6274,96,Paneer Tikka,2022-07-25 07:21:41,Preparing,1296.91
7731,6815,430,Butter Chicken,2023-12-08 07:21:41,Delivered,608.61
7732,2644,84,Butter Chicken,2022-07-02 07:21:41,Preparing,461.96
7733,5282,456,Mutton Curry,2023-06-11 07:21:41,Delivered,583.03
7734,2315,410,Dal Makhani,2024-11-17 07:21:41,Delivered,393.93
7735,7430,273,Samosa,2024-07-01 07:21:41,Delivered,785.37
7736,4913,461,Butter Chicken,2022-08-29 07:21:41,Delivered,1072.87
7737,788,334,Biryani,2023-06-25 07:21:41,Preparing,1172.58
7738,3854,97,Pani Puri,2023-03-18 07:21:41,Cancelled,1462.64
7739,7854,149,Dosa,2024-08-15 07:21:41,Preparing,1176.17
7740,8034,469,Samosa,2024-12-20 07:21:41,Delivered,1328.39
7741,6013,342,Samosa,2022-08-23 07:21:41,Cancelled,580.39
7742,9720,228,Paneer Tikka,2024-03-23 07:21:41,Preparing,983.91
7743,4603,268,Dal Makhani,2024-05-29 07:21:41,Delivered,1167.89
7744,5337,436,Dosa,2024-06-23 07:21:41,Cancelled,576.39
7745,4008,225,Butter Chicken,2023-12-18 07:21:41,Delivered,1077.02
7746,8828,448,Biryani,2023-10-16 07:21:41,Preparing,1206.42
7747,7104,462,Pani Puri,2022-05-17 07:21:41,Preparing,627.42
7748,3269,109,Dal Makhani,2023-09-02 07:21:41,Preparing,347.74
7749,3177,78,Butter Chicken,2022-11-04 07:21:41,Cancelled,444.56
7750,4883,487,Rogan Josh,2022-05-16 07:21:41,Cancelled,901.81
7751,2638,313,Paneer Tikka,2023-02-10 07:21:41,Preparing,1303.35
7752,4352,9,Rogan Josh,2024-09-23 07:21:41,Delivered,1351.26
7753,2313,104,Samosa,2024-10-15 07:21:41,Preparing,915.82
7754,9524,448,Pani Puri,2022-04-10 07:21:41,Cancelled,163.05
7755,8673,387,Samosa,2022-12-20 07:21:41,Delivered,574.23
7756,4607,299,Butter Chicken,2023-12-25 07:21:41,Cancelled,158.17
7757,6212,33,Pani Puri,2024-02-24 07:21:41,Cancelled,754.85
7758,9892,175,Pani Puri,2024-03-14 07:21:41,Cancelled,648.06
7759,3935,496,Paneer Tikka,2022-09-11 07:21:41,Delivered,858.89
7760,2291,49,Samosa,2024-04-12 07:21:41,Cancelled,940.93
7761,6524,426,Mutton Curry,2022-04-07 07:21:41,Preparing,1228.97
7762,8335,229,Pani Puri,2024-10-21 07:21:41,Cancelled,1234.64
7763,1701,380,Butter Chicken,2023-01-07 07:21:41,Cancelled,1082.5
7764,9659,321,Chole Bhature,2025-01-17 07:21:41,Delivered,362.39
7765,9221,26,Rogan Josh,2022-07-09 07:21:41,Preparing,173.45
7766,8643,201,Biryani,2025-01-13 07:21:41,Delivered,463.82
7767,8632,36,Dosa,2023-01-14 07:21:41,Cancelled,1013.03
7768,330,487,Butter Chicken,2022-12-10 07:21:41,Cancelled,1072.72
7769,317,311,Mutton Curry,2024-09-29 07:21:41,Cancelled,516.9
7770,6427,468,Paneer Tikka,2023-07-06 07:21:41,Cancelled,1025.96
7771,6392,235,Pani Puri,2023-04-19 07:21:41,Preparing,1375.89
7772,3284,179,Pani Puri,2022-07-17 07:21:41,Preparing,872.4
7773,4635,50,Rogan Josh,2022-08-06 07:21:41,Preparing,1148.59
7774,467,110,Paneer Tikka,2023-07-16 07:21:41,Preparing,438.45
7775,2644,168,Dal Makhani,2023-09-04 07:21:41,Cancelled,774.38
7776,4129,1,Rogan Josh,2022-07-20 07:21:41,Preparing,1051.54
7777,8004,370,Dal Makhani,2024-05-24 07:21:41,Preparing,1083.15
7778,9667,355,Mutton Curry,2022-09-11 07:21:41,Delivered,154.19
7779,8887,247,Samosa,2023-07-17 07:21:41,Cancelled,840.29
7780,4665,89,Biryani,2022-09-07 07:21:41,Delivered,871.52
7781,2611,7,Paneer Tikka,2024-03-07 07:21:41,Cancelled,1329.77
7782,7048,96,Rogan Josh,2023-06-30 07:21:41,Cancelled,107.18
7783,2148,191,Rogan Josh,2024-02-22 07:21:41,Cancelled,1092.88
7784,2146,104,Biryani,2024-05-26 07:21:41,Delivered,667.69
7785,3050,406,Mutton Curry,2023-11-28 07:21:41,Preparing,660.78
7786,5851,242,Mutton Curry,2023-03-31 07:21:41,Delivered,952.1
7787,8400,256,Dosa,2025-01-06 07:21:41,Preparing,1343.2
7788,9562,80,Rogan Josh,2024-02-28 07:21:41,Preparing,244.5
7789,7545,432,Mutton Curry,2022-07-08 07:21:41,Cancelled,241.64
7790,452,179,Dosa,2024-01-25 07:21:41,Cancelled,473.1
7791,9915,290,Mutton Curry,2022-09-03 07:21:41,Preparing,104.07
7792,3258,321,Samosa,2023-12-28 07:21:41,Delivered,611.11
7793,1911,84,Dal Makhani,2024-10-12 07:21:41,Preparing,878.19
7794,9242,487,Pani Puri,2024-05-10 07:21:41,Delivered,793.12
7795,9131,421,Butter Chicken,2023-01-01 07:21:41,Delivered,789.0
7796,1429,39,Butter Chicken,2022-08-29 07:21:41,Preparing,482.07
7797,1271,468,Mutton Curry,2024-07-20 07:21:41,Cancelled,994.56
7798,5329,438,Mutton Curry,2022-06-18 07:21:41,Delivered,764.61
7799,4997,156,Chole Bhature,2023-06-01 07:21:41,Preparing,216.04
7800,3256,41,Butter Chicken,2023-02-12 07:21:41,Preparing,1263.48
7801,5650,322,Rogan Josh,2024-05-31 07:21:41,Preparing,729.56
7802,1836,229,Butter Chicken,2024-06-19 07:21:41,Cancelled,672.63
7803,3939,457,Biryani,2024-12-18 07:21:41,Cancelled,401.86
7804,618,438,Dosa,2023-08-02 07:21:41,Delivered,1133.26
7805,3915,105,Dal Makhani,2022-07-05 07:21:41,Delivered,655.01
7806,9852,10,Paneer Tikka,2023-12-15 07:21:41,Preparing,465.45
7807,7881,302,Dosa,2022-07-30 07:21:41,Preparing,751.67
7808,377,377,Samosa,2025-02-16 07:21:41,Cancelled,891.4
7809,2488,292,Mutton Curry,2022-06-12 07:21:41,Delivered,432.62
7810,7891,347,Paneer Tikka,2023-07-08 07:21:41,Delivered,782.08
7811,3133,22,Samosa,2025-01-17 07:21:41,Cancelled,765.64
7812,1151,65,Mutton Curry,2024-09-20 07:21:41,Preparing,1169.65
7813,828,273,Mutton Curry,2023-08-19 07:21:41,Delivered,1234.76
7814,1171,215,Samosa,2022-04-09 07:21:41,Delivered,117.08
7815,5526,444,Samosa,2024-05-14 07:21:41,Preparing,1046.54
7816,4012,439,Rogan Josh,2022-03-16 07:21:41,Preparing,346.37
7817,4179,465,Butter Chicken,2024-04-02 07:21:41,Delivered,1154.82
7818,2460,246,Butter Chicken,2022-07-12 07:21:41,Cancelled,262.56
7819,6810,466,Pani Puri,2024-03-06 07:21:41,Cancelled,912.18
7820,3924,190,Dosa,2023-02-20 07:21:41,Preparing,397.61
7821,665,49,Dal Makhani,2023-07-19 07:21:41,Preparing,258.17
7822,9195,373,Dal Makhani,2023-10-26 07:21:41,Preparing,478.71
7823,9041,490,Biryani,2023-01-06 07:21:41,Delivered,1324.51
7824,5055,277,Biryani,2024-07-18 07:21:41,Delivered,849.95
7825,895,486,Biryani,2023-06-18 07:21:41,Delivered,210.91
7826,5681,345,Paneer Tikka,2022-10-02 07:21:41,Preparing,883.79
7827,5500,13,Biryani,2024-04-08 07:21:41,Delivered,660.63
7828,5542,151,Biryani,2022-11-17 07:21:41,Delivered,389.89
7829,548,225,Mutton Curry,2023-04-03 07:21:41,Preparing,200.41
7830,2262,408,Samosa,2023-04-13 07:21:41,Cancelled,1086.87
7831,8280,410,Paneer Tikka,2023-05-13 07:21:41,Delivered,1344.41
7832,4722,38,Butter Chicken,2025-02-14 07:21:41,Cancelled,550.35
7833,1723,236,Biryani,2024-08-02 07:21:41,Cancelled,1090.2
7834,3711,226,Dal Makhani,2023-01-10 07:21:41,Preparing,1179.97
7835,6665,10,Paneer Tikka,2022-07-14 07:21:41,Preparing,1016.58
7836,1102,376,Dosa,2022-05-04 07:21:41,Preparing,1178.88
7837,911,77,Paneer Tikka,2023-06-04 07:21:41,Cancelled,906.21
7838,4775,397,Samosa,2024-08-02 07:21:41,Preparing,250.91
7839,7458,200,Pani Puri,2022-07-11 07:21:41,Delivered,447.96
7840,4258,442,Chole Bhature,2025-01-22 07:21:41,Delivered,695.79
7841,7248,174,Butter Chicken,2024-03-02 07:21:41,Delivered,1129.93
7842,8346,478,Biryani,2024-04-19 07:21:41,Delivered,347.14
7843,584,229,Mutton Curry,2022-05-15 07:21:41,Delivered,1045.93
7844,6056,34,Chole Bhature,2023-11-26 07:21:41,Delivered,1370.72
7845,583,131,Paneer Tikka,2024-10-20 07:21:41,Delivered,398.29
7846,3168,112,Biryani,2023-01-04 07:21:41,Preparing,109.55
7847,1524,41,Samosa,2022-06-18 07:21:41,Delivered,1182.9
7848,9570,335,Samosa,2022-09-07 07:21:41,Delivered,956.67
7849,3861,147,Dosa,2022-04-01 07:21:41,Preparing,927.5
7850,3350,100,Rogan Josh,2022-03-13 07:21:41,Cancelled,401.66
7851,1770,140,Mutton Curry,2023-06-27 07:21:41,Preparing,498.57
7852,6660,51,Paneer Tikka,2024-04-08 07:21:41,Delivered,533.16
7853,8030,306,Chole Bhature,2024-03-01 07:21:41,Delivered,1112.15
7854,3347,25,Dosa,2023-08-14 07:21:41,Preparing,367.29
7855,6514,97,Samosa,2023-04-30 07:21:41,Cancelled,984.57
7856,8329,311,Dal Makhani,2023-11-09 07:21:41,Delivered,1185.72
7857,276,333,Paneer Tikka,2022-04-05 07:21:41,Delivered,315.33
7858,1525,289,Biryani,2024-10-02 07:21:41,Preparing,869.98
7859,3176,13,Paneer Tikka,2025-01-16 07:21:41,Preparing,620.75
7860,5611,409,Biryani,2024-02-15 07:21:41,Delivered,684.98
7861,620,408,Samosa,2023-12-02 07:21:41,Delivered,1323.99
7862,2657,78,Chole Bhature,2023-04-16 07:21:41,Delivered,210.96
7863,6543,129,Pani Puri,2024-07-24 07:21:41,Preparing,232.81
7864,5045,183,Samosa,2024-11-17 07:21:41,Cancelled,813.04
7865,2472,244,Dal Makhani,2024-08-05 07:21:41,Preparing,246.81
7866,8741,189,Mutton Curry,2023-06-07 07:21:41,Cancelled,465.95
7867,1387,19,Butter Chicken,2022-05-09 07:21:41,Cancelled,1458.59
7868,3043,390,Chole Bhature,2024-02-24 07:21:41,Cancelled,145.37
7869,1129,332,Rogan Josh,2022-05-14 07:21:41,Preparing,261.59
7870,2569,37,Mutton Curry,2025-01-27 07:21:41,Cancelled,1234.21
7871,1617,77,Pani Puri,2022-04-15 07:21:41,Delivered,1470.48
7872,5152,89,Paneer Tikka,2025-02-23 07:21:41,Preparing,1129.15
7873,9869,97,Chole Bhature,2023-08-25 07:21:41,Preparing,975.35
7874,5840,246,Paneer Tikka,2023-05-24 07:21:41,Preparing,1340.07
7875,1122,205,Dosa,2024-06-20 07:21:41,Cancelled,1376.52
7876,2690,411,Dal Makhani,2024-12-07 07:21:41,Delivered,751.24
7877,1947,410,Rogan Josh,2023-07-26 07:21:41,Delivered,1460.54
7878,4039,209,Biryani,2023-03-02 07:21:41,Preparing,386.95
7879,9410,82,Paneer Tikka,2023-10-28 07:21:41,Preparing,296.64
7880,5164,117,Dosa,2022-07-24 07:21:41,Preparing,953.4
7881,6179,81,Rogan Josh,2023-12-25 07:21:41,Cancelled,291.4
7882,386,368,Samosa,2022-12-12 07:21:41,Preparing,553.95
7883,656,161,Mutton Curry,2024-01-10 07:21:41,Delivered,661.52
7884,6767,291,Rogan Josh,2022-10-14 07:21:41,Delivered,943.02
7885,1308,165,Dal Makhani,2022-11-13 07:21:41,Preparing,565.99
7886,5330,162,Dal Makhani,2024-11-07 07:21:41,Preparing,1163.33
7887,9150,462,Chole Bhature,2022-12-23 07:21:41,Delivered,226.6
7888,7782,259,Chole Bhature,2022-10-29 07:21:41,Delivered,1239.32
7889,2995,250,Pani Puri,2022-12-04 07:21:41,Preparing,1190.68
7890,8440,170,Butter Chicken,2022-07-30 07:21:41,Preparing,766.16
7891,273,225,Dal Makhani,2023-07-24 07:21:41,Cancelled,158.8
7892,5422,251,Chole Bhature,2025-03-03 07:21:41,Cancelled,367.64
7893,5329,446,Dal Makhani,2022-09-10 07:21:41,Delivered,1005.79
7894,8722,188,Paneer Tikka,2022-12-10 07:21:41,Delivered,1066.14
7895,5277,443,Samosa,2022-03-17 07:21:41,Delivered,645.97
7896,397,499,Butter Chicken,2022-03-29 07:21:41,Preparing,991.17
7897,7357,288,Paneer Tikka,2023-08-06 07:21:41,Preparing,985.7
7898,9903,187,Paneer Tikka,2024-10-29 07:21:41,Delivered,1189.39
7899,2223,403,Pani Puri,2022-08-24 07:21:41,Delivered,370.31
7900,478,240,Mutton Curry,2023-12-02 07:21:41,Delivered,1070.7
7901,8157,173,Butter Chicken,2022-04-13 07:21:41,Cancelled,377.7
7902,2354,296,Paneer Tikka,2023-02-11 07:21:41,Cancelled,340.42
7903,7039,393,Rogan Josh,2023-04-22 07:21:41,Delivered,1412.93
7904,8963,453,Butter Chicken,2024-01-01 07:21:41,Preparing,1154.93
7905,5702,447,Dal Makhani,2024-04-16 07:21:41,Preparing,445.09
7906,7494,134,Paneer Tikka,2023-07-26 07:21:41,Cancelled,369.18
7907,6395,433,Dal Makhani,2023-06-19 07:21:41,Preparing,964.49
7908,5042,68,Rogan Josh,2022-04-14 07:21:41,Cancelled,1249.29
7909,8731,57,Chole Bhature,2024-06-17 07:21:41,Delivered,976.9
7910,1050,491,Rogan Josh,2024-12-07 07:21:41,Delivered,696.12
7911,7013,318,Mutton Curry,2023-02-11 07:21:41,Cancelled,1258.82
7912,7744,361,Samosa,2023-10-03 07:21:41,Preparing,482.77
7913,3889,183,Mutton Curry,2022-12-16 07:21:41,Preparing,207.07
7914,7694,473,Paneer Tikka,2024-02-23 07:21:41,Preparing,1183.51
7915,6816,427,Paneer Tikka,2023-01-12 07:21:41,Delivered,730.78
7916,8642,149,Mutton Curry,2024-11-13 07:21:41,Delivered,1022.75
7917,4427,443,Samosa,2024-09-03 07:21:41,Cancelled,1133.96
7918,2130,299,Pani Puri,2023-04-25 07:21:41,Cancelled,1290.74
7919,5943,305,Dal Makhani,2022-04-21 07:21:41,Cancelled,558.95
7920,5477,179,Dosa,2022-09-11 07:21:41,Delivered,102.54
7921,1310,5,Chole Bhature,2023-09-27 07:21:41,Cancelled,428.01
7922,5395,470,Samosa,2022-07-28 07:21:41,Cancelled,1499.37
7923,4895,470,Butter Chicken,2024-05-04 07:21:41,Delivered,1464.73
7924,7669,84,Butter Chicken,2024-10-03 07:21:41,Preparing,855.0
7925,9234,172,Butter Chicken,2022-12-07 07:21:41,Preparing,1150.42
7926,3970,123,Biryani,2024-08-31 07:21:41,Cancelled,1365.56
7927,5808,193,Dosa,2024-09-20 07:21:41,Preparing,806.67
7928,8796,38,Samosa,2023-03-19 07:21:41,Delivered,1408.8
7929,4615,115,Biryani,2022-06-22 07:21:41,Preparing,592.32
7930,8738,244,Butter Chicken,2022-03-30 07:21:41,Preparing,332.42
7931,4782,31,Dal Makhani,2023-02-04 07:21:41,Delivered,624.67
7932,7194,446,Mutton Curry,2023-08-18 07:21:41,Delivered,557.8
7933,8151,293,Paneer Tikka,2024-11-29 07:21:41,Delivered,353.97
7934,642,15,Butter Chicken,2024-12-06 07:21:41,Delivered,855.84
7935,8907,217,Dosa,2024-01-27 07:21:41,Delivered,1246.04
7936,9598,246,Pani Puri,2022-09-24 07:21:41,Preparing,672.7
7937,9887,118,Pani Puri,2025-01-05 07:21:41,Preparing,1224.66
7938,9148,74,Chole Bhature,2024-07-20 07:21:41,Preparing,807.97
7939,922,141,Paneer Tikka,2022-09-15 07:21:41,Cancelled,708.69
7940,2595,325,Chole Bhature,2023-07-29 07:21:41,Preparing,166.75
7941,3544,176,Biryani,2022-07-25 07:21:41,Delivered,576.13
7942,3503,24,Biryani,2023-09-04 07:21:41,Delivered,291.49
7943,9195,251,Biryani,2024-09-11 07:21:41,Delivered,139.15
7944,5811,457,Biryani,2023-07-18 07:21:41,Cancelled,345.41
7945,9700,376,Rogan Josh,2023-12-05 07:21:41,Preparing,188.03
7946,9257,364,Paneer Tikka,2023-05-24 07:21:41,Cancelled,564.38
7947,437,118,Biryani,2022-06-06 07:21:41,Cancelled,1465.14
7948,8358,421,Samosa,2022-07-08 07:21:41,Delivered,1373.73
7949,231,66,Dal Makhani,2024-06-17 07:21:41,Delivered,778.85
7950,4585,383,Dosa,2023-06-04 07:21:41,Delivered,883.73
7951,3884,96,Dosa,2023-10-21 07:21:41,Preparing,888.49
7952,9602,180,Chole Bhature,2025-01-15 07:21:41,Cancelled,1463.51
7953,1551,249,Samosa,2024-08-03 07:21:41,Delivered,547.52
7954,5317,22,Biryani,2024-03-10 07:21:41,Preparing,799.51
7955,9946,371,Butter Chicken,2022-07-28 07:21:41,Delivered,741.61
7956,56,249,Paneer Tikka,2024-01-08 07:21:41,Delivered,1485.52
7957,1588,144,Samosa,2023-09-30 07:21:41,Delivered,162.63
7958,4761,359,Biryani,2024-02-22 07:21:41,Preparing,1450.67
7959,5280,449,Pani Puri,2024-02-29 07:21:41,Preparing,848.94
7960,8549,449,Paneer Tikka,2024-09-16 07:21:41,Delivered,218.48
7961,8331,486,Samosa,2022-08-17 07:21:41,Cancelled,1096.77
7962,7732,412,Dal Makhani,2023-04-02 07:21:41,Delivered,1428.01
7963,4440,200,Chole Bhature,2024-10-27 07:21:41,Cancelled,1299.75
7964,2405,242,Pani Puri,2023-07-23 07:21:41,Cancelled,302.96
7965,6493,108,Pani Puri,2024-07-20 07:21:41,Delivered,1352.79
7966,3659,13,Samosa,2023-03-03 07:21:41,Preparing,632.95
7967,7922,18,Pani Puri,2024-12-05 07:21:41,Preparing,1174.73
7968,6932,95,Biryani,2022-08-22 07:21:41,Preparing,1425.27
7969,4624,234,Pani Puri,2023-01-15 07:21:41,Delivered,1269.01
7970,183,237,Dosa,2024-05-09 07:21:41,Delivered,557.61
7971,1710,186,Paneer Tikka,2023-06-14 07:21:41,Preparing,502.26
7972,9504,469,Samosa,2024-08-02 07:21:41,Preparing,200.49
7973,9561,201,Mutton Curry,2023-12-26 07:21:41,Delivered,1398.33
7974,4719,68,Dal Makhani,2023-11-10 07:21:41,Delivered,1212.03
7975,7761,283,Biryani,2024-10-21 07:21:41,Delivered,558.22
7976,8626,391,Rogan Josh,2024-06-11 07:21:41,Preparing,775.45
7977,62,190,Dal Makhani,2024-10-20 07:21:41,Delivered,779.74
7978,5776,301,Paneer Tikka,2023-10-20 07:21:41,Preparing,340.46
7979,9946,198,Mutton Curry,2022-08-09 07:21:41,Cancelled,304.77
7980,6754,434,Biryani,2022-03-07 07:21:41,Delivered,899.95
7981,5128,329,Mutton Curry,2024-03-22 07:21:41,Delivered,903.71
7982,3790,45,Biryani,2024-03-05 07:21:41,Cancelled,1189.83
7983,860,351,Dal Makhani,2022-03-15 07:21:41,Delivered,857.47
7984,3774,213,Mutton Curry,2023-12-31 07:21:41,Delivered,990.65
7985,696,302,Pani Puri,2022-09-12 07:21:41,Preparing,773.92
7986,3282,169,Mutton Curry,2022-12-20 07:21:41,Preparing,367.18
7987,1009,224,Biryani,2024-07-24 07:21:41,Preparing,480.73
7988,9761,193,Dosa,2022-12-28 07:21:41,Delivered,1135.7
7989,7251,178,Butter Chicken,2022-11-29 07:21:41,Delivered,1316.08
7990,6637,235,Rogan Josh,2022-03-26 07:21:41,Preparing,390.94
7991,3715,285,Butter Chicken,2022-10-01 07:21:41,Delivered,295.46
7992,99,480,Biryani,2023-05-18 07:21:41,Delivered,121.96
7993,5667,388,Dal Makhani,2022-05-31 07:21:41,Cancelled,853.61
7994,8332,193,Dal Makhani,2023-04-04 07:21:41,Delivered,649.94
7995,4002,490,Paneer Tikka,2022-12-30 07:21:41,Cancelled,176.99
7996,6288,495,Butter Chicken,2023-06-22 07:21:41,Preparing,1328.34
7997,6635,4,Dosa,2023-10-13 07:21:41,Preparing,451.7
7998,9405,4,Dosa,2024-11-07 07:21:41,Preparing,454.48
7999,8731,198,Chole Bhature,2023-01-30 07:21:41,Cancelled,398.65
8000,3094,135,Biryani,2022-05-15 07:21:41,Cancelled,460.08
8001,2478,272,Paneer Tikka,2024-05-14 07:21:41,Cancelled,532.36
8002,4979,431,Paneer Tikka,2022-10-13 07:21:41,Cancelled,868.64
8003,9759,490,Dal Makhani,2023-05-19 07:21:41,Cancelled,587.83
8004,5216,323,Mutton Curry,2022-12-17 07:21:41,Cancelled,514.32
8005,9670,467,Samosa,2022-04-06 07:21:41,Delivered,1274.02
8006,834,197,Dal Makhani,2024-03-25 07:21:41,Cancelled,326.78
8007,5031,302,Dal Makhani,2023-07-24 07:21:41,Preparing,329.49
8008,1732,371,Dosa,2024-07-29 07:21:41,Preparing,1192.32
8009,5081,308,Paneer Tikka,2024-08-03 07:21:41,Preparing,936.38
8010,3519,116,Chole Bhature,2022-07-09 07:21:41,Delivered,1085.95
8011,1861,212,Samosa,2023-08-16 07:21:41,Delivered,474.23
8012,4495,336,Pani Puri,2023-01-10 07:21:41,Delivered,667.74
8013,5364,254,Mutton Curry,2025-02-05 07:21:41,Cancelled,970.33
8014,2635,291,Samosa,2022-07-15 07:21:41,Delivered,138.18
8015,5455,222,Mutton Curry,2024-02-26 07:21:41,Preparing,1043.96
8016,5777,340,Pani Puri,2022-11-26 07:21:41,Delivered,786.45
8017,8919,314,Biryani,2022-10-25 07:21:41,Delivered,719.92
8018,7829,446,Biryani,2022-08-19 07:21:41,Delivered,1425.21
8019,3397,10,Butter Chicken,2024-09-04 07:21:41,Preparing,880.02
8020,4553,411,Dosa,2025-03-01 07:21:41,Preparing,905.23
8021,1724,241,Mutton Curry,2023-10-11 07:21:41,Preparing,1259.65
8022,4000,304,Mutton Curry,2025-01-28 07:21:41,Preparing,234.81
8023,9824,284,Mutton Curry,2022-09-21 07:21:41,Preparing,1302.88
8024,2226,263,Chole Bhature,2023-11-28 07:21:41,Delivered,793.98
8025,592,143,Samosa,2023-03-24 07:21:41,Delivered,643.31
8026,9121,431,Biryani,2024-02-06 07:21:41,Preparing,1093.15
8027,8670,445,Pani Puri,2023-01-20 07:21:41,Delivered,421.25
8028,745,373,Mutton Curry,2024-04-30 07:21:41,Preparing,1236.98
8029,1788,62,Dal Makhani,2023-10-24 07:21:41,Delivered,295.22
8030,8759,208,Dosa,2023-08-05 07:21:41,Cancelled,624.62
8031,1062,19,Mutton Curry,2022-11-23 07:21:41,Delivered,345.67
8032,2977,95,Dosa,2024-05-12 07:21:41,Preparing,1223.3
8033,7237,326,Dosa,2024-09-08 07:21:41,Cancelled,473.14
8034,3718,486,Dosa,2022-09-18 07:21:41,Delivered,490.14
8035,6223,7,Butter Chicken,2024-11-19 07:21:41,Delivered,685.44
8036,882,239,Samosa,2024-10-09 07:21:41,Delivered,229.7
8037,6079,275,Rogan Josh,2022-07-03 07:21:41,Delivered,209.14
8038,3700,48,Chole Bhature,2024-07-20 07:21:41,Preparing,884.72
8039,8193,293,Samosa,2024-05-08 07:21:41,Preparing,1155.62
8040,1823,497,Chole Bhature,2023-05-12 07:21:41,Preparing,415.1
8041,7051,399,Dal Makhani,2024-11-29 07:21:41,Delivered,1204.01
8042,636,269,Pani Puri,2024-11-09 07:21:41,Preparing,692.25
8043,5728,457,Rogan Josh,2022-04-03 07:21:41,Preparing,699.88
8044,1993,1,Chole Bhature,2023-10-12 07:21:41,Delivered,862.66
8045,7576,152,Dal Makhani,2024-01-08 07:21:41,Preparing,1456.68
8046,3679,469,Chole Bhature,2022-05-12 07:21:41,Delivered,1087.93
8047,6571,319,Mutton Curry,2023-12-11 07:21:41,Delivered,940.15
8048,412,187,Mutton Curry,2024-12-13 07:21:41,Preparing,1390.15
8049,1452,364,Pani Puri,2024-05-31 07:21:41,Delivered,1384.89
8050,9314,25,Biryani,2023-10-03 07:21:41,Cancelled,1426.9
8051,8814,208,Rogan Josh,2024-02-10 07:21:41,Delivered,1367.46
8052,605,28,Pani Puri,2023-03-28 07:21:41,Cancelled,787.22
8053,1707,135,Pani Puri,2024-06-24 07:21:41,Cancelled,1092.73
8054,2955,193,Butter Chicken,2024-07-30 07:21:41,Cancelled,1050.06
8055,6904,258,Pani Puri,2024-04-20 07:21:41,Preparing,919.32
8056,5056,232,Mutton Curry,2022-04-04 07:21:41,Cancelled,469.73
8057,1079,347,Dal Makhani,2024-08-27 07:21:41,Preparing,1172.58
8058,7300,306,Butter Chicken,2022-08-05 07:21:41,Delivered,344.9
8059,8668,442,Dal Makhani,2023-07-17 07:21:41,Cancelled,982.09
8060,2242,260,Rogan Josh,2023-05-29 07:21:41,Cancelled,613.94
8061,5637,290,Mutton Curry,2022-12-19 07:21:41,Delivered,910.17
8062,8391,397,Pani Puri,2024-10-07 07:21:41,Preparing,772.02
8063,2599,445,Samosa,2022-05-15 07:21:41,Preparing,146.22
8064,1750,328,Paneer Tikka,2024-02-28 07:21:41,Cancelled,1012.84
8065,6361,497,Butter Chicken,2022-12-01 07:21:41,Cancelled,144.75
8066,6867,229,Chole Bhature,2024-05-06 07:21:41,Cancelled,215.7
8067,2954,189,Paneer Tikka,2024-07-17 07:21:41,Delivered,271.82
8068,4622,288,Chole Bhature,2024-04-10 07:21:41,Delivered,974.1
8069,6168,373,Paneer Tikka,2022-04-13 07:21:41,Delivered,1030.56
8070,1808,302,Butter Chicken,2023-07-11 07:21:41,Delivered,1190.32
8071,5090,139,Paneer Tikka,2023-02-25 07:21:41,Preparing,482.62
8072,6243,202,Chole Bhature,2022-03-29 07:21:41,Cancelled,1374.21
8073,3878,369,Rogan Josh,2022-03-30 07:21:41,Delivered,587.38
8074,810,275,Dosa,2023-01-20 07:21:41,Cancelled,960.21
8075,5545,316,Chole Bhature,2023-07-24 07:21:41,Preparing,958.75
8076,9153,254,Biryani,2023-05-01 07:21:41,Preparing,830.57
8077,2005,99,Samosa,2025-02-11 07:21:41,Cancelled,1089.7
8078,813,233,Chole Bhature,2024-11-06 07:21:41,Preparing,1003.46
8079,8657,187,Mutton Curry,2024-04-08 07:21:41,Cancelled,1244.02
8080,3240,42,Dosa,2024-11-15 07:21:41,Cancelled,1320.94
8081,7931,157,Paneer Tikka,2022-10-06 07:21:41,Delivered,1333.75
8082,1188,213,Rogan Josh,2024-09-17 07:21:41,Cancelled,232.03
8083,1201,120,Rogan Josh,2023-12-31 07:21:41,Cancelled,1074.14
8084,1799,401,Biryani,2024-04-20 07:21:41,Preparing,562.31
8085,4383,417,Paneer Tikka,2022-07-21 07:21:41,Preparing,1230.26
8086,2030,328,Paneer Tikka,2024-11-16 07:21:41,Cancelled,1429.09
8087,6744,140,Mutton Curry,2024-03-05 07:21:41,Delivered,1186.16
8088,3452,231,Chole Bhature,2025-02-06 07:21:41,Cancelled,568.32
8089,1218,17,Rogan Josh,2024-02-14 07:21:41,Preparing,868.0
8090,5347,174,Biryani,2025-03-02 07:21:41,Preparing,1331.63
8091,2134,156,Paneer Tikka,2024-01-14 07:21:41,Cancelled,1200.46
8092,5429,66,Rogan Josh,2024-07-19 07:21:41,Preparing,626.36
8093,5336,312,Samosa,2025-01-05 07:21:41,Delivered,1285.83
8094,5385,269,Paneer Tikka,2024-11-05 07:21:41,Cancelled,751.63
8095,7082,500,Chole Bhature,2022-11-02 07:21:41,Delivered,238.99
8096,8237,240,Dosa,2023-11-16 07:21:41,Delivered,636.23
8097,3122,236,Chole Bhature,2023-03-22 07:21:41,Cancelled,458.7
8098,5589,116,Dosa,2023-10-22 07:21:41,Cancelled,1487.66
8099,7717,171,Chole Bhature,2022-05-07 07:21:41,Cancelled,1149.9
8100,1535,17,Pani Puri,2025-01-06 07:21:41,Preparing,317.27
8101,6556,81,Mutton Curry,2023-05-07 07:21:41,Preparing,859.54
8102,6034,152,Biryani,2023-10-28 07:21:41,Delivered,990.17
8103,132,169,Paneer Tikka,2023-10-04 07:21:41,Cancelled,1486.48
8104,4421,415,Dal Makhani,2023-07-21 07:21:41,Preparing,1470.61
8105,5714,168,Mutton Curry,2024-10-25 07:21:41,Delivered,556.43
8106,1938,18,Mutton Curry,2023-09-01 07:21:41,Preparing,268.01
8107,2460,434,Rogan Josh,2025-02-08 07:21:41,Delivered,687.52
8108,2372,6,Chole Bhature,2022-10-03 07:21:41,Cancelled,738.89
8109,788,470,Butter Chicken,2025-01-04 07:21:41,Cancelled,329.38
8110,2832,356,Biryani,2024-09-14 07:21:41,Preparing,390.82
8111,2187,373,Samosa,2024-01-24 07:21:41,Preparing,1370.99
8112,5551,477,Rogan Josh,2024-01-07 07:21:41,Cancelled,1471.85
8113,4955,251,Biryani,2022-11-21 07:21:41,Cancelled,863.5
8114,1045,331,Paneer Tikka,2025-02-20 07:21:41,Delivered,1169.86
8115,8183,77,Rogan Josh,2023-01-04 07:21:41,Cancelled,279.28
8116,7593,475,Butter Chicken,2024-08-07 07:21:41,Preparing,243.34
8117,6111,334,Paneer Tikka,2023-07-25 07:21:41,Cancelled,275.89
8118,4361,445,Pani Puri,2024-10-19 07:21:41,Preparing,1218.32
8119,5735,8,Mutton Curry,2022-05-31 07:21:41,Delivered,145.79
8120,8329,159,Pani Puri,2024-02-18 07:21:41,Delivered,1231.53
8121,765,311,Rogan Josh,2024-10-27 07:21:41,Cancelled,1485.83
8122,564,81,Butter Chicken,2023-11-07 07:21:41,Delivered,347.88
8123,7461,256,Chole Bhature,2025-01-27 07:21:41,Preparing,1111.93
8124,2223,164,Pani Puri,2024-07-19 07:21:41,Cancelled,1064.28
8125,5361,336,Biryani,2022-03-08 07:21:41,Cancelled,336.32
8126,7573,98,Biryani,2023-04-15 07:21:41,Cancelled,383.87
8127,953,9,Chole Bhature,2024-08-28 07:21:41,Preparing,1215.47
8128,6881,465,Samosa,2024-09-14 07:21:41,Cancelled,642.05
8129,2572,122,Butter Chicken,2022-05-28 07:21:41,Cancelled,767.97
8130,9548,168,Chole Bhature,2024-01-07 07:21:41,Delivered,277.23
8131,7340,429,Dal Makhani,2024-07-16 07:21:41,Delivered,366.49
8132,2818,101,Paneer Tikka,2024-08-21 07:21:41,Delivered,819.48
8133,2169,494,Pani Puri,2024-08-25 07:21:41,Preparing,150.3
8134,3606,293,Mutton Curry,2025-02-04 07:21:41,Preparing,926.22
8135,4542,217,Chole Bhature,2022-09-26 07:21:41,Cancelled,904.32
8136,5891,5,Dal Makhani,2024-05-02 07:21:41,Cancelled,1061.46
8137,819,434,Pani Puri,2025-01-23 07:21:41,Delivered,1185.66
8138,5265,255,Pani Puri,2025-02-11 07:21:41,Delivered,600.26
8139,9751,187,Paneer Tikka,2022-04-11 07:21:41,Delivered,1326.19
8140,3292,183,Paneer Tikka,2022-10-10 07:21:41,Preparing,127.17
8141,9261,237,Mutton Curry,2024-03-03 07:21:41,Cancelled,703.92
8142,4585,285,Pani Puri,2022-10-16 07:21:41,Preparing,683.95
8143,1695,80,Mutton Curry,2022-10-21 07:21:41,Preparing,501.21
8144,2900,452,Mutton Curry,2023-01-28 07:21:41,Delivered,583.8
8145,7157,81,Butter Chicken,2024-06-03 07:21:41,Delivered,280.47
8146,2561,451,Paneer Tikka,2023-01-11 07:21:41,Cancelled,743.01
8147,3724,159,Dal Makhani,2022-10-14 07:21:41,Preparing,815.62
8148,6002,209,Butter Chicken,2024-03-29 07:21:41,Delivered,226.01
8149,9578,126,Butter Chicken,2022-09-13 07:21:41,Preparing,652.38
8150,5675,73,Biryani,2024-06-11 07:21:41,Cancelled,1457.71
8151,9422,130,Samosa,2023-07-01 07:21:41,Cancelled,213.79
8152,2755,75,Dal Makhani,2024-05-28 07:21:41,Cancelled,1134.85
8153,6477,435,Mutton Curry,2024-06-21 07:21:41,Preparing,845.82
8154,6520,391,Dal Makhani,2023-11-18 07:21:41,Preparing,217.15
8155,3958,137,Chole Bhature,2023-12-15 07:21:41,Delivered,1374.23
8156,722,350,Dosa,2023-03-26 07:21:41,Delivered,310.16
8157,4762,449,Butter Chicken,2022-06-24 07:21:41,Delivered,1258.56
8158,4949,188,Chole Bhature,2023-05-30 07:21:41,Preparing,1198.69
8159,6299,125,Mutton Curry,2024-03-01 07:21:41,Cancelled,692.51
8160,864,268,Dosa,2023-06-23 07:21:41,Delivered,988.98
8161,1220,273,Samosa,2024-02-12 07:21:41,Delivered,266.56
8162,2432,316,Biryani,2024-07-28 07:21:41,Delivered,1368.36
8163,7807,484,Paneer Tikka,2022-04-15 07:21:41,Delivered,1119.18
8164,914,204,Butter Chicken,2023-02-23 07:21:41,Delivered,797.72
8165,8727,314,Biryani,2024-03-29 07:21:41,Delivered,403.42
8166,7069,126,Rogan Josh,2023-05-27 07:21:41,Preparing,1421.66
8167,269,353,Butter Chicken,2024-03-18 07:21:41,Cancelled,427.49
8168,1521,481,Pani Puri,2023-08-31 07:21:41,Cancelled,245.53
8169,2405,331,Pani Puri,2023-12-26 07:21:41,Delivered,948.08
8170,4993,246,Paneer Tikka,2024-08-04 07:21:41,Cancelled,1110.1
8171,8527,26,Dal Makhani,2023-01-08 07:21:41,Preparing,268.27
8172,8804,177,Samosa,2023-05-19 07:21:41,Cancelled,195.91
8173,7719,423,Pani Puri,2022-12-23 07:21:41,Delivered,432.14
8174,5835,214,Chole Bhature,2024-02-01 07:21:41,Delivered,863.69
8175,162,192,Biryani,2022-06-28 07:21:41,Cancelled,383.59
8176,4136,326,Paneer Tikka,2022-10-03 07:21:41,Cancelled,238.91
8177,6733,165,Butter Chicken,2025-01-12 07:21:41,Cancelled,1384.23
8178,4313,343,Samosa,2024-06-18 07:21:41,Preparing,977.54
8179,1654,133,Paneer Tikka,2024-04-07 07:21:41,Cancelled,827.93
8180,1082,47,Pani Puri,2023-10-03 07:21:41,Cancelled,368.2
8181,2734,384,Pani Puri,2023-05-24 07:21:41,Delivered,409.2
8182,5057,324,Dal Makhani,2023-11-10 07:21:41,Cancelled,868.25
8183,4190,150,Dal Makhani,2023-09-28 07:21:41,Cancelled,989.38
8184,2436,169,Paneer Tikka,2024-04-27 07:21:41,Cancelled,480.36
8185,5962,334,Dosa,2022-10-30 07:21:41,Cancelled,376.25
8186,1025,477,Dosa,2024-12-21 07:21:41,Preparing,795.66
8187,6277,486,Butter Chicken,2022-10-01 07:21:41,Cancelled,436.7
8188,458,264,Biryani,2023-01-05 07:21:41,Delivered,945.19
8189,3433,442,Biryani,2024-08-04 07:21:41,Cancelled,275.53
8190,9410,391,Butter Chicken,2024-04-08 07:21:41,Delivered,1353.88
8191,7219,252,Butter Chicken,2024-05-14 07:21:41,Delivered,913.94
8192,699,106,Pani Puri,2024-10-24 07:21:41,Preparing,1301.18
8193,9115,464,Mutton Curry,2024-11-26 07:21:41,Delivered,425.83
8194,8052,437,Samosa,2023-05-29 07:21:41,Preparing,1490.61
8195,7170,79,Butter Chicken,2022-10-25 07:21:41,Cancelled,1294.66
8196,5123,324,Butter Chicken,2023-05-23 07:21:41,Delivered,897.09
8197,3280,232,Dal Makhani,2023-06-28 07:21:41,Delivered,1336.4
8198,3617,57,Dal Makhani,2022-04-06 07:21:41,Preparing,859.33
8199,2785,86,Rogan Josh,2022-03-24 07:21:41,Cancelled,978.42
8200,9946,401,Dosa,2023-03-07 07:21:41,Delivered,437.1
8201,2005,430,Samosa,2022-08-02 07:21:41,Delivered,1498.48
8202,8450,196,Dal Makhani,2024-09-12 07:21:41,Delivered,1468.76
8203,1515,458,Dosa,2023-10-09 07:21:41,Cancelled,760.36
8204,4734,281,Mutton Curry,2023-11-06 07:21:41,Delivered,987.94
8205,2619,281,Chole Bhature,2023-05-14 07:21:41,Preparing,1088.78
8206,8649,39,Paneer Tikka,2023-06-26 07:21:41,Preparing,351.15
8207,8277,265,Biryani,2025-03-02 07:21:41,Cancelled,1117.85
8208,2647,453,Mutton Curry,2022-07-16 07:21:41,Delivered,662.31
8209,4528,107,Rogan Josh,2024-10-11 07:21:41,Cancelled,155.98
8210,6074,51,Mutton Curry,2022-12-08 07:21:41,Delivered,743.01
8211,3337,348,Butter Chicken,2024-07-28 07:21:41,Preparing,1481.83
8212,8724,129,Mutton Curry,2022-07-09 07:21:41,Cancelled,771.34
8213,5654,480,Mutton Curry,2022-12-20 07:21:41,Preparing,815.59
8214,7777,317,Rogan Josh,2023-09-17 07:21:41,Delivered,559.72
8215,4001,461,Samosa,2024-07-03 07:21:41,Delivered,1319.25
8216,6215,373,Dosa,2023-03-28 07:21:41,Cancelled,735.92
8217,7174,412,Pani Puri,2024-04-05 07:21:41,Preparing,297.51
8218,5869,475,Butter Chicken,2023-08-16 07:21:41,Delivered,1282.26
8219,1129,483,Pani Puri,2025-02-12 07:21:41,Cancelled,1186.93
8220,6153,428,Butter Chicken,2022-09-06 07:21:41,Cancelled,448.42
8221,3291,450,Rogan Josh,2023-06-11 07:21:41,Delivered,1098.36
8222,4793,417,Biryani,2022-04-22 07:21:41,Delivered,167.47
8223,4609,131,Mutton Curry,2024-11-06 07:21:41,Delivered,1490.79
8224,519,7,Paneer Tikka,2023-05-31 07:21:41,Cancelled,1364.42
8225,4075,143,Pani Puri,2023-01-25 07:21:41,Cancelled,510.51
8226,8901,325,Paneer Tikka,2023-11-04 07:21:41,Cancelled,933.74
8227,1749,374,Rogan Josh,2022-06-01 07:21:41,Delivered,578.73
8228,2094,136,Chole Bhature,2024-06-23 07:21:41,Delivered,1142.66
8229,2671,360,Dal Makhani,2022-07-14 07:21:41,Cancelled,935.59
8230,1911,284,Chole Bhature,2024-12-16 07:21:41,Cancelled,1356.16
8231,6681,198,Pani Puri,2023-05-11 07:21:41,Preparing,1156.8
8232,5084,77,Pani Puri,2023-03-27 07:21:41,Preparing,1138.08
8233,4764,452,Dal Makhani,2022-05-16 07:21:41,Cancelled,1289.9
8234,2398,215,Rogan Josh,2022-08-05 07:21:41,Delivered,1315.84
8235,9432,114,Rogan Josh,2022-12-07 07:21:41,Cancelled,1052.75
8236,2519,498,Mutton Curry,2022-03-06 07:21:41,Preparing,225.94
8237,3389,95,Mutton Curry,2023-11-12 07:21:41,Delivered,734.08
8238,7734,17,Mutton Curry,2024-12-14 07:21:41,Delivered,237.32
8239,5199,94,Dal Makhani,2022-08-29 07:21:41,Cancelled,1023.2
8240,3917,301,Mutton Curry,2024-03-04 07:21:41,Delivered,1441.72
8241,4861,213,Chole Bhature,2023-02-25 07:21:41,Preparing,1299.8
8242,2702,325,Paneer Tikka,2022-07-11 07:21:41,Cancelled,1073.46
8243,9397,460,Dosa,2025-02-01 07:21:41,Delivered,1449.81
8244,4725,257,Dosa,2024-03-29 07:21:41,Delivered,1365.66
8245,4033,156,Samosa,2022-06-21 07:21:41,Delivered,1283.79
8246,2449,179,Dosa,2022-03-27 07:21:41,Preparing,595.99
8247,1987,318,Pani Puri,2024-05-27 07:21:41,Delivered,1430.4
8248,3547,248,Biryani,2022-03-26 07:21:41,Preparing,945.55
8249,8102,368,Pani Puri,2023-11-05 07:21:41,Delivered,770.22
8250,5905,473,Biryani,2024-02-12 07:21:41,Preparing,1299.26
8251,535,462,Butter Chicken,2023-12-21 07:21:41,Cancelled,803.23
8252,6287,374,Dosa,2024-08-07 07:21:41,Cancelled,545.24
8253,488,290,Mutton Curry,2024-11-28 07:21:41,Delivered,853.61
8254,2293,434,Rogan Josh,2022-08-13 07:21:41,Cancelled,1100.0
8255,6958,298,Paneer Tikka,2022-12-18 07:21:41,Preparing,858.0
8256,7340,135,Chole Bhature,2024-09-19 07:21:41,Preparing,1175.77
8257,4104,313,Pani Puri,2023-04-29 07:21:41,Delivered,941.58
8258,3324,430,Rogan Josh,2024-04-18 07:21:41,Delivered,483.42
8259,4272,16,Dal Makhani,2022-08-23 07:21:41,Cancelled,577.35
8260,963,30,Rogan Josh,2023-03-03 07:21:41,Delivered,1292.51
8261,7069,269,Biryani,2022-09-02 07:21:41,Preparing,1320.91
8262,9722,96,Dosa,2022-03-17 07:21:41,Preparing,646.68
8263,6479,285,Paneer Tikka,2025-01-28 07:21:41,Preparing,1123.29
8264,329,378,Dal Makhani,2023-09-22 07:21:41,Preparing,556.59
8265,8494,288,Butter Chicken,2023-07-11 07:21:41,Delivered,1483.11
8266,3815,453,Butter Chicken,2022-08-03 07:21:41,Delivered,964.41
8267,4069,154,Chole Bhature,2023-04-07 07:21:41,Preparing,113.87
8268,9156,445,Samosa,2022-06-05 07:21:41,Cancelled,1042.39
8269,1936,179,Butter Chicken,2024-05-24 07:21:41,Cancelled,187.35
8270,6047,481,Chole Bhature,2022-07-31 07:21:41,Delivered,448.35
8271,3893,455,Dosa,2022-10-29 07:21:41,Delivered,1459.38
8272,595,408,Mutton Curry,2023-12-08 07:21:41,Preparing,761.34
8273,1158,111,Biryani,2024-03-03 07:21:41,Preparing,454.65
8274,2653,123,Dal Makhani,2025-02-18 07:21:41,Delivered,488.09
8275,6001,439,Biryani,2024-06-18 07:21:41,Cancelled,1248.8
8276,4590,259,Dal Makhani,2024-09-18 07:21:41,Preparing,327.53
8277,978,461,Mutton Curry,2024-07-21 07:21:41,Delivered,247.75
8278,2130,287,Biryani,2023-09-05 07:21:41,Cancelled,1064.59
8279,8790,124,Dal Makhani,2023-03-04 07:21:41,Delivered,981.68
8280,9780,261,Pani Puri,2022-07-19 07:21:41,Preparing,713.38
8281,2955,77,Rogan Josh,2023-02-23 07:21:41,Cancelled,680.31
8282,1970,205,Butter Chicken,2024-10-27 07:21:41,Cancelled,209.13
8283,8379,192,Mutton Curry,2022-04-27 07:21:41,Cancelled,495.66
8284,9426,476,Biryani,2022-12-02 07:21:41,Delivered,506.88
8285,3346,450,Samosa,2024-04-01 07:21:41,Cancelled,1302.12
8286,1797,485,Mutton Curry,2024-03-16 07:21:41,Cancelled,1481.3
8287,7718,165,Butter Chicken,2024-10-02 07:21:41,Preparing,157.79
8288,544,349,Butter Chicken,2022-09-18 07:21:41,Delivered,468.81
8289,6788,200,Paneer Tikka,2023-11-09 07:21:41,Preparing,336.74
8290,3521,140,Butter Chicken,2024-02-07 07:21:41,Preparing,463.66
8291,84,161,Dal Makhani,2023-04-20 07:21:41,Preparing,500.84
8292,8104,254,Mutton Curry,2024-11-14 07:21:41,Cancelled,302.96
8293,9499,388,Chole Bhature,2024-07-02 07:21:41,Delivered,724.84
8294,3246,255,Butter Chicken,2022-04-24 07:21:41,Delivered,1415.79
8295,2740,225,Mutton Curry,2022-06-29 07:21:41,Preparing,1079.33
8296,5065,85,Rogan Josh,2022-07-22 07:21:41,Cancelled,1266.67
8297,6246,303,Dosa,2024-10-06 07:21:41,Delivered,1284.57
8298,7158,212,Butter Chicken,2023-03-13 07:21:41,Cancelled,1497.27
8299,5942,332,Biryani,2023-04-22 07:21:41,Preparing,157.91
8300,3354,76,Dal Makhani,2025-02-05 07:21:41,Preparing,1166.13
8301,6045,309,Paneer Tikka,2022-07-15 07:21:41,Preparing,651.09
8302,7754,242,Pani Puri,2024-09-25 07:21:41,Delivered,1224.91
8303,7473,312,Dal Makhani,2024-01-24 07:21:41,Cancelled,854.37
8304,5083,99,Chole Bhature,2023-02-28 07:21:41,Cancelled,633.69
8305,2977,396,Butter Chicken,2025-02-04 07:21:41,Delivered,1230.42
8306,6234,95,Paneer Tikka,2023-12-17 07:21:41,Cancelled,1247.87
8307,3890,83,Mutton Curry,2022-05-14 07:21:41,Delivered,217.5
8308,3704,146,Mutton Curry,2024-04-19 07:21:41,Delivered,943.1
8309,6693,197,Chole Bhature,2023-03-18 07:21:41,Delivered,109.19
8310,1992,417,Samosa,2024-04-27 07:21:41,Delivered,1491.86
8311,868,44,Chole Bhature,2024-12-27 07:21:41,Cancelled,1293.24
8312,8099,474,Butter Chicken,2023-07-07 07:21:41,Preparing,952.22
8313,777,205,Pani Puri,2023-01-22 07:21:41,Delivered,644.15
8314,419,218,Pani Puri,2022-05-22 07:21:41,Preparing,305.38
8315,827,393,Dal Makhani,2024-07-18 07:21:41,Cancelled,1048.75
8316,135,360,Samosa,2023-05-14 07:21:41,Delivered,1379.52
8317,5210,279,Paneer Tikka,2024-03-29 07:21:41,Cancelled,565.38
8318,770,465,Mutton Curry,2022-12-17 07:21:41,Preparing,685.6
8319,8429,198,Pani Puri,2025-02-19 07:21:41,Preparing,273.67
8320,5335,1,Mutton Curry,2023-04-25 07:21:41,Cancelled,328.74
8321,5868,500,Samosa,2022-12-21 07:21:41,Cancelled,558.62
8322,554,39,Chole Bhature,2022-08-18 07:21:41,Cancelled,973.27
8323,403,267,Rogan Josh,2023-02-10 07:21:41,Preparing,380.25
8324,6122,112,Pani Puri,2024-09-05 07:21:41,Delivered,1338.31
8325,2963,93,Rogan Josh,2024-07-30 07:21:41,Preparing,912.1
8326,6054,13,Samosa,2022-12-22 07:21:41,Delivered,1071.63
8327,8021,365,Samosa,2022-05-12 07:21:41,Delivered,780.87
8328,6467,112,Paneer Tikka,2022-09-23 07:21:41,Cancelled,558.63
8329,9415,418,Biryani,2024-07-08 07:21:41,Preparing,1151.0
8330,5000,483,Dal Makhani,2023-05-27 07:21:41,Delivered,706.42
8331,3260,480,Rogan Josh,2023-01-17 07:21:41,Delivered,1289.19
8332,3010,404,Butter Chicken,2024-12-04 07:21:41,Preparing,1394.88
8333,7408,346,Rogan Josh,2023-05-07 07:21:41,Cancelled,412.16
8334,8329,289,Mutton Curry,2024-11-30 07:21:41,Cancelled,1233.78
8335,9021,229,Rogan Josh,2024-08-28 07:21:41,Delivered,1452.26
8336,8007,297,Chole Bhature,2022-09-04 07:21:41,Preparing,966.66
8337,7962,9,Dal Makhani,2023-10-24 07:21:41,Delivered,553.45
8338,3034,252,Biryani,2024-07-28 07:21:41,Preparing,1118.62
8339,3761,342,Butter Chicken,2023-02-03 07:21:41,Cancelled,498.77
8340,9932,3,Rogan Josh,2023-06-08 07:21:41,Cancelled,397.3
8341,3530,429,Mutton Curry,2024-06-13 07:21:41,Cancelled,794.7
8342,7484,386,Dosa,2025-03-05 07:21:41,Cancelled,1472.7
8343,1643,75,Biryani,2023-06-17 07:21:41,Preparing,1267.25
8344,2955,252,Butter Chicken,2022-06-21 07:21:41,Cancelled,1349.48
8345,9166,229,Paneer Tikka,2024-12-29 07:21:41,Delivered,180.84
8346,5959,43,Dal Makhani,2023-01-17 07:21:41,Cancelled,1396.35
8347,3188,423,Biryani,2024-08-09 07:21:41,Cancelled,296.63
8348,6563,256,Mutton Curry,2022-12-28 07:21:41,Preparing,1116.69
8349,8645,448,Biryani,2023-02-01 07:21:41,Cancelled,439.06
8350,3927,112,Samosa,2022-12-03 07:21:41,Delivered,1165.27
8351,2272,418,Pani Puri,2022-04-27 07:21:41,Preparing,996.47
8352,5673,18,Dosa,2023-05-13 07:21:41,Delivered,125.16
8353,139,444,Butter Chicken,2023-01-09 07:21:41,Delivered,197.84
8354,5437,360,Chole Bhature,2022-05-08 07:21:41,Delivered,280.57
8355,5175,296,Butter Chicken,2023-04-18 07:21:41,Cancelled,1192.86
8356,3623,257,Chole Bhature,2024-08-10 07:21:41,Preparing,1329.5
8357,5030,285,Paneer Tikka,2023-07-28 07:21:41,Preparing,733.43
8358,9219,8,Paneer Tikka,2024-12-24 07:21:41,Cancelled,334.84
8359,7624,60,Pani Puri,2024-08-16 07:21:41,Cancelled,566.18
8360,762,202,Dal Makhani,2024-05-31 07:21:41,Delivered,1239.08
8361,3249,374,Chole Bhature,2023-08-11 07:21:41,Cancelled,446.34
8362,7274,142,Dal Makhani,2023-10-25 07:21:41,Preparing,172.62
8363,2328,107,Dal Makhani,2024-06-01 07:21:41,Delivered,441.56
8364,6020,395,Butter Chicken,2023-02-26 07:21:41,Delivered,1482.6
8365,5190,55,Samosa,2022-06-14 07:21:41,Cancelled,1152.47
8366,760,213,Mutton Curry,2025-02-02 07:21:41,Preparing,213.21
8367,2205,176,Samosa,2024-09-10 07:21:41,Cancelled,199.57
8368,1951,408,Paneer Tikka,2023-06-19 07:21:41,Delivered,999.81
8369,5967,264,Dal Makhani,2023-10-12 07:21:41,Preparing,1056.67
8370,5506,66,Rogan Josh,2023-08-29 07:21:41,Cancelled,1438.25
8371,5879,468,Dal Makhani,2023-09-03 07:21:41,Delivered,630.17
8372,2743,326,Dosa,2023-08-22 07:21:41,Preparing,1254.27
8373,4720,39,Biryani,2024-07-22 07:21:41,Cancelled,266.24
8374,2053,185,Biryani,2022-05-28 07:21:41,Delivered,474.42
8375,5069,434,Biryani,2023-11-06 07:21:41,Cancelled,593.04
8376,9474,130,Rogan Josh,2022-05-05 07:21:41,Delivered,1163.93
8377,5299,474,Dosa,2022-09-29 07:21:41,Preparing,1058.48
8378,9524,429,Paneer Tikka,2024-01-08 07:21:41,Delivered,149.6
8379,1592,408,Mutton Curry,2024-06-29 07:21:41,Cancelled,914.22
8380,7438,314,Paneer Tikka,2024-08-16 07:21:41,Delivered,1140.87
8381,7412,141,Biryani,2022-10-26 07:21:41,Cancelled,560.59
8382,1188,9,Chole Bhature,2023-10-13 07:21:41,Delivered,152.0
8383,9360,216,Pani Puri,2024-09-18 07:21:41,Preparing,753.71
8384,647,2,Mutton Curry,2024-12-25 07:21:41,Preparing,1279.87
8385,6132,265,Rogan Josh,2023-07-29 07:21:41,Preparing,980.31
8386,2310,15,Butter Chicken,2022-04-20 07:21:41,Delivered,553.7
8387,129,411,Samosa,2023-06-11 07:21:41,Delivered,1448.01
8388,80,169,Chole Bhature,2024-04-13 07:21:41,Delivered,526.56
8389,505,270,Chole Bhature,2023-11-16 07:21:41,Preparing,548.59
8390,4750,474,Dal Makhani,2023-12-25 07:21:41,Preparing,513.86
8391,9276,145,Samosa,2023-02-09 07:21:41,Delivered,735.72
8392,8063,52,Samosa,2023-04-20 07:21:41,Preparing,1123.52
8393,6594,229,Pani Puri,2022-09-26 07:21:41,Cancelled,862.41
8394,9879,50,Biryani,2024-03-18 07:21:41,Preparing,1158.44
8395,424,318,Pani Puri,2023-04-01 07:21:41,Delivered,1269.76
8396,2575,5,Dosa,2024-12-28 07:21:41,Cancelled,235.48
8397,1259,481,Dal Makhani,2023-06-20 07:21:41,Cancelled,1134.52
8398,1774,361,Mutton Curry,2022-03-10 07:21:41,Delivered,440.19
8399,8351,161,Samosa,2023-02-26 07:21:41,Preparing,1213.22
8400,6675,256,Pani Puri,2022-04-21 07:21:41,Delivered,1136.37
8401,2635,274,Paneer Tikka,2024-05-20 07:21:41,Cancelled,581.56
8402,5386,235,Samosa,2022-08-30 07:21:41,Delivered,257.94
8403,3972,280,Biryani,2023-10-14 07:21:41,Cancelled,1151.77
8404,2236,232,Rogan Josh,2024-12-15 07:21:41,Preparing,796.89
8405,3377,98,Rogan Josh,2023-01-07 07:21:41,Preparing,395.86
8406,2367,243,Butter Chicken,2024-07-26 07:21:41,Preparing,1033.01
8407,3951,158,Mutton Curry,2024-08-17 07:21:41,Preparing,956.55
8408,1619,132,Mutton Curry,2024-11-30 07:21:41,Cancelled,1160.44
8409,1308,254,Paneer Tikka,2024-02-27 07:21:41,Preparing,622.73
8410,1796,98,Rogan Josh,2024-07-07 07:21:41,Preparing,588.96
8411,3570,115,Paneer Tikka,2025-01-01 07:21:41,Cancelled,777.96
8412,4645,458,Paneer Tikka,2022-03-18 07:21:41,Preparing,240.64
8413,5338,66,Biryani,2023-01-31 07:21:41,Cancelled,1004.03
8414,6632,12,Samosa,2025-01-27 07:21:41,Cancelled,104.34
8415,9892,271,Paneer Tikka,2024-11-10 07:21:41,Cancelled,761.19
8416,8003,500,Mutton Curry,2024-09-18 07:21:41,Delivered,510.99
8417,6377,199,Paneer Tikka,2023-01-02 07:21:41,Cancelled,1270.25
8418,6443,32,Dal Makhani,2025-01-14 07:21:41,Cancelled,421.1
8419,3448,260,Paneer Tikka,2024-09-16 07:21:41,Preparing,1458.44
8420,9664,81,Butter Chicken,2023-04-21 07:21:41,Delivered,937.7
8421,4810,120,Rogan Josh,2024-02-08 07:21:41,Preparing,433.57
8422,1089,217,Pani Puri,2024-06-17 07:21:41,Cancelled,453.73
8423,2250,471,Chole Bhature,2024-04-05 07:21:41,Cancelled,1161.86
8424,1698,42,Samosa,2024-07-06 07:21:41,Preparing,720.02
8425,4936,381,Chole Bhature,2023-07-16 07:21:41,Preparing,660.99
8426,4133,187,Dosa,2022-10-09 07:21:41,Cancelled,1208.94
8427,7825,39,Rogan Josh,2024-03-10 07:21:41,Preparing,895.14
8428,3955,445,Paneer Tikka,2023-11-09 07:21:41,Cancelled,1432.1
8429,5175,24,Biryani,2024-03-30 07:21:41,Cancelled,1227.52
8430,1489,442,Rogan Josh,2023-03-07 07:21:41,Delivered,750.38
8431,1718,150,Dal Makhani,2022-12-24 07:21:41,Delivered,177.33
8432,6763,262,Dosa,2022-03-06 07:21:41,Preparing,827.24
8433,7070,191,Pani Puri,2022-10-10 07:21:41,Preparing,869.64
8434,2262,177,Samosa,2022-07-26 07:21:41,Preparing,945.85
8435,6343,56,Pani Puri,2024-03-16 07:21:41,Delivered,1101.94
8436,2727,364,Paneer Tikka,2024-12-03 07:21:41,Cancelled,401.77
8437,620,82,Rogan Josh,2023-04-30 07:21:41,Delivered,1417.88
8438,6995,254,Samosa,2023-09-20 07:21:41,Cancelled,1330.09
8439,2946,412,Biryani,2024-10-14 07:21:41,Cancelled,1425.62
8440,2155,430,Butter Chicken,2023-03-16 07:21:41,Preparing,1079.51
8441,2794,204,Biryani,2023-01-11 07:21:41,Preparing,796.62
8442,6236,53,Chole Bhature,2022-04-21 07:21:41,Delivered,576.72
8443,8968,492,Pani Puri,2024-02-01 07:21:41,Delivered,234.79
8444,2285,464,Pani Puri,2024-02-18 07:21:41,Cancelled,264.8
8445,7861,330,Butter Chicken,2022-12-24 07:21:41,Preparing,730.71
8446,9781,356,Mutton Curry,2022-10-03 07:21:41,Preparing,116.65
8447,613,374,Mutton Curry,2023-06-27 07:21:41,Preparing,1179.44
8448,7606,13,Chole Bhature,2022-06-13 07:21:41,Preparing,784.9
8449,3346,176,Samosa,2024-09-19 07:21:41,Cancelled,1449.65
8450,3138,14,Butter Chicken,2023-12-24 07:21:41,Delivered,1313.64
8451,2564,377,Rogan Josh,2023-09-26 07:21:41,Cancelled,1357.4
8452,5443,415,Biryani,2023-07-11 07:21:41,Cancelled,1034.4
8453,4138,269,Dal Makhani,2024-04-05 07:21:41,Delivered,1270.99
8454,5409,311,Biryani,2023-11-21 07:21:41,Delivered,500.67
8455,6345,362,Rogan Josh,2024-06-25 07:21:41,Preparing,907.04
8456,3475,430,Samosa,2023-06-07 07:21:41,Cancelled,814.0
8457,8538,402,Biryani,2023-08-29 07:21:41,Cancelled,1319.64
8458,8666,452,Mutton Curry,2023-09-23 07:21:41,Preparing,229.91
8459,3010,144,Pani Puri,2024-06-06 07:21:41,Delivered,658.52
8460,7882,276,Biryani,2024-06-04 07:21:41,Preparing,460.52
8461,6874,96,Rogan Josh,2025-01-05 07:21:41,Delivered,219.9
8462,6375,39,Dosa,2023-12-12 07:21:41,Preparing,1331.83
8463,254,239,Biryani,2022-07-01 07:21:41,Preparing,330.58
8464,4515,96,Samosa,2025-01-04 07:21:41,Cancelled,1437.24
8465,6053,270,Paneer Tikka,2024-03-21 07:21:41,Delivered,1168.83
8466,1454,499,Paneer Tikka,2022-12-01 07:21:41,Cancelled,216.88
8467,7453,373,Paneer Tikka,2023-07-01 07:21:41,Delivered,1370.62
8468,1146,452,Rogan Josh,2023-10-10 07:21:41,Cancelled,1205.9
8469,5614,444,Samosa,2024-10-02 07:21:41,Preparing,996.28
8470,4848,264,Dosa,2023-12-20 07:21:41,Preparing,347.0
8471,6553,380,Paneer Tikka,2024-02-11 07:21:41,Preparing,344.55
8472,8830,385,Butter Chicken,2023-03-17 07:21:41,Preparing,143.13
8473,7596,425,Paneer Tikka,2024-07-25 07:21:41,Cancelled,877.58
8474,6218,178,Rogan Josh,2023-07-02 07:21:41,Cancelled,495.7
8475,6052,158,Butter Chicken,2022-05-24 07:21:41,Preparing,301.18
8476,5404,79,Rogan Josh,2023-10-08 07:21:41,Preparing,881.76
8477,7501,211,Rogan Josh,2024-05-24 07:21:41,Delivered,190.54
8478,4074,220,Samosa,2023-03-17 07:21:41,Preparing,1244.56
8479,8642,147,Rogan Josh,2025-02-27 07:21:41,Delivered,809.18
8480,5738,221,Paneer Tikka,2022-08-06 07:21:41,Delivered,1058.91
8481,2796,219,Pani Puri,2022-10-31 07:21:41,Preparing,372.65
8482,357,237,Butter Chicken,2022-11-19 07:21:41,Cancelled,329.59
8483,3316,387,Paneer Tikka,2022-12-14 07:21:41,Preparing,1269.73
8484,2051,62,Butter Chicken,2023-05-14 07:21:41,Preparing,181.52
8485,3723,113,Biryani,2024-01-20 07:21:41,Preparing,562.11
8486,722,421,Biryani,2024-07-07 07:21:41,Delivered,1224.98
8487,3179,406,Samosa,2022-09-16 07:21:41,Preparing,1431.55
8488,935,167,Pani Puri,2025-01-20 07:21:41,Delivered,735.52
8489,9498,305,Dal Makhani,2022-08-24 07:21:41,Delivered,114.23
8490,7504,155,Mutton Curry,2023-03-12 07:21:41,Delivered,992.71
8491,6366,205,Pani Puri,2024-06-14 07:21:41,Delivered,1278.19
8492,2790,219,Dosa,2023-09-29 07:21:41,Preparing,639.19
8493,5593,32,Dosa,2022-04-09 07:21:41,Cancelled,361.51
8494,8745,42,Chole Bhature,2022-11-04 07:21:41,Delivered,1253.86
8495,6835,480,Mutton Curry,2023-02-18 07:21:41,Preparing,1067.64
8496,5105,246,Biryani,2023-10-12 07:21:41,Preparing,889.52
8497,2311,225,Dosa,2022-11-24 07:21:41,Preparing,905.03
8498,5905,38,Paneer Tikka,2023-01-29 07:21:41,Delivered,884.22
8499,5655,373,Pani Puri,2023-06-08 07:21:41,Cancelled,964.54
8500,9561,244,Paneer Tikka,2024-02-08 07:21:41,Cancelled,202.05
8501,5863,390,Butter Chicken,2024-10-03 07:21:41,Preparing,357.38
8502,6523,414,Dal Makhani,2024-10-28 07:21:41,Preparing,668.09
8503,4805,33,Butter Chicken,2023-04-06 07:21:41,Cancelled,1343.04
8504,2484,22,Mutton Curry,2023-03-06 07:21:41,Preparing,651.94
8505,3913,179,Dosa,2024-07-30 07:21:41,Cancelled,1323.31
8506,4419,146,Dal Makhani,2024-11-01 07:21:41,Cancelled,693.04
8507,1797,492,Biryani,2024-11-11 07:21:41,Preparing,1191.83
8508,8524,320,Dal Makhani,2024-03-10 07:21:41,Preparing,379.22
8509,5431,119,Dal Makhani,2024-07-08 07:21:41,Cancelled,1481.03
8510,558,368,Mutton Curry,2023-09-12 07:21:41,Preparing,1254.84
8511,9641,144,Dal Makhani,2023-06-13 07:21:41,Preparing,462.95
8512,2353,244,Chole Bhature,2025-01-26 07:21:41,Cancelled,1374.76
8513,9457,174,Butter Chicken,2024-03-19 07:21:41,Preparing,138.21
8514,4794,409,Rogan Josh,2023-10-30 07:21:41,Delivered,1260.9
8515,4594,446,Samosa,2023-02-27 07:21:41,Preparing,1486.7
8516,2102,251,Mutton Curry,2023-03-30 07:21:41,Delivered,141.13
8517,7558,413,Butter Chicken,2022-05-16 07:21:41,Preparing,149.01
8518,8569,348,Paneer Tikka,2024-08-18 07:21:41,Delivered,721.44
8519,1590,235,Chole Bhature,2023-08-23 07:21:41,Preparing,927.47
8520,2311,365,Samosa,2022-12-02 07:21:41,Cancelled,476.43
8521,4151,363,Chole Bhature,2022-03-16 07:21:41,Cancelled,1182.79
8522,7625,72,Chole Bhature,2022-03-13 07:21:41,Cancelled,934.64
8523,4586,268,Pani Puri,2023-08-26 07:21:41,Preparing,632.85
8524,5507,381,Dosa,2023-10-13 07:21:41,Preparing,340.05
8525,5516,179,Pani Puri,2024-05-24 07:21:41,Delivered,227.24
8526,8228,389,Dal Makhani,2023-04-16 07:21:41,Preparing,1475.51
8527,8381,407,Paneer Tikka,2022-04-20 07:21:41,Preparing,483.94
8528,789,276,Samosa,2022-03-21 07:21:41,Delivered,734.09
8529,201,404,Pani Puri,2024-06-14 07:21:41,Cancelled,1460.48
8530,1041,346,Rogan Josh,2023-06-23 07:21:41,Cancelled,1154.3
8531,9717,449,Paneer Tikka,2023-08-07 07:21:41,Cancelled,186.94
8532,7116,193,Biryani,2024-05-22 07:21:41,Cancelled,1367.85
8533,561,53,Chole Bhature,2022-04-15 07:21:41,Preparing,753.36
8534,8486,410,Biryani,2024-06-24 07:21:41,Cancelled,1474.88
8535,5603,446,Pani Puri,2024-12-11 07:21:41,Preparing,1031.36
8536,5532,86,Paneer Tikka,2023-10-24 07:21:41,Cancelled,1050.05
8537,315,149,Butter Chicken,2023-07-08 07:21:41,Cancelled,889.93
8538,1140,478,Chole Bhature,2024-03-01 07:21:41,Delivered,165.68
8539,8584,163,Mutton Curry,2022-07-29 07:21:41,Cancelled,315.94
8540,2156,417,Biryani,2024-06-04 07:21:41,Cancelled,334.01
8541,7693,437,Pani Puri,2022-04-28 07:21:41,Preparing,830.36
8542,9384,227,Dosa,2024-08-30 07:21:41,Preparing,600.88
8543,550,7,Dal Makhani,2022-06-20 07:21:41,Preparing,521.03
8544,9049,310,Pani Puri,2023-09-23 07:21:41,Preparing,722.76
8545,7793,104,Rogan Josh,2023-01-09 07:21:41,Cancelled,534.09
8546,6412,9,Chole Bhature,2023-09-28 07:21:41,Delivered,1144.29
8547,6335,217,Dosa,2023-03-09 07:21:41,Cancelled,426.06
8548,942,230,Butter Chicken,2023-04-08 07:21:41,Preparing,1240.12
8549,3721,115,Paneer Tikka,2023-10-16 07:21:41,Cancelled,1243.94
8550,3565,261,Chole Bhature,2023-10-08 07:21:41,Preparing,1139.84
8551,5762,356,Dal Makhani,2023-03-18 07:21:41,Preparing,525.38
8552,7341,259,Paneer Tikka,2023-03-09 07:21:41,Delivered,1147.44
8553,6899,442,Samosa,2022-10-05 07:21:41,Delivered,1333.85
8554,2649,35,Dosa,2024-09-06 07:21:41,Preparing,388.36
8555,7828,129,Chole Bhature,2022-11-06 07:21:41,Cancelled,755.97
8556,7888,40,Dosa,2024-10-13 07:21:41,Preparing,1441.86
8557,1766,106,Butter Chicken,2022-05-20 07:21:41,Delivered,846.53
8558,3561,317,Mutton Curry,2023-09-04 07:21:41,Delivered,776.04
8559,3029,305,Rogan Josh,2024-09-29 07:21:41,Delivered,783.54
8560,4483,430,Samosa,2024-04-26 07:21:41,Preparing,1110.34
8561,1355,29,Pani Puri,2025-02-21 07:21:41,Delivered,1000.35
8562,987,12,Rogan Josh,2023-12-05 07:21:41,Preparing,730.14
8563,2322,50,Samosa,2024-10-16 07:21:41,Cancelled,1409.03
8564,8203,490,Paneer Tikka,2022-11-11 07:21:41,Delivered,432.76
8565,2264,130,Biryani,2024-10-26 07:21:41,Cancelled,119.91
8566,2835,49,Paneer Tikka,2022-04-02 07:21:41,Preparing,277.47
8567,7897,339,Mutton Curry,2024-02-05 07:21:41,Cancelled,925.93
8568,2395,492,Samosa,2023-03-27 07:21:41,Cancelled,1192.85
8569,1559,89,Butter Chicken,2023-10-03 07:21:41,Cancelled,483.34
8570,24,348,Mutton Curry,2024-02-14 07:21:41,Cancelled,510.75
8571,666,449,Mutton Curry,2023-10-14 07:21:41,Delivered,1373.39
8572,6483,456,Chole Bhature,2024-09-01 07:21:41,Delivered,540.25
8573,4972,409,Biryani,2023-08-21 07:21:41,Delivered,1217.81
8574,7705,132,Biryani,2025-01-05 07:21:41,Preparing,474.47
8575,2015,138,Pani Puri,2022-10-04 07:21:41,Preparing,1210.67
8576,9690,198,Butter Chicken,2024-08-24 07:21:41,Preparing,816.62
8577,7138,13,Chole Bhature,2023-10-03 07:21:41,Cancelled,798.71
8578,7157,238,Dal Makhani,2022-10-01 07:21:41,Preparing,215.36
8579,2981,16,Butter Chicken,2024-12-23 07:21:41,Delivered,694.58
8580,5249,480,Rogan Josh,2024-02-16 07:21:41,Preparing,506.48
8581,8539,314,Dosa,2022-10-29 07:21:41,Cancelled,1441.09
8582,1731,4,Chole Bhature,2024-08-23 07:21:41,Delivered,213.16
8583,7296,415,Butter Chicken,2024-11-02 07:21:41,Preparing,549.55
8584,4422,112,Dosa,2024-03-22 07:21:41,Preparing,259.96
8585,9273,490,Mutton Curry,2024-09-07 07:21:41,Cancelled,969.62
8586,6593,382,Samosa,2022-09-13 07:21:41,Delivered,1345.89
8587,9740,244,Mutton Curry,2022-09-23 07:21:41,Preparing,996.74
8588,98,341,Butter Chicken,2024-04-25 07:21:41,Delivered,1182.62
8589,4469,119,Samosa,2025-01-18 07:21:41,Delivered,1085.2
8590,7557,425,Paneer Tikka,2023-06-21 07:21:41,Preparing,1062.28
8591,9,365,Paneer Tikka,2023-02-18 07:21:41,Cancelled,1427.99
8592,8589,291,Dosa,2024-02-22 07:21:41,Cancelled,882.85
8593,9452,65,Dosa,2024-06-06 07:21:41,Cancelled,629.09
8594,1535,49,Butter Chicken,2022-10-17 07:21:41,Cancelled,1377.67
8595,8904,222,Rogan Josh,2025-01-31 07:21:41,Preparing,431.97
8596,3169,337,Samosa,2022-04-09 07:21:41,Preparing,1070.72
8597,9704,135,Rogan Josh,2022-04-09 07:21:41,Delivered,354.58
8598,419,46,Paneer Tikka,2022-09-24 07:21:41,Preparing,1075.44
8599,6770,52,Paneer Tikka,2024-06-16 07:21:41,Preparing,959.07
8600,1726,290,Rogan Josh,2023-01-04 07:21:41,Cancelled,1431.01
8601,7421,43,Paneer Tikka,2025-02-07 07:21:41,Cancelled,868.35
8602,9237,163,Rogan Josh,2024-03-27 07:21:41,Preparing,875.58
8603,9018,211,Dosa,2022-06-09 07:21:41,Preparing,153.15
8604,9872,17,Mutton Curry,2023-09-12 07:21:41,Delivered,1284.28
8605,769,446,Dosa,2023-07-17 07:21:41,Cancelled,426.5
8606,8975,51,Dal Makhani,2024-01-11 07:21:41,Cancelled,813.05
8607,4164,130,Chole Bhature,2022-11-15 07:21:41,Preparing,1421.75
8608,550,359,Biryani,2023-11-17 07:21:41,Delivered,214.85
8609,1815,314,Chole Bhature,2022-06-19 07:21:41,Preparing,1189.79
8610,850,331,Dal Makhani,2022-07-07 07:21:41,Delivered,420.31
8611,27,395,Paneer Tikka,2024-02-10 07:21:41,Cancelled,1431.18
8612,5860,2,Paneer Tikka,2024-09-05 07:21:41,Preparing,428.81
8613,1477,414,Pani Puri,2023-12-26 07:21:41,Delivered,1260.82
8614,1489,438,Mutton Curry,2022-09-04 07:21:41,Delivered,581.61
8615,4661,258,Chole Bhature,2024-03-04 07:21:41,Delivered,130.4
8616,8320,177,Dal Makhani,2022-11-29 07:21:41,Delivered,1138.28
8617,291,54,Mutton Curry,2022-12-08 07:21:41,Preparing,644.47
8618,1833,18,Biryani,2024-10-09 07:21:41,Delivered,169.95
8619,2571,218,Biryani,2022-05-11 07:21:41,Preparing,1044.71
8620,997,443,Dal Makhani,2024-03-02 07:21:41,Delivered,725.19
8621,4501,117,Dal Makhani,2022-06-19 07:21:41,Delivered,423.06
8622,7879,233,Rogan Josh,2024-01-29 07:21:41,Preparing,344.79
8623,1827,404,Biryani,2022-06-10 07:21:41,Cancelled,300.88
8624,8176,147,Dal Makhani,2025-01-09 07:21:41,Preparing,1208.44
8625,690,36,Biryani,2023-12-22 07:21:41,Preparing,893.74
8626,493,45,Butter Chicken,2023-07-04 07:21:41,Preparing,995.21
8627,2453,402,Dal Makhani,2023-12-08 07:21:41,Cancelled,1225.96
8628,8680,42,Biryani,2022-03-06 07:21:41,Cancelled,1486.34
8629,9475,279,Pani Puri,2022-06-01 07:21:41,Cancelled,736.64
8630,1879,248,Dosa,2023-03-05 07:21:41,Cancelled,244.0
8631,7037,240,Paneer Tikka,2023-07-25 07:21:41,Preparing,1186.91
8632,7842,479,Dal Makhani,2022-03-19 07:21:41,Delivered,285.65
8633,3032,106,Butter Chicken,2024-05-20 07:21:41,Preparing,296.69
8634,5049,110,Dosa,2023-09-22 07:21:41,Preparing,468.18
8635,6051,310,Biryani,2023-01-10 07:21:41,Preparing,929.03
8636,682,68,Samosa,2025-02-05 07:21:41,Preparing,636.87
8637,156,15,Samosa,2023-12-09 07:21:41,Cancelled,1169.71
8638,1911,334,Dosa,2024-02-15 07:21:41,Delivered,1153.36
8639,7678,265,Butter Chicken,2023-03-27 07:21:41,Preparing,1282.22
8640,7144,365,Biryani,2022-03-25 07:21:41,Preparing,357.89
8641,6163,309,Mutton Curry,2022-05-28 07:21:41,Delivered,936.91
8642,8529,82,Dosa,2024-01-05 07:21:41,Delivered,524.03
8643,5827,64,Butter Chicken,2022-04-24 07:21:41,Preparing,751.33
8644,3893,90,Samosa,2023-06-02 07:21:41,Delivered,469.74
8645,9660,8,Samosa,2024-06-17 07:21:41,Preparing,191.2
8646,6500,349,Biryani,2023-06-23 07:21:41,Preparing,409.83
8647,217,227,Biryani,2022-03-22 07:21:41,Cancelled,213.13
8648,7849,244,Dosa,2023-03-15 07:21:41,Delivered,1341.3
8649,3746,446,Chole Bhature,2022-10-11 07:21:41,Preparing,436.49
8650,2146,104,Chole Bhature,2022-10-01 07:21:41,Cancelled,1304.07
8651,2188,165,Samosa,2024-04-15 07:21:41,Delivered,307.24
8652,8887,461,Dal Makhani,2022-07-22 07:21:41,Delivered,896.69
8653,2936,38,Paneer Tikka,2023-03-04 07:21:41,Preparing,1377.15
8654,8520,105,Dal Makhani,2023-05-30 07:21:41,Cancelled,968.48
8655,7360,142,Dosa,2024-11-27 07:21:41,Delivered,612.04
8656,8919,294,Samosa,2023-11-15 07:21:41,Delivered,1305.94
8657,1345,495,Paneer Tikka,2023-09-27 07:21:41,Preparing,1181.05
8658,8920,242,Mutton Curry,2024-07-19 07:21:41,Preparing,239.14
8659,5687,279,Mutton Curry,2025-01-02 07:21:41,Preparing,1249.67
8660,1927,255,Pani Puri,2023-06-19 07:21:41,Preparing,1147.04
8661,954,349,Mutton Curry,2024-04-13 07:21:41,Preparing,342.86
8662,6435,432,Rogan Josh,2023-11-20 07:21:41,Delivered,120.96
8663,1279,210,Rogan Josh,2023-06-28 07:21:41,Delivered,757.83
8664,2684,463,Dosa,2022-06-20 07:21:41,Delivered,823.92
8665,9542,180,Mutton Curry,2024-02-26 07:21:41,Preparing,846.56
8666,7625,70,Dal Makhani,2022-12-06 07:21:41,Cancelled,1080.82
8667,3030,390,Biryani,2023-03-05 07:21:41,Cancelled,1491.35
8668,935,86,Mutton Curry,2024-11-24 07:21:41,Cancelled,120.8
8669,381,159,Rogan Josh,2022-07-27 07:21:41,Cancelled,1486.54
8670,668,69,Paneer Tikka,2022-10-25 07:21:41,Preparing,971.15
8671,7542,259,Samosa,2022-10-28 07:21:41,Delivered,222.41
8672,6885,239,Biryani,2022-06-11 07:21:41,Delivered,1392.35
8673,1738,173,Paneer Tikka,2025-03-04 07:21:41,Delivered,635.1
8674,6010,193,Biryani,2024-01-13 07:21:41,Cancelled,1036.74
8675,8671,150,Chole Bhature,2024-07-13 07:21:41,Cancelled,290.56
8676,3721,489,Paneer Tikka,2022-09-16 07:21:41,Preparing,1415.15
8677,2494,461,Mutton Curry,2022-11-19 07:21:41,Cancelled,566.39
8678,6660,163,Dal Makhani,2024-08-30 07:21:41,Delivered,637.44
8679,3535,172,Chole Bhature,2022-08-03 07:21:41,Preparing,1182.4
8680,3805,22,Rogan Josh,2024-10-21 07:21:41,Preparing,1445.07
8681,9262,334,Butter Chicken,2022-05-23 07:21:41,Preparing,1423.09
8682,4674,404,Rogan Josh,2024-10-04 07:21:41,Preparing,469.17
8683,8119,41,Chole Bhature,2024-11-19 07:21:41,Delivered,674.77
8684,8378,479,Butter Chicken,2022-10-02 07:21:41,Delivered,175.29
8685,2722,297,Rogan Josh,2024-05-19 07:21:41,Delivered,250.57
8686,2825,355,Butter Chicken,2023-06-06 07:21:41,Delivered,1254.19
8687,946,181,Samosa,2023-09-07 07:21:41,Preparing,1192.19
8688,6905,416,Chole Bhature,2024-07-06 07:21:41,Delivered,1482.59
8689,3449,362,Paneer Tikka,2023-09-14 07:21:41,Cancelled,1314.14
8690,4245,158,Butter Chicken,2024-01-15 07:21:41,Delivered,1097.35
8691,8688,408,Paneer Tikka,2023-05-04 07:21:41,Delivered,1340.25
8692,6823,104,Mutton Curry,2023-02-23 07:21:41,Delivered,608.44
8693,8906,348,Samosa,2024-08-11 07:21:41,Cancelled,297.28
8694,9077,294,Pani Puri,2023-09-16 07:21:41,Cancelled,343.92
8695,2109,59,Chole Bhature,2024-06-01 07:21:41,Delivered,605.25
8696,8493,306,Samosa,2024-01-14 07:21:41,Preparing,313.42
8697,1048,383,Pani Puri,2022-11-16 07:21:41,Cancelled,357.09
8698,5673,176,Chole Bhature,2022-03-20 07:21:41,Cancelled,951.62
8699,8991,62,Biryani,2024-12-09 07:21:41,Preparing,309.31
8700,3036,155,Butter Chicken,2024-11-25 07:21:41,Cancelled,877.2
8701,9053,148,Rogan Josh,2024-04-24 07:21:41,Delivered,606.07
8702,503,83,Rogan Josh,2023-09-23 07:21:41,Cancelled,1264.45
8703,4335,237,Mutton Curry,2022-03-24 07:21:41,Delivered,441.52
8704,2432,201,Dal Makhani,2023-10-30 07:21:41,Cancelled,1392.87
8705,1059,5,Biryani,2022-12-24 07:21:41,Preparing,257.69
8706,6896,336,Butter Chicken,2024-02-11 07:21:41,Cancelled,1241.45
8707,4552,142,Paneer Tikka,2024-03-13 07:21:41,Preparing,815.18
8708,8338,86,Pani Puri,2024-11-07 07:21:41,Cancelled,796.16
8709,6573,170,Dal Makhani,2024-04-07 07:21:41,Cancelled,363.11
8710,3702,124,Rogan Josh,2024-07-05 07:21:41,Preparing,1117.62
8711,6288,216,Chole Bhature,2022-11-15 07:21:41,Cancelled,837.28
8712,3095,194,Butter Chicken,2023-04-29 07:21:41,Preparing,1406.47
8713,2622,372,Pani Puri,2024-07-01 07:21:41,Cancelled,1389.51
8714,3952,432,Paneer Tikka,2022-09-09 07:21:41,Cancelled,451.75
8715,2970,125,Mutton Curry,2022-07-29 07:21:41,Delivered,1010.04
8716,4870,215,Paneer Tikka,2023-09-05 07:21:41,Delivered,1308.02
8717,3261,474,Paneer Tikka,2025-03-02 07:21:41,Delivered,792.99
8718,3654,97,Samosa,2022-09-23 07:21:41,Delivered,1445.02
8719,7175,103,Mutton Curry,2024-12-28 07:21:41,Preparing,154.44
8720,3597,153,Butter Chicken,2024-03-22 07:21:41,Preparing,895.34
8721,491,68,Chole Bhature,2023-07-23 07:21:41,Cancelled,527.07
8722,5780,268,Chole Bhature,2023-06-01 07:21:41,Delivered,985.29
8723,7061,286,Pani Puri,2023-02-13 07:21:41,Preparing,1205.32
8724,4617,254,Biryani,2023-10-02 07:21:41,Delivered,1354.97
8725,5434,406,Chole Bhature,2022-05-01 07:21:41,Delivered,1321.45
8726,8700,295,Dal Makhani,2024-09-14 07:21:41,Preparing,165.86
8727,5377,106,Chole Bhature,2022-09-02 07:21:41,Cancelled,566.18
8728,3861,145,Rogan Josh,2023-08-21 07:21:41,Cancelled,1298.69
8729,334,50,Rogan Josh,2023-04-19 07:21:41,Delivered,246.74
8730,5534,153,Pani Puri,2024-04-12 07:21:41,Cancelled,667.28
8731,6262,35,Chole Bhature,2022-10-05 07:21:41,Delivered,280.38
8732,6377,245,Mutton Curry,2024-07-22 07:21:41,Delivered,929.07
8733,7461,93,Paneer Tikka,2022-04-25 07:21:41,Cancelled,1014.58
8734,5524,334,Chole Bhature,2022-04-21 07:21:41,Delivered,630.19
8735,6253,418,Rogan Josh,2024-11-04 07:21:41,Delivered,821.57
8736,9238,454,Mutton Curry,2023-01-03 07:21:41,Cancelled,338.78
8737,9826,3,Paneer Tikka,2022-09-13 07:21:41,Delivered,1243.11
8738,620,246,Chole Bhature,2023-05-15 07:21:41,Delivered,481.54
8739,9526,483,Biryani,2024-12-23 07:21:41,Preparing,660.84
8740,987,460,Dosa,2022-04-01 07:21:41,Delivered,440.39
8741,1826,39,Chole Bhature,2024-01-13 07:21:41,Cancelled,969.38
8742,3034,112,Mutton Curry,2022-07-31 07:21:41,Cancelled,976.45
8743,5242,260,Biryani,2023-09-07 07:21:41,Delivered,1218.83
8744,4033,416,Mutton Curry,2023-09-21 07:21:41,Preparing,789.83
8745,4200,152,Biryani,2024-10-23 07:21:41,Cancelled,627.55
8746,3182,436,Chole Bhature,2023-02-22 07:21:41,Preparing,794.0
8747,4705,167,Paneer Tikka,2023-04-21 07:21:41,Preparing,870.17
8748,639,371,Paneer Tikka,2023-09-27 07:21:41,Preparing,816.56
8749,5372,361,Samosa,2024-01-08 07:21:41,Preparing,1400.53
8750,1413,293,Rogan Josh,2024-05-01 07:21:41,Cancelled,1499.82
8751,9759,303,Butter Chicken,2023-06-16 07:21:41,Delivered,1463.55
8752,7604,135,Butter Chicken,2023-02-21 07:21:41,Preparing,896.83
8753,3957,260,Paneer Tikka,2023-08-14 07:21:41,Preparing,1017.56
8754,550,411,Pani Puri,2022-07-26 07:21:41,Preparing,887.2
8755,6223,151,Biryani,2024-11-26 07:21:41,Delivered,654.8
8756,7453,103,Dosa,2023-07-09 07:21:41,Delivered,1217.12
8757,2367,22,Biryani,2024-03-16 07:21:41,Cancelled,1218.87
8758,2175,110,Biryani,2024-04-25 07:21:41,Delivered,1458.3
8759,1677,282,Biryani,2024-04-25 07:21:41,Delivered,278.69
8760,1922,126,Biryani,2024-08-03 07:21:41,Preparing,1467.3
8761,843,125,Chole Bhature,2024-10-09 07:21:41,Preparing,715.89
8762,7024,298,Pani Puri,2024-07-26 07:21:41,Delivered,277.2
8763,7095,215,Paneer Tikka,2022-06-28 07:21:41,Cancelled,1105.88
8764,7398,300,Samosa,2024-01-24 07:21:41,Cancelled,279.94
8765,4511,371,Butter Chicken,2022-12-09 07:21:41,Cancelled,365.54
8766,8020,388,Biryani,2024-08-25 07:21:41,Preparing,640.62
8767,880,445,Mutton Curry,2022-10-27 07:21:41,Cancelled,486.6
8768,7962,253,Butter Chicken,2023-12-02 07:21:41,Cancelled,780.34
8769,7506,431,Rogan Josh,2023-12-30 07:21:41,Preparing,1362.47
8770,2533,5,Pani Puri,2023-07-26 07:21:41,Cancelled,1324.22
8771,1372,188,Rogan Josh,2023-08-06 07:21:41,Cancelled,101.53
8772,3469,304,Samosa,2022-11-09 07:21:41,Cancelled,398.99
8773,600,281,Dosa,2022-04-27 07:21:41,Delivered,508.86
8774,6212,129,Biryani,2022-11-28 07:21:41,Preparing,408.18
8775,6916,398,Chole Bhature,2024-10-16 07:21:41,Preparing,1340.12
8776,9112,239,Butter Chicken,2024-10-28 07:21:41,Delivered,1385.02
8777,7589,478,Dosa,2023-05-03 07:21:41,Cancelled,1447.75
8778,9416,493,Butter Chicken,2022-11-30 07:21:41,Cancelled,837.77
8779,1517,141,Paneer Tikka,2022-10-03 07:21:41,Preparing,281.25
8780,8372,203,Dosa,2022-06-23 07:21:41,Cancelled,601.15
8781,9353,55,Mutton Curry,2025-01-17 07:21:41,Cancelled,588.4
8782,1518,294,Dal Makhani,2024-12-27 07:21:41,Preparing,740.58
8783,1800,322,Mutton Curry,2023-06-25 07:21:41,Cancelled,738.67
8784,5348,215,Paneer Tikka,2023-06-01 07:21:41,Delivered,1023.68
8785,5245,161,Rogan Josh,2022-03-17 07:21:41,Cancelled,1319.0
8786,3638,404,Paneer Tikka,2024-02-20 07:21:41,Delivered,1328.82
8787,6199,417,Pani Puri,2023-08-16 07:21:41,Preparing,159.53
8788,3028,492,Dal Makhani,2023-06-23 07:21:41,Cancelled,451.19
8789,3403,187,Mutton Curry,2024-03-20 07:21:41,Preparing,1360.03
8790,2664,222,Pani Puri,2024-10-10 07:21:41,Delivered,937.65
8791,4819,41,Dal Makhani,2022-10-17 07:21:41,Delivered,1100.22
8792,682,122,Samosa,2024-04-05 07:21:41,Delivered,808.34
8793,9595,420,Dosa,2023-11-26 07:21:41,Preparing,418.46
8794,3214,19,Chole Bhature,2022-09-02 07:21:41,Cancelled,616.65
8795,8342,14,Dosa,2024-12-04 07:21:41,Delivered,320.33
8796,5489,492,Pani Puri,2022-03-25 07:21:41,Cancelled,305.23
8797,1819,63,Mutton Curry,2024-01-04 07:21:41,Delivered,310.84
8798,8548,286,Dosa,2024-12-08 07:21:41,Cancelled,599.06
8799,9263,59,Dosa,2025-01-10 07:21:41,Cancelled,596.88
8800,1197,406,Pani Puri,2023-05-25 07:21:41,Cancelled,896.47
8801,3112,39,Chole Bhature,2022-08-20 07:21:41,Preparing,560.17
8802,5361,222,Chole Bhature,2023-07-10 07:21:41,Delivered,1334.81
8803,8508,209,Chole Bhature,2023-10-31 07:21:41,Delivered,932.14
8804,5099,263,Dal Makhani,2022-07-16 07:21:41,Cancelled,1152.16
8805,3195,326,Mutton Curry,2024-03-18 07:21:41,Cancelled,1240.91
8806,8131,392,Samosa,2023-04-05 07:21:41,Preparing,819.52
8807,7410,107,Pani Puri,2022-10-07 07:21:41,Delivered,826.29
8808,877,436,Rogan Josh,2023-06-07 07:21:41,Delivered,943.92
8809,6260,380,Butter Chicken,2024-05-04 07:21:41,Delivered,1265.86
8810,4289,85,Chole Bhature,2023-04-23 07:21:41,Preparing,325.51
8811,7729,27,Pani Puri,2023-07-28 07:21:41,Preparing,282.79
8812,7178,323,Dal Makhani,2025-01-03 07:21:41,Cancelled,700.66
8813,5815,215,Biryani,2023-01-29 07:21:41,Preparing,1401.32
8814,8617,45,Paneer Tikka,2022-07-14 07:21:41,Cancelled,1086.42
8815,7787,56,Rogan Josh,2023-06-14 07:21:41,Preparing,821.87
8816,3399,290,Dal Makhani,2025-02-19 07:21:41,Cancelled,905.85
8817,5803,3,Pani Puri,2022-09-19 07:21:41,Preparing,325.66
8818,3670,4,Samosa,2024-05-06 07:21:41,Cancelled,961.46
8819,5519,283,Paneer Tikka,2024-08-12 07:21:41,Delivered,1469.98
8820,5310,51,Samosa,2023-02-27 07:21:41,Preparing,1103.6
8821,7745,324,Chole Bhature,2023-06-22 07:21:41,Delivered,391.09
8822,8829,342,Pani Puri,2023-01-18 07:21:41,Cancelled,422.72
8823,30,274,Biryani,2022-08-23 07:21:41,Cancelled,1367.87
8824,1696,297,Chole Bhature,2025-02-27 07:21:41,Cancelled,528.56
8825,6020,243,Mutton Curry,2025-01-06 07:21:41,Preparing,288.12
8826,2262,238,Biryani,2022-12-15 07:21:41,Delivered,814.75
8827,589,74,Paneer Tikka,2024-09-08 07:21:41,Delivered,736.82
8828,3121,206,Paneer Tikka,2023-10-27 07:21:41,Preparing,1343.97
8829,9294,477,Samosa,2022-07-23 07:21:41,Preparing,692.06
8830,2935,153,Dosa,2023-08-17 07:21:41,Preparing,1243.34
8831,4157,415,Samosa,2024-01-26 07:21:41,Delivered,368.83
8832,5085,335,Biryani,2022-05-07 07:21:41,Cancelled,1347.2
8833,1077,234,Paneer Tikka,2022-06-30 07:21:41,Delivered,978.13
8834,1749,137,Paneer Tikka,2022-07-08 07:21:41,Cancelled,1016.83
8835,3815,189,Samosa,2022-03-28 07:21:41,Preparing,373.22
8836,488,407,Dosa,2023-11-30 07:21:41,Delivered,963.98
8837,9483,483,Rogan Josh,2022-04-01 07:21:41,Preparing,1328.61
8838,2138,117,Pani Puri,2022-09-12 07:21:41,Preparing,739.34
8839,1073,418,Dal Makhani,2023-10-09 07:21:41,Cancelled,1059.58
8840,3188,451,Butter Chicken,2022-11-13 07:21:41,Preparing,1425.87
8841,3670,340,Chole Bhature,2023-07-12 07:21:41,Preparing,419.91
8842,7099,279,Dosa,2025-01-17 07:21:41,Cancelled,322.13
8843,4210,283,Samosa,2023-05-07 07:21:41,Delivered,253.9
8844,2520,414,Biryani,2023-08-03 07:21:41,Cancelled,233.39
8845,3777,72,Samosa,2022-07-06 07:21:41,Preparing,288.45
8846,7127,401,Pani Puri,2024-01-08 07:21:41,Cancelled,763.34
8847,2992,481,Samosa,2022-10-30 07:21:41,Delivered,1030.26
8848,7377,400,Dosa,2022-08-16 07:21:41,Preparing,298.51
8849,8357,278,Mutton Curry,2024-04-25 07:21:41,Delivered,848.09
8850,3926,479,Butter Chicken,2024-05-14 07:21:41,Preparing,290.01
8851,8619,92,Samosa,2024-07-12 07:21:41,Cancelled,1028.3
8852,7774,180,Dosa,2023-04-30 07:21:41,Cancelled,105.77
8853,1074,305,Dal Makhani,2022-10-29 07:21:41,Delivered,218.39
8854,5815,454,Dosa,2024-05-02 07:21:41,Delivered,683.39
8855,4970,74,Dosa,2025-02-16 07:21:41,Delivered,1019.1
8856,9184,46,Butter Chicken,2024-05-25 07:21:41,Preparing,878.38
8857,4331,477,Mutton Curry,2024-02-28 07:21:41,Delivered,1380.82
8858,2744,368,Samosa,2023-03-12 07:21:41,Preparing,224.44
8859,8905,128,Chole Bhature,2023-03-18 07:21:41,Cancelled,192.82
8860,842,20,Dal Makhani,2023-10-18 07:21:41,Cancelled,118.04
8861,5349,63,Dal Makhani,2022-04-02 07:21:41,Delivered,1368.01
8862,364,244,Chole Bhature,2024-02-09 07:21:41,Preparing,320.54
8863,9894,59,Chole Bhature,2023-09-15 07:21:41,Preparing,252.77
8864,9556,279,Pani Puri,2024-11-25 07:21:41,Preparing,741.7
8865,4446,214,Pani Puri,2024-06-04 07:21:41,Delivered,199.91
8866,6923,177,Biryani,2022-08-11 07:21:41,Delivered,107.52
8867,7775,430,Samosa,2024-09-17 07:21:41,Preparing,1356.5
8868,1122,136,Biryani,2023-01-03 07:21:41,Delivered,306.17
8869,2353,216,Dal Makhani,2024-06-09 07:21:41,Preparing,294.04
8870,5522,165,Chole Bhature,2024-12-11 07:21:41,Delivered,914.94
8871,8593,177,Rogan Josh,2022-08-06 07:21:41,Delivered,1374.24
8872,2720,30,Mutton Curry,2024-11-09 07:21:41,Preparing,343.5
8873,5262,178,Dosa,2022-06-27 07:21:41,Cancelled,934.69
8874,5644,348,Rogan Josh,2023-07-27 07:21:41,Preparing,223.32
8875,9718,327,Samosa,2024-04-21 07:21:41,Cancelled,484.78
8876,3106,57,Dosa,2025-01-19 07:21:41,Preparing,542.66
8877,4275,403,Rogan Josh,2025-01-09 07:21:41,Preparing,970.58
8878,6580,221,Butter Chicken,2024-03-23 07:21:41,Preparing,263.85
8879,9817,97,Biryani,2022-03-06 07:21:41,Delivered,373.5
8880,1782,114,Dal Makhani,2025-03-03 07:21:41,Delivered,1023.64
8881,2891,280,Pani Puri,2024-08-05 07:21:41,Cancelled,1074.69
8882,5265,140,Dal Makhani,2024-12-10 07:21:41,Cancelled,891.32
8883,181,444,Pani Puri,2025-01-10 07:21:41,Delivered,1479.57
8884,8219,219,Chole Bhature,2024-05-13 07:21:41,Delivered,205.4
8885,3325,267,Pani Puri,2022-05-13 07:21:41,Cancelled,313.89
8886,2019,338,Mutton Curry,2024-12-04 07:21:41,Preparing,763.6
8887,9008,215,Dosa,2023-01-31 07:21:41,Delivered,925.94
8888,8244,393,Dal Makhani,2023-03-09 07:21:41,Cancelled,1385.59
8889,6021,177,Pani Puri,2024-01-06 07:21:41,Preparing,138.9
8890,8117,450,Mutton Curry,2024-06-04 07:21:41,Cancelled,313.27
8891,4285,118,Dal Makhani,2022-07-03 07:21:41,Cancelled,942.16
8892,2530,336,Samosa,2024-11-19 07:21:41,Delivered,936.29
8893,3063,190,Rogan Josh,2024-02-14 07:21:41,Delivered,1274.57
8894,8371,60,Biryani,2022-12-23 07:21:41,Delivered,870.98
8895,6887,318,Paneer Tikka,2024-05-27 07:21:41,Cancelled,1222.79
8896,5198,162,Mutton Curry,2024-09-22 07:21:41,Preparing,310.91
8897,2936,90,Dal Makhani,2024-08-17 07:21:41,Cancelled,978.98
8898,2097,166,Dal Makhani,2022-03-11 07:21:41,Preparing,1003.82
8899,3269,280,Chole Bhature,2023-07-19 07:21:41,Cancelled,514.3
8900,7808,100,Samosa,2024-03-23 07:21:41,Cancelled,1422.7
8901,1135,271,Butter Chicken,2022-12-30 07:21:41,Delivered,1328.68
8902,2161,335,Chole Bhature,2024-10-17 07:21:41,Cancelled,360.29
8903,4498,200,Paneer Tikka,2024-05-22 07:21:41,Delivered,451.02
8904,6942,228,Dosa,2023-11-17 07:21:41,Cancelled,672.28
8905,4685,103,Samosa,2023-01-03 07:21:41,Cancelled,609.9
8906,1080,417,Biryani,2024-09-04 07:21:41,Cancelled,212.37
8907,7515,245,Dal Makhani,2024-12-26 07:21:41,Preparing,732.13
8908,3982,239,Rogan Josh,2023-10-30 07:21:41,Delivered,1131.96
8909,8494,338,Dal Makhani,2023-03-07 07:21:41,Cancelled,723.83
8910,268,78,Rogan Josh,2023-12-30 07:21:41,Cancelled,242.18
8911,7559,438,Mutton Curry,2022-07-31 07:21:41,Delivered,1153.33
8912,2854,89,Chole Bhature,2024-10-14 07:21:41,Preparing,1005.1
8913,4648,331,Mutton Curry,2023-09-18 07:21:41,Delivered,338.38
8914,2289,187,Chole Bhature,2024-11-18 07:21:41,Preparing,123.86
8915,2199,286,Samosa,2023-09-09 07:21:41,Delivered,570.72
8916,6526,470,Dosa,2024-11-13 07:21:41,Delivered,613.82
8917,2600,110,Dosa,2023-01-21 07:21:41,Cancelled,1341.54
8918,7437,364,Rogan Josh,2023-07-15 07:21:41,Cancelled,796.84
8919,5960,50,Biryani,2024-08-14 07:21:41,Delivered,904.03
8920,7658,438,Dal Makhani,2023-12-30 07:21:41,Delivered,1296.59
8921,8860,104,Pani Puri,2024-06-08 07:21:41,Preparing,1253.69
8922,173,291,Chole Bhature,2024-08-24 07:21:41,Delivered,889.48
8923,435,281,Dosa,2022-09-02 07:21:41,Cancelled,877.67
8924,7591,1,Butter Chicken,2022-08-29 07:21:41,Preparing,1157.12
8925,9007,401,Butter Chicken,2024-03-21 07:21:41,Delivered,450.2
8926,3936,153,Paneer Tikka,2024-12-08 07:21:41,Delivered,335.76
8927,2378,287,Rogan Josh,2022-09-01 07:21:41,Delivered,319.54
8928,673,279,Biryani,2024-12-27 07:21:41,Cancelled,1025.64
8929,4928,372,Paneer Tikka,2022-04-22 07:21:41,Preparing,913.55
8930,1256,277,Biryani,2024-09-28 07:21:41,Preparing,804.23
8931,7271,473,Chole Bhature,2024-11-21 07:21:41,Delivered,1238.56
8932,8710,59,Biryani,2023-02-13 07:21:41,Delivered,1276.76
8933,4008,472,Dosa,2023-10-19 07:21:41,Delivered,933.81
8934,5873,455,Pani Puri,2023-01-17 07:21:41,Delivered,1171.25
8935,7585,150,Dosa,2023-04-07 07:21:41,Delivered,264.11
8936,4809,391,Butter Chicken,2022-10-27 07:21:41,Delivered,1367.64
8937,9824,461,Butter Chicken,2024-12-12 07:21:41,Delivered,1173.1
8938,8418,441,Biryani,2025-02-21 07:21:41,Delivered,1299.7
8939,8236,73,Samosa,2025-02-15 07:21:41,Preparing,1496.36
8940,1110,117,Rogan Josh,2024-03-14 07:21:41,Preparing,1453.95
8941,8388,321,Pani Puri,2022-12-25 07:21:41,Cancelled,1446.8
8942,5441,451,Samosa,2022-05-29 07:21:41,Delivered,188.44
8943,1038,470,Paneer Tikka,2024-04-14 07:21:41,Delivered,356.21
8944,3546,488,Pani Puri,2023-09-04 07:21:41,Cancelled,252.94
8945,2194,304,Rogan Josh,2023-08-30 07:21:41,Cancelled,901.15
8946,5456,45,Mutton Curry,2022-03-10 07:21:41,Cancelled,717.63
8947,8800,287,Rogan Josh,2023-08-05 07:21:41,Preparing,198.23
8948,261,223,Biryani,2024-01-13 07:21:41,Cancelled,926.0
8949,3133,26,Butter Chicken,2022-09-16 07:21:41,Cancelled,577.57
8950,4687,449,Rogan Josh,2022-07-25 07:21:41,Preparing,751.29
8951,2763,117,Samosa,2022-08-17 07:21:41,Preparing,152.23
8952,7102,130,Dal Makhani,2025-02-03 07:21:41,Cancelled,363.48
8953,9630,74,Chole Bhature,2023-04-27 07:21:41,Cancelled,132.19
8954,1551,396,Rogan Josh,2024-12-10 07:21:41,Delivered,355.7
8955,4079,20,Chole Bhature,2023-10-20 07:21:41,Preparing,1280.35
8956,2047,114,Dal Makhani,2024-04-19 07:21:41,Delivered,591.73
8957,404,467,Rogan Josh,2024-04-13 07:21:41,Cancelled,1009.59
8958,9940,352,Rogan Josh,2024-01-19 07:21:41,Delivered,1371.45
8959,3735,331,Paneer Tikka,2024-04-08 07:21:41,Delivered,915.51
8960,1163,484,Butter Chicken,2022-08-19 07:21:41,Delivered,497.32
8961,9382,374,Mutton Curry,2025-01-25 07:21:41,Preparing,421.92
8962,5896,150,Chole Bhature,2023-04-18 07:21:41,Cancelled,1384.07
8963,5163,364,Samosa,2022-04-27 07:21:41,Delivered,747.42
8964,812,83,Chole Bhature,2025-01-18 07:21:41,Delivered,475.7
8965,7285,144,Dosa,2024-01-07 07:21:41,Delivered,1106.32
8966,282,86,Paneer Tikka,2024-11-19 07:21:41,Cancelled,508.52
8967,584,497,Dosa,2024-06-27 07:21:41,Cancelled,705.13
8968,5088,270,Rogan Josh,2024-09-20 07:21:41,Delivered,776.51
8969,6673,196,Pani Puri,2023-11-18 07:21:41,Preparing,949.22
8970,9643,11,Samosa,2022-10-28 07:21:41,Preparing,449.45
8971,3772,409,Rogan Josh,2025-01-26 07:21:41,Delivered,758.82
8972,7262,294,Pani Puri,2022-08-07 07:21:41,Delivered,983.25
8973,7442,100,Dosa,2023-06-02 07:21:41,Preparing,1386.66
8974,8284,471,Samosa,2023-09-27 07:21:41,Delivered,719.05
8975,975,271,Rogan Josh,2024-06-13 07:21:41,Preparing,650.57
8976,309,348,Rogan Josh,2024-12-13 07:21:41,Delivered,1247.65
8977,4272,7,Chole Bhature,2023-04-24 07:21:41,Delivered,1269.37
8978,6180,214,Dosa,2022-06-27 07:21:41,Delivered,214.93
8979,7453,332,Pani Puri,2025-02-22 07:21:41,Cancelled,800.3
8980,6027,345,Dosa,2023-12-14 07:21:41,Cancelled,854.07
8981,1390,491,Butter Chicken,2025-03-04 07:21:41,Delivered,279.56
8982,1537,276,Dal Makhani,2023-09-17 07:21:41,Delivered,862.52
8983,8921,133,Rogan Josh,2023-12-03 07:21:41,Delivered,1015.71
8984,6749,146,Dosa,2024-02-15 07:21:41,Preparing,255.49
8985,8067,380,Mutton Curry,2023-10-10 07:21:41,Delivered,1347.4
8986,8151,305,Dal Makhani,2022-12-28 07:21:41,Cancelled,247.89
8987,7924,218,Dal Makhani,2024-04-22 07:21:41,Preparing,942.07
8988,7385,369,Dal Makhani,2024-06-17 07:21:41,Cancelled,1042.97
8989,1587,429,Samosa,2022-08-03 07:21:41,Preparing,1218.25
8990,2327,58,Chole Bhature,2023-10-01 07:21:41,Delivered,753.83
8991,7224,104,Mutton Curry,2024-06-30 07:21:41,Preparing,356.56
8992,8453,249,Pani Puri,2022-04-01 07:21:41,Cancelled,971.87
8993,3338,341,Dal Makhani,2022-06-16 07:21:41,Preparing,652.64
8994,2030,332,Mutton Curry,2025-01-04 07:21:41,Preparing,1123.87
8995,8894,119,Samosa,2022-07-01 07:21:41,Preparing,987.27
8996,4265,197,Dal Makhani,2022-09-03 07:21:41,Delivered,175.52
8997,5404,114,Rogan Josh,2024-07-02 07:21:41,Delivered,883.77
8998,6777,169,Dal Makhani,2023-07-19 07:21:41,Preparing,162.84
8999,7737,366,Dal Makhani,2023-04-13 07:21:41,Cancelled,434.06
9000,8437,299,Dosa,2024-02-02 07:21:41,Delivered,1349.22
9001,3346,433,Mutton Curry,2022-07-03 07:21:41,Preparing,261.09
9002,7082,232,Dal Makhani,2022-03-09 07:21:41,Delivered,755.2
9003,1307,182,Mutton Curry,2023-03-26 07:21:41,Preparing,283.6
9004,3347,186,Butter Chicken,2023-07-31 07:21:41,Delivered,680.64
9005,3987,111,Dosa,2022-07-28 07:21:41,Delivered,312.11
9006,6985,204,Dosa,2025-01-25 07:21:41,Delivered,285.68
9007,6267,138,Biryani,2022-07-23 07:21:41,Delivered,723.41
9008,9535,373,Pani Puri,2023-08-25 07:21:41,Delivered,396.89
9009,5998,15,Rogan Josh,2023-06-15 07:21:41,Cancelled,170.77
9010,7919,428,Mutton Curry,2023-03-27 07:21:41,Preparing,236.18
9011,3972,122,Chole Bhature,2022-08-31 07:21:41,Cancelled,136.6
9012,4596,498,Chole Bhature,2023-05-07 07:21:41,Delivered,830.64
9013,5447,15,Chole Bhature,2022-06-13 07:21:41,Preparing,944.36
9014,1081,293,Pani Puri,2022-09-14 07:21:41,Cancelled,311.57
9015,2188,66,Biryani,2023-02-21 07:21:41,Cancelled,1289.16
9016,7949,85,Rogan Josh,2022-05-25 07:21:41,Delivered,1356.47
9017,5223,285,Pani Puri,2022-12-13 07:21:41,Cancelled,829.28
9018,1943,333,Paneer Tikka,2025-01-13 07:21:41,Preparing,1431.17
9019,7395,408,Paneer Tikka,2023-07-31 07:21:41,Cancelled,508.62
9020,7366,404,Dal Makhani,2024-10-28 07:21:41,Delivered,1175.08
9021,7053,310,Biryani,2023-01-01 07:21:41,Cancelled,704.61
9022,7118,315,Rogan Josh,2022-04-21 07:21:41,Preparing,964.31
9023,4709,227,Samosa,2024-10-31 07:21:41,Cancelled,734.36
9024,5491,375,Biryani,2023-03-22 07:21:41,Delivered,1178.15
9025,5257,230,Dosa,2023-11-20 07:21:41,Cancelled,1316.25
9026,6656,287,Mutton Curry,2024-07-04 07:21:41,Delivered,1445.59
9027,3392,229,Biryani,2022-08-05 07:21:41,Cancelled,1496.0
9028,6792,407,Mutton Curry,2023-09-25 07:21:41,Delivered,372.59
9029,8258,335,Butter Chicken,2023-11-24 07:21:41,Delivered,1077.2
9030,4656,484,Chole Bhature,2022-04-04 07:21:41,Delivered,1114.78
9031,3278,488,Mutton Curry,2024-09-13 07:21:41,Cancelled,1206.62
9032,3353,163,Rogan Josh,2022-03-17 07:21:41,Cancelled,345.44
9033,7332,195,Mutton Curry,2022-10-26 07:21:41,Cancelled,537.1
9034,8356,351,Samosa,2022-03-25 07:21:41,Cancelled,595.64
9035,9010,325,Rogan Josh,2024-09-10 07:21:41,Delivered,1424.19
9036,1406,148,Dosa,2022-05-31 07:21:41,Preparing,1027.94
9037,8495,461,Paneer Tikka,2023-12-29 07:21:41,Cancelled,617.37
9038,9853,76,Rogan Josh,2024-05-18 07:21:41,Preparing,184.94
9039,5658,216,Pani Puri,2022-09-20 07:21:41,Cancelled,1038.31
9040,2804,386,Paneer Tikka,2023-03-01 07:21:41,Preparing,287.48
9041,7537,6,Dal Makhani,2022-11-06 07:21:41,Delivered,729.8
9042,1048,410,Rogan Josh,2024-03-26 07:21:41,Delivered,333.6
9043,4180,107,Dosa,2025-01-01 07:21:41,Cancelled,230.27
9044,9471,90,Pani Puri,2024-04-07 07:21:41,Delivered,472.86
9045,1977,105,Dal Makhani,2024-04-29 07:21:41,Preparing,1000.96
9046,3155,192,Mutton Curry,2022-03-20 07:21:41,Cancelled,461.55
9047,4037,60,Mutton Curry,2023-01-03 07:21:41,Cancelled,1094.98
9048,3,481,Pani Puri,2023-12-28 07:21:41,Preparing,919.89
9049,650,390,Mutton Curry,2025-02-05 07:21:41,Preparing,175.37
9050,5312,279,Paneer Tikka,2022-07-05 07:21:41,Delivered,519.2
9051,9165,239,Biryani,2022-08-22 07:21:41,Preparing,858.34
9052,2040,353,Samosa,2023-08-30 07:21:41,Preparing,583.12
9053,7031,187,Pani Puri,2022-07-08 07:21:41,Delivered,580.88
9054,1076,331,Biryani,2022-12-26 07:21:41,Preparing,848.08
9055,6000,131,Dal Makhani,2023-11-27 07:21:41,Delivered,856.77
9056,1601,496,Mutton Curry,2024-03-10 07:21:41,Cancelled,1272.8
9057,113,239,Pani Puri,2022-09-30 07:21:41,Preparing,711.21
9058,5582,227,Rogan Josh,2022-07-07 07:21:41,Cancelled,1203.46
9059,5412,95,Mutton Curry,2023-09-14 07:21:41,Cancelled,348.95
9060,6538,457,Samosa,2023-07-06 07:21:41,Cancelled,1192.67
9061,3231,46,Samosa,2023-06-02 07:21:41,Cancelled,747.96
9062,3860,295,Samosa,2024-05-24 07:21:41,Cancelled,994.44
9063,378,482,Mutton Curry,2024-02-09 07:21:41,Delivered,901.72
9064,1232,102,Pani Puri,2023-02-25 07:21:41,Preparing,804.02
9065,4623,283,Rogan Josh,2023-06-02 07:21:41,Delivered,1145.66
9066,5961,417,Chole Bhature,2022-04-04 07:21:41,Preparing,773.71
9067,7647,414,Biryani,2024-07-31 07:21:41,Delivered,509.59
9068,7026,346,Dosa,2023-05-18 07:21:41,Preparing,1162.27
9069,414,324,Dosa,2023-06-17 07:21:41,Cancelled,815.84
9070,1516,337,Paneer Tikka,2023-05-24 07:21:41,Cancelled,402.06
9071,3685,87,Chole Bhature,2023-08-20 07:21:41,Cancelled,953.09
9072,7611,109,Samosa,2022-07-08 07:21:41,Cancelled,339.74
9073,1025,71,Chole Bhature,2023-12-26 07:21:41,Preparing,1400.94
9074,6731,70,Butter Chicken,2024-06-23 07:21:41,Delivered,199.7
9075,4004,60,Butter Chicken,2024-07-05 07:21:41,Preparing,303.41
9076,148,371,Samosa,2024-06-25 07:21:41,Preparing,1142.63
9077,1749,66,Dal Makhani,2023-04-21 07:21:41,Cancelled,810.78
9078,8039,323,Dal Makhani,2022-10-12 07:21:41,Delivered,162.16
9079,1609,312,Chole Bhature,2022-07-06 07:21:41,Preparing,1300.19
9080,8015,90,Biryani,2024-08-08 07:21:41,Delivered,172.22
9081,9055,342,Dosa,2024-02-29 07:21:41,Cancelled,1433.68
9082,825,137,Samosa,2022-08-28 07:21:41,Delivered,1438.23
9083,349,155,Butter Chicken,2024-01-07 07:21:41,Cancelled,982.16
9084,5115,329,Mutton Curry,2023-07-01 07:21:41,Delivered,1157.6
9085,815,289,Rogan Josh,2023-06-08 07:21:41,Preparing,1069.25
9086,7757,60,Biryani,2024-01-03 07:21:41,Delivered,930.04
9087,5124,286,Rogan Josh,2024-03-29 07:21:41,Preparing,189.95
9088,6415,301,Dal Makhani,2022-12-14 07:21:41,Cancelled,1409.97
9089,2027,161,Chole Bhature,2022-10-07 07:21:41,Delivered,1307.88
9090,1988,117,Biryani,2023-03-20 07:21:41,Cancelled,1412.31
9091,1114,270,Rogan Josh,2022-08-31 07:21:41,Delivered,1361.85
9092,8362,318,Pani Puri,2024-06-21 07:21:41,Delivered,752.82
9093,452,175,Biryani,2023-04-17 07:21:41,Delivered,235.67
9094,5617,338,Paneer Tikka,2023-02-27 07:21:41,Preparing,921.49
9095,8013,67,Mutton Curry,2022-05-21 07:21:41,Preparing,1344.58
9096,5664,129,Biryani,2022-06-02 07:21:41,Delivered,1403.65
9097,3272,270,Dal Makhani,2024-04-01 07:21:41,Delivered,1111.55
9098,998,243,Dal Makhani,2022-04-24 07:21:41,Preparing,732.56
9099,9890,489,Rogan Josh,2024-11-08 07:21:41,Cancelled,1234.18
9100,268,16,Dosa,2024-12-14 07:21:41,Cancelled,279.64
9101,5640,353,Butter Chicken,2023-11-06 07:21:41,Cancelled,788.98
9102,2328,250,Chole Bhature,2023-05-17 07:21:41,Preparing,462.0
9103,8232,364,Chole Bhature,2023-10-24 07:21:41,Delivered,1157.17
9104,1661,247,Dal Makhani,2022-06-15 07:21:41,Cancelled,481.23
9105,6377,304,Butter Chicken,2023-03-07 07:21:41,Preparing,752.03
9106,191,428,Dosa,2023-12-20 07:21:41,Preparing,1072.87
9107,8608,222,Rogan Josh,2024-10-09 07:21:41,Cancelled,1301.82
9108,1932,47,Chole Bhature,2025-01-13 07:21:41,Preparing,906.33
9109,1201,91,Pani Puri,2024-09-05 07:21:41,Delivered,668.71
9110,9049,135,Pani Puri,2024-07-06 07:21:41,Preparing,944.78
9111,5100,362,Mutton Curry,2022-10-12 07:21:41,Cancelled,285.84
9112,493,145,Chole Bhature,2023-06-05 07:21:41,Delivered,418.89
9113,1485,214,Chole Bhature,2025-02-24 07:21:41,Cancelled,790.04
9114,4768,498,Chole Bhature,2022-05-21 07:21:41,Cancelled,607.65
9115,7256,351,Butter Chicken,2023-09-26 07:21:41,Cancelled,223.53
9116,8604,402,Dosa,2024-05-15 07:21:41,Preparing,629.27
9117,2303,351,Butter Chicken,2024-09-08 07:21:41,Cancelled,131.31
9118,724,98,Rogan Josh,2024-12-27 07:21:41,Preparing,553.22
9119,8029,154,Dosa,2022-11-21 07:21:41,Preparing,463.48
9120,4472,280,Biryani,2023-01-31 07:21:41,Preparing,529.8
9121,7042,166,Dal Makhani,2023-02-04 07:21:41,Delivered,960.32
9122,8933,25,Chole Bhature,2024-03-09 07:21:41,Delivered,595.84
9123,1056,229,Pani Puri,2024-08-27 07:21:41,Preparing,873.37
9124,3170,46,Chole Bhature,2024-11-03 07:21:41,Preparing,839.71
9125,5809,12,Rogan Josh,2024-03-29 07:21:41,Cancelled,973.09
9126,4220,77,Biryani,2024-05-26 07:21:41,Preparing,255.06
9127,2141,225,Butter Chicken,2023-06-24 07:21:41,Cancelled,1150.91
9128,5391,444,Biryani,2023-07-05 07:21:41,Delivered,407.34
9129,7973,304,Biryani,2024-10-11 07:21:41,Cancelled,179.44
9130,7032,14,Rogan Josh,2023-01-02 07:21:41,Delivered,357.69
9131,1291,203,Chole Bhature,2022-08-17 07:21:41,Preparing,836.95
9132,8719,434,Dosa,2022-12-09 07:21:41,Preparing,568.06
9133,4570,452,Mutton Curry,2024-08-16 07:21:41,Preparing,1293.47
9134,3657,31,Biryani,2024-10-24 07:21:41,Cancelled,1103.94
9135,6443,463,Butter Chicken,2023-05-14 07:21:41,Preparing,645.35
9136,8608,452,Pani Puri,2022-03-10 07:21:41,Cancelled,755.51
9137,3276,495,Mutton Curry,2023-11-11 07:21:41,Preparing,1488.86
9138,4935,174,Chole Bhature,2023-08-16 07:21:41,Cancelled,1026.63
9139,7129,87,Chole Bhature,2024-12-28 07:21:41,Cancelled,512.0
9140,348,363,Samosa,2022-06-02 07:21:41,Cancelled,1150.28
9141,1780,231,Samosa,2024-07-17 07:21:41,Delivered,418.46
9142,7956,403,Dal Makhani,2022-08-10 07:21:41,Cancelled,364.23
9143,9473,377,Samosa,2023-02-17 07:21:41,Preparing,114.44
9144,1492,54,Chole Bhature,2023-01-25 07:21:41,Cancelled,941.21
9145,9993,433,Biryani,2024-07-14 07:21:41,Preparing,480.69
9146,859,220,Biryani,2022-09-10 07:21:41,Preparing,138.65
9147,505,21,Rogan Josh,2022-06-01 07:21:41,Preparing,332.42
9148,7579,79,Chole Bhature,2023-12-08 07:21:41,Delivered,460.71
9149,1015,252,Dal Makhani,2024-05-30 07:21:41,Preparing,1222.38
9150,118,248,Butter Chicken,2022-05-19 07:21:41,Preparing,733.75
9151,7231,15,Rogan Josh,2022-10-18 07:21:41,Cancelled,807.37
9152,6282,351,Rogan Josh,2024-06-09 07:21:41,Cancelled,198.19
9153,4524,287,Pani Puri,2023-10-10 07:21:41,Delivered,858.67
9154,5074,230,Biryani,2023-05-17 07:21:41,Cancelled,689.26
9155,8171,245,Butter Chicken,2023-01-15 07:21:41,Preparing,1298.99
9156,2286,336,Dal Makhani,2022-04-11 07:21:41,Cancelled,1099.27
9157,6085,124,Chole Bhature,2022-04-25 07:21:41,Cancelled,1074.75
9158,2304,44,Mutton Curry,2024-03-14 07:21:41,Delivered,1009.21
9159,8864,150,Butter Chicken,2022-03-13 07:21:41,Preparing,216.19
9160,9336,112,Paneer Tikka,2022-03-06 07:21:41,Cancelled,309.47
9161,9715,188,Dosa,2022-06-05 07:21:41,Preparing,715.45
9162,9090,290,Samosa,2024-11-04 07:21:41,Delivered,1387.74
9163,3953,146,Mutton Curry,2023-12-15 07:21:41,Delivered,835.91
9164,5447,385,Chole Bhature,2023-04-14 07:21:41,Preparing,1117.98
9165,4720,359,Rogan Josh,2024-06-15 07:21:41,Preparing,1334.04
9166,1373,192,Chole Bhature,2024-08-26 07:21:41,Preparing,102.32
9167,9840,248,Paneer Tikka,2023-11-06 07:21:41,Preparing,822.01
9168,4148,59,Biryani,2023-12-07 07:21:41,Preparing,1058.36
9169,4864,361,Pani Puri,2025-02-02 07:21:41,Delivered,276.05
9170,590,297,Samosa,2023-02-19 07:21:41,Preparing,654.89
9171,7723,359,Butter Chicken,2024-01-30 07:21:41,Cancelled,858.73
9172,3986,258,Biryani,2023-11-26 07:21:41,Cancelled,1130.32
9173,285,24,Dosa,2022-04-09 07:21:41,Preparing,1390.48
9174,6124,348,Mutton Curry,2024-03-30 07:21:41,Preparing,360.58
9175,8979,493,Samosa,2023-05-27 07:21:41,Delivered,1357.59
9176,387,80,Paneer Tikka,2023-09-14 07:21:41,Cancelled,1159.01
9177,5365,99,Mutton Curry,2024-01-03 07:21:41,Cancelled,242.13
9178,6594,21,Mutton Curry,2023-12-21 07:21:41,Preparing,107.05
9179,7488,447,Chole Bhature,2022-08-18 07:21:41,Delivered,132.62
9180,3185,284,Chole Bhature,2023-12-11 07:21:41,Preparing,918.35
9181,8302,129,Samosa,2024-03-01 07:21:41,Cancelled,450.01
9182,3151,70,Mutton Curry,2023-11-05 07:21:41,Cancelled,273.54
9183,4949,468,Dosa,2022-03-09 07:21:41,Preparing,272.04
9184,1899,33,Dal Makhani,2022-05-27 07:21:41,Preparing,1193.13
9185,8637,367,Pani Puri,2024-03-03 07:21:41,Delivered,639.13
9186,2480,476,Biryani,2024-02-20 07:21:41,Cancelled,1292.57
9187,3548,103,Paneer Tikka,2024-12-16 07:21:41,Preparing,1486.74
9188,5702,65,Rogan Josh,2023-11-06 07:21:41,Preparing,764.43
9189,8748,426,Rogan Josh,2025-01-17 07:21:41,Preparing,206.86
9190,7540,73,Dal Makhani,2023-03-05 07:21:41,Preparing,399.02
9191,5527,483,Dosa,2022-10-07 07:21:41,Cancelled,206.55
9192,7902,256,Rogan Josh,2024-07-31 07:21:41,Cancelled,522.7
9193,6605,333,Chole Bhature,2024-12-20 07:21:41,Preparing,1122.57
9194,3724,10,Mutton Curry,2024-11-24 07:21:41,Delivered,648.41
9195,9218,429,Butter Chicken,2023-11-21 07:21:41,Delivered,159.19
9196,9147,249,Butter Chicken,2025-02-03 07:21:41,Preparing,836.68
9197,4728,397,Dal Makhani,2024-08-03 07:21:41,Cancelled,428.2
9198,7517,64,Samosa,2023-11-24 07:21:41,Preparing,868.23
9199,1667,77,Chole Bhature,2023-11-08 07:21:41,Cancelled,466.65
9200,5393,324,Dal Makhani,2022-09-03 07:21:41,Delivered,1028.28
9201,7450,212,Butter Chicken,2023-11-25 07:21:41,Cancelled,1168.23
9202,4176,321,Dal Makhani,2023-10-06 07:21:41,Preparing,1271.57
9203,719,331,Rogan Josh,2023-12-01 07:21:41,Cancelled,1306.62
9204,6540,201,Dosa,2022-12-23 07:21:41,Delivered,172.32
9205,5537,266,Biryani,2022-03-11 07:21:41,Preparing,303.19
9206,6117,402,Pani Puri,2024-05-19 07:21:41,Cancelled,507.98
9207,6542,416,Rogan Josh,2024-12-12 07:21:41,Cancelled,1206.9
9208,685,243,Paneer Tikka,2022-09-01 07:21:41,Cancelled,483.37
9209,1201,179,Dal Makhani,2022-06-12 07:21:41,Preparing,333.48
9210,9669,264,Dal Makhani,2023-05-21 07:21:41,Delivered,1257.64
9211,8970,486,Mutton Curry,2023-06-29 07:21:41,Preparing,563.23
9212,3985,97,Butter Chicken,2024-09-14 07:21:41,Preparing,506.46
9213,2804,34,Chole Bhature,2024-10-25 07:21:41,Delivered,478.75
9214,7949,267,Butter Chicken,2023-12-25 07:21:41,Delivered,1396.91
9215,3013,104,Samosa,2023-11-12 07:21:41,Preparing,1397.67
9216,6642,64,Pani Puri,2024-07-07 07:21:41,Preparing,1053.22
9217,8235,210,Chole Bhature,2024-09-06 07:21:41,Preparing,1329.59
9218,3092,157,Rogan Josh,2024-06-15 07:21:41,Preparing,785.32
9219,4569,99,Dal Makhani,2024-09-26 07:21:41,Preparing,541.11
9220,5703,337,Rogan Josh,2024-07-16 07:21:41,Delivered,571.68
9221,1172,281,Butter Chicken,2023-08-18 07:21:41,Cancelled,196.32
9222,3282,490,Mutton Curry,2023-06-30 07:21:41,Preparing,1458.56
9223,1118,139,Dal Makhani,2022-12-18 07:21:41,Delivered,1349.01
9224,5749,304,Chole Bhature,2023-07-29 07:21:41,Preparing,482.43
9225,4564,473,Chole Bhature,2024-07-06 07:21:41,Preparing,1434.7
9226,5975,110,Paneer Tikka,2023-05-23 07:21:41,Preparing,459.19
9227,7595,154,Biryani,2024-02-11 07:21:41,Preparing,177.17
9228,4154,268,Chole Bhature,2022-03-30 07:21:41,Delivered,439.21
9229,7957,441,Rogan Josh,2023-03-27 07:21:41,Preparing,964.56
9230,1492,436,Pani Puri,2023-09-05 07:21:41,Cancelled,1195.7
9231,6058,472,Paneer Tikka,2022-11-10 07:21:41,Delivered,296.55
9232,4319,282,Biryani,2024-11-11 07:21:41,Cancelled,516.24
9233,4538,354,Chole Bhature,2023-08-29 07:21:41,Delivered,685.74
9234,8770,93,Paneer Tikka,2024-10-26 07:21:41,Cancelled,949.59
9235,6535,79,Mutton Curry,2022-07-10 07:21:41,Cancelled,1359.54
9236,2333,182,Pani Puri,2024-04-24 07:21:41,Preparing,1076.19
9237,7936,285,Rogan Josh,2024-10-30 07:21:41,Delivered,202.32
9238,3259,300,Mutton Curry,2023-11-13 07:21:41,Cancelled,359.21
9239,2432,283,Samosa,2024-11-25 07:21:41,Cancelled,520.14
9240,5026,238,Pani Puri,2023-03-19 07:21:41,Cancelled,1387.02
9241,938,379,Mutton Curry,2024-01-21 07:21:41,Cancelled,862.09
9242,8762,459,Rogan Josh,2023-11-15 07:21:41,Cancelled,833.93
9243,2251,437,Butter Chicken,2022-11-06 07:21:41,Preparing,222.9
9244,3578,84,Samosa,2024-05-28 07:21:41,Cancelled,1417.46
9245,9748,147,Dal Makhani,2023-02-24 07:21:41,Preparing,691.37
9246,585,96,Dosa,2023-03-27 07:21:41,Preparing,1379.27
9247,4395,305,Biryani,2023-07-31 07:21:41,Preparing,376.52
9248,1493,147,Butter Chicken,2023-07-12 07:21:41,Cancelled,1332.5
9249,4964,287,Butter Chicken,2022-06-27 07:21:41,Cancelled,676.91
9250,4229,322,Dosa,2024-12-12 07:21:41,Delivered,1237.84
9251,4412,362,Pani Puri,2023-09-22 07:21:41,Delivered,991.27
9252,9021,264,Mutton Curry,2022-09-25 07:21:41,Cancelled,1209.31
9253,3972,436,Pani Puri,2024-07-22 07:21:41,Delivered,248.12
9254,7632,493,Chole Bhature,2024-03-21 07:21:41,Cancelled,1372.28
9255,1726,478,Butter Chicken,2024-07-30 07:21:41,Cancelled,674.16
9256,3517,467,Dal Makhani,2023-06-20 07:21:41,Delivered,275.02
9257,8555,227,Samosa,2022-08-15 07:21:41,Delivered,1002.11
9258,6608,184,Mutton Curry,2023-10-14 07:21:41,Preparing,550.12
9259,2572,256,Samosa,2022-07-17 07:21:41,Delivered,1362.85
9260,5621,236,Rogan Josh,2024-10-08 07:21:41,Delivered,823.01
9261,5084,239,Paneer Tikka,2022-04-14 07:21:41,Preparing,719.93
9262,4263,312,Dal Makhani,2022-07-01 07:21:41,Cancelled,1054.11
9263,4653,456,Dosa,2024-06-30 07:21:41,Cancelled,958.53
9264,1411,259,Rogan Josh,2022-12-03 07:21:41,Cancelled,442.86
9265,5424,227,Dal Makhani,2023-08-03 07:21:41,Cancelled,400.56
9266,4641,332,Dosa,2023-03-23 07:21:41,Delivered,1252.39
9267,1207,77,Chole Bhature,2024-01-24 07:21:41,Cancelled,561.76
9268,8663,347,Dosa,2023-11-12 07:21:41,Delivered,638.84
9269,7517,11,Rogan Josh,2023-01-26 07:21:41,Preparing,1434.82
9270,8437,125,Pani Puri,2022-05-15 07:21:41,Preparing,337.91
9271,7286,53,Dal Makhani,2022-11-04 07:21:41,Cancelled,234.08
9272,4610,69,Mutton Curry,2024-02-13 07:21:41,Delivered,1224.86
9273,5453,95,Butter Chicken,2023-01-06 07:21:41,Preparing,1042.11
9274,1608,392,Mutton Curry,2024-06-06 07:21:41,Delivered,1108.72
9275,1017,416,Biryani,2022-12-28 07:21:41,Preparing,591.26
9276,5912,297,Dosa,2024-07-08 07:21:41,Delivered,467.14
9277,1450,149,Mutton Curry,2024-03-24 07:21:41,Preparing,1132.55
9278,8984,146,Samosa,2024-02-04 07:21:41,Cancelled,226.26
9279,4969,482,Chole Bhature,2023-02-16 07:21:41,Cancelled,604.24
9280,5099,423,Rogan Josh,2023-03-29 07:21:41,Delivered,122.63
9281,337,63,Rogan Josh,2025-01-31 07:21:41,Cancelled,1331.83
9282,4406,185,Biryani,2024-02-17 07:21:41,Delivered,646.16
9283,9014,243,Dosa,2024-05-05 07:21:41,Preparing,363.45
9284,5932,106,Biryani,2024-12-01 07:21:41,Cancelled,370.15
9285,8889,58,Chole Bhature,2025-01-22 07:21:41,Delivered,834.69
9286,4867,462,Dal Makhani,2023-07-19 07:21:41,Cancelled,952.34
9287,1175,88,Pani Puri,2024-09-06 07:21:41,Delivered,202.81
9288,7266,227,Butter Chicken,2025-02-27 07:21:41,Preparing,492.81
9289,3436,451,Dosa,2022-04-11 07:21:41,Delivered,1111.89
9290,8239,436,Biryani,2024-09-26 07:21:41,Preparing,554.06
9291,2169,45,Mutton Curry,2025-01-27 07:21:41,Delivered,1157.29
9292,288,446,Chole Bhature,2024-08-24 07:21:41,Preparing,730.12
9293,7187,481,Chole Bhature,2023-07-11 07:21:41,Delivered,523.53
9294,667,436,Mutton Curry,2023-11-18 07:21:41,Cancelled,880.16
9295,5777,413,Dosa,2022-12-23 07:21:41,Cancelled,294.83
9296,1454,474,Dosa,2023-01-22 07:21:41,Preparing,481.29
9297,8748,479,Dosa,2023-10-02 07:21:41,Cancelled,1070.85
9298,9544,132,Dal Makhani,2024-07-31 07:21:41,Delivered,1061.9
9299,64,295,Biryani,2024-01-19 07:21:41,Delivered,469.62
9300,5977,466,Rogan Josh,2022-06-14 07:21:41,Preparing,613.58
9301,2685,200,Dosa,2023-03-22 07:21:41,Cancelled,324.2
9302,5184,12,Pani Puri,2023-05-14 07:21:41,Cancelled,361.94
9303,2755,30,Mutton Curry,2022-03-31 07:21:41,Cancelled,1402.69
9304,5864,25,Mutton Curry,2022-06-11 07:21:41,Cancelled,668.32
9305,4362,29,Samosa,2024-09-13 07:21:41,Delivered,919.15
9306,3103,416,Dal Makhani,2023-08-01 07:21:41,Preparing,357.22
9307,9375,266,Rogan Josh,2023-03-05 07:21:41,Delivered,839.69
9308,2804,145,Rogan Josh,2023-08-12 07:21:41,Preparing,1340.65
9309,3938,90,Samosa,2024-06-29 07:21:41,Cancelled,728.83
9310,2228,19,Samosa,2022-06-15 07:21:41,Delivered,1486.84
9311,3983,39,Rogan Josh,2023-10-27 07:21:41,Preparing,112.74
9312,4474,212,Dal Makhani,2022-08-05 07:21:41,Preparing,1479.12
9313,3750,249,Pani Puri,2022-06-14 07:21:41,Delivered,1361.79
9314,9557,352,Chole Bhature,2023-05-07 07:21:41,Preparing,1011.31
9315,4266,196,Butter Chicken,2023-12-07 07:21:41,Delivered,352.47
9316,10,227,Dal Makhani,2025-02-21 07:21:41,Preparing,1205.37
9317,8104,232,Rogan Josh,2024-04-04 07:21:41,Delivered,371.97
9318,2222,395,Dosa,2024-02-02 07:21:41,Delivered,468.83
9319,1487,368,Mutton Curry,2022-07-13 07:21:41,Preparing,206.26
9320,9724,315,Dal Makhani,2024-12-02 07:21:41,Delivered,292.82
9321,1419,361,Dosa,2024-07-30 07:21:41,Cancelled,561.35
9322,3860,407,Rogan Josh,2023-06-29 07:21:41,Preparing,625.97
9323,8637,316,Pani Puri,2022-08-27 07:21:41,Delivered,165.17
9324,2677,335,Dal Makhani,2024-10-08 07:21:41,Preparing,774.43
9325,9089,209,Paneer Tikka,2022-05-23 07:21:41,Preparing,986.25
9326,1509,295,Dosa,2024-10-06 07:21:41,Cancelled,857.18
9327,5344,356,Rogan Josh,2023-09-22 07:21:41,Cancelled,277.26
9328,7048,84,Dosa,2022-03-30 07:21:41,Cancelled,1383.63
9329,1499,100,Mutton Curry,2024-08-13 07:21:41,Cancelled,1074.64
9330,8416,377,Pani Puri,2025-01-03 07:21:41,Cancelled,1037.81
9331,5777,400,Rogan Josh,2023-11-04 07:21:41,Preparing,303.32
9332,1091,384,Samosa,2023-05-12 07:21:41,Cancelled,1256.77
9333,8409,118,Butter Chicken,2024-02-13 07:21:41,Cancelled,601.87
9334,8537,307,Butter Chicken,2023-08-26 07:21:41,Preparing,154.89
9335,1642,433,Paneer Tikka,2024-11-18 07:21:41,Preparing,1335.97
9336,9294,185,Chole Bhature,2023-06-29 07:21:41,Preparing,1393.9
9337,6330,126,Butter Chicken,2024-02-22 07:21:41,Preparing,1225.54
9338,610,369,Samosa,2025-01-28 07:21:41,Preparing,724.42
9339,2778,130,Butter Chicken,2025-02-17 07:21:41,Preparing,1141.38
9340,2294,292,Mutton Curry,2023-08-15 07:21:41,Cancelled,621.56
9341,1948,101,Paneer Tikka,2022-09-14 07:21:41,Preparing,1227.98
9342,1646,213,Dal Makhani,2023-05-07 07:21:41,Delivered,936.04
9343,9387,249,Butter Chicken,2022-10-06 07:21:41,Delivered,1006.61
9344,4807,18,Samosa,2024-05-26 07:21:41,Cancelled,1110.44
9345,4867,74,Rogan Josh,2022-06-07 07:21:41,Delivered,973.52
9346,5032,214,Mutton Curry,2025-02-14 07:21:41,Delivered,302.16
9347,7753,240,Chole Bhature,2023-11-14 07:21:41,Delivered,1423.33
9348,5999,176,Samosa,2023-01-17 07:21:41,Preparing,479.42
9349,2619,294,Rogan Josh,2023-03-18 07:21:41,Delivered,1090.88
9350,9314,499,Butter Chicken,2024-02-16 07:21:41,Preparing,734.79
9351,5660,207,Mutton Curry,2023-08-03 07:21:41,Delivered,1085.09
9352,54,458,Paneer Tikka,2022-04-02 07:21:41,Delivered,525.45
9353,6676,449,Dal Makhani,2023-02-14 07:21:41,Delivered,360.49
9354,3332,111,Pani Puri,2024-03-28 07:21:41,Preparing,207.94
9355,2213,378,Rogan Josh,2023-03-08 07:21:41,Preparing,426.02
9356,4887,263,Dosa,2024-03-06 07:21:41,Preparing,1125.18
9357,3718,45,Pani Puri,2023-12-12 07:21:41,Preparing,982.46
9358,7904,32,Samosa,2023-02-27 07:21:41,Cancelled,478.13
9359,2999,232,Paneer Tikka,2023-07-10 07:21:41,Delivered,866.07
9360,8133,429,Dosa,2023-06-30 07:21:41,Preparing,410.1
9361,4659,143,Rogan Josh,2023-08-20 07:21:41,Preparing,1326.78
9362,1226,193,Chole Bhature,2022-10-31 07:21:41,Delivered,1329.33
9363,2879,300,Chole Bhature,2024-12-18 07:21:41,Preparing,698.07
9364,1785,368,Butter Chicken,2023-02-14 07:21:41,Preparing,554.82
9365,2455,66,Dal Makhani,2022-06-06 07:21:41,Cancelled,867.06
9366,6384,345,Chole Bhature,2022-08-07 07:21:41,Delivered,819.87
9367,9317,182,Rogan Josh,2024-03-02 07:21:41,Preparing,144.54
9368,3275,414,Mutton Curry,2024-06-29 07:21:41,Preparing,523.29
9369,5706,55,Mutton Curry,2023-04-01 07:21:41,Delivered,671.48
9370,2161,135,Mutton Curry,2022-06-29 07:21:41,Preparing,706.83
9371,3967,492,Dal Makhani,2023-10-12 07:21:41,Delivered,1356.08
9372,5947,413,Dal Makhani,2023-09-22 07:21:41,Delivered,879.86
9373,1801,261,Samosa,2022-04-21 07:21:41,Preparing,1112.92
9374,7343,45,Mutton Curry,2022-07-27 07:21:41,Preparing,775.52
9375,5513,253,Samosa,2022-05-16 07:21:41,Cancelled,842.15
9376,4543,274,Dosa,2023-03-12 07:21:41,Preparing,468.28
9377,5277,352,Dal Makhani,2024-07-09 07:21:41,Delivered,396.04
9378,3601,303,Dal Makhani,2023-07-10 07:21:41,Delivered,1051.34
9379,9914,140,Dosa,2023-09-27 07:21:41,Preparing,825.64
9380,5379,492,Paneer Tikka,2023-05-27 07:21:41,Cancelled,412.84
9381,9316,163,Biryani,2023-09-16 07:21:41,Delivered,671.34
9382,8972,230,Mutton Curry,2024-10-06 07:21:41,Preparing,181.41
9383,6612,461,Dosa,2023-03-29 07:21:41,Delivered,1459.44
9384,3779,310,Butter Chicken,2024-02-15 07:21:41,Delivered,933.78
9385,9017,333,Biryani,2023-08-09 07:21:41,Cancelled,702.52
9386,9968,288,Mutton Curry,2022-10-02 07:21:41,Preparing,840.65
9387,5717,28,Butter Chicken,2023-06-08 07:21:41,Delivered,328.52
9388,8563,71,Rogan Josh,2024-12-25 07:21:41,Cancelled,322.2
9389,279,108,Biryani,2023-12-23 07:21:41,Delivered,1303.84
9390,780,20,Butter Chicken,2023-08-03 07:21:41,Cancelled,947.75
9391,3430,379,Biryani,2023-06-10 07:21:41,Cancelled,728.33
9392,9843,113,Mutton Curry,2023-10-31 07:21:41,Delivered,1270.68
9393,632,178,Rogan Josh,2022-07-10 07:21:41,Delivered,1462.21
9394,7084,99,Pani Puri,2022-03-12 07:21:41,Delivered,344.5
9395,5790,65,Paneer Tikka,2025-02-14 07:21:41,Preparing,477.85
9396,1969,185,Dosa,2025-01-26 07:21:41,Preparing,349.72
9397,8881,498,Pani Puri,2024-01-22 07:21:41,Delivered,486.35
9398,2162,15,Paneer Tikka,2022-03-08 07:21:41,Preparing,418.64
9399,7024,234,Pani Puri,2024-01-15 07:21:41,Delivered,624.23
9400,7775,242,Paneer Tikka,2024-12-06 07:21:41,Cancelled,1408.63
9401,7463,65,Dal Makhani,2022-05-04 07:21:41,Preparing,944.32
9402,1958,401,Dosa,2024-11-29 07:21:41,Cancelled,882.62
9403,8972,145,Mutton Curry,2024-10-07 07:21:41,Cancelled,1117.13
9404,2696,33,Dal Makhani,2023-06-03 07:21:41,Cancelled,1000.31
9405,7806,261,Mutton Curry,2022-03-11 07:21:41,Cancelled,108.55
9406,5690,253,Dosa,2024-03-31 07:21:41,Cancelled,648.57
9407,7303,414,Samosa,2024-12-11 07:21:41,Delivered,351.09
9408,5223,431,Butter Chicken,2023-02-07 07:21:41,Cancelled,1394.44
9409,102,178,Biryani,2023-06-10 07:21:41,Preparing,1099.78
9410,2758,254,Dal Makhani,2023-12-10 07:21:41,Delivered,431.27
9411,8872,81,Mutton Curry,2022-06-05 07:21:41,Cancelled,696.02
9412,9077,245,Samosa,2024-02-13 07:21:41,Delivered,1081.27
9413,948,190,Biryani,2022-07-26 07:21:41,Delivered,1304.3
9414,4893,2,Rogan Josh,2022-09-20 07:21:41,Preparing,434.35
9415,1373,229,Mutton Curry,2024-08-07 07:21:41,Delivered,844.13
9416,5888,347,Butter Chicken,2024-03-21 07:21:41,Preparing,1213.19
9417,1887,326,Dosa,2022-08-10 07:21:41,Delivered,736.68
9418,2087,362,Butter Chicken,2023-07-07 07:21:41,Cancelled,844.22
9419,2811,453,Mutton Curry,2024-05-09 07:21:41,Cancelled,786.9
9420,7368,494,Mutton Curry,2024-03-31 07:21:41,Cancelled,484.06
9421,4644,194,Dosa,2023-05-24 07:21:41,Delivered,864.16
9422,3331,127,Pani Puri,2022-05-23 07:21:41,Delivered,1441.92
9423,8969,269,Chole Bhature,2023-12-14 07:21:41,Cancelled,867.1
9424,1443,57,Rogan Josh,2024-08-21 07:21:41,Preparing,416.53
9425,7364,337,Biryani,2024-04-19 07:21:41,Preparing,115.61
9426,8056,130,Chole Bhature,2022-05-24 07:21:41,Delivered,273.45
9427,248,393,Rogan Josh,2024-03-11 07:21:41,Cancelled,389.37
9428,3017,140,Samosa,2023-06-04 07:21:41,Cancelled,482.55
9429,3012,114,Mutton Curry,2023-03-07 07:21:41,Delivered,192.04
9430,7319,34,Samosa,2024-04-11 07:21:41,Preparing,433.91
9431,2957,128,Dosa,2023-06-27 07:21:41,Cancelled,944.86
9432,4720,356,Paneer Tikka,2024-01-11 07:21:41,Delivered,349.24
9433,3742,151,Samosa,2022-05-15 07:21:41,Delivered,162.94
9434,6259,33,Rogan Josh,2025-02-27 07:21:41,Preparing,194.42
9435,278,330,Rogan Josh,2023-11-12 07:21:41,Delivered,451.01
9436,365,427,Paneer Tikka,2024-10-26 07:21:41,Preparing,1260.51
9437,3835,115,Dal Makhani,2022-03-17 07:21:41,Cancelled,909.84
9438,2084,22,Mutton Curry,2024-05-03 07:21:41,Cancelled,1164.07
9439,5830,474,Paneer Tikka,2023-10-27 07:21:41,Preparing,457.16
9440,2034,214,Samosa,2024-08-22 07:21:41,Preparing,1074.76
9441,1014,408,Chole Bhature,2024-06-09 07:21:41,Delivered,705.74
9442,3849,133,Butter Chicken,2022-09-24 07:21:41,Preparing,1398.6
9443,2359,327,Pani Puri,2023-05-02 07:21:41,Cancelled,1438.56
9444,9322,348,Pani Puri,2022-12-12 07:21:41,Cancelled,290.89
9445,2052,189,Pani Puri,2024-02-06 07:21:41,Cancelled,757.18
9446,6577,367,Paneer Tikka,2025-02-06 07:21:41,Delivered,1127.53
9447,3650,347,Chole Bhature,2024-02-14 07:21:41,Delivered,1281.32
9448,9641,449,Paneer Tikka,2023-10-08 07:21:41,Delivered,927.23
9449,4632,325,Dal Makhani,2024-10-13 07:21:41,Preparing,730.65
9450,1778,349,Samosa,2024-12-19 07:21:41,Preparing,1171.1
9451,3186,294,Pani Puri,2023-11-08 07:21:41,Delivered,508.21
9452,2953,357,Paneer Tikka,2024-10-23 07:21:41,Delivered,796.75
9453,2688,343,Dal Makhani,2023-06-17 07:21:41,Preparing,726.3
9454,4818,188,Dosa,2024-11-22 07:21:41,Delivered,879.57
9455,1015,207,Paneer Tikka,2024-04-02 07:21:41,Cancelled,281.93
9456,5000,478,Chole Bhature,2023-11-11 07:21:41,Delivered,525.3
9457,482,347,Chole Bhature,2023-12-25 07:21:41,Preparing,451.13
9458,525,70,Dal Makhani,2024-10-27 07:21:41,Delivered,1322.05
9459,9610,466,Paneer Tikka,2024-03-17 07:21:41,Delivered,441.52
9460,26,60,Rogan Josh,2024-05-19 07:21:41,Cancelled,1367.18
9461,6162,55,Dosa,2024-06-01 07:21:41,Delivered,787.2
9462,2342,82,Dal Makhani,2022-08-19 07:21:41,Preparing,634.77
9463,2651,278,Dal Makhani,2023-07-30 07:21:41,Delivered,1136.62
9464,8257,15,Biryani,2025-01-17 07:21:41,Delivered,1174.09
9465,672,30,Mutton Curry,2023-07-15 07:21:41,Cancelled,812.33
9466,5556,222,Rogan Josh,2024-05-04 07:21:41,Cancelled,339.25
9467,2649,62,Pani Puri,2022-08-06 07:21:41,Delivered,940.03
9468,6993,114,Biryani,2024-12-28 07:21:41,Cancelled,947.15
9469,2452,151,Dal Makhani,2022-08-18 07:21:41,Preparing,419.1
9470,850,489,Samosa,2024-12-17 07:21:41,Cancelled,1056.99
9471,8126,297,Mutton Curry,2022-11-07 07:21:41,Delivered,950.54
9472,1769,400,Mutton Curry,2022-05-25 07:21:41,Cancelled,1312.25
9473,3772,191,Mutton Curry,2022-03-20 07:21:41,Delivered,467.88
9474,1265,132,Biryani,2023-03-13 07:21:41,Preparing,341.18
9475,639,78,Butter Chicken,2023-11-15 07:21:41,Preparing,648.62
9476,6569,409,Dal Makhani,2024-08-05 07:21:41,Preparing,436.14
9477,2693,161,Chole Bhature,2022-06-30 07:21:41,Delivered,179.66
9478,3247,242,Dosa,2023-03-17 07:21:41,Preparing,1237.24
9479,1904,89,Dal Makhani,2022-12-18 07:21:41,Cancelled,970.83
9480,4247,477,Biryani,2023-10-27 07:21:41,Cancelled,1392.84
9481,6087,170,Dal Makhani,2023-05-22 07:21:41,Preparing,1282.89
9482,2684,86,Mutton Curry,2024-05-01 07:21:41,Preparing,1443.33
9483,8571,118,Samosa,2023-01-25 07:21:41,Cancelled,693.78
9484,3418,384,Dosa,2024-04-20 07:21:41,Preparing,986.09
9485,975,30,Dal Makhani,2022-08-29 07:21:41,Preparing,1109.11
9486,4188,135,Samosa,2024-06-08 07:21:41,Preparing,252.99
9487,8666,127,Dosa,2024-04-08 07:21:41,Cancelled,798.41
9488,8065,413,Dal Makhani,2024-09-30 07:21:41,Cancelled,1193.5
9489,8436,230,Biryani,2023-10-04 07:21:41,Cancelled,350.02
9490,8698,306,Samosa,2022-12-08 07:21:41,Preparing,603.85
9491,6292,323,Mutton Curry,2025-02-26 07:21:41,Preparing,181.48
9492,7021,67,Dosa,2024-03-11 07:21:41,Delivered,1340.78
9493,3029,149,Paneer Tikka,2022-04-11 07:21:41,Preparing,1355.65
9494,7502,462,Paneer Tikka,2023-01-28 07:21:41,Cancelled,1026.28
9495,9863,221,Chole Bhature,2023-09-29 07:21:41,Preparing,1373.07
9496,3931,239,Mutton Curry,2023-01-26 07:21:41,Delivered,186.44
9497,993,134,Biryani,2022-06-28 07:21:41,Delivered,1498.21
9498,4510,254,Butter Chicken,2023-04-05 07:21:41,Delivered,530.21
9499,5779,246,Biryani,2023-01-11 07:21:41,Delivered,152.59
9500,9528,467,Dosa,2022-03-29 07:21:41,Cancelled,1198.04
9501,7465,207,Chole Bhature,2022-09-04 07:21:41,Delivered,943.28
9502,6381,159,Samosa,2023-07-18 07:21:41,Delivered,202.93
9503,7910,479,Butter Chicken,2023-06-08 07:21:41,Preparing,794.68
9504,8858,108,Paneer Tikka,2025-02-12 07:21:41,Cancelled,1199.8
9505,206,246,Samosa,2024-06-29 07:21:41,Preparing,807.29
9506,6220,98,Mutton Curry,2024-06-07 07:21:41,Delivered,137.34
9507,9515,174,Paneer Tikka,2025-03-02 07:21:41,Preparing,957.11
9508,9516,301,Samosa,2023-07-13 07:21:41,Cancelled,572.0
9509,1729,478,Mutton Curry,2023-12-26 07:21:41,Delivered,1075.81
9510,7110,332,Butter Chicken,2022-04-14 07:21:41,Delivered,1295.33
9511,8409,344,Chole Bhature,2025-02-10 07:21:41,Delivered,1009.6
9512,8791,309,Rogan Josh,2023-03-25 07:21:41,Preparing,1299.93
9513,2530,141,Rogan Josh,2023-02-24 07:21:41,Preparing,852.88
9514,6116,312,Butter Chicken,2022-05-11 07:21:41,Delivered,1035.6
9515,9844,213,Butter Chicken,2022-04-06 07:21:41,Cancelled,329.71
9516,620,88,Mutton Curry,2024-08-17 07:21:41,Cancelled,594.45
9517,9304,264,Chole Bhature,2022-06-08 07:21:41,Delivered,554.21
9518,2753,24,Butter Chicken,2024-07-18 07:21:41,Cancelled,397.85
9519,1016,66,Rogan Josh,2023-12-02 07:21:41,Preparing,666.17
9520,6524,66,Butter Chicken,2024-05-12 07:21:41,Cancelled,210.45
9521,4714,85,Rogan Josh,2024-04-05 07:21:41,Cancelled,128.37
9522,5404,99,Dal Makhani,2023-07-05 07:21:41,Cancelled,1497.91
9523,3924,253,Dal Makhani,2024-03-17 07:21:41,Preparing,997.62
9524,1609,438,Dosa,2022-10-26 07:21:41,Cancelled,484.64
9525,8694,281,Samosa,2022-07-26 07:21:41,Preparing,877.69
9526,2122,475,Rogan Josh,2024-06-19 07:21:41,Cancelled,1273.6
9527,4851,271,Dosa,2024-11-02 07:21:41,Cancelled,756.68
9528,3904,303,Dosa,2023-09-02 07:21:41,Delivered,581.83
9529,6628,340,Paneer Tikka,2024-11-09 07:21:41,Delivered,1121.45
9530,131,418,Chole Bhature,2022-05-29 07:21:41,Delivered,274.41
9531,4153,326,Chole Bhature,2024-03-21 07:21:41,Delivered,646.67
9532,5184,193,Mutton Curry,2023-06-04 07:21:41,Cancelled,896.92
9533,1342,329,Dal Makhani,2024-11-06 07:21:41,Preparing,1034.59
9534,4591,130,Paneer Tikka,2023-07-20 07:21:41,Preparing,1193.2
9535,3891,209,Dosa,2024-01-10 07:21:41,Preparing,988.2
9536,8090,92,Samosa,2024-02-03 07:21:41,Delivered,1312.48
9537,5368,178,Paneer Tikka,2022-05-09 07:21:41,Delivered,973.48
9538,670,348,Biryani,2023-12-24 07:21:41,Preparing,428.38
9539,9522,228,Paneer Tikka,2022-10-19 07:21:41,Delivered,1232.15
9540,3593,223,Mutton Curry,2024-12-21 07:21:41,Delivered,1411.65
9541,7081,259,Dal Makhani,2024-11-01 07:21:41,Delivered,1148.75
9542,7479,254,Chole Bhature,2024-02-27 07:21:41,Preparing,1017.91
9543,717,210,Rogan Josh,2024-06-17 07:21:41,Delivered,754.81
9544,5775,106,Pani Puri,2024-04-16 07:21:41,Cancelled,1244.86
9545,347,40,Samosa,2023-05-31 07:21:41,Cancelled,1423.26
9546,8294,453,Samosa,2022-03-11 07:21:41,Preparing,202.07
9547,2080,8,Pani Puri,2024-08-28 07:21:41,Cancelled,732.62
9548,8282,328,Dal Makhani,2024-09-10 07:21:41,Preparing,1308.61
9549,8880,277,Mutton Curry,2024-09-15 07:21:41,Delivered,361.44
9550,2196,460,Pani Puri,2024-06-17 07:21:41,Cancelled,1076.92
9551,7310,328,Butter Chicken,2025-02-10 07:21:41,Cancelled,1146.82
9552,3626,191,Biryani,2024-03-23 07:21:41,Preparing,541.12
9553,4475,71,Mutton Curry,2024-01-21 07:21:41,Delivered,760.69
9554,3160,254,Dosa,2023-08-26 07:21:41,Cancelled,1187.2
9555,1803,342,Dosa,2024-01-14 07:21:41,Cancelled,678.89
9556,8098,461,Rogan Josh,2024-02-03 07:21:41,Cancelled,1442.95
9557,2889,412,Rogan Josh,2025-02-17 07:21:41,Preparing,110.34
9558,1208,328,Butter Chicken,2024-03-07 07:21:41,Delivered,983.9
9559,1470,414,Mutton Curry,2022-05-23 07:21:41,Delivered,1297.97
9560,3282,384,Samosa,2022-07-19 07:21:41,Cancelled,1228.72
9561,5090,324,Samosa,2022-09-05 07:21:41,Cancelled,897.02
9562,938,204,Dal Makhani,2024-03-21 07:21:41,Preparing,561.28
9563,7838,255,Dosa,2024-01-05 07:21:41,Preparing,268.32
9564,1927,175,Paneer Tikka,2024-11-09 07:21:41,Cancelled,1354.13
9565,2124,3,Samosa,2023-07-23 07:21:41,Preparing,364.8
9566,6505,436,Rogan Josh,2022-09-14 07:21:41,Preparing,571.69
9567,809,131,Rogan Josh,2024-01-20 07:21:41,Cancelled,1077.04
9568,7305,454,Mutton Curry,2023-10-14 07:21:41,Cancelled,733.49
9569,1360,16,Mutton Curry,2024-04-07 07:21:41,Cancelled,213.6
9570,9597,77,Rogan Josh,2025-02-23 07:21:41,Delivered,859.95
9571,2956,487,Chole Bhature,2025-02-18 07:21:41,Cancelled,340.06
9572,1201,397,Mutton Curry,2022-10-06 07:21:41,Preparing,755.75
9573,2283,162,Dal Makhani,2022-12-08 07:21:41,Delivered,1271.23
9574,8905,132,Dosa,2024-01-21 07:21:41,Preparing,773.61
9575,5629,50,Dal Makhani,2022-04-09 07:21:41,Cancelled,1242.89
9576,9285,41,Chole Bhature,2023-12-03 07:21:41,Cancelled,795.32
9577,5845,186,Dal Makhani,2025-02-12 07:21:41,Cancelled,1482.64
9578,1402,94,Pani Puri,2022-05-14 07:21:41,Preparing,1118.51
9579,1122,64,Paneer Tikka,2024-09-26 07:21:41,Preparing,395.26
9580,5545,231,Rogan Josh,2023-06-20 07:21:41,Delivered,1172.08
9581,547,173,Mutton Curry,2022-06-27 07:21:41,Preparing,613.24
9582,1099,254,Dal Makhani,2022-05-27 07:21:41,Preparing,1344.29
9583,8741,457,Dosa,2022-12-22 07:21:41,Preparing,337.66
9584,9204,236,Butter Chicken,2023-03-12 07:21:41,Cancelled,443.61
9585,6068,156,Rogan Josh,2023-03-11 07:21:41,Delivered,1055.23
9586,1699,70,Biryani,2023-12-14 07:21:41,Cancelled,832.54
9587,9638,171,Paneer Tikka,2024-05-18 07:21:41,Delivered,1038.51
9588,2828,275,Rogan Josh,2024-05-17 07:21:41,Cancelled,281.44
9589,73,111,Dosa,2024-02-19 07:21:41,Delivered,603.08
9590,5342,101,Chole Bhature,2024-02-28 07:21:41,Cancelled,850.59
9591,8954,359,Biryani,2023-07-20 07:21:41,Preparing,1027.16
9592,8500,147,Samosa,2023-09-02 07:21:41,Delivered,1273.61
9593,7266,432,Chole Bhature,2024-09-17 07:21:41,Cancelled,906.32
9594,9055,321,Chole Bhature,2023-05-04 07:21:41,Preparing,968.75
9595,5253,408,Dal Makhani,2023-12-25 07:21:41,Preparing,684.83
9596,7980,80,Chole Bhature,2024-07-19 07:21:41,Delivered,608.64
9597,2357,346,Rogan Josh,2024-08-26 07:21:41,Delivered,1032.73
9598,7533,477,Butter Chicken,2023-03-12 07:21:41,Delivered,921.51
9599,9545,165,Samosa,2023-01-05 07:21:41,Preparing,643.78
9600,3825,155,Dosa,2022-06-11 07:21:41,Cancelled,1411.1
9601,1031,451,Samosa,2022-10-05 07:21:41,Cancelled,865.13
9602,839,410,Mutton Curry,2024-07-02 07:21:41,Delivered,243.84
9603,6042,454,Samosa,2025-02-19 07:21:41,Delivered,336.54
9604,6342,286,Butter Chicken,2023-02-01 07:21:41,Cancelled,1184.86
9605,1474,14,Samosa,2024-08-16 07:21:41,Cancelled,237.19
9606,834,404,Rogan Josh,2024-10-14 07:21:41,Cancelled,875.62
9607,9197,325,Butter Chicken,2023-12-04 07:21:41,Cancelled,245.52
9608,6064,414,Dosa,2022-09-16 07:21:41,Preparing,136.82
9609,5413,467,Chole Bhature,2024-01-22 07:21:41,Preparing,1132.44
9610,593,265,Biryani,2022-07-31 07:21:41,Cancelled,1125.74
9611,888,429,Dal Makhani,2023-06-18 07:21:41,Delivered,103.4
9612,1595,89,Dosa,2023-04-08 07:21:41,Cancelled,1091.89
9613,24,61,Samosa,2022-12-06 07:21:41,Cancelled,147.3
9614,7782,178,Mutton Curry,2024-03-24 07:21:41,Preparing,1169.84
9615,5908,410,Samosa,2023-05-10 07:21:41,Preparing,688.91
9616,9372,35,Paneer Tikka,2024-10-13 07:21:41,Preparing,1150.94
9617,5795,279,Dosa,2023-07-03 07:21:41,Preparing,559.38
9618,4952,359,Samosa,2022-09-07 07:21:41,Preparing,1095.0
9619,6173,219,Samosa,2024-11-16 07:21:41,Preparing,209.12
9620,9954,64,Dosa,2023-10-08 07:21:41,Delivered,191.05
9621,4887,406,Mutton Curry,2024-03-23 07:21:41,Cancelled,1316.08
9622,5115,427,Rogan Josh,2022-09-16 07:21:41,Cancelled,1398.63
9623,5210,309,Pani Puri,2023-11-10 07:21:41,Cancelled,825.46
9624,2483,142,Mutton Curry,2024-09-10 07:21:41,Cancelled,688.93
9625,2146,266,Dal Makhani,2024-07-01 07:21:41,Preparing,375.81
9626,3380,113,Dal Makhani,2023-06-25 07:21:41,Cancelled,230.95
9627,4500,115,Chole Bhature,2024-03-04 07:21:41,Preparing,919.92
9628,321,50,Chole Bhature,2024-06-03 07:21:41,Preparing,1178.72
9629,3626,440,Pani Puri,2024-01-02 07:21:41,Delivered,1055.04
9630,4825,443,Dosa,2023-01-11 07:21:41,Cancelled,1003.62
9631,1137,412,Mutton Curry,2024-12-27 07:21:41,Delivered,1065.17
9632,1407,213,Butter Chicken,2023-07-04 07:21:41,Preparing,1406.41
9633,115,233,Dal Makhani,2024-02-20 07:21:41,Cancelled,834.41
9634,4174,181,Samosa,2023-04-29 07:21:41,Delivered,868.0
9635,5061,150,Butter Chicken,2022-07-06 07:21:41,Cancelled,439.45
9636,468,71,Biryani,2022-09-10 07:21:41,Preparing,219.49
9637,7166,402,Samosa,2022-10-11 07:21:41,Cancelled,147.94
9638,107,400,Paneer Tikka,2024-06-10 07:21:41,Delivered,422.64
9639,8427,268,Chole Bhature,2025-02-08 07:21:41,Cancelled,157.7
9640,1766,349,Samosa,2023-05-26 07:21:41,Cancelled,1012.87
9641,5133,366,Mutton Curry,2024-03-14 07:21:41,Preparing,893.71
9642,4808,175,Paneer Tikka,2024-09-29 07:21:41,Preparing,408.75
9643,2585,69,Pani Puri,2024-03-06 07:21:41,Delivered,997.9
9644,3653,311,Samosa,2023-02-24 07:21:41,Cancelled,1475.41
9645,7981,86,Dosa,2023-01-15 07:21:41,Delivered,510.78
9646,2980,122,Dal Makhani,2023-06-27 07:21:41,Delivered,425.44
9647,5900,347,Paneer Tikka,2023-04-28 07:21:41,Preparing,1199.95
9648,4041,233,Dosa,2022-03-25 07:21:41,Delivered,877.08
9649,758,86,Samosa,2023-04-05 07:21:41,Delivered,622.39
9650,8515,229,Rogan Josh,2024-06-14 07:21:41,Cancelled,1254.93
9651,6755,220,Dosa,2024-12-27 07:21:41,Cancelled,608.54
9652,2108,382,Pani Puri,2024-07-21 07:21:41,Delivered,1125.33
9653,7399,109,Dosa,2023-11-09 07:21:41,Cancelled,281.05
9654,7141,409,Chole Bhature,2022-05-01 07:21:41,Preparing,738.64
9655,6445,470,Dal Makhani,2024-06-25 07:21:41,Cancelled,1175.59
9656,2357,183,Dosa,2023-12-27 07:21:41,Preparing,720.43
9657,5150,334,Butter Chicken,2023-09-11 07:21:41,Delivered,461.62
9658,4914,448,Paneer Tikka,2022-10-24 07:21:41,Cancelled,1006.11
9659,3214,48,Dal Makhani,2024-07-27 07:21:41,Cancelled,283.88
9660,274,367,Paneer Tikka,2024-07-28 07:21:41,Cancelled,180.04
9661,2836,277,Pani Puri,2025-01-13 07:21:41,Delivered,840.57
9662,9134,208,Samosa,2022-08-22 07:21:41,Preparing,669.45
9663,7348,428,Chole Bhature,2023-05-27 07:21:41,Cancelled,1404.95
9664,5949,298,Chole Bhature,2023-08-01 07:21:41,Preparing,348.72
9665,9219,20,Paneer Tikka,2022-05-07 07:21:41,Delivered,547.36
9666,3594,434,Dosa,2025-02-13 07:21:41,Delivered,234.57
9667,9868,429,Biryani,2024-12-25 07:21:41,Cancelled,378.81
9668,3919,423,Pani Puri,2023-10-14 07:21:41,Preparing,285.33
9669,7700,398,Butter Chicken,2023-03-23 07:21:41,Preparing,657.36
9670,50,258,Butter Chicken,2024-04-16 07:21:41,Delivered,407.2
9671,9823,107,Dosa,2024-10-27 07:21:41,Preparing,455.57
9672,3275,460,Biryani,2022-04-25 07:21:41,Preparing,962.92
9673,2854,392,Mutton Curry,2022-11-06 07:21:41,Preparing,799.57
9674,5002,330,Paneer Tikka,2022-11-04 07:21:41,Cancelled,1043.56
9675,658,193,Chole Bhature,2023-10-30 07:21:41,Preparing,516.22
9676,1117,368,Biryani,2022-07-24 07:21:41,Preparing,1396.8
9677,2120,26,Dal Makhani,2023-03-18 07:21:41,Preparing,473.77
9678,3425,404,Butter Chicken,2022-07-03 07:21:41,Preparing,278.14
9679,1888,407,Chole Bhature,2024-08-14 07:21:41,Delivered,210.58
9680,7437,41,Butter Chicken,2024-10-21 07:21:41,Delivered,751.93
9681,5883,50,Mutton Curry,2024-09-09 07:21:41,Preparing,1319.55
9682,1132,80,Rogan Josh,2022-05-17 07:21:41,Delivered,190.79
9683,1755,185,Samosa,2022-07-31 07:21:41,Delivered,431.11
9684,5921,184,Samosa,2024-02-14 07:21:41,Cancelled,771.67
9685,4681,369,Paneer Tikka,2022-06-28 07:21:41,Delivered,791.96
9686,8390,325,Mutton Curry,2024-01-08 07:21:41,Preparing,372.1
9687,8173,471,Rogan Josh,2022-04-11 07:21:41,Delivered,869.95
9688,2963,196,Dosa,2024-11-06 07:21:41,Cancelled,969.26
9689,3907,138,Pani Puri,2022-03-10 07:21:41,Delivered,1266.86
9690,8767,500,Chole Bhature,2023-06-09 07:21:41,Preparing,679.3
9691,1197,397,Pani Puri,2024-03-11 07:21:41,Delivered,1362.87
9692,9768,108,Dosa,2022-11-05 07:21:41,Delivered,748.26
9693,5416,129,Dosa,2023-07-05 07:21:41,Delivered,731.34
9694,7865,258,Butter Chicken,2023-04-24 07:21:41,Cancelled,933.72
9695,2926,191,Dal Makhani,2022-05-02 07:21:41,Delivered,710.9
9696,9991,231,Biryani,2023-01-13 07:21:41,Preparing,1206.26
9697,8324,471,Paneer Tikka,2023-10-18 07:21:41,Delivered,1381.41
9698,2031,158,Paneer Tikka,2022-12-05 07:21:41,Delivered,551.29
9699,9337,224,Paneer Tikka,2023-07-19 07:21:41,Cancelled,425.93
9700,1270,404,Paneer Tikka,2023-03-08 07:21:41,Cancelled,1305.61
9701,4181,79,Dal Makhani,2023-01-19 07:21:41,Preparing,1403.52
9702,6374,175,Rogan Josh,2023-06-03 07:21:41,Delivered,444.8
9703,4857,136,Dal Makhani,2023-02-28 07:21:41,Cancelled,304.51
9704,6680,397,Biryani,2023-06-01 07:21:41,Delivered,1037.47
9705,2715,235,Mutton Curry,2022-12-24 07:21:41,Cancelled,315.24
9706,6370,53,Dosa,2024-05-23 07:21:41,Cancelled,661.15
9707,4929,40,Dosa,2023-12-26 07:21:41,Cancelled,1424.58
9708,4099,240,Paneer Tikka,2023-07-23 07:21:41,Cancelled,1375.49
9709,9057,461,Chole Bhature,2024-01-20 07:21:41,Delivered,1189.01
9710,6638,109,Chole Bhature,2024-06-26 07:21:41,Cancelled,1012.1
9711,6784,138,Pani Puri,2023-07-16 07:21:41,Cancelled,768.15
9712,4237,424,Mutton Curry,2022-10-13 07:21:41,Delivered,1196.74
9713,7579,40,Samosa,2023-06-21 07:21:41,Cancelled,796.03
9714,7272,87,Rogan Josh,2024-07-09 07:21:41,Cancelled,1460.38
9715,5988,160,Samosa,2023-08-14 07:21:41,Cancelled,1398.72
9716,4926,414,Biryani,2022-08-24 07:21:41,Cancelled,981.45
9717,5470,123,Chole Bhature,2024-01-30 07:21:41,Cancelled,607.43
9718,8410,88,Chole Bhature,2022-10-24 07:21:41,Cancelled,1080.41
9719,6243,306,Dal Makhani,2023-02-16 07:21:41,Cancelled,185.53
9720,8621,301,Butter Chicken,2023-09-23 07:21:41,Delivered,740.7
9721,8515,114,Samosa,2022-12-23 07:21:41,Cancelled,1233.87
9722,5823,310,Mutton Curry,2024-03-28 07:21:41,Cancelled,177.99
9723,2578,151,Pani Puri,2022-05-20 07:21:41,Cancelled,958.99
9724,9278,288,Biryani,2022-05-05 07:21:41,Delivered,1338.97
9725,4451,154,Mutton Curry,2023-12-11 07:21:41,Preparing,164.44
9726,1529,2,Chole Bhature,2022-09-23 07:21:41,Preparing,739.17
9727,1496,66,Dosa,2024-04-08 07:21:41,Cancelled,1156.07
9728,6122,494,Chole Bhature,2023-02-10 07:21:41,Delivered,1164.81
9729,8,321,Butter Chicken,2023-11-21 07:21:41,Cancelled,503.69
9730,3349,414,Pani Puri,2025-01-05 07:21:41,Delivered,227.56
9731,3691,331,Biryani,2023-11-03 07:21:41,Cancelled,555.32
9732,4283,270,Dal Makhani,2023-04-13 07:21:41,Delivered,471.47
9733,6004,81,Paneer Tikka,2024-08-03 07:21:41,Delivered,1060.54
9734,2695,450,Dosa,2025-01-06 07:21:41,Preparing,846.13
9735,7649,359,Chole Bhature,2024-09-05 07:21:41,Preparing,1470.79
9736,8641,19,Paneer Tikka,2024-01-22 07:21:41,Preparing,1182.79
9737,530,100,Pani Puri,2022-10-31 07:21:41,Delivered,412.79
9738,2890,8,Chole Bhature,2023-01-28 07:21:41,Cancelled,892.75
9739,25,65,Pani Puri,2023-08-26 07:21:41,Delivered,1460.72
9740,863,78,Chole Bhature,2024-11-13 07:21:41,Cancelled,1334.51
9741,5394,289,Dosa,2023-04-04 07:21:41,Preparing,852.44
9742,9341,152,Pani Puri,2023-06-16 07:21:41,Preparing,798.26
9743,9201,86,Pani Puri,2023-06-09 07:21:41,Cancelled,234.77
9744,9855,456,Biryani,2023-04-01 07:21:41,Preparing,1011.42
9745,7389,209,Dal Makhani,2023-10-31 07:21:41,Cancelled,1195.28
9746,5493,350,Dal Makhani,2024-09-17 07:21:41,Delivered,235.3
9747,8874,133,Biryani,2023-03-01 07:21:41,Preparing,596.32
9748,5272,54,Rogan Josh,2022-07-10 07:21:41,Delivered,1003.95
9749,33,294,Butter Chicken,2023-10-28 07:21:41,Preparing,518.26
9750,2926,158,Biryani,2024-12-18 07:21:41,Cancelled,708.26
9751,1129,235,Pani Puri,2024-10-21 07:21:41,Delivered,1089.9
9752,2273,73,Dal Makhani,2023-10-08 07:21:41,Preparing,1014.16
9753,1232,476,Mutton Curry,2024-12-09 07:21:41,Cancelled,376.49
9754,7261,375,Butter Chicken,2024-09-30 07:21:41,Preparing,1164.63
9755,2895,219,Chole Bhature,2022-08-31 07:21:41,Delivered,1262.44
9756,2852,147,Butter Chicken,2024-07-24 07:21:41,Cancelled,1155.91
9757,6551,201,Rogan Josh,2023-06-04 07:21:41,Delivered,173.69
9758,9420,415,Paneer Tikka,2025-02-26 07:21:41,Cancelled,436.71
9759,5987,34,Rogan Josh,2022-06-29 07:21:41,Cancelled,1224.91
9760,7674,73,Dosa,2024-11-08 07:21:41,Delivered,134.26
9761,5601,413,Rogan Josh,2024-11-08 07:21:41,Delivered,874.11
9762,4377,64,Dosa,2024-07-23 07:21:41,Delivered,1204.35
9763,4390,379,Rogan Josh,2023-02-08 07:21:41,Preparing,1497.01
9764,2877,192,Rogan Josh,2024-02-21 07:21:41,Cancelled,1363.05
9765,5816,230,Rogan Josh,2024-01-16 07:21:41,Delivered,377.66
9766,2593,270,Butter Chicken,2022-09-26 07:21:41,Preparing,472.97
9767,2091,430,Butter Chicken,2024-05-15 07:21:41,Preparing,467.37
9768,7491,134,Rogan Josh,2025-02-28 07:21:41,Preparing,1453.4
9769,6530,22,Dal Makhani,2023-12-20 07:21:41,Delivered,474.47
9770,5773,29,Butter Chicken,2022-03-23 07:21:41,Preparing,382.53
9771,9452,270,Samosa,2024-11-14 07:21:41,Cancelled,1102.66
9772,5679,226,Paneer Tikka,2024-01-19 07:21:41,Delivered,765.47
9773,7227,477,Pani Puri,2025-03-02 07:21:41,Delivered,1276.92
9774,3544,475,Rogan Josh,2024-01-10 07:21:41,Cancelled,860.12
9775,4936,295,Paneer Tikka,2023-02-05 07:21:41,Delivered,459.52
9776,1787,67,Biryani,2024-05-14 07:21:41,Preparing,858.38
9777,9999,69,Rogan Josh,2022-08-12 07:21:41,Delivered,865.95
9778,9256,383,Mutton Curry,2022-04-18 07:21:41,Cancelled,1061.41
9779,5875,207,Biryani,2023-12-27 07:21:41,Delivered,444.77
9780,9078,388,Butter Chicken,2022-09-16 07:21:41,Delivered,1497.28
9781,273,480,Dosa,2022-09-02 07:21:41,Cancelled,1258.62
9782,4961,481,Paneer Tikka,2023-10-05 07:21:41,Cancelled,218.33
9783,2494,298,Rogan Josh,2024-07-26 07:21:41,Cancelled,1381.57
9784,3323,75,Butter Chicken,2022-05-31 07:21:41,Preparing,495.4
9785,6406,120,Mutton Curry,2023-03-19 07:21:41,Cancelled,1393.63
9786,4444,352,Pani Puri,2024-12-14 07:21:41,Preparing,262.03
9787,399,66,Mutton Curry,2024-06-26 07:21:41,Delivered,453.53
9788,7474,255,Dal Makhani,2022-06-19 07:21:41,Delivered,1497.82
9789,5104,186,Biryani,2025-01-04 07:21:41,Delivered,1317.49
9790,6866,59,Chole Bhature,2023-04-05 07:21:41,Cancelled,697.11
9791,9074,362,Samosa,2022-04-25 07:21:41,Delivered,686.33
9792,1582,23,Paneer Tikka,2022-11-02 07:21:41,Cancelled,259.32
9793,6542,171,Paneer Tikka,2022-08-16 07:21:41,Preparing,1354.11
9794,2686,356,Biryani,2024-06-26 07:21:41,Cancelled,518.72
9795,3437,456,Chole Bhature,2023-08-30 07:21:41,Delivered,1098.19
9796,9481,370,Samosa,2022-12-16 07:21:41,Preparing,1445.94
9797,756,341,Dosa,2022-06-23 07:21:41,Preparing,891.56
9798,980,492,Dal Makhani,2022-10-27 07:21:41,Delivered,636.15
9799,9652,11,Paneer Tikka,2023-07-15 07:21:41,Cancelled,1030.22
9800,4642,125,Dal Makhani,2022-12-28 07:21:41,Cancelled,1498.99
9801,7526,88,Mutton Curry,2022-03-23 07:21:41,Delivered,1096.6
9802,6930,145,Rogan Josh,2023-08-11 07:21:41,Delivered,1473.39
9803,8594,433,Chole Bhature,2022-05-30 07:21:41,Cancelled,1178.66
9804,9657,104,Chole Bhature,2023-09-28 07:21:41,Delivered,1242.42
9805,3185,411,Mutton Curry,2024-07-21 07:21:41,Cancelled,825.46
9806,5743,434,Chole Bhature,2024-11-11 07:21:41,Cancelled,864.36
9807,1159,226,Paneer Tikka,2024-03-25 07:21:41,Delivered,1444.69
9808,1186,331,Chole Bhature,2024-05-13 07:21:41,Delivered,997.26
9809,1396,72,Dosa,2023-07-15 07:21:41,Delivered,1275.85
9810,2074,402,Pani Puri,2023-03-14 07:21:41,Cancelled,1057.86
9811,8440,380,Chole Bhature,2023-08-18 07:21:41,Cancelled,1042.95
9812,1570,294,Dal Makhani,2022-03-18 07:21:41,Cancelled,1334.25
9813,6943,242,Rogan Josh,2023-05-04 07:21:41,Cancelled,385.16
9814,4497,295,Dosa,2022-11-11 07:21:41,Delivered,1325.74
9815,7997,60,Paneer Tikka,2024-11-13 07:21:41,Cancelled,596.25
9816,3092,360,Rogan Josh,2023-11-04 07:21:41,Delivered,1428.68
9817,3250,140,Dal Makhani,2024-05-02 07:21:41,Preparing,970.65
9818,9867,448,Biryani,2022-09-25 07:21:41,Preparing,698.86
9819,4957,151,Paneer Tikka,2022-10-17 07:21:41,Cancelled,679.25
9820,1835,427,Rogan Josh,2022-08-12 07:21:41,Preparing,392.88
9821,4573,331,Pani Puri,2022-12-12 07:21:41,Preparing,964.61
9822,1281,389,Mutton Curry,2023-07-31 07:21:41,Preparing,441.55
9823,6677,240,Chole Bhature,2023-10-13 07:21:41,Delivered,944.21
9824,3882,128,Biryani,2022-10-31 07:21:41,Delivered,216.82
9825,283,129,Butter Chicken,2024-08-15 07:21:41,Preparing,839.4
9826,7582,309,Butter Chicken,2023-12-23 07:21:41,Preparing,329.54
9827,8318,245,Chole Bhature,2023-04-22 07:21:41,Preparing,1452.25
9828,4609,408,Rogan Josh,2022-08-22 07:21:41,Cancelled,521.46
9829,3647,371,Paneer Tikka,2024-11-25 07:21:41,Delivered,195.43
9830,9604,474,Biryani,2024-07-06 07:21:41,Delivered,1303.32
9831,4145,287,Butter Chicken,2024-07-20 07:21:41,Cancelled,869.28
9832,2047,316,Rogan Josh,2022-03-20 07:21:41,Delivered,170.51
9833,4172,391,Butter Chicken,2024-08-13 07:21:41,Cancelled,1367.42
9834,1966,97,Mutton Curry,2022-05-01 07:21:41,Preparing,740.71
9835,368,194,Mutton Curry,2022-12-16 07:21:41,Preparing,905.78
9836,6859,97,Rogan Josh,2022-07-26 07:21:41,Preparing,304.75
9837,4236,432,Rogan Josh,2024-04-01 07:21:41,Delivered,212.05
9838,1047,419,Chole Bhature,2023-06-14 07:21:41,Cancelled,155.06
9839,6706,60,Paneer Tikka,2022-06-13 07:21:41,Cancelled,741.46
9840,2601,98,Samosa,2022-11-11 07:21:41,Delivered,758.24
9841,7690,285,Dosa,2023-04-17 07:21:41,Cancelled,976.75
9842,6357,195,Dal Makhani,2024-07-20 07:21:41,Delivered,420.11
9843,1951,383,Samosa,2022-05-20 07:21:41,Preparing,1062.21
9844,5473,36,Dosa,2024-12-09 07:21:41,Preparing,310.58
9845,3639,482,Mutton Curry,2024-10-05 07:21:41,Delivered,395.37
9846,6766,186,Rogan Josh,2023-03-30 07:21:41,Preparing,442.83
9847,4004,387,Dosa,2022-03-12 07:21:41,Delivered,1094.21
9848,5220,220,Rogan Josh,2023-02-06 07:21:41,Preparing,524.72
9849,5352,349,Pani Puri,2023-12-15 07:21:41,Delivered,1455.77
9850,7272,174,Mutton Curry,2024-09-25 07:21:41,Cancelled,346.45
9851,850,251,Pani Puri,2022-04-15 07:21:41,Cancelled,1218.48
9852,9088,209,Samosa,2022-08-03 07:21:41,Cancelled,970.02
9853,9665,44,Paneer Tikka,2024-11-30 07:21:41,Delivered,1071.12
9854,7125,22,Samosa,2025-01-02 07:21:41,Preparing,614.27
9855,7435,27,Biryani,2023-12-09 07:21:41,Preparing,311.98
9856,3268,70,Chole Bhature,2024-08-02 07:21:41,Delivered,1210.5
9857,894,452,Rogan Josh,2022-11-19 07:21:41,Preparing,155.02
9858,2321,153,Rogan Josh,2024-04-02 07:21:41,Cancelled,1216.76
9859,8438,448,Rogan Josh,2022-06-01 07:21:41,Cancelled,1126.56
9860,3745,328,Butter Chicken,2024-10-02 07:21:41,Delivered,692.54
9861,5370,398,Paneer Tikka,2022-11-05 07:21:41,Preparing,360.13
9862,261,352,Mutton Curry,2025-01-28 07:21:41,Delivered,1449.49
9863,1478,9,Samosa,2022-03-07 07:21:41,Cancelled,1382.2
9864,8929,456,Pani Puri,2023-05-25 07:21:41,Cancelled,1372.9
9865,9838,397,Rogan Josh,2023-01-07 07:21:41,Preparing,669.13
9866,9194,272,Rogan Josh,2024-09-06 07:21:41,Delivered,247.01
9867,5906,3,Paneer Tikka,2025-02-21 07:21:41,Delivered,928.22
9868,6366,73,Samosa,2025-01-27 07:21:41,Cancelled,841.57
9869,8340,128,Rogan Josh,2022-03-26 07:21:41,Delivered,1221.97
9870,7425,360,Biryani,2022-12-11 07:21:41,Delivered,1229.03
9871,8178,418,Pani Puri,2023-12-02 07:21:41,Cancelled,1287.35
9872,4960,376,Samosa,2024-07-12 07:21:41,Cancelled,1240.08
9873,8867,442,Samosa,2022-05-07 07:21:41,Cancelled,684.12
9874,2608,472,Butter Chicken,2022-10-06 07:21:41,Delivered,274.16
9875,5550,166,Paneer Tikka,2025-01-20 07:21:41,Preparing,300.42
9876,5595,311,Pani Puri,2022-08-14 07:21:41,Delivered,1403.64
9877,7307,367,Rogan Josh,2023-01-10 07:21:41,Preparing,1316.22
9878,1855,146,Pani Puri,2023-08-05 07:21:41,Preparing,1063.6
9879,9713,362,Butter Chicken,2023-08-30 07:21:41,Delivered,728.72
9880,497,364,Chole Bhature,2022-12-25 07:21:41,Delivered,112.62
9881,4455,172,Dal Makhani,2023-01-26 07:21:41,Preparing,452.09
9882,6774,48,Pani Puri,2023-02-20 07:21:41,Delivered,1352.83
9883,1055,22,Paneer Tikka,2022-11-27 07:21:41,Preparing,171.93
9884,3191,500,Paneer Tikka,2023-12-13 07:21:41,Cancelled,507.19
9885,8332,421,Samosa,2024-12-20 07:21:41,Preparing,1062.4
9886,6763,169,Samosa,2024-01-07 07:21:41,Preparing,136.85
9887,239,277,Chole Bhature,2022-06-21 07:21:41,Preparing,126.89
9888,5397,407,Dosa,2022-09-20 07:21:41,Delivered,747.06
9889,5349,200,Dosa,2022-10-24 07:21:41,Delivered,455.38
9890,7108,95,Dosa,2022-10-03 07:21:41,Preparing,775.29
9891,9748,301,Dal Makhani,2023-11-29 07:21:41,Preparing,146.07
9892,4390,296,Mutton Curry,2024-04-01 07:21:41,Delivered,474.37
9893,4460,451,Mutton Curry,2024-01-23 07:21:41,Cancelled,207.12
9894,7914,332,Chole Bhature,2022-12-03 07:21:41,Preparing,1131.03
9895,7803,486,Samosa,2024-06-29 07:21:41,Cancelled,1490.93
9896,2856,147,Chole Bhature,2024-08-18 07:21:41,Cancelled,554.31
9897,9183,296,Dosa,2022-11-18 07:21:41,Cancelled,1191.11
9898,1483,40,Dosa,2025-01-02 07:21:41,Cancelled,1471.11
9899,8275,70,Paneer Tikka,2023-03-24 07:21:41,Delivered,927.1
9900,6889,157,Paneer Tikka,2023-08-04 07:21:41,Delivered,1014.02
9901,8703,464,Chole Bhature,2025-01-04 07:21:41,Preparing,1131.88
9902,3368,46,Paneer Tikka,2023-10-04 07:21:41,Preparing,302.59
9903,7252,348,Rogan Josh,2024-11-29 07:21:41,Delivered,1399.75
9904,6103,191,Dal Makhani,2024-03-17 07:21:41,Delivered,524.37
9905,2292,366,Rogan Josh,2022-05-27 07:21:41,Cancelled,832.32
9906,1615,283,Chole Bhature,2022-04-26 07:21:41,Cancelled,358.3
9907,3191,322,Dal Makhani,2023-02-27 07:21:41,Delivered,408.28
9908,3368,388,Paneer Tikka,2024-02-15 07:21:41,Delivered,194.23
9909,7850,122,Butter Chicken,2022-11-30 07:21:41,Cancelled,990.43
9910,5539,64,Rogan Josh,2024-12-27 07:21:41,Preparing,152.91
9911,4419,245,Chole Bhature,2023-08-20 07:21:41,Cancelled,747.38
9912,6373,475,Pani Puri,2023-06-11 07:21:41,Delivered,1034.9
9913,5526,370,Rogan Josh,2024-03-17 07:21:41,Delivered,545.88
9914,1108,255,Rogan Josh,2024-12-13 07:21:41,Cancelled,566.16
9915,852,392,Butter Chicken,2024-07-04 07:21:41,Delivered,1372.2
9916,4341,44,Butter Chicken,2023-07-04 07:21:41,Delivered,898.83
9917,6083,223,Dal Makhani,2023-10-03 07:21:41,Delivered,695.03
9918,2699,199,Butter Chicken,2024-06-02 07:21:41,Preparing,969.78
9919,4250,243,Butter Chicken,2024-08-14 07:21:41,Delivered,328.02
9920,126,219,Mutton Curry,2024-02-15 07:21:41,Delivered,638.31
9921,6678,122,Dosa,2022-08-05 07:21:41,Preparing,624.53
9922,5754,381,Dosa,2025-01-31 07:21:41,Delivered,1026.87
9923,3292,198,Biryani,2023-11-26 07:21:41,Cancelled,258.78
9924,1301,223,Butter Chicken,2023-07-16 07:21:41,Preparing,944.31
9925,2196,48,Dal Makhani,2025-01-10 07:21:41,Cancelled,427.71
9926,2563,44,Dosa,2023-09-28 07:21:41,Cancelled,1327.68
9927,7844,212,Samosa,2023-05-09 07:21:41,Cancelled,812.67
9928,6436,92,Dosa,2023-06-26 07:21:41,Cancelled,376.25
9929,1505,107,Pani Puri,2022-08-03 07:21:41,Cancelled,1391.9
9930,8009,481,Dosa,2024-05-24 07:21:41,Delivered,1442.01
9931,2044,4,Dosa,2023-09-30 07:21:41,Cancelled,165.35
9932,1270,28,Dal Makhani,2024-05-16 07:21:41,Preparing,680.93
9933,1831,281,Mutton Curry,2024-02-21 07:21:41,Preparing,364.18
9934,8557,141,Butter Chicken,2024-08-27 07:21:41,Cancelled,1205.71
9935,9143,422,Mutton Curry,2022-04-03 07:21:41,Cancelled,1333.01
9936,202,341,Pani Puri,2024-05-09 07:21:41,Delivered,1278.98
9937,2481,323,Mutton Curry,2024-06-03 07:21:41,Preparing,1221.28
9938,8383,243,Pani Puri,2025-02-15 07:21:41,Delivered,1185.81
9939,1018,384,Samosa,2023-03-15 07:21:41,Cancelled,840.7
9940,5592,16,Biryani,2025-02-05 07:21:41,Delivered,899.41
9941,3528,404,Dosa,2022-10-22 07:21:41,Cancelled,402.76
9942,9894,215,Dal Makhani,2022-04-30 07:21:41,Delivered,523.77
9943,7395,253,Rogan Josh,2024-05-07 07:21:41,Cancelled,368.39
9944,7958,226,Dal Makhani,2022-08-08 07:21:41,Cancelled,178.74
9945,5415,406,Mutton Curry,2025-01-06 07:21:41,Cancelled,949.29
9946,6864,164,Dal Makhani,2023-05-23 07:21:41,Delivered,1207.03
9947,9511,40,Paneer Tikka,2022-03-19 07:21:41,Preparing,351.13
9948,5825,214,Chole Bhature,2022-12-21 07:21:41,Delivered,681.07
9949,5932,443,Rogan Josh,2024-07-28 07:21:41,Cancelled,505.7
9950,4741,351,Samosa,2024-06-24 07:21:41,Delivered,296.72
9951,215,427,Rogan Josh,2024-05-14 07:21:41,Cancelled,812.73
9952,7952,410,Biryani,2025-01-26 07:21:41,Cancelled,767.08
9953,7095,330,Chole Bhature,2024-05-25 07:21:41,Preparing,525.93
9954,4684,426,Samosa,2023-06-16 07:21:41,Cancelled,158.77
9955,953,121,Dal Makhani,2022-10-07 07:21:41,Delivered,521.78
9956,5734,346,Dal Makhani,2025-02-15 07:21:41,Preparing,437.43
9957,1525,328,Mutton Curry,2023-02-01 07:21:41,Cancelled,705.2
9958,7388,360,Mutton Curry,2022-06-23 07:21:41,Delivered,558.39
9959,9550,466,Chole Bhature,2024-10-27 07:21:41,Cancelled,775.48
9960,622,456,Chole Bhature,2022-07-24 07:21:41,Preparing,1297.8
9961,3392,339,Pani Puri,2024-10-03 07:21:41,Preparing,868.89
9962,8084,277,Rogan Josh,2023-10-28 07:21:41,Preparing,744.91
9963,8828,22,Rogan Josh,2023-11-02 07:21:41,Cancelled,713.8
9964,9939,58,Samosa,2022-08-03 07:21:41,Delivered,1036.23
9965,3492,492,Samosa,2024-10-21 07:21:41,Preparing,356.0
9966,9919,350,Samosa,2022-06-28 07:21:41,Cancelled,1450.56
9967,2674,406,Dal Makhani,2022-03-18 07:21:41,Delivered,703.28
9968,816,372,Biryani,2022-09-03 07:21:41,Delivered,745.33
9969,2703,353,Pani Puri,2023-06-17 07:21:41,Preparing,1467.15
9970,8290,359,Mutton Curry,2024-02-04 07:21:41,Preparing,1203.9
9971,3707,379,Dosa,2023-02-27 07:21:41,Preparing,664.1
9972,5611,326,Biryani,2025-02-20 07:21:41,Cancelled,527.09
9973,527,324,Chole Bhature,2023-03-12 07:21:41,Cancelled,914.8
9974,1229,413,Dal Makhani,2023-02-22 07:21:41,Delivered,268.02
9975,8027,432,Chole Bhature,2024-04-24 07:21:41,Delivered,1296.88
9976,8950,486,Dal Makhani,2023-07-20 07:21:41,Delivered,966.18
9977,8988,40,Samosa,2023-06-04 07:21:41,Cancelled,102.78
9978,9352,250,Biryani,2024-01-06 07:21:41,Preparing,1371.56
9979,8984,196,Pani Puri,2023-01-28 07:21:41,Delivered,626.88
9980,6179,200,Mutton Curry,2023-12-07 07:21:41,Cancelled,1064.41
9981,4262,203,Rogan Josh,2024-02-19 07:21:41,Delivered,288.22
9982,7886,456,Dosa,2022-09-30 07:21:41,Cancelled,266.53
9983,8734,375,Samosa,2025-01-27 07:21:41,Cancelled,222.4
9984,7786,415,Paneer Tikka,2023-10-27 07:21:41,Preparing,801.75
9985,8670,343,Butter Chicken,2024-08-30 07:21:41,Preparing,1259.33
9986,3203,307,Pani Puri,2022-04-12 07:21:41,Delivered,980.45
9987,20,389,Biryani,2022-08-15 07:21:41,Preparing,270.21
9988,8212,424,Pani Puri,2024-04-16 07:21:41,Cancelled,641.87
9989,2706,471,Chole Bhature,2024-09-18 07:21:41,Cancelled,1085.13
9990,3746,54,Butter Chicken,2023-05-14 07:21:41,Preparing,275.91
9991,2608,96,Mutton Curry,2023-12-15 07:21:41,Delivered,1049.52
9992,474,207,Paneer Tikka,2023-07-07 07:21:41,Delivered,731.37
9993,3011,480,Biryani,2022-11-20 07:21:41,Cancelled,1284.54
9994,5462,475,Chole Bhature,2024-10-21 07:21:41,Delivered,527.96
9995,7186,217,Chole Bhature,2022-10-28 07:21:41,Delivered,734.3
9996,807,367,Dosa,2024-05-07 07:21:41,Delivered,128.87
9997,648,387,Chole Bhature,2023-02-07 07:21:41,Cancelled,1033.86
9998,2052,421,Samosa,2022-09-02 07:21:41,Cancelled,973.08
9999,2913,455,Dal Makhani,2023-03-19 07:21:41,Delivered,957.51
10000,9260,395,Mutton Curry,2025-01-23 07:21:41,Preparing,1271.26
