Customer_id,Customer_Name,reg_date
1,Aarush Kapur,2023-06-08
2,Aayush Karan,2020-04-05
3,Emir Badal,2021-04-27
4,Rania Kaur,2022-07-15
5,Tarini Seth,2020-11-21
6,Misha Bhagat,2024-02-15
7,Aarna Sarraf,2024-10-05
8,Riya Dhar,2023-09-19
9,Ritvik Gulati,2025-01-19
10,Elakshi Dutta,2020-09-10
11,Ayesha Karpe,2022-07-08
12,Kismat Grover,2020-08-22
13,Navya Choudhary,2024-11-19
14,Indranil Zachariah,2024-10-06
15,Hunar Deshmukh,2022-04-30
16,Shalv Butala,2023-04-30
17,Prisha Char,2021-11-25
18,Ela Bhandari,2022-12-11
19,Lakshay Ray,2021-11-02
20,Dishani Krishna,2022-11-01
21,Yuvraj  Babu,2021-10-14
22,Prisha Rama,2024-11-04
23,Uthkarsh Sem,2023-03-28
24,Kismat Singhal,2023-03-20
25,Anahi Barman,2023-08-13
26,Lakshay Chaudhary,2024-04-27
27,Adah Bumb,2024-11-15
28,Pari Mahajan,2020-08-06
29,Inaaya  Brahmbhatt,2024-10-06
30,Yuvaan Garg,2020-09-27
31,Aaina Sheth,2022-01-12
32,Bhamini Lall,2020-07-03
33,Miraya Sankaran,2021-03-10
34,Advika Soman,2021-07-26
35,Neelofar Rattan,2023-07-02
36,Tushar Banik,2022-09-23
37,Ira Goda,2022-09-25
38,Ojas Dara,2024-03-03
39,Romil Tara,2020-05-03
40,Sana Sani,2021-09-27
41,Kiaan Varma,2021-06-08
42,Zeeshan Sangha,2021-08-19
43,Indrajit Hayre,2021-02-06
44,Vanya Ghosh,2022-03-31
45,Sahil Das,2020-03-25
46,Neelofar Cherian,2022-02-21
47,Manjari Kala,2024-08-23
48,Mahika Bhasin,2024-06-12
49,Nirvi Varkey,2020-04-25
50,Damini Tella,2023-03-18
51,Prerak Dhawan,2024-07-25
52,Vaibhav Chandran,2023-07-29
53,Arhaan Rout,2024-07-22
54,Ishaan Chahal,2021-02-02
55,Alia Bath,2020-04-06
56,Madhav Wali,2021-11-07
57,Nayantara Dua,2022-12-16
58,Ishaan Bandi,2021-12-30
59,Aayush Barad,2022-10-08
60,Ivan Sodhi,2021-02-05
61,Amani Ramesh,2021-03-15
62,Ishita Tak,2022-01-07
63,Tanya Mander,2024-03-23
64,Nitya Dutta,2024-12-15
65,Dhanush Ramesh,2025-01-05
66,Dharmajan Bal,2024-10-23
67,Krish Date,2021-02-08
68,Farhan Kapadia,2020-05-02
69,Rania Choudhury,2023-03-13
70,Raunak Batra,2021-10-09
71,Aaina Sinha,2022-09-11
72,Nayantara Mandal,2020-07-29
73,Vaibhav Bhavsar,2022-02-12
74,Nirvaan Salvi,2022-08-25
75,Yakshit Gole,2021-09-15
76,Alia Bala,2020-09-17
77,Saira Ram,2023-03-25
78,Saksham Bora,2020-04-29
79,Riya Dara,2022-10-09
80,Renee Mangat,2023-04-26
81,Damini Solanki,2024-03-18
82,Hridaan Yogi,2020-06-29
83,Ranbir Ramaswamy,2020-09-02
84,Ayesha Sankaran,2022-09-25
85,Azad Dubey,2021-01-31
86,Tanya Swamy,2021-03-24
87,Kismat Zacharia,2021-07-15
88,Mishti Bhattacharyya,2024-07-24
89,Anvi Amble,2023-04-30
90,Faiyaz Randhawa,2022-01-29
91,Yuvaan Uppal,2022-06-18
92,Samar Khanna,2020-11-11
93,Saksham Sagar,2024-01-22
94,Shray Comar,2022-08-26
95,Diya Sharma,2022-01-23
96,Raghav Chandra,2022-09-18
97,Ela Jani,2020-08-04
98,Vritika Garde,2022-04-24
99,Oorja Joshi,2020-06-17
100,Jhanvi Dhar,2023-12-25
101,Navya Swamy,2022-01-02
102,Taimur Deep,2023-11-03
103,Arhaan Seshadri,2020-07-12
104,Adira Tata,2020-09-22
105,Ojas Bava,2021-12-27
106,Gatik Kadakia,2022-04-11
107,Aarna Behl,2020-09-02
108,Lakshay Anne,2021-12-29
109,Bhavin Khalsa,2023-09-13
110,Aarna Bahri,2022-11-09
111,Vihaan Shan,2022-12-15
112,Aaryahi Saxena,2022-03-07
113,Bhamini Dewan,2023-06-21
114,Manjari Bumb,2021-12-04
115,Nehmat Choudhry,2022-11-25
116,Azad Srinivasan,2022-06-15
117,Advika Tandon,2024-02-05
118,Saksham Ravel,2022-11-27
119,Anahita Mand,2023-12-29
120,Pihu Dua,2021-05-21
121,Rati Bedi,2024-01-29
122,Rohan Rajan,2023-02-20
123,Himmat Sami,2020-12-15
124,Yasmin Ramachandran,2022-12-01
125,Tarini Sarkar,2020-05-09
126,Aradhya Walla,2022-06-30
127,Myra Kapur,2023-09-09
128,Abram Handa,2023-11-04
129,Navya Jain,2023-05-23
130,Shlok Sawhney,2024-04-27
131,Drishya Bose,2020-07-28
132,Alisha Thaker,2022-11-28
133,Lavanya Dugal,2023-11-21
134,Kashvi Dalal,2024-08-20
135,Jivika Kapoor,2021-09-30
136,Tejas Kulkarni,2021-05-12
137,Fateh Dixit,2025-02-09
138,Jayant Wali,2022-05-07
139,Ivana Gala,2020-09-16
140,Aradhya Bail,2024-10-15
141,Lagan Sharma,2023-04-18
142,Jayan Karan,2021-06-13
143,Samiha Anand,2023-04-06
144,Damini Khare,2021-10-27
145,Prisha Varghese,2023-07-14
146,Farhan Mangat,2025-01-15
147,Prerak Ramachandran,2020-07-11
148,Yasmin Khalsa,2024-06-03
149,Aayush Wadhwa,2022-11-09
150,Tiya Dave,2021-01-27
151,Taimur Agate,2020-07-14
152,Jayesh Bhardwaj,2021-09-28
153,Yuvraj  Suri,2025-01-21
154,Prerak Borde,2023-08-08
155,Ritvik Koshy,2022-04-24
156,Saira Rege,2021-02-20
157,Jayesh Shukla,2024-11-18
158,Alisha Dada,2021-06-27
159,Aarna Arora,2023-08-11
160,Riaan Dixit,2023-07-13
161,Ivana Dixit,2025-02-02
162,Urvi Bhandari,2021-11-18
163,Manjari Sabharwal,2022-06-02
164,Kiaan Anne,2022-01-01
165,Pihu Gour,2021-03-10
166,Hiran Mand,2021-03-10
167,Prisha Devi,2020-10-18
168,Kaira Venkatesh,2024-05-05
169,Aayush Varghese,2021-06-09
170,Mamooty Jani,2024-07-02
171,Farhan Malhotra,2024-07-10
172,Misha Gara,2021-02-15
173,Hrishita Ravel,2021-02-06
174,Oorja Ram,2023-09-22
175,Kavya Trivedi,2022-02-22
176,Zain Thakur,2023-02-26
177,Ivana Aurora,2024-11-08
178,Zain Khurana,2024-04-15
179,Samar De,2021-07-16
180,Zeeshan Vohra,2022-06-14
181,Samaira Chaudhuri,2021-05-11
182,Samar Sarkar,2022-04-26
183,Zeeshan Master,2024-02-06
184,Rati Batra,2020-10-16
185,Advik Sabharwal,2024-10-22
186,Gokul Srinivasan,2023-06-16
187,Myra Sastry,2020-04-15
188,Kartik Thakur,2023-05-22
189,Tara Mane,2022-07-03
190,Lagan Kulkarni,2023-03-18
191,Vivaan Sekhon,2021-05-10
192,Raunak Gour,2021-05-30
193,Divyansh Agate,2020-06-21
194,Misha Shan,2021-12-18
195,Jayant Shere,2022-09-19
196,Romil Krishna,2020-06-24
197,Saanvi Issac,2024-05-11
198,Damini Boase,2023-06-22
199,Sumer Yohannan,2023-01-06
200,Abram Sha,2020-07-30
201,Shlok Varkey,2024-07-15
202,Jayesh Bhagat,2025-01-29
203,Riya Gala,2024-12-19
204,Dhanuk Dora,2024-04-16
205,Misha Khatri,2023-04-02
206,Alia Bath,2024-01-10
207,Tanya Devi,2021-12-15
208,Ahana  Joshi,2024-01-26
209,Dhanush Datta,2020-10-30
210,Ahana  Hari,2023-04-09
211,Sara Shankar,2020-06-29
212,Ehsaan Raval,2020-06-30
213,Lakshay Kala,2021-01-12
214,Tejas Tank,2023-06-25
215,Adah Guha,2024-10-28
216,Aradhya Baral,2023-06-12
217,Manjari Krish,2020-08-25
218,Tarini Vala,2024-11-04
219,Vedika Shanker,2021-03-31
220,Nakul Thaker,2020-11-27
221,Armaan Bumb,2024-01-15
222,Advika Bajaj,2022-02-17
223,Prisha Johal,2022-06-10
224,Zaina Ranganathan,2020-11-21
225,Vihaan Kulkarni,2024-07-03
226,Aarav Chowdhury,2024-07-05
227,Purab Chowdhury,2023-12-14
228,Lavanya Toor,2023-10-25
229,Vidur Madan,2021-04-18
230,Ela Bassi,2021-10-19
231,Ahana  Bahl,2021-09-08
232,Diya Keer,2024-01-08
233,Zeeshan Aurora,2021-09-10
234,Damini Sule,2022-06-07
235,Tara Sagar,2021-07-01
236,Vidur Rajagopal,2023-10-30
237,Alisha Sankaran,2020-04-16
238,Miraan Bhatti,2024-07-24
239,Tanya Devan,2024-04-20
240,Manjari Shah,2024-04-04
241,Pihu Salvi,2025-02-15
242,Neysa Choudhary,2023-05-10
243,Sana Sampath,2025-02-22
244,Adah Tella,2021-06-10
245,Jivika Choudhury,2024-10-29
246,Myra Behl,2025-01-23
247,Farhan Sengupta,2020-06-18
248,Neysa Bail,2023-08-24
249,Jivika Krish,2021-06-23
250,Trisha Acharya,2022-09-22
251,Yuvraj  Trivedi,2020-10-11
252,Nitya Tank,2021-06-23
253,Zara Atwal,2020-05-06
254,Hunar Deep,2024-07-13
255,Arhaan Dube,2020-07-10
256,Sahil Kala,2024-11-15
257,Urvi Mane,2020-11-09
258,Advik Verma,2022-04-26
259,Ehsaan Dayal,2022-02-16
260,Nayantara Sharaf,2022-11-23
261,Sumer Shukla,2022-12-23
262,Romil Uppal,2024-04-19
263,Prisha Atwal,2024-11-11
264,Advika Manne,2022-01-21
265,Anvi Deo,2022-12-29
266,Azad Bora,2021-12-31
267,Oorja Dixit,2020-05-29
268,Vaibhav Atwal,2022-02-15
269,Arhaan Goel,2022-10-26
270,Indranil Chopra,2022-03-06
271,Hansh Wable,2022-08-31
272,Prisha Khurana,2024-08-27
273,Suhana Bir,2020-08-01
274,Kiara Deo,2023-03-22
275,Hridaan Devi,2023-05-06
276,Charvi Bajaj,2023-03-23
277,Aarav Ghosh,2021-04-15
278,Adira Dua,2021-01-15
279,Mehul Kadakia,2020-11-14
280,Aaryahi Kurian,2021-09-23
281,Devansh Venkatesh,2024-08-29
282,Heer Kohli,2024-01-29
283,Nakul Amble,2020-10-18
284,Riya Zacharia,2024-02-07
285,Akarsh Bir,2023-08-03
286,Alisha Virk,2020-07-21
287,Baiju Chahal,2022-03-04
288,Nitya Kaul,2024-09-23
289,Sahil Bajwa,2022-07-18
290,Jivika Acharya,2023-08-16
291,Shlok Agrawal,2020-11-19
292,Mishti Dara,2022-07-19
293,Eshani Vala,2024-11-23
294,Seher Chakrabarti,2024-10-14
295,Lagan Bhardwaj,2022-09-14
296,Emir Uppal,2022-01-15
297,Yasmin Balan,2024-06-25
298,Veer Vasa,2024-06-14
299,Mishti Bhattacharyya,2021-03-07
300,Aayush Magar,2021-08-21
301,Shamik Upadhyay,2022-12-06
302,Lakshay Ghose,2023-04-12
303,Zeeshan Thakkar,2023-03-01
304,Reyansh Barad,2021-07-19
305,Jhanvi Tandon,2023-04-19
306,Vivaan Bhagat,2022-04-24
307,Indrans Chopra,2022-04-16
308,Urvi Sandal,2024-02-17
309,Mahika Vaidya,2022-06-28
310,Yuvraj  Sha,2022-06-17
311,Indranil Mahal,2021-11-13
312,Zeeshan Gandhi,2021-11-14
313,Baiju Bhatt,2023-09-30
314,Badal Roy,2021-06-29
315,Shaan Bath,2024-04-17
316,Ira Dani,2022-04-09
317,Vidur Sankaran,2024-07-05
318,Zoya Vasa,2024-01-04
319,Aarav Ganguly,2020-05-03
320,Zoya Aggarwal,2021-01-26
321,Rania Dash,2024-01-10
322,Neelofar Dhaliwal,2021-02-23
323,Nayantara Sanghvi,2024-09-18
324,Amani Srivastava,2024-05-08
325,Nehmat Barman,2021-07-21
326,Indrajit Dhaliwal,2021-08-16
327,Mishti Dube,2020-09-18
328,Yuvaan Mand,2024-08-24
329,Ishita Upadhyay,2022-01-05
330,Yasmin Kari,2020-10-14
331,Ayesha Chandra,2022-05-25
332,Rasha Krishnamurthy,2022-06-01
333,Shaan Dhillon,2020-08-21
334,Sara Sundaram,2023-07-25
335,Kimaya Vyas,2020-04-01
336,Rania Sani,2024-02-15
337,Pranay Mangat,2021-06-13
338,Samaira Zachariah,2022-02-09
339,Rania Kadakia,2024-08-11
340,Vidur Seth,2020-03-27
341,Dharmajan Dhaliwal,2024-05-18
342,Miraya Sankar,2022-11-06
343,Vidur Bir,2023-05-04
344,Urvi Ganguly,2023-02-25
345,Rhea Ram,2020-06-24
346,Uthkarsh Bhatti,2021-01-15
347,Indrans Sundaram,2023-09-29
348,Sara Choudhury,2023-03-19
349,Suhana Kulkarni,2023-04-07
350,Damini Krish,2023-12-20
351,Samaira Shetty,2021-04-10
352,Nitya Devan,2022-09-27
353,Purab Rout,2024-06-07
354,Ayesha Viswanathan,2021-02-10
355,Myra Ahluwalia,2023-03-05
356,Rhea Soni,2020-08-08
357,Kashvi Sha,2023-06-01
358,Oorja Gera,2024-03-04
359,Onkar Bava,2022-04-12
360,Fateh Mann,2024-05-19
361,Zaina Boase,2024-11-20
362,Jayesh Butala,2022-08-23
363,Arhaan Sodhi,2020-08-09
364,Hridaan Thaman,2023-06-16
365,Tarini Saini,2023-03-17
366,Oorja Goswami,2022-06-05
367,Nitara Bumb,2022-11-05
368,Keya Bora,2023-11-15
369,Anya Savant,2024-02-11
370,Oorja Borah,2023-01-01
371,Vidur Rout,2023-10-09
372,Zaina Kumar,2024-01-07
373,Shray Thakur,2020-11-20
374,Ishita Anand,2021-02-08
375,Hunar Kade,2022-08-05
376,Raghav Bhattacharyya,2021-09-18
377,Vihaan Dubey,2022-09-01
378,Nakul Ratta,2023-05-26
379,Bhavin Kapur,2021-05-20
380,Arnav Borah,2023-11-19
381,Shayak Cherian,2020-08-13
382,Ojas Rana,2023-12-31
383,Inaaya  Gulati,2025-01-18
384,Jhanvi Jani,2022-03-18
385,Zara Kibe,2021-11-21
386,Mishti Sant,2021-02-25
387,Keya Sangha,2020-10-14
388,Mishti Goel,2021-12-07
389,Miraan Savant,2020-10-30
390,Uthkarsh Bhatia,2024-04-13
391,Inaaya  Hayer,2023-03-01
392,Shlok Rao,2023-04-30
393,Neelofar Boase,2024-04-06
394,Inaaya  Aggarwal,2020-10-26
395,Neelofar Samra,2023-03-09
396,Eshani Chacko,2023-09-10
397,Anvi Brar,2022-08-15
398,Hiran Chatterjee,2021-10-26
399,Zoya Wali,2024-05-07
400,Nirvi Rau,2023-04-12
401,Hunar Shere,2022-10-26
402,Taran Mall,2021-08-14
403,Nehmat Wadhwa,2023-06-05
404,Umang Comar,2025-02-26
405,Bhavin Saha,2022-07-02
406,Heer Madan,2021-07-22
407,Amani Karan,2020-05-09
408,Anya Kohli,2020-10-19
409,Mannat Garde,2021-09-12
410,Jiya Kuruvilla,2023-08-23
411,Hunar Verma,2021-02-18
412,Akarsh Saxena,2024-03-17
413,Shlok Bawa,2020-07-20
414,Neelofar Kaul,2024-01-13
415,Lagan Badal,2021-08-17
416,Mishti Mann,2020-07-20
417,Heer Rama,2024-12-17
418,Sahil Bumb,2020-04-01
419,Anahi Dua,2023-03-02
420,Ranbir Wason,2022-03-04
421,Badal Chawla,2020-04-13
422,Arnav Sunder,2020-05-15
423,Renee Apte,2024-08-07
424,Emir Gokhale,2024-11-25
425,Taran Din,2022-12-19
426,Ojas Bali,2023-02-13
427,Miraan Khanna,2021-09-16
428,Vihaan Dhawan,2023-04-30
429,Samiha Basak,2022-12-12
430,Diya Suresh,2023-05-03
431,Arnav Sridhar,2021-10-16
432,Anya Jayaraman,2021-02-01
433,Damini Savant,2023-12-15
434,Anahi Butala,2023-05-22
435,Keya Wable,2024-10-30
436,Indrajit Loyal,2024-04-29
437,Miraya Bobal,2022-12-26
438,Advika Deshpande,2021-07-06
439,Advik Lalla,2025-01-25
440,Siya Jani,2025-03-03
441,Amani Gour,2020-03-11
442,Aradhya Shere,2020-09-19
443,Anvi Sha,2021-08-02
444,Zain Tailor,2025-02-10
445,Alisha Joshi,2021-02-08
446,Rasha Mani,2025-02-22
447,Inaaya  Subramaniam,2022-08-24
448,Saira Gill,2020-07-17
449,Indrans Seth,2020-10-01
450,Mahika Rana,2022-03-28
451,Saksham Gera,2021-05-11
452,Vardaniya Venkatesh,2023-03-28
453,Alisha Shroff,2021-09-24
454,Alia Khosla,2024-01-04
455,Vedika Khare,2020-04-27
456,Parinaaz Chatterjee,2020-09-30
457,Inaaya  Hegde,2024-09-17
458,Vihaan Chandra,2023-08-23
459,Kabir Goda,2022-12-10
460,Nirvaan Bawa,2020-08-11
461,Zeeshan Rau,2023-02-12
462,Shanaya Banik,2024-03-07
463,Jayant Kala,2024-10-29
464,Dhanush Bhatnagar,2021-11-27
465,Ishaan Chada,2024-09-16
466,Trisha Keer,2021-04-15
467,Drishya Arora,2022-10-02
468,Saanvi Iyengar,2020-11-20
469,Gokul Rajagopalan,2020-12-15
470,Pari Bhardwaj,2023-01-15
471,Mehul Khalsa,2022-12-22
472,Umang Tandon,2021-10-03
473,Mannat Shankar,2022-09-23
474,Nehmat Balay,2022-10-28
475,Rasha Wali,2024-07-03
476,Ehsaan Chaudhuri,2024-10-22
477,Diya Sethi,2020-12-02
478,Lakshit Dasgupta,2021-02-11
479,Dhanuk Sarna,2022-08-07
480,Kismat Wali,2023-07-20
481,Raghav Bhakta,2022-02-18
482,Kanav Mangal,2022-10-27
483,Ritvik Kant,2021-01-03
484,Nirvi Hegde,2024-09-03
485,Ehsaan Hayre,2020-05-02
486,Mohanlal Joshi,2024-04-18
487,Nayantara Garg,2024-10-17
488,Onkar Wable,2023-11-09
489,Indrajit Devan,2024-07-25
490,Rania Mani,2021-05-19
491,Tiya Cherian,2025-01-20
492,Vardaniya Mall,2021-08-11
493,Romil Tara,2024-01-08
494,Renee Sandhu,2024-08-16
495,Yuvaan Trivedi,2020-10-29
496,Jayan Bhatt,2024-01-20
497,Shray Kumer,2024-01-07
498,Hridaan Barad,2020-12-31
499,Shalv Ahluwalia,2023-08-24
500,Vritika Bath,2020-05-04
501,Arnav Keer,2022-09-09
502,Sahil Borra,2023-12-22
503,Piya Sawhney,2022-10-02
504,Ayesha Rajagopalan,2024-01-24
505,Tiya Vasa,2020-05-20
506,Badal Chatterjee,2020-08-21
507,Anaya Dube,2020-12-24
508,Purab Saraf,2023-12-10
509,Shamik Grover,2022-02-15
510,Amani Bajaj,2023-10-18
511,Anay Gulati,2024-02-29
512,Aaryahi Agate,2023-07-10
513,Madhav Deshmukh,2022-10-17
514,Amira Behl,2023-05-16
515,Indrans Bandi,2023-05-19
516,Renee Wason,2023-02-28
517,Aaina Saha,2022-01-16
518,Trisha Wali,2023-12-26
519,Vidur Banerjee,2024-03-15
520,Vardaniya Devan,2021-04-24
521,Neelofar Desai,2024-11-05
522,Sara Sabharwal,2022-06-18
523,Reyansh Varghese,2022-01-24
524,Badal Bhalla,2023-03-06
525,Onkar Barman,2020-11-19
526,Vaibhav Banik,2024-10-10
527,Sara Master,2022-07-18
528,Tushar Dani,2021-06-29
529,Vaibhav Sarin,2023-05-24
530,Nehmat Bahl,2021-01-23
531,Azad Gour,2021-03-12
532,Kartik Date,2022-07-12
533,Indrans Joshi,2022-02-04
534,Rati Barman,2020-06-18
535,Rhea Khanna,2021-05-07
536,Tejas Loyal,2022-07-05
537,Anay Raja,2024-06-19
538,Shanaya Srinivas,2021-10-03
539,Taran Dixit,2022-06-02
540,Onkar Sur,2023-03-16
541,Anay Chahal,2020-11-19
542,Alia Gaba,2024-08-23
543,Fateh Kibe,2021-04-22
544,Uthkarsh Thaman,2021-09-30
545,Kiara Grover,2024-10-11
546,Jhanvi Bhandari,2020-12-09
547,Indrans Jani,2022-10-27
548,Himmat Ganesh,2020-11-07
549,Myra Sethi,2021-03-08
550,Stuvan Sankar,2021-05-05
551,Anahi Sehgal,2022-07-22
552,Amira Cheema,2021-08-26
553,Zeeshan Goswami,2023-04-24
554,Miraan Wali,2025-02-16
555,Jayan Gara,2022-11-23
556,Tara Kumar,2023-04-15
557,Inaaya  Sodhi,2022-06-30
558,Miraan Gara,2024-09-15
559,Prerak Dasgupta,2023-06-26
560,Indrans Khosla,2022-12-28
561,Anya Bhatti,2023-04-18
562,Rati Bhardwaj,2021-01-11
563,Sana Bobal,2020-07-16
564,Urvi Chawla,2020-04-15
565,Romil Taneja,2024-11-16
566,Kismat Sheth,2022-02-21
567,Alia Kashyap,2021-07-25
568,Anay Doctor,2023-04-01
569,Aaryahi Dhingra,2020-11-09
570,Abram Sharaf,2023-09-07
571,Ayesha Sahota,2023-01-18
572,Madhup Sachdev,2024-09-28
573,Vaibhav Bains,2024-01-03
574,Diya Chanda,2021-12-10
575,Kismat Swaminathan,2022-12-06
576,Ehsaan Gill,2020-12-27
577,Anaya Chaudry,2023-02-17
578,Ayesha Shanker,2022-10-16
579,Samaira Sheth,2021-05-18
580,Suhana Bandi,2021-07-11
581,Ritvik Sawhney,2022-11-22
582,Ojas Chaudhry,2024-07-27
583,Piya Sidhu,2023-08-31
584,Sahil Gour,2022-08-23
585,Aradhya Vig,2020-11-04
586,Ryan Atwal,2020-03-12
587,Lakshit Halder,2024-04-14
588,Baiju Sura,2024-07-21
589,Lavanya Seshadri,2021-11-28
590,Renee Kannan,2025-02-02
591,Aaina Agate,2021-08-30
592,Bhavin Devan,2020-10-24
593,Sara Kumar,2021-07-31
594,Yuvaan Chatterjee,2022-05-03
595,Vedika Gera,2025-01-02
596,Eshani Banik,2021-06-04
597,Renee Jain,2022-10-02
598,Umang Rana,2024-04-11
599,Parinaaz Bose,2023-02-24
600,Chirag Kaul,2020-06-24
601,Oorja Sen,2022-05-11
602,Heer Vaidya,2021-12-12
603,Vihaan Sen,2024-10-23
604,Himmat Kara,2020-09-07
605,Jhanvi Saxena,2020-06-26
606,Neysa Dada,2021-05-17
607,Kimaya Salvi,2020-04-10
608,Mamooty Kari,2024-01-04
609,Ryan Kalla,2023-04-21
610,Tarini Jani,2022-12-09
611,Nakul Kala,2024-03-13
612,Fateh Bose,2022-06-24
613,Charvi Sangha,2021-10-21
614,Yashvi Ramesh,2021-01-10
615,Zaina Bakshi,2023-01-21
616,Raghav Magar,2024-06-06
617,Ayesha Mangal,2023-09-15
618,Aaryahi Choudhary,2021-01-22
619,Aaryahi Gera,2020-11-27
620,Rasha Gill,2020-09-21
621,Kimaya Bal,2024-05-06
622,Veer Dhar,2024-12-04
623,Tushar Buch,2024-01-07
624,Miraya Kumer,2021-07-12
625,Hridaan Brar,2021-08-29
626,Aarav Chaudhry,2021-11-05
627,Vritika Swamy,2021-02-23
628,Arhaan Sinha,2022-07-20
629,Vritika Krishna,2024-07-31
630,Mamooty Dugar,2022-10-05
631,Madhav Kata,2021-07-17
632,Romil Wason,2022-07-09
633,Indrans Kumar,2021-01-18
634,Pihu Contractor,2021-07-25
635,Ayesha Madan,2021-05-12
636,Jayant Doshi,2023-07-21
637,Neelofar Bath,2023-08-18
638,Shayak Lall,2021-08-23
639,Tanya Sachdeva,2022-05-29
640,Arhaan Maharaj,2022-02-26
641,Baiju Sandhu,2020-12-18
642,Heer Dora,2024-12-11
643,Jayesh Barad,2024-11-14
644,Ryan Kala,2024-06-24
645,Sana Kothari,2020-05-19
646,Dhanush Ram,2021-06-26
647,Elakshi Zachariah,2022-07-12
648,Trisha Yohannan,2023-03-06
649,Hunar Chaudry,2022-11-05
650,Onkar Ranganathan,2020-06-11
651,Miraan Bassi,2022-01-02
652,Aaina Bumb,2024-11-02
653,Abram Atwal,2022-06-25
654,Anay Kunda,2023-11-26
655,Stuvan Atwal,2021-06-21
656,Vedika Bail,2023-08-02
657,Anaya Khurana,2025-02-28
658,Indrajit Dhillon,2020-07-26
659,Zeeshan Gandhi,2021-07-22
660,Eshani Ratta,2023-04-02
661,Aarush Keer,2024-02-04
662,Aaina Som,2021-06-23
663,Kashvi Borde,2020-08-05
664,Kavya Swaminathan,2020-09-09
665,Samarth Bhalla,2024-03-17
666,Dhanuk Divan,2020-04-10
667,Arhaan Thakkar,2022-04-17
668,Madhav Desai,2024-11-21
669,Romil Ratti,2024-03-09
670,Priyansh Ray,2021-08-02
671,Ayesha Dash,2022-02-24
672,Jivin Bhagat,2023-03-22
673,Trisha Kaur,2021-12-02
674,Saira Rajan,2025-01-29
675,Anahi Kothari,2022-12-21
676,Jayan Sanghvi,2024-12-07
677,Raunak Baral,2024-08-20
678,Indranil Kalita,2023-08-19
679,Aarna Raj,2024-04-11
680,Eshani Karpe,2020-04-24
681,Purab Doctor,2021-01-30
682,Miraya Manne,2020-07-14
683,Diya Sanghvi,2022-05-12
684,Kismat Tella,2020-07-28
685,Tejas Cheema,2021-01-05
686,Aarna Agate,2023-05-04
687,Taran Sethi,2020-08-10
688,Tarini Devi,2023-04-26
689,Madhav Mane,2024-03-25
690,Ryan Sundaram,2020-08-01
691,Dishani Hegde,2024-09-30
692,Alisha Kant,2025-01-26
693,Jivika Jhaveri,2021-12-10
694,Amani Khanna,2023-11-22
695,Nirvaan Dar,2023-04-12
696,Shamik Thaker,2021-02-17
697,Heer Hayre,2025-02-25
698,Raghav Raman,2020-12-13
699,Pranay Seshadri,2021-05-30
700,Raghav Comar,2022-11-28
701,Shlok Deol,2020-11-14
702,Ahana  Ahluwalia,2023-03-19
703,Lakshay Wali,2023-01-30
704,Adira Amble,2020-07-28
705,Amira Buch,2022-01-31
706,Kanav De,2024-05-09
707,Pihu Tella,2024-02-15
708,Ritvik Bhalla,2021-05-27
709,Dhanuk Andra,2020-10-11
710,Ayesha Grewal,2022-03-21
711,Elakshi Chaudhary,2021-08-05
712,Arnav Kanda,2024-05-23
713,Kismat Deshmukh,2022-03-23
714,Pari Halder,2020-04-28
715,Zeeshan Rajagopalan,2022-12-07
716,Bhamini Karnik,2024-09-19
717,Aarush Suresh,2023-10-25
718,Eva Date,2022-01-18
719,Reyansh Bhagat,2020-05-30
720,Ritvik Edwin,2020-03-12
721,Romil Ram,2022-12-08
722,Devansh Srivastava,2021-08-15
723,Anahita Jhaveri,2020-08-28
724,Armaan Bail,2024-02-04
725,Advik Vala,2020-06-19
726,Nirvaan Vohra,2024-11-21
727,Diya Walia,2024-12-06
728,Samaira Krishnamurthy,2022-01-03
729,Advika Bhasin,2020-11-22
730,Abram Ratta,2020-06-06
731,Badal Shankar,2021-11-14
732,Jivin Bahri,2024-10-25
733,Heer Hora,2021-10-25
734,Drishya Cherian,2023-04-25
735,Drishya Dave,2020-08-29
736,Saanvi Bhatt,2023-12-23
737,Miraya Kari,2022-09-01
738,Renee Bains,2020-09-20
739,Kiara Dash,2020-09-04
740,Pranay Kata,2024-10-04
741,Anahi Contractor,2024-03-10
742,Vedika Tella,2025-02-15
743,Mahika Deshmukh,2023-12-16
744,Eva Dhar,2021-02-03
745,Badal Sathe,2022-11-11
746,Ahana  Lall,2024-06-21
747,Indranil Goswami,2021-11-21
748,Siya Goda,2024-11-08
749,Nitya Sule,2024-02-04
750,Armaan Sem,2024-02-07
751,Advik Dalal,2021-04-17
752,Fateh Das,2022-05-06
753,Riya Talwar,2021-03-28
754,Nitya Kumer,2024-05-08
755,Onkar Zachariah,2020-04-30
756,Arnav Baria,2020-03-14
757,Advik Bains,2021-09-01
758,Azad Sagar,2024-08-02
759,Miraya Sama,2022-11-22
760,Saksham Dhillon,2021-03-11
761,Rhea Wali,2021-05-11
762,Shayak Raju,2024-01-23
763,Adah Dugar,2022-02-08
764,Aayush Dugar,2022-06-29
765,Siya Bhatnagar,2025-01-10
766,Mohanlal Atwal,2022-03-31
767,Madhup Bhat,2023-02-21
768,Vedika Lal,2024-03-09
769,Dharmajan Cherian,2021-08-12
770,Misha Deep,2022-10-24
771,Tarini Dasgupta,2022-09-08
772,Madhup Vaidya,2020-03-08
773,Yuvraj  Ramaswamy,2024-07-22
774,Darshit Trivedi,2022-07-11
775,Jayant Srinivasan,2024-09-14
776,Pranay Devi,2023-12-04
777,Himmat Joshi,2023-05-06
778,Armaan Yogi,2023-01-28
779,Pranay Sandal,2022-02-24
780,Indranil Subramanian,2020-09-04
781,Manikya Choudhry,2024-11-20
782,Misha Shenoy,2020-05-26
783,Anahi Dhaliwal,2023-11-13
784,Yakshit Dayal,2022-03-10
785,Lagan Aurora,2021-05-06
786,Jhanvi Bhatti,2023-04-26
787,Jivika Andra,2022-12-26
788,Kismat Kuruvilla,2023-04-19
789,Mannat Saini,2024-04-07
790,Sara Jha,2023-04-29
791,Ryan Yadav,2022-05-27
792,Vardaniya Chaudry,2023-11-04
793,Yasmin Goyal,2023-11-21
794,Chirag Vyas,2022-01-12
795,Akarsh Rau,2021-11-11
796,Ahana  Ray,2024-05-11
797,Saanvi Jha,2024-07-18
798,Neelofar Chaudhuri,2020-12-25
799,Zoya Savant,2023-05-19
800,Devansh Ranganathan,2020-06-09
801,Nayantara Chandra,2023-07-07
802,Prisha Chand,2021-01-08
803,Alia Kalla,2023-09-05
804,Khushi Iyengar,2023-08-02
805,Shalv Khare,2021-08-13
806,Adah Iyer,2021-04-04
807,Lagan Sarkar,2024-04-14
808,Nitara Kibe,2020-03-23
809,Anika Sarraf,2024-10-25
810,Faiyaz Bhasin,2021-07-20
811,Samaira Apte,2024-12-13
812,Alisha Arya,2023-06-07
813,Riaan Singhal,2021-11-28
814,Aarav Dugal,2022-10-07
815,Aniruddh Bhattacharyya,2021-08-08
816,Krish Aurora,2024-02-18
817,Zoya Subramaniam,2022-03-01
818,Keya Choudhary,2020-04-13
819,Renee Bal,2022-06-05
820,Divyansh Devi,2020-03-22
821,Yuvaan Contractor,2023-04-08
822,Vedika Manda,2024-04-11
823,Riya Swaminathan,2024-03-15
824,Kartik Saraf,2020-11-23
825,Mehul Bobal,2021-08-11
826,Eva Majumdar,2023-12-15
827,Devansh Chatterjee,2023-12-23
828,Aaina Agarwal,2023-02-23
829,Aniruddh Dugar,2023-01-29
830,Emir Sagar,2023-09-26
831,Aayush Chanda,2024-11-12
832,Khushi Cheema,2021-10-01
833,Rohan Lad,2023-03-13
834,Onkar De,2023-08-16
835,Anaya Ganesan,2021-01-24
836,Bhavin Walia,2022-07-22
837,Purab Sahota,2023-05-22
838,Jayant Golla,2021-05-02
839,Inaaya  Srinivas,2025-01-04
840,Akarsh Dani,2021-06-23
841,Ishita Chander,2022-04-06
842,Anaya Karan,2021-11-01
843,Fateh Bahri,2020-12-07
844,Divit Acharya,2023-04-29
845,Bhavin Sabharwal,2024-06-05
846,Jivika Ahuja,2024-11-15
847,Samiha Swaminathan,2021-07-20
848,Lagan Vora,2021-12-29
849,Ira Kashyap,2022-12-24
850,Abram Virk,2021-08-27
851,Jayant Tella,2024-02-02
852,Samiha Raman,2023-10-10
853,Ivana Dar,2022-07-23
854,Jivika Ganguly,2021-02-19
855,Pranay Guha,2024-05-24
856,Samarth Wable,2024-11-13
857,Ela Sarraf,2022-10-16
858,Reyansh Hora,2025-01-14
859,Zara Gade,2020-03-13
860,Amani Sagar,2020-10-18
861,Aradhya Sidhu,2024-05-30
862,Vardaniya Malhotra,2023-07-05
863,Neelofar Talwar,2023-07-20
864,Mannat Lad,2022-02-06
865,Parinaaz Wadhwa,2021-07-20
866,Divyansh Vora,2020-09-29
867,Indrans Sura,2020-06-29
868,Rati Rajagopalan,2020-10-26
869,Anaya Mane,2024-01-02
870,Zeeshan Sinha,2022-04-01
871,Jayan Dube,2020-09-30
872,Dhruv Johal,2020-06-02
873,Reyansh Chacko,2022-10-31
874,Saksham Dube,2022-08-10
875,Dishani Chauhan,2020-05-05
876,Saira Upadhyay,2020-10-07
877,Shamik Agrawal,2022-08-08
878,Saira Madan,2020-09-17
879,Keya Sahni,2023-09-06
880,Saanvi Ratti,2021-06-09
881,Tanya Lal,2024-11-30
882,Drishya Konda,2020-08-17
883,Kartik Rastogi,2024-10-22
884,Kanav Sharma,2023-09-09
885,Anya Bhatnagar,2022-08-03
886,Nakul Luthra,2021-09-23
887,Kabir Chhabra,2020-10-13
888,Ivana Vyas,2021-02-06
889,Kaira Bora,2022-07-29
890,Alisha Kumer,2024-09-12
891,Suhana Lal,2020-07-06
892,Nitara Rege,2021-04-15
893,Zara Viswanathan,2021-06-13
894,Manjari Chandran,2023-01-29
895,Rhea Chaudhry,2022-10-03
896,Kabir Goda,2022-10-29
897,Seher Subramaniam,2023-07-14
898,Advik Mahal,2020-04-26
899,Manikya Chokshi,2022-05-03
900,Saira Kala,2023-10-12
901,Lagan Goel,2025-01-26
902,Saksham Sarna,2020-10-10
903,Ritvik Bath,2023-04-30
904,Alia Bhattacharyya,2020-05-13
905,Nehmat Hora,2020-11-03
906,Nayantara Dey,2022-10-06
907,Pihu Dhillon,2022-12-06
908,Tarini Kurian,2023-06-26
909,Shayak Dutta,2022-04-09
910,Ranbir Srinivas,2022-02-10
911,Miraya Dugar,2023-06-07
912,Rati Mammen,2022-12-04
913,Saira Dara,2024-08-20
914,Stuvan Jaggi,2023-02-18
915,Umang Bhatia,2021-11-15
916,Raunak Biswas,2024-01-25
917,Ela Ahuja,2024-06-20
918,Divit Cherian,2023-03-16
919,Farhan Sura,2023-12-02
920,Nitya Tiwari,2020-04-24
921,Shayak Gupta,2021-01-13
922,Kiaan Andra,2022-08-20
923,Taran Contractor,2024-06-07
924,Arnav Sheth,2024-12-24
925,Kaira Kulkarni,2022-08-02
926,Taimur Gaba,2021-06-18
927,Amira Ghose,2021-03-27
928,Raunak Sidhu,2023-07-01
929,Jayant Madan,2024-11-28
930,Vaibhav Loke,2021-07-05
931,Aarna Ram,2022-08-27
932,Navya Dalal,2022-10-12
933,Rasha Vora,2021-08-10
934,Inaaya  Jani,2021-12-12
935,Ahana  Chander,2023-08-23
936,Sana Garg,2022-08-09
937,Ira Magar,2020-03-19
938,Samar Vora,2024-07-13
939,Alia Srinivas,2021-02-03
940,Tara Dhillon,2023-08-06
941,Anvi Kala,2023-11-29
942,Rohan Contractor,2022-08-08
943,Misha Lad,2024-09-04
944,Ranbir Ben,2020-06-14
945,Indrajit Sani,2020-04-29
946,Alia Khalsa,2024-11-05
947,Siya Sethi,2022-11-19
948,Mahika Ravi,2024-07-31
949,Myra Agarwal,2022-08-26
950,Hiran Toor,2021-02-17
951,Samarth Chacko,2023-04-20
952,Adah Srinivas,2023-03-02
953,Miraya Raj,2021-03-17
954,Tara Majumdar,2022-11-30
955,Romil Krishnan,2025-01-18
956,Dharmajan Comar,2021-09-02
957,Ehsaan Karpe,2024-02-05
958,Nayantara Balan,2021-11-26
959,Indrajit Hari,2025-02-11
960,Vaibhav Bora,2022-03-23
961,Bhavin Karpe,2022-09-06
962,Amira Sachdev,2023-08-01
963,Ehsaan Balay,2024-04-06
964,Manikya Zachariah,2022-03-16
965,Aniruddh Rau,2024-07-22
966,Riya Dhaliwal,2021-10-24
967,Gokul Seshadri,2022-11-19
968,Manikya Hegde,2021-06-19
969,Urvi Brahmbhatt,2023-03-23
970,Damini Varty,2022-01-07
971,Advika Kar,2022-04-15
972,Hrishita Banik,2021-05-17
973,Ivana Gade,2023-09-09
974,Kartik Sarna,2023-09-25
975,Ranbir Golla,2024-02-17
976,Prerak Jayaraman,2021-01-08
977,Hridaan Tripathi,2022-05-25
978,Raghav Vaidya,2023-08-18
979,Eshani Shere,2020-05-07
980,Onkar Swaminathan,2020-09-20
981,Badal Wagle,2022-10-27
982,Ishaan Dubey,2023-01-17
983,Diya Manda,2025-01-24
984,Jayan Dhillon,2022-03-01
985,Nirvaan Hora,2022-01-23
986,Nitara Konda,2021-11-23
987,Kiara Boase,2020-09-29
988,Ranbir Gara,2024-05-28
989,Ishita Viswanathan,2021-08-26
990,Jivin Dayal,2021-06-02
991,Adira Ratta,2022-07-13
992,Stuvan Devi,2021-06-29
993,Anahita Kulkarni,2020-12-13
994,Mannat Jha,2021-06-08
995,Madhav Bava,2023-06-08
996,Gokul Sengupta,2023-08-30
997,Riya Verma,2025-01-27
998,Nakul Gaba,2020-03-13
999,Lavanya Loyal,2023-08-04
1000,Tanya Ganesh,2024-01-24
1001,Hrishita Kala,2024-07-18
1002,Hansh Dugar,2024-01-05
1003,Krish Mane,2022-01-26
1004,Sumer De,2020-12-16
1005,Kashvi Khurana,2021-03-19
1006,Advika Ramesh,2024-10-15
1007,Abram Trivedi,2021-05-08
1008,Alisha Dutta,2021-10-13
1009,Lakshay Dash,2020-09-15
1010,Ritvik Chacko,2022-01-13
1011,Hrishita Gola,2022-12-06
1012,Ryan Lall,2022-04-24
1013,Faiyaz Ravel,2023-05-26
1014,Damini Ganguly,2021-07-24
1015,Madhav Dara,2024-07-18
1016,Amira Luthra,2023-05-30
1017,Samarth Dar,2024-09-22
1018,Kabir Chana,2020-06-15
1019,Anahi Verma,2021-03-08
1020,Anika Majumdar,2022-08-28
1021,Yasmin Mand,2021-03-25
1022,Abram Tripathi,2020-08-23
1023,Madhav Krishnan,2024-05-24
1024,Yashvi Gola,2022-08-13
1025,Samarth Rajan,2021-07-01
1026,Uthkarsh Chacko,2021-11-24
1027,Anika Sura,2022-08-01
1028,Alisha Chatterjee,2023-02-25
1029,Heer Zachariah,2020-06-30
1030,Indrans Bera,2020-08-14
1031,Zaina Kothari,2024-10-03
1032,Taran Tiwari,2020-08-20
1033,Arhaan Doctor,2023-06-06
1034,Taimur Sehgal,2022-04-02
1035,Mohanlal Dara,2021-07-24
1036,Pranay Varughese,2025-02-07
1037,Eva Bhatia,2022-10-29
1038,Mehul Shenoy,2022-10-24
1039,Samar Gill,2020-08-12
1040,Arhaan Sodhi,2021-05-03
1041,Badal Saxena,2021-11-16
1042,Suhana Chhabra,2024-01-24
1043,Jivika Kar,2022-03-28
1044,Dhanuk Sodhi,2023-04-30
1045,Damini Mane,2023-04-10
1046,Kabir Behl,2024-09-10
1047,Nishith Wadhwa,2021-10-31
1048,Hrishita Ramakrishnan,2023-09-03
1049,Nakul Dhawan,2021-03-28
1050,Pari Srinivas,2020-04-17
1051,Anya Acharya,2021-09-03
1052,Stuvan Kunda,2020-03-17
1053,Ela Rattan,2024-05-05
1054,Ira Vyas,2025-01-04
1055,Yasmin Viswanathan,2021-05-11
1056,Abram Ratta,2022-07-02
1057,Yashvi Iyer,2024-04-11
1058,Hazel Chakrabarti,2024-10-08
1059,Suhana Das,2022-04-17
1060,Samiha Ganesh,2022-07-26
1061,Samar Borah,2022-11-10
1062,Chirag Savant,2021-10-14
1063,Ela Sehgal,2023-07-06
1064,Pihu Chandran,2020-05-25
1065,Divyansh Dash,2022-02-17
1066,Kanav Bobal,2023-10-17
1067,Charvi Tak,2024-07-04
1068,Aarav Ahuja,2022-11-16
1069,Myra Uppal,2022-05-15
1070,Jiya Iyer,2023-08-09
1071,Ojas Mangat,2020-10-21
1072,Azad Ramakrishnan,2023-09-29
1073,Baiju Chaudhuri,2021-04-11
1074,Rohan Ahuja,2022-09-24
1075,Abram Maharaj,2022-02-05
1076,Stuvan Taneja,2021-03-30
1077,Tejas Zachariah,2020-05-19
1078,Kanav Kapadia,2023-03-21
1079,Samiha Sarkar,2022-04-13
1080,Vedika Dara,2025-02-10
1081,Navya Agarwal,2021-02-15
1082,Uthkarsh Gulati,2021-11-23
1083,Riaan Din,2023-01-16
1084,Elakshi Divan,2024-10-08
1085,Tiya Ganesan,2022-10-08
1086,Mehul Vohra,2024-08-16
1087,Trisha Sathe,2020-09-22
1088,Shamik Koshy,2023-05-05
1089,Sana Samra,2022-03-16
1090,Tanya Zachariah,2024-03-18
1091,Nirvi Dayal,2021-06-29
1092,Nayantara Dora,2021-02-01
1093,Kiaan Divan,2020-05-20
1094,Zoya Kapur,2023-10-10
1095,Alia Solanki,2024-09-16
1096,Krish De,2021-03-05
1097,Onkar Ramachandran,2021-11-28
1098,Madhav Lal,2023-09-19
1099,Adira Shetty,2024-06-15
1100,Nakul Butala,2021-05-05
1101,Ela Sabharwal,2022-06-26
1102,Rasha Chana,2021-07-24
1103,Rhea Barad,2022-01-18
1104,Yasmin Guha,2021-11-19
1105,Vidur Kanda,2022-12-29
1106,Nishith Tata,2022-11-11
1107,Rohan Sunder,2020-08-14
1108,Neysa Kapoor,2024-04-30
1109,Ela Thakur,2023-04-19
1110,Vihaan Wason,2024-05-21
1111,Devansh Mand,2021-10-24
1112,Nayantara Barad,2022-03-11
1113,Shayak Thakkar,2023-10-06
1114,Taran Kala,2021-12-25
1115,Arnav Cheema,2023-10-29
1116,Emir Sankaran,2024-03-22
1117,Kimaya Tiwari,2023-10-24
1118,Vaibhav Khurana,2020-05-28
1119,Lakshit Shetty,2022-01-17
1120,Kanav Bawa,2022-06-03
1121,Miraya Bassi,2023-01-29
1122,Saksham Krishnamurthy,2021-08-05
1123,Sana Sankaran,2020-11-30
1124,Divyansh Tandon,2023-10-28
1125,Vihaan Madan,2020-03-18
1126,Shayak Hegde,2020-11-18
1127,Madhav Joshi,2022-09-14
1128,Yuvraj  Rattan,2021-10-18
1129,Mohanlal Walla,2021-06-12
1130,Taran Soman,2024-05-24
1131,Vivaan Ahluwalia,2024-08-07
1132,Sara Kadakia,2021-06-20
1133,Navya Dora,2020-10-11
1134,Tushar Saran,2024-03-26
1135,Jayant Sharma,2022-06-17
1136,Gokul Dutt,2024-08-02
1137,Anya Kalita,2022-05-17
1138,Vaibhav Verma,2023-07-27
1139,Raunak Johal,2024-08-23
1140,Aayush Ghosh,2024-07-29
1141,Nakul Johal,2021-02-24
1142,Arnav Raj,2020-09-26
1143,Khushi Sachdeva,2021-06-28
1144,Onkar Kakar,2020-10-10
1145,Drishya Kothari,2020-05-05
1146,Jayant Seth,2021-04-15
1147,Anahi Kota,2022-05-18
1148,Kartik Babu,2022-11-12
1149,Samiha Bora,2020-08-03
1150,Mishti Choudhury,2021-08-12
1151,Indrajit Dada,2023-03-01
1152,Vritika Sehgal,2023-10-16
1153,Lakshay Bhat,2024-10-04
1154,Jayant Balan,2023-11-16
1155,Khushi Sinha,2023-04-25
1156,Uthkarsh Walia,2021-01-30
1157,Bhamini Ghose,2022-11-15
1158,Shalv Vala,2020-09-01
1159,Vardaniya Tak,2022-08-03
1160,Samiha Kanda,2024-07-13
1161,Ivan Guha,2023-10-30
1162,Shamik Dash,2021-10-23
1163,Rati Buch,2024-01-14
1164,Prisha Varghese,2021-07-26
1165,Tiya Rama,2024-12-15
1166,Piya Gala,2024-05-15
1167,Inaaya  Chanda,2022-12-08
1168,Suhana Loyal,2024-06-27
1169,Jivika Bahl,2024-03-15
1170,Rohan Dayal,2023-07-06
1171,Charvi Jayaraman,2021-08-20
1172,Dharmajan Mallick,2020-09-02
1173,Chirag Krishnan,2021-01-28
1174,Samiha Buch,2021-07-02
1175,Kiaan Chacko,2024-11-03
1176,Taran Biswas,2020-07-06
1177,Tushar Sarraf,2025-01-07
1178,Faiyaz Edwin,2021-01-14
1179,Armaan Bal,2020-03-13
1180,Pihu Jha,2024-05-27
1181,Anaya Krishnan,2021-04-22
1182,Advika Chand,2021-02-03
1183,Tara Dhawan,2023-02-13
1184,Vihaan Bhargava,2021-08-15
1185,Miraan Krish,2023-09-13
1186,Indranil Konda,2020-12-11
1187,Advik Mander,2021-02-05
1188,Rania Malhotra,2023-01-06
1189,Hrishita Basu,2024-01-14
1190,Veer Johal,2025-02-17
1191,Anahita Bedi,2021-03-07
1192,Akarsh Tata,2022-02-17
1193,Kimaya Loyal,2025-01-05
1194,Jayant Bajaj,2023-08-13
1195,Faiyaz Dara,2023-04-15
1196,Kanav Loyal,2021-12-12
1197,Siya Sen,2020-03-20
1198,Jhanvi Loyal,2023-01-04
1199,Taimur Mangat,2024-05-06
1200,Ryan Sandhu,2023-05-26
1201,Oorja Rana,2021-03-01
1202,Shalv Sekhon,2025-02-12
1203,Vanya Tara,2024-11-26
1204,Himmat Kari,2024-02-26
1205,Romil Rajagopal,2022-04-10
1206,Arhaan Kaul,2021-01-21
1207,Anvi Saxena,2021-06-02
1208,Gokul Saini,2024-01-30
1209,Rati Chad,2022-08-24
1210,Azad Jani,2021-12-27
1211,Lavanya Sibal,2020-05-17
1212,Romil Jaggi,2020-10-13
1213,Kartik Sachdev,2020-08-09
1214,Neysa Ray,2022-08-08
1215,Devansh Mangal,2023-11-01
1216,Shlok Warrior,2022-11-17
1217,Kismat Kulkarni,2022-04-05
1218,Mohanlal Chatterjee,2020-07-22
1219,Kimaya Jha,2022-02-14
1220,Nitara Brar,2022-06-18
1221,Biju Chakraborty,2021-09-30
1222,Nirvi Shanker,2022-10-25
1223,Mishti Mallick,2025-02-26
1224,Nishith Lall,2020-11-02
1225,Umang Madan,2020-12-11
1226,Zaina Jani,2022-09-29
1227,Tara Ahluwalia,2024-06-23
1228,Baiju Borah,2022-09-04
1229,Gokul Sheth,2021-10-09
1230,Lavanya Jayaraman,2023-12-23
1231,Heer Chowdhury,2022-11-01
1232,Armaan Thaman,2021-01-28
1233,Akarsh Kashyap,2024-03-30
1234,Veer Thakkar,2022-09-14
1235,Shaan Mandal,2023-02-17
1236,Dharmajan Hayer,2021-05-26
1237,Charvi Kadakia,2024-11-02
1238,Arhaan Srinivasan,2024-05-18
1239,Purab Karnik,2022-08-17
1240,Fateh Basak,2020-03-23
1241,Mannat Sidhu,2023-05-07
1242,Lakshit Shere,2023-04-18
1243,Ishaan Kapur,2024-09-10
1244,Advik Keer,2024-05-09
1245,Ritvik Golla,2024-08-12
1246,Stuvan Bakshi,2021-12-24
1247,Suhana Saraf,2025-02-01
1248,Siya Apte,2020-09-09
1249,Charvi Baral,2020-09-10
1250,Jayesh Sengupta,2024-04-15
1251,Himmat Vora,2024-02-02
1252,Saira Dube,2024-01-09
1253,Pihu Bansal,2020-07-22
1254,Diya Ganesh,2025-01-30
1255,Anya Lall,2023-03-25
1256,Jayan Chander,2021-11-17
1257,Shamik Vohra,2022-12-07
1258,Kanav Kalita,2023-03-15
1259,Neysa Balan,2020-12-30
1260,Miraya Shere,2023-12-26
1261,Divit Chacko,2020-05-14
1262,Renee Subramanian,2022-10-21
1263,Prerak Ram,2022-07-17
1264,Aayush Sule,2022-09-10
1265,Vihaan Rajagopalan,2021-04-22
1266,Baiju Khare,2020-11-19
1267,Elakshi Lal,2025-01-21
1268,Yakshit Bhasin,2021-08-29
1269,Vanya Sekhon,2023-11-16
1270,Pranay Sabharwal,2023-01-22
1271,Badal Mann,2024-02-18
1272,Indrajit Sehgal,2024-09-14
1273,Damini Mand,2023-06-02
1274,Inaaya  Dhar,2020-12-23
1275,Zara Singh,2023-07-02
1276,Urvi Reddy,2024-08-07
1277,Zara Taneja,2024-02-26
1278,Jayan Ahluwalia,2020-06-10
1279,Tiya Kapoor,2021-01-22
1280,Sahil Kapur,2024-04-04
1281,Yasmin Warrior,2022-01-02
1282,Kismat Koshy,2022-10-30
1283,Urvi Ganguly,2020-04-06
1284,Shanaya Kakar,2022-08-28
1285,Parinaaz Ganesh,2021-01-09
1286,Zara Bahri,2024-12-29
1287,Riaan Subramaniam,2023-01-04
1288,Pihu Kaur,2021-04-26
1289,Himmat Buch,2022-03-21
1290,Hrishita Sidhu,2020-04-13
1291,Lakshay Bajwa,2023-07-21
1292,Pranay Master,2023-01-31
1293,Miraan Jayaraman,2021-12-23
1294,Kabir Dubey,2023-09-25
1295,Neelofar Rao,2022-11-21
1296,Stuvan Sabharwal,2021-02-20
1297,Zara Agrawal,2024-01-27
1298,Aniruddh Shan,2023-10-08
1299,Ryan Kaur,2021-03-04
1300,Rati Buch,2022-09-01
1301,Aarna Thakur,2021-11-27
1302,Pari Dani,2022-12-12
1303,Hiran Shere,2024-02-21
1304,Gatik Mall,2022-10-01
1305,Saira Kurian,2022-09-02
1306,Aarav Bassi,2020-09-01
1307,Akarsh Dutta,2022-02-12
1308,Samaira Sane,2020-04-18
1309,Rania Reddy,2023-02-02
1310,Indrans Shankar,2024-06-22
1311,Shalv Talwar,2021-07-17
1312,Khushi Toor,2023-08-01
1313,Kimaya Dhillon,2021-11-25
1314,Nitya Sani,2023-06-06
1315,Mamooty Solanki,2020-08-28
1316,Sara Samra,2021-11-19
1317,Tushar Kari,2020-10-14
1318,Jhanvi Bhagat,2020-09-14
1319,Advika Iyengar,2024-07-07
1320,Mishti Deo,2024-05-29
1321,Nehmat Divan,2020-09-01
1322,Rhea Kapur,2023-02-20
1323,Madhav Chandra,2023-05-31
1324,Indranil Lanka,2023-06-17
1325,Raunak Madan,2021-07-30
1326,Stuvan Kulkarni,2022-07-24
1327,Advik Deep,2021-08-04
1328,Khushi Shetty,2024-11-09
1329,Seher Luthra,2024-10-08
1330,Alia Hari,2022-07-12
1331,Vedika Subramaniam,2020-04-17
1332,Manjari Balasubramanian,2024-04-06
1333,Renee Bobal,2021-12-20
1334,Kanav Khalsa,2023-02-14
1335,Myra Bail,2024-01-28
1336,Trisha Banik,2024-09-26
1337,Zara Issac,2024-11-08
1338,Madhav Sahota,2022-05-20
1339,Faiyaz Gupta,2022-02-02
1340,Sumer Ganesh,2025-02-22
1341,Nishith Mahal,2024-08-23
1342,Aniruddh Soni,2023-09-16
1343,Miraya Hayre,2024-10-09
1344,Fateh Korpal,2022-03-15
1345,Samaira Dayal,2023-02-28
1346,Eva Ravi,2024-06-03
1347,Nishith Krishnan,2021-04-28
1348,Misha Manda,2021-07-11
1349,Charvi Shan,2021-10-21
1350,Umang Malhotra,2020-09-19
1351,Anya Sastry,2021-11-08
1352,Ishaan Gara,2020-03-21
1353,Seher Sagar,2024-02-04
1354,Ishaan Raja,2020-05-06
1355,Kartik Kibe,2024-01-04
1356,Onkar Jha,2021-10-25
1357,Samar Mahajan,2022-06-20
1358,Ahana  Aggarwal,2020-08-04
1359,Baiju Date,2022-04-11
1360,Anaya Mahajan,2023-11-03
1361,Alia Khatri,2023-11-23
1362,Ranbir Sekhon,2022-10-27
1363,Dhanuk Kar,2020-07-05
1364,Lakshay Kapadia,2024-10-07
1365,Chirag Balakrishnan,2022-12-22
1366,Nayantara Kala,2021-04-12
1367,Indrans Iyer,2022-06-12
1368,Shalv Lad,2022-01-26
1369,Jiya Dasgupta,2024-11-04
1370,Hazel Ghose,2022-03-19
1371,Divij Roy,2020-06-17
1372,Neysa Sibal,2021-08-22
1373,Advik Sahni,2020-06-18
1374,Lagan Kunda,2022-03-26
1375,Arhaan Joshi,2023-07-20
1376,Bhavin Chandran,2020-10-25
1377,Shray Kohli,2023-01-01
1378,Aarush Kari,2022-02-13
1379,Yasmin Gala,2021-11-13
1380,Divit Srivastava,2021-08-14
1381,Kimaya Sankar,2023-04-25
1382,Dhruv Dave,2023-04-07
1383,Misha Bali,2023-05-13
1384,Inaaya  Dani,2021-01-01
1385,Samiha Srinivas,2023-09-15
1386,Aradhya Hayre,2021-09-01
1387,Jivin Choudhury,2022-09-26
1388,Tanya Iyer,2025-02-04
1389,Diya Venkatesh,2023-02-21
1390,Hridaan Krishnamurthy,2023-07-09
1391,Samaira Sundaram,2022-02-09
1392,Pari Agarwal,2021-04-04
1393,Amani Kata,2021-08-07
1394,Yuvaan Goel,2024-07-22
1395,Aarna Choudhury,2021-06-05
1396,Saira Rattan,2025-02-03
1397,Aniruddh Bath,2022-12-22
1398,Kabir Sood,2020-05-08
1399,Lakshit Hari,2024-02-13
1400,Manikya Divan,2021-02-19
1401,Eshani Luthra,2021-10-08
1402,Rania Date,2020-09-05
1403,Indranil Khosla,2021-12-16
1404,Jivin Sur,2023-04-19
1405,Amira Arya,2024-01-14
1406,Arnav Saini,2024-10-15
1407,Samaira Goswami,2024-08-03
1408,Ehsaan Chanda,2020-12-19
1409,Anvi Chana,2025-03-01
1410,Ela Srinivas,2021-06-26
1411,Riaan Varma,2024-09-21
1412,Armaan Soman,2021-10-27
1413,Tanya Kala,2022-01-10
1414,Dharmajan Dave,2022-10-29
1415,Dhanuk Raju,2023-03-01
1416,Tara Saha,2024-08-13
1417,Riya Johal,2024-10-13
1418,Tara Banik,2023-06-16
1419,Devansh Sarin,2022-07-14
1420,Urvi Sarna,2024-03-06
1421,Hazel Varma,2021-05-05
1422,Samiha Vyas,2024-07-27
1423,Aniruddh Viswanathan,2023-02-08
1424,Kaira Bains,2021-01-11
1425,Anahita Butala,2023-06-02
1426,Kaira Kumar,2021-04-10
1427,Sara Sane,2023-01-05
1428,Anika Desai,2020-08-26
1429,Purab Dutt,2023-02-06
1430,Mehul Gopal,2023-11-11
1431,Kiara Shere,2021-10-27
1432,Onkar Kannan,2023-08-27
1433,Khushi Dalal,2020-08-15
1434,Mamooty Virk,2020-09-04
1435,Indrajit Mann,2024-09-27
1436,Ritvik Dora,2021-07-31
1437,Alisha Ramakrishnan,2020-11-05
1438,Biju Issac,2021-09-18
1439,Raghav Konda,2024-12-12
1440,Shalv Desai,2021-05-29
1441,Nishith Krishnan,2022-06-06
1442,Anay Agate,2020-08-26
1443,Anahi Cheema,2021-02-16
1444,Farhan Sahota,2022-05-18
1445,Aaina Handa,2023-11-27
1446,Anya Datta,2020-10-09
1447,Eshani Sachdev,2021-01-20
1448,Lakshay Sani,2024-07-06
1449,Elakshi Joshi,2022-05-19
1450,Oorja Ganguly,2022-01-01
1451,Jhanvi Sani,2021-05-01
1452,Dhanush Kunda,2021-06-15
1453,Raunak Borde,2025-02-23
1454,Jiya Jha,2024-04-06
1455,Urvi Kaul,2023-05-04
1456,Anvi Kalla,2024-10-03
1457,Neelofar Ramesh,2021-07-20
1458,Jhanvi Thaker,2024-11-09
1459,Madhup Chaudhari,2024-06-10
1460,Zara Bajaj,2022-02-14
1461,Khushi Barad,2022-07-07
1462,Aaina Grewal,2022-12-21
1463,Heer Bhasin,2022-05-23
1464,Vidur Srivastava,2024-12-20
1465,Gokul Kapadia,2023-11-09
1466,Nitara Kohli,2021-04-04
1467,Myra Chaudhari,2023-10-04
1468,Vardaniya Sabharwal,2023-10-18
1469,Pihu Sanghvi,2022-07-23
1470,Nitya Kala,2022-06-19
1471,Shaan Mangal,2024-04-15
1472,Rasha Gandhi,2020-06-27
1473,Saanvi Shenoy,2020-03-23
1474,Shaan Chandran,2024-09-06
1475,Bhavin Brahmbhatt,2022-02-09
1476,Hridaan Batta,2021-10-01
1477,Anya Saha,2022-06-11
1478,Nitara Shroff,2021-08-07
1479,Elakshi Edwin,2023-04-01
1480,Aayush Swaminathan,2024-08-07
1481,Dhanuk Sama,2024-12-03
1482,Suhana Chaudhuri,2022-12-09
1483,Yashvi Comar,2021-12-01
1484,Lakshit Kapur,2020-12-26
1485,Aarush Dara,2024-02-01
1486,Ivan Batta,2023-12-03
1487,Himmat Krishnamurthy,2023-12-15
1488,Yakshit Ganguly,2021-12-07
1489,Ayesha Sachdev,2022-02-05
1490,Vanya Babu,2023-12-24
1491,Rohan Shan,2023-08-26
1492,Prerak Dalal,2025-02-04
1493,Jhanvi Bhatnagar,2023-04-08
1494,Romil Khurana,2021-04-15
1495,Ira Sharaf,2020-11-11
1496,Nayantara Soman,2024-05-02
1497,Ira Mahal,2023-11-01
1498,Charvi Choudhry,2021-09-28
1499,Adah Kashyap,2020-06-08
1500,Elakshi Gulati,2021-11-25
1501,Amira Kapur,2020-03-20
1502,Anya Bains,2024-03-21
1503,Manikya Basu,2020-04-16
1504,Chirag Cherian,2024-09-18
1505,Tushar Grover,2022-02-26
1506,Seher Chowdhury,2023-07-15
1507,Krish Deshmukh,2021-03-02
1508,Miraan Gera,2020-04-28
1509,Ayesha Chakrabarti,2020-03-29
1510,Nakul Bail,2021-07-07
1511,Mahika Bumb,2020-09-22
1512,Vaibhav Gopal,2025-02-04
1513,Dhanuk Kata,2020-11-28
1514,Nayantara Kohli,2021-12-01
1515,Pari Bhagat,2020-05-04
1516,Rohan Vig,2020-05-14
1517,Tejas Mand,2021-10-03
1518,Hazel Varkey,2021-02-26
1519,Rania Sura,2021-09-08
1520,Aayush Som,2022-10-16
1521,Anahi Borra,2024-01-29
1522,Samaira Walia,2024-07-13
1523,Tiya Khurana,2020-11-01
1524,Kanav Borde,2024-09-16
1525,Mohanlal Kalla,2023-06-02
1526,Hrishita Kala,2020-07-10
1527,Sumer Chacko,2021-04-16
1528,Anya Aggarwal,2022-10-29
1529,Pihu Lanka,2020-07-14
1530,Prerak Garde,2021-02-02
1531,Adira Malhotra,2023-02-19
1532,Purab Guha,2024-10-03
1533,Jayant Johal,2022-03-29
1534,Gatik Kala,2023-04-23
1535,Tara Tella,2023-01-14
1536,Mehul Basak,2023-03-04
1537,Jiya Dayal,2021-06-14
1538,Manikya Kara,2020-11-21
1539,Arhaan Dugal,2022-10-08
1540,Eva Shan,2022-09-14
1541,Seher Batta,2020-03-29
1542,Hansh Dugar,2024-01-03
1543,Oorja Mangat,2024-07-27
1544,Madhup Chandra,2020-11-16
1545,Gokul Gour,2020-07-26
1546,Zain Kari,2024-04-28
1547,Abram Anne,2023-08-22
1548,Mannat Issac,2021-07-30
1549,Hridaan Acharya,2023-11-15
1550,Romil Raja,2020-12-20
1551,Lagan Chaudhry,2023-02-10
1552,Alia Behl,2021-04-25
1553,Krish Rajagopalan,2024-08-13
1554,Prerak Koshy,2024-06-16
1555,Shalv Ray,2020-10-30
1556,Hrishita Mangal,2021-08-29
1557,Riya Kakar,2023-04-16
1558,Anahita Walla,2022-05-14
1559,Tara Golla,2023-05-29
1560,Aaina Choudhary,2024-04-24
1561,Amani Bhardwaj,2024-04-05
1562,Rasha Lal,2022-07-24
1563,Saksham Kapoor,2021-03-18
1564,Baiju Talwar,2020-07-30
1565,Ivan Kurian,2020-05-17
1566,Dishani Koshy,2021-09-23
1567,Lakshay Agarwal,2024-09-14
1568,Bhavin Sehgal,2024-08-12
1569,Aaryahi Bali,2022-12-16
1570,Emir Bala,2021-02-05
1571,Prisha Mallick,2023-11-02
1572,Rohan Kashyap,2021-07-26
1573,Indranil Gole,2021-11-19
1574,Lavanya Shetty,2024-07-31
1575,Rasha Agrawal,2020-08-03
1576,Aradhya Hegde,2022-10-28
1577,Kanav Sachar,2025-01-11
1578,Adah Singh,2022-06-13
1579,Yasmin Bala,2024-12-13
1580,Kimaya Dayal,2020-10-05
1581,Seher Ravi,2022-05-22
1582,Saksham Varughese,2022-04-11
1583,Aniruddh Varkey,2022-08-05
1584,Shalv Suri,2025-02-04
1585,Jayan Vora,2020-11-02
1586,Ryan Sampath,2022-07-06
1587,Tanya Badal,2022-06-23
1588,Dhanush Tank,2021-06-06
1589,Ritvik Tiwari,2020-11-29
1590,Miraya Sem,2021-10-19
1591,Rohan Borde,2024-10-25
1592,Farhan De,2020-06-01
1593,Alisha Kanda,2023-01-18
1594,Jayant Uppal,2023-05-16
1595,Lavanya Hora,2021-05-10
1596,Vedika Sachdeva,2025-02-20
1597,Keya Bhat,2024-09-11
1598,Aaryahi Shere,2021-08-09
1599,Samiha Korpal,2021-07-31
1600,Taran Datta,2024-07-28
1601,Reyansh Sethi,2022-06-12
1602,Saksham Bumb,2021-10-11
1603,Aayush Dewan,2021-04-02
1604,Shlok Talwar,2021-11-11
1605,Kimaya Sood,2024-11-15
1606,Lagan Soni,2020-10-29
1607,Zara Krishna,2020-04-26
1608,Yakshit Master,2022-04-27
1609,Ira Cherian,2023-10-21
1610,Mahika Ganesan,2020-07-25
1611,Divyansh Gandhi,2022-08-20
1612,Baiju Dubey,2023-08-09
1613,Vaibhav Lala,2024-05-16
1614,Vritika Lata,2023-03-30
1615,Lavanya Shukla,2020-11-11
1616,Hunar Chandra,2025-01-28
1617,Piya Sen,2023-02-21
1618,Inaaya  Halder,2022-05-27
1619,Shray Johal,2022-12-26
1620,Raghav Sura,2022-09-08
1621,Nakul Khare,2023-08-24
1622,Miraan Majumdar,2023-12-20
1623,Riya Mander,2023-08-28
1624,Yasmin Iyer,2020-10-27
1625,Madhav Sabharwal,2024-12-23
1626,Priyansh Sandal,2021-08-15
1627,Ranbir Mannan,2023-01-25
1628,Neysa Madan,2022-02-05
1629,Nitya Char,2023-01-01
1630,Biju Johal,2020-07-02
1631,Saanvi Barman,2023-10-27
1632,Badal Mandal,2021-12-18
1633,Mishti Reddy,2022-04-05
1634,Piya Mammen,2021-10-27
1635,Devansh Arora,2021-04-30
1636,Arhaan Srinivas,2023-03-14
1637,Keya Bains,2022-04-05
1638,Fateh Wagle,2022-01-27
1639,Shamik Sama,2023-07-04
1640,Faiyaz Dutta,2022-10-18
1641,Dhruv Samra,2020-12-29
1642,Elakshi Kaur,2024-12-25
1643,Riya Singhal,2024-01-04
1644,Indranil Dube,2022-12-29
1645,Dhruv Sarna,2024-06-03
1646,Advik Badal,2023-08-27
1647,Kartik Lal,2020-10-31
1648,Veer Contractor,2024-07-06
1649,Prisha Cherian,2022-12-05
1650,Raghav Bassi,2022-11-23
1651,Shray Hayer,2020-05-12
1652,Yakshit Lanka,2022-11-12
1653,Jayesh Lala,2020-05-02
1654,Navya De,2023-08-10
1655,Kiaan Madan,2025-01-23
1656,Sara Dasgupta,2022-04-09
1657,Neysa Yadav,2020-09-23
1658,Samiha Sama,2021-04-04
1659,Tanya Apte,2022-08-11
1660,Anvi Chawla,2024-06-01
1661,Samar Garde,2022-07-16
1662,Keya Sami,2021-08-09
1663,Indranil Ravel,2021-08-14
1664,Gatik Dani,2024-10-01
1665,Ivan Kunda,2022-01-20
1666,Umang Krishnan,2023-07-02
1667,Kartik Ghose,2025-02-22
1668,Emir Sharma,2022-11-12
1669,Keya Suri,2021-04-28
1670,Ehsaan Biswas,2023-10-21
1671,Shlok Dara,2023-02-03
1672,Uthkarsh Dara,2025-01-27
1673,Zara Dhawan,2021-04-15
1674,Tarini Rama,2021-08-07
1675,Tarini Master,2022-08-18
1676,Aradhya Borde,2023-05-11
1677,Hunar Rau,2023-12-24
1678,Ryan Barad,2020-09-03
1679,Hrishita Gill,2023-02-21
1680,Shlok Kurian,2023-04-17
1681,Alia Gour,2020-04-05
1682,Anahi Kuruvilla,2021-10-22
1683,Anaya Sharaf,2025-01-03
1684,Mehul Gupta,2022-11-22
1685,Ritvik Buch,2020-10-02
1686,Mishti Grewal,2020-05-10
1687,Bhamini Kapadia,2022-07-02
1688,Ojas Bala,2023-11-13
1689,Nirvi Vyas,2023-12-28
1690,Khushi Kumar,2023-12-12
1691,Dishani Dara,2021-01-30
1692,Seher Zachariah,2020-11-05
1693,Tushar Sarin,2022-08-27
1694,Nishith Bhargava,2023-08-30
1695,Ojas Tank,2024-06-11
1696,Ivan Bora,2020-06-29
1697,Ojas Chopra,2021-12-13
1698,Khushi Bhattacharyya,2021-02-28
1699,Hazel Bhatnagar,2021-02-22
1700,Shray Khatri,2021-07-11
1701,Misha Vohra,2025-02-04
1702,Saksham Saini,2020-09-02
1703,Vedika Tata,2020-04-01
1704,Manjari Hans,2023-06-26
1705,Heer Dey,2020-10-22
1706,Ela Tandon,2023-09-25
1707,Vihaan Saxena,2024-04-08
1708,Ela Divan,2023-02-23
1709,Trisha Bala,2023-01-11
1710,Prerak Bal,2024-05-10
1711,Sara Dewan,2023-05-29
1712,Ishita Aurora,2024-04-07
1713,Miraya Dyal,2022-09-17
1714,Ahana  Wali,2022-10-29
1715,Samarth Srinivasan,2024-09-16
1716,Armaan Saraf,2023-01-26
1717,Hazel Sabharwal,2022-06-19
1718,Lakshay Keer,2023-03-27
1719,Jivika Brahmbhatt,2025-01-21
1720,Mamooty Mand,2020-05-25
1721,Kashvi Garg,2024-10-26
1722,Emir Krishnamurthy,2022-11-09
1723,Ayesha Apte,2024-08-03
1724,Bhavin Hora,2021-03-21
1725,Yuvaan Setty,2021-07-17
1726,Anvi Bora,2023-04-22
1727,Dhruv Dube,2022-05-19
1728,Adah Sen,2022-06-19
1729,Drishya Butala,2020-06-10
1730,Yashvi Hari,2021-09-06
1731,Hiran Ganesh,2022-02-01
1732,Eva Hari,2023-10-26
1733,Purab Dash,2020-06-10
1734,Emir Badal,2024-12-29
1735,Amani Barman,2023-05-14
1736,Hiran Kata,2020-12-13
1737,Samar Subramanian,2024-02-18
1738,Mishti Khare,2024-12-31
1739,Uthkarsh Bandi,2021-11-06
1740,Anahi Soni,2023-12-29
1741,Yasmin Thaker,2024-05-11
1742,Chirag Dey,2022-02-09
1743,Oorja Baria,2023-11-26
1744,Kabir Korpal,2022-04-22
1745,Zoya Ramanathan,2020-11-25
1746,Ishaan Bose,2021-07-08
1747,Adah Balan,2024-02-04
1748,Vedika Badal,2024-05-16
1749,Indrans Gaba,2021-02-19
1750,Nishith Sundaram,2020-08-01
1751,Anya Setty,2021-03-14
1752,Khushi Amble,2020-05-31
1753,Neelofar Sama,2022-04-08
1754,Rati Halder,2020-04-25
1755,Dhanush Randhawa,2020-04-08
1756,Darshit Grewal,2024-12-03
1757,Kismat Char,2023-08-22
1758,Misha Banik,2024-01-30
1759,Tarini Atwal,2021-03-07
1760,Neelofar Sibal,2021-12-12
1761,Reyansh Chakraborty,2022-08-21
1762,Eshani Ghose,2024-04-06
1763,Mehul Dar,2020-04-27
1764,Jayan Manda,2024-08-22
1765,Gatik Wali,2020-11-22
1766,Arhaan Singhal,2022-09-01
1767,Samiha Goswami,2020-12-12
1768,Zara Deol,2021-10-13
1769,Dhanuk Ratti,2022-07-20
1770,Nayantara Comar,2024-11-29
1771,Shaan Hayer,2023-08-08
1772,Tejas Magar,2024-11-05
1773,Veer Bhat,2021-09-20
1774,Gatik Sami,2021-05-16
1775,Advika Dani,2023-05-05
1776,Kiara Sidhu,2022-09-07
1777,Farhan Ben,2022-12-05
1778,Nayantara Bhatnagar,2024-04-22
1779,Ishita Dubey,2020-06-23
1780,Ishita Dani,2024-10-17
1781,Ela Sen,2021-07-17
1782,Kiara Buch,2021-06-24
1783,Parinaaz Hayer,2024-12-15
1784,Adira Din,2021-02-16
1785,Riaan Kadakia,2021-03-22
1786,Saksham Ratti,2020-04-22
1787,Divij Chaudhry,2021-03-28
1788,Krish Sarkar,2024-04-26
1789,Nishith Gour,2020-10-02
1790,Emir Koshy,2024-06-06
1791,Adah Halder,2023-11-24
1792,Ahana  Kant,2022-09-08
1793,Eshani Vaidya,2025-01-11
1794,Gatik Doshi,2023-02-23
1795,Vidur Thakur,2022-06-03
1796,Aaina Goel,2024-01-25
1797,Akarsh Kuruvilla,2020-09-22
1798,Oorja Sood,2025-02-11
1799,Adira Grover,2024-09-03
1800,Aarav Sarin,2021-08-23
1801,Aayush Bir,2021-01-18
1802,Manjari Wali,2024-07-15
1803,Yasmin Kala,2020-06-19
1804,Onkar Shah,2021-10-08
1805,Indrans Suresh,2020-12-17
1806,Miraan Vora,2023-10-01
1807,Tanya Karpe,2020-05-02
1808,Heer Chandran,2020-11-28
1809,Miraan Khurana,2024-06-05
1810,Nayantara Sahota,2023-06-05
1811,Anika Kalita,2020-03-11
1812,Eshani Sandal,2023-08-14
1813,Indrajit Hora,2023-10-25
1814,Veer Shanker,2020-09-21
1815,Pari Kothari,2023-08-17
1816,Saksham Kant,2020-08-12
1817,Nitara Butala,2024-05-12
1818,Divyansh Venkataraman,2022-04-15
1819,Saanvi Doshi,2022-12-09
1820,Vivaan Lala,2022-09-12
1821,Shamik Kibe,2023-10-31
1822,Umang Kuruvilla,2021-04-17
1823,Reyansh Chaudhari,2022-07-07
1824,Riya Bumb,2021-06-07
1825,Tanya Choudhury,2022-06-12
1826,Lakshit Kari,2020-04-13
1827,Kabir Ahluwalia,2024-09-14
1828,Tarini Choudhary,2024-05-19
1829,Tejas Yogi,2023-02-18
1830,Kiaan Bhatti,2024-04-18
1831,Misha Sachar,2021-04-29
1832,Ivan Dixit,2023-01-23
1833,Himmat Hayer,2020-10-30
1834,Dharmajan Chaudry,2024-01-13
1835,Nishith Bakshi,2023-05-30
1836,Veer Iyengar,2023-08-03
1837,Ishita Badal,2023-10-08
1838,Samar Jayaraman,2023-06-21
1839,Kiara Bali,2023-01-04
1840,Adira Mander,2022-07-31
1841,Gokul Wason,2025-01-04
1842,Lagan Krishnan,2020-10-10
1843,Akarsh Jani,2024-09-02
1844,Fateh Datta,2022-09-23
1845,Mahika Bhagat,2022-07-25
1846,Dhanush Ghose,2024-11-11
1847,Shaan Karan,2024-07-24
1848,Farhan Bhargava,2022-10-05
1849,Advika Deep,2020-09-02
1850,Ivana Sridhar,2023-06-14
1851,Eva Contractor,2023-11-05
1852,Samar Sengupta,2024-02-25
1853,Mannat Das,2020-03-10
1854,Miraya Sekhon,2023-08-29
1855,Zaina Bhattacharyya,2024-10-15
1856,Heer Sibal,2021-10-10
1857,Anay Mangal,2021-04-07
1858,Ishaan Karan,2024-10-19
1859,Azad Chowdhury,2020-05-18
1860,Zeeshan Shankar,2022-01-11
1861,Veer Agate,2023-02-13
1862,Eshani Goel,2024-04-11
1863,Manikya Sheth,2021-07-06
1864,Hazel Gupta,2022-01-02
1865,Piya Manda,2021-03-27
1866,Yasmin Kota,2022-12-21
1867,Ivana Bedi,2021-07-19
1868,Ishita Dube,2022-11-16
1869,Samarth Srivastava,2024-03-08
1870,Vanya Bhatnagar,2024-11-30
1871,Alia Kata,2022-10-24
1872,Pranay Bali,2022-09-27
1873,Veer Sen,2022-03-20
1874,Dishani Issac,2020-12-25
1875,Saksham Rege,2023-02-05
1876,Raunak Sabharwal,2024-05-22
1877,Divyansh Agate,2020-12-06
1878,Stuvan Sur,2024-06-16
1879,Vaibhav Lad,2023-06-25
1880,Misha Karpe,2021-05-01
1881,Rohan Gole,2020-05-18
1882,Akarsh Jayaraman,2023-07-20
1883,Taimur Ratta,2023-01-08
1884,Zara Ahluwalia,2020-11-05
1885,Advik Wagle,2023-12-11
1886,Divyansh Gill,2022-12-28
1887,Jiya Sagar,2022-08-06
1888,Kimaya Dora,2021-12-21
1889,Pranay Rajan,2023-06-12
1890,Ranbir Kala,2023-10-27
1891,Umang Anne,2021-12-17
1892,Reyansh Sen,2024-07-28
1893,Tushar Kala,2023-10-15
1894,Fateh Mammen,2021-02-09
1895,Amani Chaudhry,2021-09-21
1896,Samar Kota,2023-12-19
1897,Kashvi Hari,2020-09-09
1898,Zara Borde,2022-02-13
1899,Anahi Ratti,2021-12-31
1900,Tiya Din,2022-08-11
1901,Divit Konda,2020-03-27
1902,Lavanya Bhalla,2021-06-28
1903,Manikya Gopal,2023-08-21
1904,Anay Kunda,2025-03-01
1905,Nishith Dara,2024-06-25
1906,Suhana Thaman,2023-04-17
1907,Alisha Johal,2020-09-16
1908,Damini Atwal,2023-04-27
1909,Ehsaan Bhatt,2023-11-25
1910,Navya Grover,2024-03-11
1911,Rohan Wable,2024-05-20
1912,Lavanya Manda,2020-07-12
1913,Samarth Jani,2022-08-18
1914,Ritvik Ahuja,2023-03-13
1915,Pari Shetty,2022-11-13
1916,Drishya Saxena,2022-09-08
1917,Piya Mahajan,2021-07-06
1918,Kaira Bora,2022-10-15
1919,Shaan Rajan,2021-04-15
1920,Armaan Zacharia,2022-01-27
1921,Dhruv Bhavsar,2023-03-30
1922,Vedika Chadha,2023-03-27
1923,Samar Talwar,2020-11-12
1924,Vaibhav Taneja,2020-03-22
1925,Nakul Bora,2021-07-09
1926,Tara Shukla,2022-03-03
1927,Kashvi Tiwari,2022-11-27
1928,Ojas Virk,2023-07-09
1929,Anvi Sarna,2020-06-26
1930,Aniruddh Arora,2022-05-24
1931,Riya Krishna,2020-04-05
1932,Aarav Karnik,2023-05-01
1933,Romil Kunda,2023-07-09
1934,Anahi Dhillon,2023-06-23
1935,Kiaan Shan,2023-06-21
1936,Mishti Kakar,2023-11-06
1937,Chirag Chandran,2021-10-19
1938,Zain Dutta,2021-12-24
1939,Veer Ramanathan,2020-05-26
1940,Samaira Bandi,2022-09-15
1941,Kavya Ranganathan,2023-09-02
1942,Aaryahi Gola,2023-10-11
1943,Trisha Srinivasan,2021-10-03
1944,Kanav Sawhney,2022-02-19
1945,Anvi Rout,2020-04-29
1946,Mehul Vala,2020-06-22
1947,Nirvi Salvi,2023-10-28
1948,Anahita Bal,2023-06-17
1949,Nayantara Wali,2023-05-25
1950,Hansh Butala,2023-04-17
1951,Umang Talwar,2020-05-24
1952,Zaina Bandi,2021-02-08
1953,Anahita Toor,2021-09-19
1954,Saira Cherian,2024-03-09
1955,Seher Wason,2023-04-04
1956,Jhanvi Verma,2022-03-20
1957,Ishaan Jain,2020-07-15
1958,Amira Vaidya,2022-12-01
1959,Anika Ramaswamy,2022-08-29
1960,Taimur Kapur,2021-05-18
1961,Rati Sem,2021-02-05
1962,Veer Bhatti,2024-11-17
1963,Aarav Brahmbhatt,2021-01-27
1964,Hunar Mallick,2023-12-08
1965,Divyansh Chaudry,2022-11-07
1966,Badal Sinha,2024-09-26
1967,Saksham Chandran,2025-02-07
1968,Damini Baral,2023-01-19
1969,Zain Wadhwa,2022-06-13
1970,Saksham Bains,2023-09-09
1971,Damini Dalal,2024-02-05
1972,Jhanvi Loke,2021-09-07
1973,Yakshit Sha,2023-12-10
1974,Mannat Roy,2020-08-21
1975,Reyansh Samra,2023-11-09
1976,Taimur Grover,2022-04-12
1977,Zain Krish,2022-02-12
1978,Indranil Soman,2020-08-28
1979,Tejas Bajaj,2021-11-30
1980,Damini Sehgal,2020-10-29
1981,Mehul Devan,2022-11-28
1982,Ryan Verma,2020-07-23
1983,Tejas Kurian,2023-03-28
1984,Vritika Saraf,2024-08-07
1985,Aaina Varghese,2020-11-14
1986,Vanya Deo,2020-11-20
1987,Chirag Verma,2021-12-20
1988,Ela Reddy,2020-05-05
1989,Advika Madan,2024-11-27
1990,Kiaan Sood,2023-07-29
1991,Saira Shankar,2021-07-17
1992,Shlok Majumdar,2020-06-15
1993,Ishaan Bora,2022-06-10
1994,Hrishita Chandran,2023-12-20
1995,Drishya Ganesan,2020-10-27
1996,Shanaya Desai,2021-02-25
1997,Myra Vohra,2020-09-10
1998,Darshit Hayer,2022-04-30
1999,Rati Batta,2024-05-30
2000,Nirvi Comar,2020-07-27
2001,Faiyaz Contractor,2025-02-26
2002,Mannat Gala,2024-12-26
2003,Siya Hayer,2021-08-24
2004,Krish Batta,2023-08-23
2005,Gokul Kaur,2023-04-24
2006,Parinaaz Manda,2025-01-04
2007,Emir Krishna,2023-12-31
2008,Urvi Amble,2023-06-01
2009,Jayan Bahri,2020-03-18
2010,Anika Dey,2022-05-20
2011,Lavanya Andra,2021-07-15
2012,Vidur Sandal,2024-07-27
2013,Nehmat Bhavsar,2021-05-03
2014,Kashvi Bedi,2024-08-11
2015,Sana Anne,2020-08-08
2016,Aradhya Basu,2023-06-27
2017,Eshani Dube,2021-10-15
2018,Mehul Balay,2021-01-10
2019,Emir Baral,2020-08-13
2020,Darshit Konda,2020-07-06
2021,Anvi Mahajan,2024-01-21
2022,Aniruddh Bhavsar,2025-01-31
2023,Lavanya Banik,2024-12-17
2024,Damini Sathe,2021-03-23
2025,Sara Salvi,2025-02-10
2026,Samar Kaul,2020-07-07
2027,Inaaya  Chana,2024-12-02
2028,Nitara Ratta,2022-09-24
2029,Taran Upadhyay,2024-03-21
2030,Shray Tiwari,2021-01-01
2031,Drishya Jaggi,2025-02-19
2032,Reyansh Bir,2022-04-22
2033,Anahita Gera,2024-01-22
2034,Ayesha Khanna,2023-06-08
2035,Neelofar Srinivasan,2021-11-23
2036,Nakul Sarin,2023-11-07
2037,Anahita Samra,2025-01-06
2038,Aradhya Anne,2021-08-04
2039,Mishti Taneja,2021-06-05
2040,Nitara Gill,2024-01-17
2041,Arnav Garde,2022-11-30
2042,Kiaan Bir,2022-11-25
2043,Ishaan Setty,2024-10-20
2044,Prerak Jain,2022-07-28
2045,Eshani Soni,2022-05-15
2046,Biju Bera,2022-11-28
2047,Hrishita Chaudhry,2021-09-06
2048,Myra Lad,2021-05-21
2049,Bhavin Sharma,2022-08-01
2050,Dharmajan Kadakia,2023-11-24
2051,Purab Shankar,2022-08-06
2052,Hiran Koshy,2022-02-19
2053,Nayantara Chander,2022-04-09
2054,Saanvi Dube,2021-06-22
2055,Misha Doctor,2021-05-25
2056,Aniruddh Jha,2023-10-21
2057,Oorja Choudhary,2024-02-27
2058,Nitya Sane,2020-06-03
2059,Saira Samra,2020-08-15
2060,Madhup Bala,2024-12-18
2061,Nishith Anne,2020-09-29
2062,Dhruv Majumdar,2023-10-05
2063,Samar Rau,2023-01-16
2064,Manjari Comar,2024-09-06
2065,Ela Cherian,2021-01-27
2066,Alia Sachar,2024-02-15
2067,Kimaya Mane,2020-12-26
2068,Shayak Bobal,2022-02-20
2069,Aniruddh Bandi,2024-02-11
2070,Manikya Vala,2020-09-07
2071,Zain Aggarwal,2024-05-23
2072,Kabir Kannan,2020-12-30
2073,Prisha Keer,2020-07-25
2074,Sumer Sarkar,2021-01-07
2075,Abram Wadhwa,2024-05-08
2076,Zeeshan Dhaliwal,2023-01-28
2077,Sahil Thakur,2023-04-14
2078,Ivan Datta,2021-11-21
2079,Misha Bava,2024-12-27
2080,Zoya Sibal,2023-03-07
2081,Damini Bhatia,2023-08-12
2082,Mahika Devi,2023-06-09
2083,Raghav Gupta,2024-09-14
2084,Alia Hayre,2022-04-25
2085,Sumer Bhatt,2021-11-07
2086,Nishith Sura,2024-11-29
2087,Manikya Mandal,2022-01-15
2088,Heer Dixit,2024-03-29
2089,Kavya Sha,2021-05-07
2090,Hridaan Kaur,2022-06-08
2091,Indrans Divan,2022-06-07
2092,Nakul Tripathi,2021-02-17
2093,Anika Mani,2021-05-02
2094,Indranil Krish,2021-09-01
2095,Rhea Kant,2022-04-18
2096,Chirag Dara,2020-11-18
2097,Pihu Borra,2022-09-04
2098,Darshit Goswami,2024-12-02
2099,Azad Dey,2023-10-11
2100,Samaira Chandran,2021-08-17
2101,Rania Brahmbhatt,2020-06-14
2102,Dhanuk Khalsa,2024-11-24
2103,Anahita Jaggi,2021-02-15
2104,Aradhya Walla,2022-12-09
2105,Mannat Varughese,2023-03-01
2106,Hrishita Sampath,2021-08-02
2107,Divyansh Mannan,2022-11-18
2108,Uthkarsh Sahni,2024-10-16
2109,Ehsaan Garde,2021-04-20
2110,Miraan Bhattacharyya,2021-07-30
2111,Anahi Talwar,2021-10-30
2112,Tejas Kar,2024-05-27
2113,Aayush Bera,2020-08-31
2114,Misha Sarkar,2024-01-08
2115,Ela Kar,2021-07-26
2116,Misha Rastogi,2023-01-27
2117,Baiju Baria,2024-10-29
2118,Krish Agarwal,2024-12-10
2119,Aarna Tata,2024-03-13
2120,Nayantara Kala,2020-05-21
2121,Zain Shan,2024-02-04
2122,Kaira Chacko,2023-02-25
2123,Mehul Brar,2024-03-20
2124,Zaina Thaman,2022-07-31
2125,Amira Varkey,2024-03-26
2126,Zain Char,2020-04-24
2127,Sumer Mahajan,2022-01-01
2128,Raunak Lal,2021-10-26
2129,Anaya Chakraborty,2020-08-11
2130,Vanya Sura,2024-06-12
2131,Zaina Butala,2024-04-07
2132,Samaira Manne,2020-10-25
2133,Shlok Raval,2023-10-13
2134,Neelofar Master,2023-02-10
2135,Siya Dash,2023-05-10
2136,Madhup Sengupta,2021-10-17
2137,Ojas Bawa,2022-10-19
2138,Drishya Mall,2024-01-10
2139,Ryan Mannan,2021-01-08
2140,Dishani Sane,2022-03-06
2141,Dishani Dube,2021-09-24
2142,Badal Vasa,2023-03-21
2143,Jayant Brahmbhatt,2023-09-09
2144,Zoya Dubey,2024-04-27
2145,Ehsaan Master,2022-11-12
2146,Mehul Jani,2022-10-09
2147,Madhav Kara,2021-05-28
2148,Stuvan Mannan,2023-03-24
2149,Miraan Dixit,2024-01-02
2150,Vaibhav Batta,2023-10-06
2151,Adah Chandra,2023-02-17
2152,Kavya Goyal,2022-07-16
2153,Ehsaan Kumar,2023-07-28
2154,Amani Gola,2022-09-29
2155,Eva Singh,2020-03-15
2156,Nirvaan Bhatnagar,2024-09-03
2157,Yasmin Dhawan,2023-01-24
2158,Devansh Gala,2021-03-12
2159,Rohan Aurora,2020-04-01
2160,Nakul Chadha,2020-09-24
2161,Hansh Sane,2020-06-16
2162,Romil Lad,2020-10-21
2163,Miraan Subramaniam,2022-08-16
2164,Samarth Lanka,2024-08-25
2165,Shlok Loyal,2023-11-24
2166,Umang Sarma,2021-05-07
2167,Anaya Basak,2024-01-05
2168,Ishita Mangal,2022-01-24
2169,Aaryahi Ram,2021-11-16
2170,Samiha Shroff,2024-07-25
2171,Ishita Dugal,2022-12-29
2172,Aayush Shah,2024-03-09
2173,Aarav Rajagopal,2021-05-06
2174,Eshani Sani,2023-04-05
2175,Ryan Chokshi,2022-10-01
2176,Prerak Kanda,2020-05-27
2177,Diya Kurian,2023-10-20
2178,Charvi Dhingra,2020-09-09
2179,Nehmat Bawa,2022-08-27
2180,Fateh Chaudhari,2022-02-22
2181,Keya Raval,2020-06-28
2182,Vardaniya Kade,2023-11-22
2183,Purab Dyal,2024-10-25
2184,Kiara Madan,2022-01-25
2185,Gatik Samra,2021-09-21
2186,Kartik Dugar,2024-10-15
2187,Heer Bedi,2022-03-25
2188,Anaya Vohra,2020-10-04
2189,Mannat Bhardwaj,2020-07-05
2190,Mamooty Brar,2020-04-09
2191,Pari Bumb,2020-07-08
2192,Jivika Sridhar,2023-06-18
2193,Uthkarsh Mahal,2020-11-10
2194,Sana Swaminathan,2023-05-07
2195,Miraan Dhillon,2021-06-09
2196,Zain Bhargava,2020-03-08
2197,Diya Dhawan,2023-02-19
2198,Hridaan Dube,2023-01-27
2199,Eshani Kohli,2021-05-19
2200,Hunar Chaudhary,2021-08-24
2201,Vritika Majumdar,2022-06-16
2202,Sana Vora,2023-09-29
2203,Sumer Hora,2022-11-06
2204,Tushar Bajaj,2024-12-05
2205,Mohanlal Jhaveri,2025-01-09
2206,Vanya Sridhar,2022-12-02
2207,Pari Sridhar,2024-10-30
2208,Ela Saraf,2025-01-28
2209,Pranay Bandi,2023-12-14
2210,Dishani Loke,2021-05-16
2211,Eva Rajagopalan,2021-03-29
2212,Jivika Dave,2021-10-25
2213,Kavya Gour,2023-06-08
2214,Shalv Doshi,2023-06-06
2215,Jivika Handa,2021-08-17
2216,Emir Ahluwalia,2024-03-21
2217,Himmat Bail,2023-09-16
2218,Dishani Grewal,2023-01-07
2219,Aarna Ganesh,2023-02-22
2220,Arnav Shankar,2023-01-01
2221,Renee Reddy,2021-01-26
2222,Gokul Jani,2022-07-18
2223,Uthkarsh Kannan,2024-01-01
2224,Khushi Rajan,2024-05-31
2225,Siya Batta,2023-10-08
2226,Dhruv Mandal,2023-09-09
2227,Saira Dubey,2021-05-13
2228,Amani Wali,2021-10-26
2229,Pranay Shan,2021-12-30
2230,Sara Ramesh,2024-05-07
2231,Jiya Kalla,2024-09-05
2232,Gokul Bhatt,2022-09-08
2233,Lagan Jani,2020-04-23
2234,Veer Gola,2023-02-27
2235,Hrishita Bandi,2022-10-13
2236,Anay Sura,2021-04-07
2237,Ishaan Ravi,2021-02-09
2238,Trisha Agarwal,2025-01-14
2239,Saksham Bhandari,2023-02-21
2240,Reyansh Tank,2022-03-07
2241,Anay Soni,2021-07-12
2242,Sara Sood,2020-12-17
2243,Mamooty Kumar,2023-10-19
2244,Shalv Dass,2021-09-03
2245,Ahana  Divan,2022-11-08
2246,Purab Sinha,2023-08-31
2247,Manjari Banik,2022-02-18
2248,Hunar Sinha,2024-04-12
2249,Biju Chakraborty,2025-01-02
2250,Nakul Dhillon,2020-11-11
2251,Anay Seshadri,2020-10-10
2252,Lakshay Sami,2022-08-02
2253,Heer Toor,2023-11-25
2254,Tiya Butala,2022-12-17
2255,Anya Bhargava,2024-07-02
2256,Kiara Varkey,2023-01-25
2257,Hazel Kanda,2022-11-27
2258,Elakshi Ratti,2021-08-09
2259,Samarth Shenoy,2020-10-12
2260,Jiya Soman,2023-03-09
2261,Anya Agate,2022-05-16
2262,Bhavin Dyal,2023-01-16
2263,Stuvan Wagle,2021-10-21
2264,Samaira Mandal,2021-05-08
2265,Hansh Hegde,2021-08-31
2266,Nehmat Thakur,2024-01-15
2267,Shaan Thaker,2020-10-10
2268,Keya Jayaraman,2022-01-24
2269,Himmat Goswami,2020-04-16
2270,Prisha Dua,2021-04-08
2271,Heer Wali,2022-12-13
2272,Pari Verma,2022-03-08
2273,Lakshit Ratta,2020-09-09
2274,Dishani Devan,2023-08-07
2275,Rati Sankaran,2021-11-07
2276,Yakshit Rama,2021-11-04
2277,Vardaniya Ratti,2021-03-31
2278,Mamooty Datta,2020-12-19
2279,Amira Subramanian,2021-09-22
2280,Divit Bhakta,2021-06-01
2281,Hansh Mall,2020-05-28
2282,Aarav Chawla,2020-06-28
2283,Arhaan Shankar,2022-01-13
2284,Zaina Aggarwal,2024-12-06
2285,Gatik Bajaj,2022-06-09
2286,Shamik Gara,2021-10-26
2287,Priyansh Rattan,2020-09-30
2288,Eva Chander,2024-09-21
2289,Saanvi Ramesh,2024-10-26
2290,Manikya Koshy,2020-03-08
2291,Arnav Tailor,2021-04-27
2292,Alia Ghose,2020-05-07
2293,Yakshit Master,2023-09-03
2294,Manjari Sura,2021-03-11
2295,Anika Garg,2021-03-15
2296,Emir Kunda,2023-11-27
2297,Siya Bava,2021-05-21
2298,Bhavin Jha,2020-07-26
2299,Tanya Chakrabarti,2024-10-24
2300,Hiran Shetty,2023-05-26
2301,Jayan Bora,2021-12-09
2302,Yuvaan Dugal,2021-10-31
2303,Badal Gupta,2023-11-11
2304,Mahika Kota,2024-01-13
2305,Sahil Brahmbhatt,2021-05-14
2306,Romil Lanka,2024-10-13
2307,Kismat Sampath,2021-03-09
2308,Anya Devi,2022-08-02
2309,Seher Kar,2023-11-10
2310,Nirvi Bahl,2024-07-21
2311,Ritvik Goswami,2024-08-13
2312,Anahi Brar,2022-05-27
2313,Vanya Chaudhari,2021-10-24
2314,Ayesha Banik,2020-12-24
2315,Stuvan Khare,2023-12-22
2316,Stuvan Andra,2020-05-15
2317,Riya Raju,2021-06-29
2318,Vanya Vyas,2021-07-02
2319,Siya Madan,2023-08-18
2320,Drishya Ganguly,2024-11-02
2321,Riaan Gara,2020-06-13
2322,Elakshi Rana,2023-07-19
2323,Reyansh Zachariah,2024-02-04
2324,Umang Cheema,2020-06-17
2325,Advik Yogi,2021-07-17
2326,Divit Bhatt,2022-03-14
2327,Manikya Dutt,2021-12-10
2328,Baiju Joshi,2022-03-18
2329,Vritika Sankaran,2022-04-26
2330,Nitya Bath,2021-11-17
2331,Madhav Dhar,2023-04-03
2332,Pranay Gola,2020-05-25
2333,Shaan Chokshi,2023-06-13
2334,Aaryahi Gara,2024-04-23
2335,Dishani Thaman,2022-01-29
2336,Ryan Kaul,2021-11-04
2337,Shayak Wagle,2021-07-03
2338,Hunar Hora,2022-10-14
2339,Abram Shere,2020-09-04
2340,Shalv Char,2025-02-17
2341,Akarsh Anand,2023-10-20
2342,Armaan Kata,2024-11-10
2343,Yuvaan Ganesan,2024-02-19
2344,Nayantara Chakraborty,2020-05-16
2345,Shamik Kala,2023-01-24
2346,Vaibhav Bajwa,2021-06-12
2347,Abram Chacko,2024-08-09
2348,Nakul Bandi,2023-01-05
2349,Aarna Acharya,2021-06-06
2350,Yasmin Dubey,2020-07-02
2351,Inaaya  Saha,2024-03-31
2352,Arhaan Date,2022-07-16
2353,Faiyaz Yohannan,2021-08-18
2354,Yuvaan Buch,2021-03-30
2355,Madhav Aurora,2022-10-27
2356,Samaira Sani,2024-06-07
2357,Nishith Kuruvilla,2023-09-13
2358,Himmat Ramakrishnan,2021-10-29
2359,Stuvan Ray,2023-04-26
2360,Priyansh Khalsa,2022-11-29
2361,Ela Khosla,2021-09-28
2362,Vihaan Thakkar,2024-07-27
2363,Neelofar Lala,2021-10-19
2364,Samiha Swaminathan,2024-03-28
2365,Ojas Sur,2024-03-01
2366,Priyansh Sarma,2021-09-20
2367,Aaina Chhabra,2024-05-28
2368,Shaan Kapoor,2024-04-01
2369,Shalv Sengupta,2022-03-20
2370,Hridaan Deshmukh,2020-12-24
2371,Yakshit Sama,2022-11-02
2372,Biju Thakur,2022-03-22
2373,Samar Agate,2022-09-17
2374,Tarini Rajagopalan,2021-04-04
2375,Nirvaan Cheema,2022-09-27
2376,Vanya Choudhry,2024-01-09
2377,Bhamini Ram,2022-09-07
2378,Chirag Vora,2020-03-10
2379,Nehmat D’Alia,2023-08-15
2380,Kabir Bala,2021-11-17
2381,Anahita Ray,2022-06-04
2382,Nishith Bumb,2024-12-17
2383,Damini Mallick,2024-04-15
2384,Prerak Sunder,2021-12-08
2385,Inaaya  Dyal,2021-06-15
2386,Azad Kohli,2023-06-29
2387,Abram Dayal,2022-10-29
2388,Tushar Kala,2021-11-07
2389,Rasha Ram,2020-09-06
2390,Lagan Kar,2024-06-28
2391,Ojas Sharaf,2024-04-13
2392,Kavya Apte,2023-07-10
2393,Urvi Soni,2021-03-24
2394,Lakshit Barad,2021-03-22
2395,Abram Divan,2020-09-14
2396,Kartik Kala,2020-04-06
2397,Ehsaan Varkey,2020-08-31
2398,Amira Baral,2024-12-16
2399,Indrajit Khatri,2025-01-23
2400,Mishti Doctor,2024-01-24
2401,Renee Kakar,2021-08-19
2402,Lavanya Ramachandran,2021-02-10
2403,Pari Kibe,2024-09-13
2404,Suhana Upadhyay,2020-12-13
2405,Prerak De,2024-08-04
2406,Lavanya Sengupta,2023-08-26
2407,Emir Ratti,2020-05-13
2408,Dhanuk Chahal,2022-01-18
2409,Ira Doshi,2022-12-29
2410,Manikya Mane,2022-04-21
2411,Vritika Grover,2021-04-19
2412,Samar Kara,2021-06-05
2413,Akarsh Shah,2020-06-15
2414,Myra Raju,2023-06-16
2415,Dharmajan Kapoor,2022-05-21
2416,Badal Gokhale,2024-07-23
2417,Jayesh Hans,2023-03-10
2418,Manikya Garde,2025-01-28
2419,Anay Balay,2023-06-03
2420,Anahi Hayre,2022-02-14
2421,Advika Hans,2021-09-03
2422,Mahika Rout,2020-08-30
2423,Mamooty Dhar,2024-04-03
2424,Hrishita Master,2025-01-30
2425,Kartik Sama,2023-06-25
2426,Lakshay Buch,2022-04-28
2427,Aarush Hayer,2024-12-12
2428,Jhanvi Sanghvi,2021-04-13
2429,Khushi Bora,2021-01-08
2430,Aradhya Sekhon,2024-04-23
2431,Purab Contractor,2022-08-03
2432,Hazel Sani,2020-06-15
2433,Jivin Kaul,2024-06-15
2434,Jivika Venkataraman,2024-01-19
2435,Manikya Savant,2024-02-19
2436,Hansh Jain,2021-08-13
2437,Miraya Krishna,2020-06-09
2438,Saksham Mahal,2021-05-06
2439,Kaira Kuruvilla,2020-09-02
2440,Mahika Kalla,2023-10-09
2441,Miraan Deol,2024-08-26
2442,Alia Madan,2023-04-09
2443,Nehmat Sankaran,2024-05-20
2444,Raghav Barad,2023-02-11
2445,Divyansh Choudhury,2022-10-05
2446,Amira Cheema,2021-02-23
2447,Divit Hayre,2021-12-23
2448,Rania Bajwa,2023-12-25
2449,Hansh Krishna,2022-08-30
2450,Onkar Krishna,2021-03-25
2451,Divyansh Kashyap,2024-10-26
2452,Nirvi Viswanathan,2021-06-15
2453,Riaan Viswanathan,2023-11-20
2454,Ishaan Chaudhary,2025-01-28
2455,Badal Kumer,2024-12-22
2456,Dhruv Jani,2021-09-11
2457,Damini Bandi,2024-12-20
2458,Myra Chawla,2022-03-12
2459,Ritvik Lall,2020-08-09
2460,Baiju Sarin,2024-03-25
2461,Nirvaan Manne,2020-03-12
2462,Jivika Kala,2023-04-15
2463,Onkar Lad,2024-10-26
2464,Kimaya Warrior,2024-03-06
2465,Kimaya Bath,2021-12-21
2466,Eva Hayre,2020-09-02
2467,Alisha Bali,2022-05-28
2468,Shanaya Bumb,2020-04-28
2469,Khushi Tripathi,2023-07-29
2470,Dishani Halder,2020-07-23
2471,Keya Ganguly,2023-01-02
2472,Samiha Chahal,2021-09-30
2473,Bhamini Sarkar,2024-04-27
2474,Riaan Majumdar,2024-11-22
2475,Nayantara Dash,2023-01-15
2476,Farhan Sami,2023-05-30
2477,Reyansh Rout,2021-08-07
2478,Aaina Gole,2023-04-28
2479,Dhruv Dyal,2022-06-19
2480,Shray Rajagopalan,2021-01-22
2481,Ishaan Wadhwa,2022-11-12
2482,Mohanlal Ravel,2020-07-27
2483,Akarsh Bala,2024-11-25
2484,Tiya Khalsa,2023-03-23
2485,Tanya Sane,2020-09-11
2486,Lakshit Badami,2023-12-09
2487,Tarini Chahal,2021-10-23
2488,Sana Dhaliwal,2023-05-12
2489,Sumer Yadav,2023-12-29
2490,Nitara Koshy,2021-03-11
2491,Nakul Dasgupta,2020-05-25
2492,Neelofar Sarma,2023-08-13
2493,Shaan Garg,2022-04-07
2494,Baiju Rout,2024-07-31
2495,Kiara Bakshi,2024-11-20
2496,Darshit Thakkar,2022-11-05
2497,Oorja Comar,2022-01-30
2498,Anaya Aggarwal,2023-10-04
2499,Uthkarsh Krishnan,2022-12-27
2500,Shaan Roy,2025-01-24
2501,Anay Thaker,2021-03-20
2502,Zeeshan Handa,2022-10-26
2503,Vivaan Ghosh,2024-04-28
2504,Armaan Varty,2023-08-20
2505,Bhamini Badami,2021-11-16
2506,Shalv Chandra,2022-05-18
2507,Nirvaan Johal,2024-12-10
2508,Baiju Bhatt,2025-01-17
2509,Jivin Mallick,2024-11-05
2510,Ela Wagle,2020-03-31
2511,Shaan Chandran,2022-06-25
2512,Devansh Baral,2021-05-20
2513,Zeeshan Upadhyay,2024-01-27
2514,Nakul Vyas,2024-11-25
2515,Samarth Viswanathan,2021-01-13
2516,Romil Lala,2023-02-23
2517,Mamooty Sen,2024-04-18
2518,Miraan Varghese,2020-12-11
2519,Keya Khosla,2023-09-24
2520,Mehul Ratti,2023-07-04
2521,Charvi Srinivas,2024-06-08
2522,Diya Mall,2022-02-19
2523,Raunak Ramanathan,2020-08-21
2524,Sana Bajwa,2024-04-19
2525,Vihaan Sharma,2021-02-16
2526,Piya Choudhry,2024-01-15
2527,Samarth Sethi,2020-09-14
2528,Samarth Kulkarni,2022-12-08
2529,Saksham Sani,2024-04-02
2530,Uthkarsh Dewan,2022-10-25
2531,Ahana  Mann,2020-11-04
2532,Vihaan Kala,2020-11-06
2533,Dhruv Krishna,2020-09-21
2534,Tushar Bhat,2022-11-10
2535,Advik Goswami,2020-10-23
2536,Abram Sethi,2024-12-06
2537,Veer Sachar,2024-08-23
2538,Yuvaan Krishnamurthy,2023-12-27
2539,Reyansh Sen,2021-07-04
2540,Hansh Sama,2022-05-31
2541,Stuvan Wali,2025-02-21
2542,Madhup Manda,2021-08-20
2543,Mishti De,2022-11-07
2544,Kimaya Kar,2021-02-21
2545,Kavya Suri,2020-07-20
2546,Jayesh Joshi,2022-04-26
2547,Reyansh Edwin,2020-11-11
2548,Nayantara Thakur,2021-11-04
2549,Raunak Mane,2022-07-02
2550,Jiya Dass,2021-08-16
2551,Piya Sood,2022-04-18
2552,Purab Vala,2023-05-29
2553,Alisha Dar,2024-08-10
2554,Anika Choudhary,2023-10-06
2555,Samar Sandhu,2023-05-24
2556,Aayush Vaidya,2024-11-18
2557,Hunar Gopal,2024-12-13
2558,Nishith Mani,2022-03-06
2559,Vihaan Hegde,2020-12-22
2560,Tarini Shroff,2021-11-18
2561,Purab Ram,2023-10-30
2562,Rhea Tailor,2023-04-21
2563,Nakul Chahal,2024-10-31
2564,Ivana Sibal,2020-06-06
2565,Jayesh Rege,2023-02-13
2566,Anaya Ray,2024-11-11
2567,Indranil Wali,2022-06-26
2568,Rania Kashyap,2021-12-30
2569,Indrajit Varty,2020-10-17
2570,Vihaan Sankar,2024-08-22
2571,Gokul Srinivasan,2024-02-03
2572,Manjari Chokshi,2023-09-26
2573,Emir Venkatesh,2021-08-03
2574,Manjari Chaudhary,2024-04-08
2575,Saira Bora,2023-12-10
2576,Zeeshan Tella,2025-01-13
2577,Pihu Kuruvilla,2022-07-28
2578,Ranbir Kant,2023-08-10
2579,Alia Agarwal,2021-08-30
2580,Faiyaz Hora,2022-03-01
2581,Sara Gill,2024-12-28
2582,Shalv Bumb,2022-09-02
2583,Faiyaz Savant,2021-10-04
2584,Priyansh Sandhu,2024-03-03
2585,Umang Karnik,2020-08-04
2586,Ishaan Barman,2022-04-03
2587,Jayant Chanda,2024-03-01
2588,Seher Dayal,2022-01-01
2589,Chirag Garg,2022-04-10
2590,Arhaan Khurana,2023-04-05
2591,Zeeshan Goswami,2022-08-23
2592,Aaina Babu,2023-12-02
2593,Trisha Mand,2023-04-16
2594,Badal Chandra,2021-08-10
2595,Yasmin Bhatia,2020-04-18
2596,Farhan Madan,2020-04-28
2597,Hrishita Jani,2020-10-27
2598,Dishani Balay,2021-07-31
2599,Jayant Tandon,2024-06-15
2600,Taran Kothari,2021-07-19
2601,Ivana Atwal,2022-03-10
2602,Heer Butala,2024-08-16
2603,Zeeshan Borde,2024-02-13
2604,Inaaya  Sagar,2021-04-08
2605,Ojas Agrawal,2022-12-07
2606,Eshani Balan,2022-03-23
2607,Seher Johal,2021-10-31
2608,Yashvi Dave,2020-10-10
2609,Nayantara Varghese,2022-08-09
2610,Aniruddh Dua,2022-08-22
2611,Ira Kala,2020-10-14
2612,Hrishita Brar,2024-05-21
2613,Anaya Barman,2023-06-15
2614,Tanya Mann,2020-11-04
2615,Anahita Behl,2022-12-01
2616,Faiyaz Dani,2024-05-30
2617,Miraya Dixit,2024-09-02
2618,Ela Varughese,2020-04-22
2619,Sara Desai,2022-09-19
2620,Chirag Chokshi,2022-10-05
2621,Mohanlal Zacharia,2021-01-30
2622,Pranay Saraf,2022-11-01
2623,Dishani Ganesh,2024-06-17
2624,Yuvaan Gole,2021-06-05
2625,Lavanya Doshi,2023-09-09
2626,Seher Sethi,2020-06-09
2627,Zara Krish,2021-01-07
2628,Mehul Kala,2021-03-20
2629,Anay Walia,2023-05-18
2630,Kismat Dalal,2023-07-28
2631,Arnav Doctor,2022-06-22
2632,Rati Desai,2022-03-09
2633,Ayesha Johal,2023-04-01
2634,Anahi Sandhu,2020-06-08
2635,Ehsaan Chokshi,2020-07-16
2636,Shlok Deo,2020-10-30
2637,Riaan Bansal,2021-05-10
2638,Elakshi Halder,2022-10-31
2639,Samarth Dass,2023-09-18
2640,Yuvraj  Raj,2023-07-30
2641,Khushi Bava,2020-11-27
2642,Samar Bhavsar,2022-01-08
2643,Devansh Varkey,2024-08-04
2644,Aarna Bhatt,2022-02-25
2645,Raghav Gera,2022-04-26
2646,Dishani Kunda,2022-04-29
2647,Trisha Dora,2023-05-18
2648,Heer Rajan,2022-10-22
2649,Dhanuk Rao,2021-10-29
2650,Jayesh Goda,2023-07-28
2651,Tushar Batra,2024-06-05
2652,Aayush Samra,2024-07-16
2653,Indrans Saha,2021-09-13
2654,Vedika Gala,2024-09-08
2655,Umang Bhasin,2023-06-10
2656,Samar Toor,2024-08-04
2657,Arnav Behl,2023-11-13
2658,Nayantara Kunda,2023-09-01
2659,Jayan Sandal,2024-11-06
2660,Divit Deshmukh,2024-01-12
2661,Mehul Setty,2021-03-19
2662,Lakshay Garg,2022-08-08
2663,Zara Kibe,2022-06-01
2664,Saanvi Sharaf,2024-11-07
2665,Uthkarsh Sridhar,2020-12-09
2666,Damini Golla,2024-07-13
2667,Khushi Lanka,2025-02-10
2668,Emir Yogi,2024-05-05
2669,Mehul Chaudhuri,2022-09-11
2670,Oorja Jhaveri,2021-07-31
2671,Parinaaz Mani,2020-08-15
2672,Krish Rattan,2021-12-06
2673,Hazel Dora,2023-05-07
2674,Akarsh Ahluwalia,2020-10-22
2675,Kimaya Date,2024-12-05
2676,Vaibhav Sathe,2021-09-26
2677,Khushi Saran,2021-10-04
2678,Vedika Chanda,2021-10-24
2679,Anahita Kanda,2024-08-14
2680,Vedika Dugar,2022-05-21
2681,Madhup Swamy,2022-02-01
2682,Oorja Mane,2021-03-26
2683,Armaan Gopal,2021-04-14
2684,Nirvaan Dey,2021-03-17
2685,Mahika Sachdeva,2021-08-10
2686,Neysa Devan,2024-12-20
2687,Manjari Loyal,2020-10-21
2688,Ojas Kakar,2021-10-21
2689,Dharmajan Chandra,2022-01-18
2690,Lakshay Kapoor,2020-08-03
2691,Piya Rout,2025-02-07
2692,Tejas Banerjee,2023-01-26
2693,Vivaan Jaggi,2020-03-14
2694,Advika Kara,2021-09-02
2695,Amani Rau,2024-07-24
2696,Renee Badal,2024-07-15
2697,Yuvaan Sabharwal,2024-10-08
2698,Madhav Varty,2021-03-17
2699,Vivaan Kaur,2024-08-12
2700,Elakshi Kaul,2021-10-14
2701,Prerak Ranganathan,2023-12-15
2702,Saanvi Vala,2021-06-29
2703,Hunar Saran,2023-07-28
2704,Biju Ramaswamy,2022-02-26
2705,Kavya Brahmbhatt,2022-06-12
2706,Mehul Gara,2024-02-16
2707,Trisha Shere,2023-12-24
2708,Jayesh Kurian,2022-07-20
2709,Indranil Kohli,2022-03-21
2710,Priyansh Madan,2024-06-04
2711,Aniruddh Sarraf,2023-01-16
2712,Navya Chokshi,2022-10-31
2713,Riya Master,2021-12-30
2714,Yuvaan Anne,2023-06-22
2715,Vihaan Batta,2022-01-13
2716,Alia Goel,2023-03-20
2717,Dharmajan Shanker,2020-05-22
2718,Navya Kala,2024-05-10
2719,Shalv Dasgupta,2020-05-23
2720,Saksham Venkataraman,2022-11-27
2721,Shanaya Grover,2024-02-01
2722,Prisha Ramachandran,2020-05-10
2723,Seher Kara,2021-03-04
2724,Kismat Kapadia,2022-10-29
2725,Vritika Vaidya,2023-11-10
2726,Kiara Amble,2024-08-17
2727,Tiya Zachariah,2022-11-21
2728,Gatik Luthra,2023-01-09
2729,Vardaniya Tara,2020-08-21
2730,Aradhya Batta,2021-03-11
2731,Advika Bansal,2024-03-25
2732,Anahi Gaba,2024-03-21
2733,Vritika Solanki,2025-01-20
2734,Arnav Swaminathan,2023-08-20
2735,Arhaan Gopal,2023-11-29
2736,Ryan Iyengar,2021-08-13
2737,Gokul Bumb,2020-06-28
2738,Tara Khurana,2024-08-26
2739,Hrishita Gole,2022-11-12
2740,Umang Lall,2021-11-27
2741,Azad Varma,2023-01-15
2742,Uthkarsh Maharaj,2020-11-28
2743,Damini Gupta,2024-04-07
2744,Alisha Comar,2021-03-25
2745,Divij Ahuja,2021-03-04
2746,Kashvi Bora,2021-09-15
2747,Anika Sama,2023-08-27
2748,Raghav Kar,2024-12-28
2749,Hrishita Kohli,2024-01-10
2750,Sumer Char,2024-05-08
2751,Myra Sant,2022-07-23
2752,Prisha Chhabra,2021-02-10
2753,Manikya Bhagat,2020-05-01
2754,Kartik Kakar,2024-08-15
2755,Anya Chad,2024-03-30
2756,Pihu Kapur,2024-11-17
2757,Azad Goyal,2023-08-01
2758,Yuvaan Kaur,2024-02-25
2759,Anika Kara,2021-03-02
2760,Jiya Raj,2023-12-15
2761,Keya Sengupta,2024-08-31
2762,Anaya Thaker,2024-07-26
2763,Anahita Jha,2021-04-06
2764,Ira Bail,2020-07-02
2765,Yuvaan Gole,2020-08-24
2766,Taimur Shukla,2023-04-06
2767,Ishaan Dey,2021-02-24
2768,Neysa Vora,2024-10-06
2769,Mishti Dara,2022-06-04
2770,Aniruddh Varty,2020-09-25
2771,Zoya Joshi,2021-11-29
2772,Baiju Bhardwaj,2021-10-22
2773,Nitara Gala,2021-08-23
2774,Miraya Bala,2023-08-13
2775,Aayush Sarna,2023-07-30
2776,Jivin Vyas,2020-03-31
2777,Dhruv Deshmukh,2021-05-27
2778,Vihaan Khosla,2024-01-11
2779,Saanvi Chaudry,2022-09-20
2780,Tarini Balan,2022-10-30
2781,Devansh Rama,2020-11-25
2782,Kaira Seshadri,2024-03-02
2783,Rasha Kannan,2021-07-24
2784,Onkar Rajan,2020-04-22
2785,Urvi Kala,2021-04-03
2786,Ojas Verma,2024-01-11
2787,Divit Dar,2022-10-04
2788,Samar Comar,2023-07-07
2789,Aarav Mandal,2020-10-13
2790,Zoya Buch,2020-09-25
2791,Sumer Majumdar,2023-02-04
2792,Riaan Dugar,2020-12-14
2793,Vaibhav Banik,2022-08-29
2794,Uthkarsh Chander,2020-07-03
2795,Nayantara Bedi,2024-04-22
2796,Mamooty Maharaj,2022-07-05
2797,Saksham Brar,2023-03-29
2798,Eva Sunder,2020-12-16
2799,Abram Jhaveri,2022-05-02
2800,Oorja Barad,2023-06-12
2801,Charvi Rajan,2021-02-16
2802,Badal Sibal,2022-12-26
2803,Amira Chokshi,2022-09-04
2804,Vardaniya Bala,2023-11-24
2805,Ehsaan Dugar,2022-12-22
2806,Hridaan Ray,2023-08-14
2807,Arhaan Choudhry,2021-06-05
2808,Ivana Kannan,2023-02-01
2809,Lavanya Karnik,2023-11-03
2810,Sahil Saxena,2024-06-03
2811,Nishith Basu,2022-07-17
2812,Yashvi Viswanathan,2022-10-19
2813,Miraya Bera,2022-07-03
2814,Rhea Virk,2021-06-10
2815,Uthkarsh Kapadia,2021-11-03
2816,Yasmin Borra,2020-04-25
2817,Hunar Dhaliwal,2022-01-29
2818,Saksham Sanghvi,2023-12-26
2819,Kiaan Bahri,2020-09-01
2820,Tanya De,2021-07-29
2821,Kanav Sabharwal,2024-06-23
2822,Pranay Sama,2020-09-14
2823,Misha Manne,2020-06-01
2824,Emir Sundaram,2021-10-20
2825,Saanvi Ranganathan,2021-11-27
2826,Tarini Hora,2021-02-16
2827,Vivaan Gole,2021-03-27
2828,Mannat Swamy,2020-06-23
2829,Devansh Babu,2024-02-11
2830,Ranbir Kalita,2025-03-01
2831,Rania Kunda,2023-06-28
2832,Vidur Grover,2022-04-15
2833,Umang Butala,2023-12-11
2834,Nirvi Kannan,2022-01-13
2835,Advika Kala,2021-09-12
2836,Indranil Gaba,2022-10-16
2837,Lagan Kohli,2022-05-12
2838,Biju Verma,2021-10-25
2839,Amira Vohra,2021-09-08
2840,Mahika Rana,2024-01-19
2841,Tarini Varughese,2024-07-19
2842,Mishti Kar,2023-04-29
2843,Veer Wable,2020-08-11
2844,Ayesha Rajagopalan,2023-05-25
2845,Prisha Sarraf,2024-12-23
2846,Vedika Balasubramanian,2021-10-01
2847,Manjari Banik,2021-02-21
2848,Anay Srinivasan,2023-12-05
2849,Yuvaan Borra,2020-12-05
2850,Kabir Batta,2024-04-14
2851,Siya Tailor,2020-06-02
2852,Myra Salvi,2024-06-28
2853,Miraan Varma,2022-06-11
2854,Ishita Singhal,2023-05-22
2855,Gokul Thakur,2023-10-13
2856,Vihaan Vig,2023-09-18
2857,Renee Varma,2023-04-12
2858,Yasmin Hayer,2021-09-06
2859,Aaryahi Shere,2023-12-17
2860,Darshit Varghese,2021-01-20
2861,Yasmin Batra,2021-11-02
2862,Lagan Srinivas,2022-02-12
2863,Gokul Gaba,2022-12-19
2864,Piya Mann,2020-11-24
2865,Kiaan Manda,2023-02-01
2866,Shamik Bains,2023-11-23
2867,Mannat Doshi,2023-01-31
2868,Baiju Chanda,2024-10-02
2869,Jivika Char,2021-11-13
2870,Damini Suri,2023-11-13
2871,Biju Swaminathan,2020-04-21
2872,Diya Dutt,2022-01-11
2873,Rasha Borde,2024-01-05
2874,Madhav Varty,2020-07-16
2875,Renee Choudhary,2021-08-28
2876,Anya Saraf,2022-10-22
2877,Kashvi Contractor,2024-10-11
2878,Onkar Chaudhry,2021-09-07
2879,Lakshit Banerjee,2020-11-05
2880,Kiara Kari,2023-07-11
2881,Kabir Zacharia,2022-07-10
2882,Romil Chand,2023-01-28
2883,Kartik Bava,2022-01-11
2884,Nitya Kumar,2022-02-26
2885,Nishith Golla,2022-07-03
2886,Lavanya Kulkarni,2022-04-17
2887,Nirvaan Khosla,2020-05-27
2888,Azad Mahal,2020-04-27
2889,Mannat Bumb,2024-11-15
2890,Adira Brahmbhatt,2022-09-02
2891,Hansh Wali,2020-08-30
2892,Ivan Barad,2025-01-19
2893,Aarna Chowdhury,2021-12-21
2894,Zoya Dube,2020-05-25
2895,Purab Sood,2020-04-12
2896,Zeeshan Seth,2021-05-14
2897,Kartik Bhandari,2020-03-07
2898,Seher Golla,2021-04-23
2899,Akarsh Bose,2020-06-22
2900,Jayesh Hayer,2023-09-18
2901,Hunar Magar,2023-02-15
2902,Vivaan Viswanathan,2021-09-03
2903,Kashvi Aurora,2020-06-23
2904,Lakshay Kamdar,2024-03-30
2905,Myra Sodhi,2020-11-16
2906,Uthkarsh Gade,2023-12-31
2907,Nishith Choudhry,2021-06-05
2908,Adah Gole,2023-01-07
2909,Rhea Chakrabarti,2024-08-27
2910,Rasha Shah,2024-10-30
2911,Himmat Dutta,2023-03-26
2912,Kimaya Ganesh,2023-03-13
2913,Parinaaz Sampath,2020-11-02
2914,Dharmajan Subramanian,2021-03-14
2915,Shlok Dutt,2022-04-29
2916,Uthkarsh Saha,2022-12-10
2917,Jayan Aurora,2021-05-20
2918,Jayesh Sant,2023-09-09
2919,Ranbir Khatri,2021-10-29
2920,Zaina Boase,2020-11-02
2921,Samarth Baral,2020-03-11
2922,Akarsh Vora,2023-01-19
2923,Bhamini Banik,2022-11-25
2924,Raghav Dalal,2023-10-21
2925,Alisha Sundaram,2022-03-31
2926,Oorja Bora,2023-11-19
2927,Kanav Bera,2022-04-04
2928,Alisha Banik,2021-10-17
2929,Anahi Varughese,2022-03-15
2930,Adah Wali,2023-08-17
2931,Stuvan Bhat,2022-06-29
2932,Pranay Sengupta,2024-07-03
2933,Tejas Loke,2023-12-27
2934,Kaira Iyengar,2023-12-03
2935,Ritvik Shah,2020-07-04
2936,Aaina Babu,2020-05-18
2937,Aarav Sura,2020-08-01
2938,Fateh Sarna,2020-12-15
2939,Jiya Viswanathan,2022-04-30
2940,Kavya Kant,2021-09-16
2941,Ayesha Luthra,2024-06-02
2942,Purab Karan,2021-07-24
2943,Vedika Srinivasan,2023-07-31
2944,Oorja Bahl,2020-12-20
2945,Rohan Boase,2023-11-14
2946,Vihaan Chakraborty,2021-06-24
2947,Himmat Bhat,2021-03-15
2948,Zoya Acharya,2024-02-20
2949,Piya Acharya,2020-06-17
2950,Shlok Khosla,2021-12-06
2951,Renee Kapoor,2021-06-11
2952,Inaaya  Uppal,2020-03-15
2953,Inaaya  Goyal,2022-05-11
2954,Badal Gupta,2022-03-01
2955,Zara Sharma,2021-10-22
2956,Rhea Batra,2025-01-15
2957,Saanvi Krishnan,2020-05-06
2958,Keya Balay,2020-05-25
2959,Saanvi Yadav,2024-08-10
2960,Jivika Grewal,2022-05-09
2961,Kavya Kara,2023-07-12
2962,Oorja Chandran,2023-04-08
2963,Saksham Bhavsar,2021-02-03
2964,Jayant Lalla,2022-12-16
2965,Rhea Halder,2021-01-28
2966,Ritvik Konda,2022-03-09
2967,Pranay Jayaraman,2022-03-10
2968,Tejas Venkataraman,2022-12-25
2969,Ritvik Zachariah,2021-11-03
2970,Yasmin Chaudhari,2023-07-20
2971,Arhaan Choudhury,2020-05-10
2972,Ahana  Venkatesh,2022-11-26
2973,Trisha Kara,2021-07-29
2974,Ranbir Warrior,2021-09-05
2975,Priyansh Sagar,2023-11-15
2976,Arnav Shankar,2024-05-04
2977,Umang Chawla,2022-11-30
2978,Hansh Aggarwal,2024-04-14
2979,Samiha Amble,2024-02-21
2980,Parinaaz Sem,2024-12-24
2981,Shray Dora,2020-04-14
2982,Shaan Sandal,2022-01-12
2983,Kavya Kala,2020-09-30
2984,Vedika Kara,2023-01-27
2985,Dharmajan Singh,2024-04-01
2986,Charvi Banik,2023-10-07
2987,Anya Agrawal,2023-01-26
2988,Neelofar Srinivasan,2020-07-11
2989,Parinaaz Kumar,2020-11-08
2990,Kaira D’Alia,2024-05-29
2991,Yakshit Sunder,2024-01-14
2992,Hrishita Aurora,2020-04-07
2993,Ranbir Joshi,2022-08-18
2994,Indranil Kunda,2024-04-12
2995,Ishaan Amble,2020-04-15
2996,Prisha Mangal,2022-06-12
2997,Yasmin Rao,2021-03-11
2998,Anvi Bath,2024-07-16
2999,Kiara Rattan,2023-03-26
3000,Taran Ghose,2020-03-21
3001,Krish Arya,2020-08-31
3002,Divij Sankaran,2023-01-03
3003,Zoya Sarna,2021-09-26
3004,Purab Krish,2021-10-01
3005,Indranil Rajagopal,2022-02-10
3006,Purab Bava,2023-02-08
3007,Biju Barad,2023-06-11
3008,Rohan Sankar,2020-06-29
3009,Misha De,2024-08-02
3010,Abram Dugal,2022-12-14
3011,Raunak Gola,2024-03-17
3012,Kaira Ratti,2022-04-17
3013,Romil Tailor,2024-10-20
3014,Amani Dash,2022-03-11
3015,Miraya Wali,2021-04-08
3016,Ishita Dave,2022-12-18
3017,Faiyaz Sarin,2021-04-15
3018,Rasha Barman,2024-05-07
3019,Onkar Kohli,2022-12-06
3020,Umang Kuruvilla,2023-11-04
3021,Lavanya Gill,2023-03-03
3022,Aayush Manda,2023-09-03
3023,Samarth Varughese,2020-04-02
3024,Darshit Deol,2021-12-28
3025,Umang Dani,2021-10-22
3026,Miraan Choudhry,2021-09-24
3027,Vaibhav Borah,2022-12-22
3028,Saanvi Sagar,2020-06-06
3029,Yuvaan Kata,2025-01-15
3030,Armaan Kalla,2024-01-02
3031,Amira Walla,2023-06-18
3032,Baiju Baria,2025-01-08
3033,Ishaan Kant,2021-12-17
3034,Parinaaz Arya,2021-05-13
3035,Misha Sankaran,2021-01-05
3036,Divit Bakshi,2023-05-28
3037,Ela Kunda,2022-05-27
3038,Romil Basak,2021-05-02
3039,Abram Mandal,2020-06-15
3040,Renee Sanghvi,2021-10-13
3041,Kimaya Khare,2023-02-05
3042,Saanvi Som,2021-08-24
3043,Himmat Bal,2022-12-16
3044,Saira Grover,2021-12-01
3045,Lakshit Soni,2022-08-20
3046,Ishaan Chowdhury,2022-03-09
3047,Parinaaz Jhaveri,2024-11-17
3048,Oorja Lall,2023-06-17
3049,Miraan Bava,2021-03-20
3050,Jivin Sharaf,2022-08-19
3051,Jayesh Cheema,2021-12-29
3052,Shamik Banerjee,2023-10-16
3053,Trisha Brar,2023-04-05
3054,Riya Sule,2022-04-28
3055,Ira Bakshi,2020-08-29
3056,Onkar Char,2024-05-19
3057,Ivana Ratti,2020-11-08
3058,Mishti De,2021-01-04
3059,Faiyaz Halder,2020-07-16
3060,Kimaya Banik,2024-12-03
3061,Yashvi Hari,2023-09-06
3062,Prerak Bawa,2023-06-27
3063,Nirvi Cherian,2023-06-20
3064,Ehsaan Lanka,2020-11-02
3065,Ayesha Grewal,2022-09-18
3066,Priyansh Bandi,2022-07-12
3067,Ishaan Kamdar,2023-09-05
3068,Riya Dar,2020-05-17
3069,Urvi Varughese,2020-04-02
3070,Krish Chanda,2025-01-10
3071,Heer Brahmbhatt,2022-04-30
3072,Zain Bala,2021-08-14
3073,Jhanvi Bhatt,2020-09-29
3074,Aarav Bera,2020-04-14
3075,Saanvi Bhardwaj,2021-12-21
3076,Madhav Arora,2023-04-18
3077,Hridaan Krishnamurthy,2022-12-25
3078,Reyansh Devan,2023-12-16
3079,Ritvik Varty,2021-02-15
3080,Charvi Bassi,2020-09-28
3081,Anvi Verma,2022-08-12
3082,Raghav Raja,2021-07-30
3083,Vedika Bhattacharyya,2020-08-31
3084,Riaan Issac,2021-08-24
3085,Ishita Bansal,2022-10-29
3086,Taimur Vala,2020-07-01
3087,Damini Dey,2021-01-11
3088,Shaan Tandon,2020-03-27
3089,Mannat Mander,2021-03-16
3090,Alisha Rao,2024-07-26
3091,Yakshit Behl,2025-02-06
3092,Nehmat Som,2022-03-06
3093,Elakshi Sampath,2024-10-09
3094,Amira Mannan,2022-09-04
3095,Eva Bhatti,2021-08-02
3096,Ishaan Edwin,2021-02-20
3097,Raunak Choudhury,2022-12-17
3098,Darshit Kalla,2022-07-24
3099,Kabir Sridhar,2024-09-04
3100,Reyansh Loke,2022-11-10
3101,Ishaan Manne,2023-08-27
3102,Darshit Wagle,2023-08-18
3103,Emir Gaba,2023-10-13
3104,Umang Loke,2021-02-11
3105,Gokul Bala,2020-11-28
3106,Tiya D’Alia,2021-10-20
3107,Shayak Bumb,2020-10-23
3108,Biju Bali,2023-08-03
3109,Abram Mahajan,2024-03-02
3110,Armaan Walia,2023-04-01
3111,Tushar Gupta,2023-06-29
3112,Shray Sachdev,2024-12-13
3113,Hunar Chopra,2023-12-16
3114,Ryan Dhawan,2024-01-01
3115,Emir Randhawa,2023-01-01
3116,Aarna Barman,2020-11-14
3117,Lakshit Vasa,2020-04-03
3118,Ivan Yadav,2020-11-16
3119,Madhav Lad,2023-01-30
3120,Kabir Ghose,2022-10-13
3121,Anay Gole,2022-03-18
3122,Aaryahi Chandran,2023-11-20
3123,Baiju Loke,2023-06-03
3124,Mannat Gade,2022-08-26
3125,Hunar Kale,2024-08-06
3126,Ira Walia,2023-03-25
3127,Prerak Deshmukh,2021-02-01
3128,Keya Mand,2023-11-28
3129,Romil Master,2020-07-24
3130,Tanya Zacharia,2022-08-09
3131,Yasmin Desai,2025-02-26
3132,Aayush Devi,2020-05-07
3133,Kartik Rajagopal,2021-04-01
3134,Nitara Sachdev,2023-08-21
3135,Elakshi Tiwari,2023-02-10
3136,Nakul Suresh,2023-06-01
3137,Nitya Kothari,2025-02-23
3138,Ira Desai,2021-11-15
3139,Anay Khare,2025-02-11
3140,Indranil Kothari,2022-01-03
3141,Pari Mammen,2020-08-07
3142,Jiya Vora,2021-04-22
3143,Lakshay Deol,2021-05-22
3144,Alia Balakrishnan,2022-11-09
3145,Nitya Mallick,2024-07-15
3146,Misha Trivedi,2024-01-02
3147,Aarna Manda,2022-12-21
3148,Stuvan Aggarwal,2022-10-17
3149,Oorja Shan,2020-10-20
3150,Divyansh Doshi,2020-12-22
3151,Adah Kapadia,2023-04-23
3152,Miraya Mane,2024-05-22
3153,Riya Lala,2022-05-21
3154,Miraan Srinivasan,2023-09-12
3155,Veer Guha,2024-03-06
3156,Devansh Borah,2024-03-29
3157,Nitya Dhillon,2022-03-18
3158,Kismat Kala,2024-02-25
3159,Dhanush D’Alia,2023-02-19
3160,Aarush Salvi,2022-07-19
3161,Anika Shere,2021-10-28
3162,Pihu Chopra,2022-09-26
3163,Anya Hegde,2022-12-12
3164,Pranay Swamy,2024-11-04
3165,Seher Bala,2022-01-27
3166,Aradhya Deol,2020-07-12
3167,Aarav Hegde,2025-02-28
3168,Aayush Dhawan,2023-10-23
3169,Zaina Yogi,2025-01-23
3170,Kismat Thakkar,2023-06-09
3171,Dhanuk Sarraf,2020-06-03
3172,Dhanuk Bera,2024-06-19
3173,Inaaya  Khosla,2024-12-18
3174,Nakul Sekhon,2022-11-06
3175,Neysa Date,2023-01-08
3176,Darshit Sagar,2021-01-06
3177,Drishya Rana,2020-10-01
3178,Hridaan Upadhyay,2023-09-05
3179,Rania Kade,2024-01-31
3180,Aarush De,2023-08-24
3181,Umang Suresh,2024-02-14
3182,Akarsh Bhakta,2023-07-01
3183,Mahika Reddy,2020-03-16
3184,Lakshay Vala,2024-06-22
3185,Yashvi Ganguly,2020-09-10
3186,Tara Kakar,2024-11-19
3187,Veer Shroff,2021-05-18
3188,Rasha Lad,2023-11-15
3189,Manikya Dani,2023-07-14
3190,Arnav Kuruvilla,2022-09-01
3191,Aarna Shankar,2023-10-30
3192,Priyansh Raj,2022-10-24
3193,Manjari Kapoor,2021-09-06
3194,Ryan Sabharwal,2022-04-10
3195,Nishith Chaudry,2022-05-26
3196,Anaya Rajan,2020-08-27
3197,Manjari Bahl,2022-03-22
3198,Mehul Sen,2023-06-06
3199,Badal Seth,2023-11-24
3200,Suhana Gera,2022-02-18
3201,Ira Biswas,2021-09-06
3202,Alisha Ratti,2024-08-15
3203,Dishani Bhasin,2024-09-17
3204,Alia Contractor,2022-09-22
3205,Ivana Sibal,2023-12-06
3206,Himmat Wali,2021-07-11
3207,Damini Dugal,2022-11-22
3208,Samiha Wagle,2022-07-27
3209,Prerak Khurana,2022-06-14
3210,Ayesha Chada,2022-05-18
3211,Ishita Wadhwa,2023-09-24
3212,Dhruv Dubey,2021-05-07
3213,Badal Aurora,2020-05-23
3214,Shalv Balakrishnan,2021-01-03
3215,Rhea Sunder,2023-07-15
3216,Advika Mangal,2020-07-28
3217,Jhanvi Chander,2023-01-08
3218,Hiran Mand,2022-07-10
3219,Jiya Kata,2025-02-10
3220,Ojas Chaudhuri,2020-11-19
3221,Siya Ganesh,2021-04-17
3222,Darshit Buch,2020-07-31
3223,Prerak Dewan,2024-01-27
3224,Veer Dara,2023-11-10
3225,Indrans Sama,2021-03-08
3226,Gatik Bhakta,2025-02-28
3227,Navya Kanda,2024-08-25
3228,Elakshi Chahal,2020-04-28
3229,Anaya Arya,2023-08-10
3230,Ojas Bhasin,2023-06-11
3231,Tanya Sankar,2023-06-21
3232,Lakshay Dasgupta,2024-05-03
3233,Bhavin Sen,2020-12-17
3234,Indranil Khanna,2025-02-25
3235,Devansh Magar,2021-02-08
3236,Divyansh Sarna,2022-04-16
3237,Kiaan Kurian,2021-10-10
3238,Gokul Srivastava,2020-08-21
3239,Aayush Dhillon,2021-05-08
3240,Aaina Dugal,2023-05-21
3241,Stuvan Tandon,2022-02-08
3242,Hrishita Handa,2021-08-12
3243,Pranay Dalal,2021-04-13
3244,Umang Sarna,2023-09-30
3245,Sara Bahri,2022-06-26
3246,Amani Aggarwal,2024-03-17
3247,Ishaan Sathe,2024-09-29
3248,Madhup Vasa,2024-05-12
3249,Jayan Sarkar,2025-02-25
3250,Raghav Hans,2021-07-24
3251,Shayak Sachdev,2021-12-31
3252,Ela Sankaran,2024-05-18
3253,Eshani Karnik,2022-12-21
3254,Neelofar Dugal,2023-08-08
3255,Nishith Solanki,2024-05-03
3256,Azad Butala,2021-09-29
3257,Hridaan Basu,2022-11-27
3258,Farhan Lad,2021-03-20
3259,Zeeshan Jain,2021-01-22
3260,Rasha Ahuja,2021-02-11
3261,Aarna Sani,2023-06-02
3262,Madhav Basak,2020-07-16
3263,Aarav Chaudhary,2024-12-21
3264,Tejas Sarraf,2020-11-05
3265,Anahita Ratti,2022-01-01
3266,Ehsaan Sundaram,2021-10-09
3267,Umang Vyas,2022-06-19
3268,Riaan Virk,2021-03-10
3269,Arhaan Talwar,2024-10-29
3270,Ritvik Ravi,2023-12-20
3271,Aarna Balasubramanian,2024-07-19
3272,Ojas Apte,2021-07-20
3273,Shaan Bhakta,2022-04-23
3274,Indrans Balasubramanian,2022-11-30
3275,Yuvaan Bhatia,2023-12-25
3276,Ojas Edwin,2023-11-12
3277,Keya Kala,2022-08-02
3278,Indrans Shah,2022-08-22
3279,Hansh Lall,2021-04-30
3280,Indrajit Dyal,2020-03-29
3281,Ivan Bhargava,2024-02-24
3282,Rohan Mand,2023-01-22
3283,Jivin Devi,2020-11-24
3284,Stuvan Chada,2024-08-31
3285,Chirag Saxena,2024-02-21
3286,Kartik Dash,2024-07-11
3287,Reyansh Rout,2025-02-06
3288,Manjari Kapadia,2020-09-24
3289,Parinaaz Deo,2023-01-28
3290,Rati Venkataraman,2022-10-23
3291,Ritvik Chakraborty,2020-04-27
3292,Seher Koshy,2021-09-30
3293,Samiha Tailor,2022-08-08
3294,Pari Doshi,2024-12-18
3295,Anahita Virk,2021-06-17
3296,Indrajit Shanker,2022-05-10
3297,Ayesha Raval,2021-03-25
3298,Sana Desai,2024-01-29
3299,Kiara Divan,2023-11-03
3300,Ranbir Sangha,2022-04-13
3301,Jayesh Wagle,2022-01-21
3302,Pranay Bakshi,2021-08-06
3303,Ishaan Bhagat,2021-09-17
3304,Romil Tata,2020-11-29
3305,Ojas Sarin,2023-03-03
3306,Hiran Chanda,2023-08-15
3307,Tara Karan,2022-08-17
3308,Kiara Rajagopalan,2023-06-26
3309,Keya Roy,2025-02-20
3310,Damini Golla,2020-12-16
3311,Jivika Randhawa,2020-10-05
3312,Zain Kannan,2021-02-23
3313,Yuvaan Sachdeva,2022-03-17
3314,Zaina Jha,2023-04-17
3315,Charvi Loyal,2023-04-10
3316,Kabir Thaman,2022-07-06
3317,Samiha Chopra,2020-07-06
3318,Tanya Malhotra,2021-07-06
3319,Saira Borde,2024-07-06
3320,Jhanvi Balay,2021-08-19
3321,Mahika Bakshi,2021-03-06
3322,Shalv Kohli,2022-11-21
3323,Nishith Taneja,2024-02-10
3324,Damini Dutt,2021-02-18
3325,Yuvaan Venkatesh,2023-07-01
3326,Trisha Guha,2024-01-08
3327,Diya Cheema,2023-07-21
3328,Mohanlal Koshy,2020-04-14
3329,Shray Chana,2021-07-22
3330,Samarth Rao,2023-02-26
3331,Aarna Dube,2020-11-24
3332,Sumer Som,2022-07-18
3333,Vihaan Deol,2021-05-10
3334,Tushar Bhalla,2023-01-07
3335,Vihaan Borra,2024-02-09
3336,Jayesh Banerjee,2020-10-03
3337,Krish Chhabra,2024-07-13
3338,Kiara Tata,2022-07-03
3339,Indrajit Sahota,2022-06-25
3340,Rati Ray,2023-08-17
3341,Eshani Doshi,2023-10-31
3342,Damini Bail,2023-06-27
3343,Himmat Ravi,2023-09-08
3344,Prerak Acharya,2025-02-17
3345,Vedika Shere,2020-08-30
3346,Vaibhav Bandi,2021-06-02
3347,Samar Bava,2022-08-05
3348,Azad Dubey,2024-08-19
3349,Reyansh Toor,2023-10-22
3350,Amira Ramaswamy,2021-12-01
3351,Nitara Bhardwaj,2024-12-13
3352,Tejas De,2023-10-31
3353,Sahil Jani,2021-03-26
3354,Yasmin Atwal,2024-11-06
3355,Zeeshan Divan,2024-04-19
3356,Mehul Keer,2024-11-11
3357,Bhavin Gala,2021-12-20
3358,Nayantara Gokhale,2021-05-21
3359,Sana Dara,2023-04-28
3360,Zara Dubey,2023-11-01
3361,Emir Bansal,2024-06-25
3362,Nirvaan Sengupta,2021-08-17
3363,Kanav Chawla,2024-04-07
3364,Adira Sane,2020-08-04
3365,Jhanvi Swaminathan,2021-12-12
3366,Lavanya Swamy,2023-03-23
3367,Anika Ranganathan,2022-12-13
3368,Jayesh Edwin,2021-11-03
3369,Adah Bali,2023-12-30
3370,Elakshi Dara,2022-12-14
3371,Ira Dani,2021-09-03
3372,Pari Sastry,2021-02-09
3373,Farhan Dara,2021-02-06
3374,Ela Buch,2022-09-03
3375,Akarsh Borra,2023-12-07
3376,Gokul Badami,2022-07-22
3377,Riaan Mallick,2024-06-15
3378,Badal Soni,2021-09-10
3379,Shray Shah,2022-07-08
3380,Drishya Sha,2023-03-02
3381,Veer Loke,2022-03-21
3382,Mamooty Deo,2022-02-11
3383,Navya Loke,2023-11-27
3384,Oorja Shenoy,2020-04-21
3385,Faiyaz Bahl,2024-03-07
3386,Shlok Loyal,2020-06-21
3387,Vardaniya Kashyap,2020-09-25
3388,Adira Keer,2020-11-19
3389,Himmat Seth,2021-06-06
3390,Ojas Saxena,2021-04-07
3391,Mehul Gola,2025-01-27
3392,Anika Wagle,2023-09-17
3393,Mishti Baral,2023-05-10
3394,Manjari Sandhu,2022-07-12
3395,Raghav Agrawal,2023-06-22
3396,Vihaan Sant,2022-03-07
3397,Hazel Batra,2021-03-04
3398,Mannat Goda,2024-10-19
3399,Kavya Sur,2021-10-13
3400,Eshani Dora,2022-10-11
3401,Krish Bhavsar,2024-03-03
3402,Anahita Raja,2021-08-20
3403,Mishti Kanda,2020-04-22
3404,Nehmat Wali,2024-09-05
3405,Anahi Tripathi,2024-09-26
3406,Adira Jani,2020-05-24
3407,Nirvi Virk,2022-05-28
3408,Nayantara Chauhan,2023-02-20
3409,Kaira Sanghvi,2020-09-15
3410,Nitya Dasgupta,2020-09-04
3411,Manikya Kala,2022-11-07
3412,Kimaya Barman,2021-06-06
3413,Samarth Sandhu,2022-07-18
3414,Kashvi Seth,2022-02-08
3415,Pihu Uppal,2024-04-12
3416,Romil Shenoy,2022-06-05
3417,Vidur Walla,2024-04-15
3418,Biju Grewal,2023-04-15
3419,Dhanuk Shroff,2022-04-07
3420,Ojas Chada,2022-07-26
3421,Ojas Mandal,2024-05-13
3422,Purab Som,2022-03-04
3423,Zara Mall,2023-04-19
3424,Kiara Madan,2021-09-27
3425,Saksham Bhatnagar,2020-03-28
3426,Anvi Chopra,2022-02-01
3427,Anika Jha,2021-08-21
3428,Divyansh Ramanathan,2021-04-28
3429,Adira Dey,2022-07-29
3430,Aayush Saraf,2021-09-20
3431,Rania Bhatia,2025-02-27
3432,Eshani Sen,2023-03-18
3433,Bhavin Swamy,2024-10-16
3434,Vedika Manne,2024-12-25
3435,Indranil Chauhan,2024-11-27
3436,Sana Banik,2020-08-11
3437,Kabir Chawla,2022-04-28
3438,Vanya Batta,2024-09-27
3439,Riya Talwar,2023-04-25
3440,Faiyaz Chadha,2024-09-25
3441,Stuvan Mand,2023-05-26
3442,Anahi Wali,2022-12-01
3443,Biju Chandra,2023-07-28
3444,Kavya Khatri,2023-06-26
3445,Ivan Tata,2025-01-12
3446,Bhamini Dewan,2023-01-11
3447,Kashvi Sura,2023-07-14
3448,Devansh Wali,2023-11-06
3449,Kiara Sengupta,2022-09-14
3450,Mahika Dada,2023-11-10
3451,Neelofar Tella,2024-09-03
3452,Mishti Bose,2022-02-26
3453,Nitara Aggarwal,2024-08-14
3454,Mahika Rajagopal,2020-11-03
3455,Divyansh Hegde,2023-11-15
3456,Ehsaan Sagar,2020-07-18
3457,Ira Mahal,2024-08-20
3458,Sahil Dara,2020-06-24
3459,Kiara Tailor,2021-12-15
3460,Samarth Jha,2024-06-29
3461,Fateh Doctor,2022-05-01
3462,Pihu Chawla,2023-11-28
3463,Madhav Cheema,2021-01-04
3464,Pihu Bahl,2021-07-10
3465,Jivin Comar,2021-07-08
3466,Oorja Sankaran,2021-12-15
3467,Yashvi Amble,2024-02-08
3468,Khushi Dash,2020-10-11
3469,Hrishita Banerjee,2024-12-31
3470,Charvi Rama,2021-09-19
3471,Madhup Mann,2021-07-03
3472,Suhana Chaudhuri,2023-02-07
3473,Zara Salvi,2022-03-17
3474,Anay Sastry,2021-02-19
3475,Taimur Som,2024-10-08
3476,Aarna Dugar,2022-04-15
3477,Ishaan Lad,2024-07-21
3478,Anaya Karan,2022-04-05
3479,Samiha Ben,2025-02-28
3480,Romil Sachdev,2024-06-07
3481,Siya Bobal,2022-10-08
3482,Alisha Grover,2024-11-08
3483,Riaan Vaidya,2020-08-27
3484,Hrishita Ratta,2021-04-02
3485,Reyansh Sandhu,2022-01-05
3486,Alia Gola,2020-11-30
3487,Shray Uppal,2024-03-11
3488,Anika Datta,2024-02-26
3489,Dhruv Sarna,2024-02-05
3490,Ayesha Venkatesh,2021-11-15
3491,Tushar Amble,2024-04-13
3492,Amani Dada,2023-12-12
3493,Kavya Hora,2022-11-05
3494,Jayant Bedi,2022-04-07
3495,Samar Bobal,2021-02-28
3496,Priyansh Dhawan,2020-08-20
3497,Jayesh Dora,2024-02-16
3498,Purab Ram,2023-09-18
3499,Zoya Shah,2020-11-16
3500,Urvi Salvi,2022-12-26
3501,Ishaan Bhat,2023-04-10
3502,Parinaaz Barman,2020-03-30
3503,Devansh Garde,2024-10-08
3504,Sahil Shere,2021-01-16
3505,Samar Kapur,2022-06-05
3506,Dishani Tata,2021-12-07
3507,Riaan Thakkar,2024-10-02
3508,Mehul Hari,2024-02-24
3509,Seher Aurora,2021-10-23
3510,Badal Talwar,2024-04-17
3511,Ritvik Apte,2021-06-16
3512,Tejas Raval,2021-05-01
3513,Trisha Jaggi,2024-08-21
3514,Prisha Bhattacharyya,2020-09-29
3515,Anahita Sandal,2021-01-31
3516,Parinaaz Sarraf,2020-08-04
3517,Tanya Lall,2022-03-21
3518,Divij Doshi,2021-04-20
3519,Lakshay Soman,2024-10-18
3520,Uthkarsh Sem,2022-07-28
3521,Manjari Goda,2021-01-31
3522,Elakshi Singh,2021-06-10
3523,Divyansh Hegde,2021-12-19
3524,Bhavin Babu,2024-10-01
3525,Neysa Thakkar,2021-07-31
3526,Taimur Sule,2024-05-31
3527,Badal Suresh,2022-05-10
3528,Gokul Bhatt,2021-03-08
3529,Neysa Chaudry,2021-08-04
3530,Seher Raju,2020-10-30
3531,Mishti Rajan,2024-03-23
3532,Drishya Mandal,2020-06-13
3533,Farhan Choudhary,2023-09-22
3534,Aarush Sundaram,2020-05-18
3535,Vivaan Bakshi,2021-03-26
3536,Zaina Mannan,2022-07-29
3537,Aaina Bhatt,2025-01-05
3538,Kabir Krish,2021-11-29
3539,Indrajit Sarna,2023-02-18
3540,Gatik Tiwari,2022-05-14
3541,Vedika Bera,2025-02-01
3542,Emir Bahri,2022-05-20
3543,Mohanlal Vig,2020-10-14
3544,Divit Ghose,2022-04-18
3545,Nehmat Biswas,2022-10-06
3546,Sahil Kakar,2023-12-14
3547,Vritika Mall,2022-03-12
3548,Rania Shenoy,2020-08-31
3549,Arnav Bhatia,2022-02-23
3550,Tushar Apte,2022-12-29
3551,Keya Kurian,2020-08-08
3552,Jivin Bail,2023-09-28
3553,Amani Zacharia,2020-07-27
3554,Riya Bansal,2025-01-23
3555,Myra Bhardwaj,2024-07-02
3556,Veer Babu,2024-04-10
3557,Urvi Chauhan,2022-05-27
3558,Gatik Bir,2023-03-08
3559,Dhanuk Kothari,2024-02-20
3560,Aarush Karan,2022-07-06
3561,Mishti Dugar,2020-03-20
3562,Ela Lall,2024-05-06
3563,Parinaaz Mahajan,2020-05-01
3564,Saira Srinivas,2025-02-22
3565,Divyansh Dutt,2020-11-06
3566,Prerak Bumb,2023-09-16
3567,Gatik Gaba,2020-03-07
3568,Raghav Sathe,2024-05-05
3569,Drishya Deo,2023-02-20
3570,Trisha Bhalla,2023-07-07
3571,Saksham Sami,2024-08-10
3572,Ishaan Suresh,2024-03-02
3573,Aarush Iyengar,2020-12-06
3574,Zeeshan Bansal,2024-11-02
3575,Aarav Lad,2021-06-12
3576,Mehul Gandhi,2020-07-19
3577,Eshani Ratta,2021-06-18
3578,Mannat Dhar,2021-05-26
3579,Dishani Krish,2023-07-19
3580,Tiya Iyengar,2023-11-06
3581,Aayush Basu,2021-10-16
3582,Zain Sahota,2022-10-21
3583,Ryan Choudhary,2023-09-06
3584,Vidur Dube,2020-12-16
3585,Madhup Bava,2023-09-15
3586,Gokul Sem,2023-03-16
3587,Kismat Baral,2020-07-23
3588,Akarsh Rau,2023-10-04
3589,Rati Loyal,2020-09-07
3590,Tanya Vora,2024-09-08
3591,Fateh Sood,2020-09-01
3592,Krish Mandal,2023-12-13
3593,Taran Bhargava,2024-03-14
3594,Ela Chhabra,2025-01-15
3595,Mannat Keer,2023-07-24
3596,Samiha Doctor,2020-12-04
3597,Dhanuk Dixit,2024-06-19
3598,Shamik Chandran,2021-03-05
3599,Amani Bali,2020-11-17
3600,Navya Chakrabarti,2023-04-23
3601,Dharmajan Gaba,2022-04-03
3602,Shray Bath,2023-09-10
3603,Urvi Varughese,2020-04-03
3604,Neelofar Dhingra,2021-03-18
3605,Mannat Mallick,2020-06-20
3606,Lavanya Walia,2020-08-24
3607,Anika Bhatt,2020-07-18
3608,Trisha Ben,2020-10-18
3609,Elakshi Kashyap,2024-10-14
3610,Ishita Ray,2023-02-21
3611,Damini Mahal,2021-01-21
3612,Saira Koshy,2022-05-21
3613,Mannat Choudhury,2024-10-23
3614,Reyansh Kapoor,2020-10-28
3615,Raunak Kade,2024-03-03
3616,Bhamini Loyal,2021-03-31
3617,Shamik Rattan,2023-12-11
3618,Prisha Gour,2021-12-08
3619,Shaan Gopal,2020-09-21
3620,Onkar Bhatti,2022-06-20
3621,Tanya Kapur,2023-11-09
3622,Armaan Sarkar,2023-08-04
3623,Yuvaan Golla,2021-04-28
3624,Pari Bakshi,2022-06-22
3625,Tarini Yogi,2021-06-18
3626,Manikya Chahal,2020-07-16
3627,Gatik Raval,2022-04-05
3628,Yashvi Tella,2024-08-07
3629,Ehsaan Bose,2024-08-17
3630,Adira Kapadia,2023-02-02
3631,Madhup Sawhney,2023-05-05
3632,Baiju Chadha,2024-03-08
3633,Divij Shah,2020-09-30
3634,Riya Madan,2021-03-14
3635,Sana Manne,2021-07-01
3636,Rhea Chopra,2024-09-15
3637,Lavanya Ben,2022-09-17
3638,Samaira Hayer,2020-10-17
3639,Lakshay Sachdev,2022-05-03
3640,Nirvaan Loke,2024-09-20
3641,Charvi Gala,2022-07-21
3642,Aradhya Shankar,2021-06-07
3643,Ojas Gour,2021-08-07
3644,Indrans Dass,2022-04-07
3645,Shaan Kakar,2020-05-10
3646,Jivin Wadhwa,2021-01-23
3647,Gatik Soni,2024-03-09
3648,Lakshay Bora,2023-06-21
3649,Indrajit Buch,2021-02-07
3650,Urvi Choudhry,2023-07-02
3651,Shaan Kuruvilla,2023-11-02
3652,Ehsaan Chandran,2023-09-15
3653,Shayak Bajwa,2022-08-31
3654,Ehsaan Venkataraman,2023-03-30
3655,Kiara Talwar,2024-09-04
3656,Onkar Sarkar,2023-06-28
3657,Devansh Setty,2023-03-17
3658,Ranbir Vyas,2024-06-12
3659,Zoya Lad,2022-08-01
3660,Yuvraj  Arora,2020-11-23
3661,Myra Gaba,2020-12-13
3662,Lagan Jani,2022-11-09
3663,Madhup Sura,2024-09-29
3664,Khushi Bhatnagar,2024-02-11
3665,Dhanush Baral,2021-07-16
3666,Samar Ratti,2024-03-19
3667,Drishya Kala,2023-02-06
3668,Himmat Kaur,2024-12-02
3669,Navya Baral,2021-08-03
3670,Sara Arora,2023-02-19
3671,Trisha Samra,2022-06-20
3672,Neysa Taneja,2020-04-04
3673,Shlok Dasgupta,2021-03-26
3674,Umang Chatterjee,2023-09-01
3675,Alia Luthra,2024-06-05
3676,Emir Bhatia,2022-12-09
3677,Piya Sarna,2023-05-14
3678,Mehul Kapoor,2024-12-13
3679,Hazel Garde,2020-04-20
3680,Yasmin Ramaswamy,2024-09-09
3681,Sahil Yogi,2024-11-19
3682,Anahi Bail,2023-04-14
3683,Zeeshan Iyer,2024-09-28
3684,Indrans Zacharia,2023-06-30
3685,Aniruddh Ratta,2022-03-12
3686,Vanya Konda,2023-07-06
3687,Sara Dewan,2022-03-31
3688,Prisha Krishnamurthy,2022-08-12
3689,Prerak Varughese,2023-06-15
3690,Shalv Sodhi,2024-10-26
3691,Riya Sahota,2025-02-20
3692,Aarav Yadav,2022-07-22
3693,Advik Kumer,2023-08-08
3694,Damini Viswanathan,2024-07-26
3695,Renee Chaudhari,2024-03-18
3696,Dishani Edwin,2024-06-15
3697,Shray Ravel,2023-11-24
3698,Zara Choudhury,2022-12-13
3699,Sahil Kalita,2023-05-16
3700,Priyansh Sanghvi,2024-09-12
3701,Rasha Sekhon,2020-06-12
3702,Samiha Wable,2024-03-03
3703,Hazel Bhat,2023-12-30
3704,Biju Karpe,2021-11-16
3705,Elakshi Sengupta,2024-06-04
3706,Akarsh Dey,2020-09-08
3707,Anvi Master,2024-09-10
3708,Advik Wali,2022-02-01
3709,Zoya Ram,2021-11-24
3710,Vaibhav Joshi,2024-03-28
3711,Mishti Mane,2022-01-16
3712,Gatik Chand,2023-04-23
3713,Jivika Jayaraman,2022-11-24
3714,Amani Shere,2022-02-01
3715,Tiya Sekhon,2020-09-17
3716,Baiju Kapur,2022-06-10
3717,Madhav Suri,2021-07-24
3718,Tejas De,2022-04-23
3719,Eshani Kashyap,2024-06-28
3720,Damini Acharya,2024-08-25
3721,Lakshit Swamy,2023-12-20
3722,Adah Sama,2023-11-23
3723,Miraya Raval,2022-11-01
3724,Hazel Dhillon,2023-03-30
3725,Kanav Sant,2023-07-28
3726,Emir Raju,2020-12-24
3727,Rania Sama,2022-05-26
3728,Myra Bakshi,2022-06-27
3729,Manikya De,2023-06-25
3730,Arhaan Rajagopalan,2023-06-10
3731,Khushi Sampath,2021-01-09
3732,Samaira Dani,2021-12-29
3733,Saanvi Bhakta,2022-01-23
3734,Chirag Dewan,2022-10-20
3735,Shayak Date,2022-02-27
3736,Ela Thaker,2022-08-30
3737,Manikya Sane,2023-05-30
3738,Jhanvi Khatri,2020-07-10
3739,Ayesha Seth,2021-12-31
3740,Advika Dutt,2020-03-27
3741,Umang Yogi,2022-08-15
3742,Anika Choudhry,2024-09-05
3743,Vritika Cherian,2024-10-04
3744,Eshani Handa,2021-02-05
3745,Heer Lala,2022-12-29
3746,Bhavin Vora,2023-03-06
3747,Ishaan Sundaram,2022-05-12
3748,Ranbir Tandon,2023-08-14
3749,Nehmat Upadhyay,2022-06-19
3750,Adira Sharma,2021-11-09
3751,Charvi Chana,2020-05-29
3752,Jivin Amble,2024-08-16
3753,Vritika Rao,2023-11-06
3754,Khushi Dugal,2024-11-15
3755,Manjari Chandra,2024-06-16
3756,Rati Shankar,2023-04-27
3757,Samar Tank,2020-08-05
3758,Bhavin Bala,2022-07-19
3759,Zoya Ramachandran,2025-03-01
3760,Nayantara Kaur,2022-05-01
3761,Rohan Sura,2022-03-10
3762,Aarav Kar,2022-05-01
3763,Ritvik Warrior,2020-06-29
3764,Biju Sekhon,2023-06-21
3765,Aaryahi Chahal,2023-10-18
3766,Rasha Thaman,2021-06-22
3767,Vedika Kamdar,2022-08-01
3768,Priyansh Singhal,2021-12-11
3769,Vivaan Raval,2021-01-11
3770,Amira Bala,2024-08-02
3771,Sana Bala,2024-03-18
3772,Samaira Sibal,2023-12-06
3773,Anya Halder,2022-03-27
3774,Veer Kuruvilla,2023-12-31
3775,Divyansh Kadakia,2022-09-10
3776,Advika Chakraborty,2021-05-16
3777,Ishita Ray,2020-06-12
3778,Jayesh Sandal,2024-07-01
3779,Vardaniya Gara,2022-05-18
3780,Arhaan Behl,2022-10-18
3781,Neelofar Baria,2021-11-17
3782,Prerak Bala,2020-10-15
3783,Charvi Lad,2024-11-20
3784,Amira Sarin,2022-02-04
3785,Madhup Kibe,2024-02-19
3786,Sumer Date,2023-06-06
3787,Akarsh Lalla,2024-05-07
3788,Samarth Dar,2023-04-02
3789,Indranil Kara,2024-09-17
3790,Kimaya Jain,2021-05-24
3791,Nishith Chakrabarti,2020-03-12
3792,Samarth Gara,2023-09-03
3793,Mahika Lala,2021-12-03
3794,Miraan Barad,2022-06-01
3795,Zain Gopal,2023-10-20
3796,Ayesha Date,2023-12-09
3797,Hunar Bhatt,2023-11-05
3798,Yasmin Doctor,2021-03-01
3799,Gatik Sani,2024-02-06
3800,Shaan Singh,2022-03-09
3801,Vritika Venkatesh,2022-03-14
3802,Samar Vyas,2020-07-09
3803,Nayantara Subramanian,2020-11-29
3804,Biju Thaman,2023-06-08
3805,Vedika Sarkar,2024-05-02
3806,Trisha Bassi,2021-08-03
3807,Lakshay Varkey,2022-03-17
3808,Kavya Wali,2022-07-21
3809,Mohanlal Madan,2021-03-31
3810,Seher Dani,2022-10-11
3811,Veer Sura,2024-05-02
3812,Jayant Subramaniam,2022-07-05
3813,Arnav Borah,2024-03-23
3814,Jayan Keer,2025-01-26
3815,Vardaniya Sule,2022-02-23
3816,Keya Edwin,2021-09-16
3817,Miraya Sheth,2024-04-18
3818,Samaira Chaudry,2023-05-30
3819,Rhea Gupta,2023-01-21
3820,Zara Bhatti,2022-07-29
3821,Krish Mahal,2022-08-18
3822,Badal Mahajan,2020-06-03
3823,Neelofar Malhotra,2023-12-10
3824,Saira Sanghvi,2022-02-11
3825,Kiaan Shan,2023-08-23
3826,Nayantara Shah,2024-02-27
3827,Dhanuk Sandal,2023-03-15
3828,Pari Ranganathan,2020-12-21
3829,Uthkarsh Behl,2021-11-21
3830,Sana Reddy,2021-06-18
3831,Suhana Raval,2021-09-09
3832,Hazel Varughese,2023-06-09
3833,Mahika Mallick,2024-11-06
3834,Ojas Bora,2020-08-18
3835,Prisha Issac,2024-05-10
3836,Miraan Ramaswamy,2021-03-05
3837,Alia Grewal,2024-03-28
3838,Prerak Shah,2024-07-05
3839,Vidur Vora,2024-03-12
3840,Kiaan Dyal,2023-09-16
3841,Inaaya  Chaudhry,2020-11-23
3842,Nitara Venkatesh,2022-08-22
3843,Abram Sandhu,2023-05-20
3844,Aayush Borde,2021-01-04
3845,Adah Singh,2024-10-08
3846,Lakshay Madan,2022-03-16
3847,Hiran Kota,2020-03-10
3848,Tanya Madan,2024-09-03
3849,Dhanush Barad,2020-05-25
3850,Akarsh Doshi,2020-08-09
3851,Ayesha Chowdhury,2024-10-17
3852,Biju Mander,2024-01-23
3853,Amira Chatterjee,2023-12-12
3854,Gatik Dhillon,2020-08-15
3855,Shray Venkataraman,2020-09-26
3856,Anvi Tandon,2021-03-25
3857,Advika Karpe,2024-05-27
3858,Sana Ahluwalia,2024-10-20
3859,Shamik Kibe,2023-06-25
3860,Aarav Comar,2022-11-20
3861,Dhanush Basu,2023-10-02
3862,Shaan Seth,2024-08-13
3863,Romil Gupta,2022-01-24
3864,Mohanlal Sheth,2023-12-14
3865,Shaan Sahni,2020-12-06
3866,Alisha Atwal,2023-08-02
3867,Kabir Majumdar,2022-03-02
3868,Charvi Dada,2024-04-25
3869,Tejas Ratti,2020-12-12
3870,Vaibhav Verma,2024-10-13
3871,Nayantara Edwin,2025-01-04
3872,Neelofar Sandal,2024-02-10
3873,Hunar Bera,2022-06-29
3874,Jayan Lad,2022-01-18
3875,Yuvraj  Bumb,2021-10-14
3876,Manikya Kota,2024-03-10
3877,Shray Gera,2024-12-20
3878,Lagan Verma,2021-10-24
3879,Aaryahi Bali,2020-07-07
3880,Lakshay Mannan,2022-03-02
3881,Inaaya  Goda,2021-02-16
3882,Misha Wali,2023-01-05
3883,Ivana Ratti,2021-06-17
3884,Divyansh Ghosh,2023-03-09
3885,Dhanush Hegde,2021-10-14
3886,Sara Atwal,2023-09-05
3887,Arhaan Soman,2025-02-12
3888,Indrajit Ramaswamy,2021-11-20
3889,Shaan Loyal,2024-03-03
3890,Diya Vala,2022-11-14
3891,Anika Dada,2022-07-02
3892,Vihaan Sarin,2022-07-24
3893,Vritika Bumb,2020-10-26
3894,Diya Saxena,2023-11-20
3895,Jivika Ram,2023-01-11
3896,Divij Srivastava,2021-09-21
3897,Zoya Guha,2022-09-03
3898,Jhanvi Subramanian,2020-10-09
3899,Dishani Sethi,2023-07-18
3900,Divit Tripathi,2020-03-26
3901,Manikya Taneja,2021-02-11
3902,Zaina Sawhney,2020-11-05
3903,Advik Mani,2023-06-18
3904,Mannat Doshi,2022-01-09
3905,Zara Chakrabarti,2021-06-23
3906,Umang Aggarwal,2022-02-03
3907,Tara Kalla,2023-07-19
3908,Anahi Dasgupta,2020-05-09
3909,Shaan Vasa,2022-01-25
3910,Khushi Raman,2022-09-27
3911,Hrishita Bail,2024-08-03
3912,Krish Toor,2024-04-12
3913,Zara Dutta,2023-10-20
3914,Rati Datta,2021-05-16
3915,Sana Shroff,2021-10-30
3916,Riaan Din,2024-09-15
3917,Sumer Atwal,2023-10-25
3918,Eshani Kibe,2020-10-26
3919,Miraan Sandhu,2023-02-02
3920,Anahita Chopra,2024-04-08
3921,Madhup Bhakta,2020-12-19
3922,Gokul Hayer,2023-04-18
3923,Saksham Suresh,2023-07-19
3924,Misha Shroff,2024-07-26
3925,Saira Tripathi,2021-12-02
3926,Fateh Brar,2024-11-14
3927,Tiya Goda,2025-02-04
3928,Jiya Bhandari,2021-06-23
3929,Oorja Goswami,2020-12-01
3930,Navya Mane,2023-09-17
3931,Misha Arora,2023-08-10
3932,Saanvi Ahuja,2023-08-12
3933,Bhamini Saha,2020-09-05
3934,Ahana  Sami,2021-11-18
3935,Ranbir Kohli,2021-12-30
3936,Sara Sandhu,2023-10-30
3937,Ivana Das,2024-04-30
3938,Farhan Jhaveri,2024-06-27
3939,Armaan Jain,2024-08-10
3940,Anaya Hari,2022-05-13
3941,Nirvi Devan,2021-05-21
3942,Arnav Dutt,2022-05-22
3943,Aayush Gole,2021-08-18
3944,Shray Kari,2020-06-10
3945,Priyansh Apte,2023-04-07
3946,Ishita Bali,2024-07-05
3947,Nehmat Bala,2020-03-11
3948,Chirag Sahota,2024-03-03
3949,Indrans Ranganathan,2024-06-09
3950,Saksham Dhaliwal,2020-08-19
3951,Eshani Devi,2023-04-23
3952,Renee Yohannan,2022-10-28
3953,Dhruv Upadhyay,2024-10-26
3954,Nakul Bansal,2023-05-09
3955,Yuvaan Contractor,2025-02-21
3956,Zoya Ganguly,2021-01-24
3957,Lakshit Kamdar,2024-08-04
3958,Mamooty Baral,2022-09-03
3959,Kashvi Vyas,2024-10-21
3960,Divij Ray,2021-03-22
3961,Gatik Chaudhari,2021-05-01
3962,Hrishita Zacharia,2021-10-27
3963,Manikya Borah,2022-01-11
3964,Kiara Sangha,2022-01-03
3965,Armaan Kunda,2020-08-01
3966,Manikya Raja,2020-08-17
3967,Myra Gera,2021-03-16
3968,Saanvi Chokshi,2024-10-22
3969,Aayush Halder,2020-03-08
3970,Anya Bose,2022-10-25
3971,Rati Bhalla,2020-06-25
3972,Vardaniya Bhandari,2022-10-29
3973,Jayan Jani,2022-06-04
3974,Jivika Bose,2021-07-15
3975,Miraan Hegde,2020-04-05
3976,Zaina Gour,2023-06-14
3977,Bhamini Dhillon,2023-06-21
3978,Taran Bains,2024-08-01
3979,Reyansh Sarma,2024-05-23
3980,Sumer Ahluwalia,2022-03-03
3981,Kashvi Bath,2021-12-07
3982,Saksham Maharaj,2022-01-07
3983,Myra Bhattacharyya,2023-05-09
3984,Dhanush Venkataraman,2024-11-26
3985,Shaan Sem,2022-01-28
3986,Taimur Yogi,2022-03-21
3987,Eva Varughese,2020-06-09
3988,Shayak Dhillon,2025-01-08
3989,Lagan Khanna,2021-03-23
3990,Ryan Roy,2022-01-17
3991,Yuvraj  Kunda,2023-09-24
3992,Eshani Sundaram,2023-06-05
3993,Kiaan Kohli,2021-03-05
3994,Pihu Raju,2021-01-08
3995,Nirvi Sood,2020-06-28
3996,Shayak Kata,2023-07-29
3997,Divit Batta,2022-06-30
3998,Manikya Bajaj,2021-06-27
3999,Piya Lad,2024-12-28
4000,Hunar Badal,2023-07-15
4001,Veer Apte,2024-01-27
4002,Divit Choudhary,2021-06-23
4003,Hazel Vora,2021-06-09
4004,Rhea Shenoy,2023-11-19
4005,Badal Batta,2025-02-21
4006,Inaaya  Sethi,2024-02-28
4007,Aaina Gaba,2021-11-03
4008,Kanav Rajan,2020-07-05
4009,Dharmajan Wali,2021-02-15
4010,Vivaan Sangha,2022-08-17
4011,Stuvan Mahal,2023-05-22
4012,Adah Grover,2022-07-04
4013,Bhavin Bali,2020-03-08
4014,Pari Thakur,2023-03-07
4015,Faiyaz Dora,2020-04-18
4016,Romil Doshi,2020-09-30
4017,Vardaniya Gill,2022-04-03
4018,Shanaya Maharaj,2022-12-08
4019,Hrishita Chauhan,2023-01-13
4020,Jivika Bains,2023-03-01
4021,Ira Sahota,2023-01-21
4022,Gatik Dara,2023-02-17
4023,Tanya Sridhar,2020-09-16
4024,Mahika Chander,2021-08-22
4025,Neelofar Shah,2025-02-21
4026,Ela Bahri,2023-01-25
4027,Mahika Shetty,2021-11-08
4028,Armaan Viswanathan,2022-04-08
4029,Shaan Vaidya,2020-06-02
4030,Vidur Verma,2021-06-12
4031,Saira Bobal,2022-02-05
4032,Himmat Thakur,2023-12-31
4033,Fateh Bahl,2022-05-13
4034,Sumer Goda,2020-06-11
4035,Amira Choudhry,2020-06-20
4036,Rasha Buch,2024-05-08
4037,Hazel Bahl,2022-04-15
4038,Kartik Venkatesh,2020-04-26
4039,Lavanya Upadhyay,2022-10-14
4040,Dharmajan Sami,2022-03-06
4041,Advika Viswanathan,2023-02-22
4042,Abram Apte,2021-01-26
4043,Elakshi Bhattacharyya,2020-07-20
4044,Yuvraj  Chander,2022-01-15
4045,Aarav Contractor,2020-10-28
4046,Madhav Contractor,2020-09-11
4047,Mamooty Sankar,2024-02-01
4048,Zoya Chana,2023-12-02
4049,Kiara Kalla,2022-06-28
4050,Purab Chhabra,2021-04-23
4051,Vardaniya Doctor,2020-06-04
4052,Indrajit Solanki,2024-08-31
4053,Kimaya Khurana,2020-09-28
4054,Arhaan Char,2021-04-13
4055,Kiara Chaudry,2023-05-15
4056,Neelofar Bhatia,2021-06-21
4057,Jayant Sen,2024-05-11
4058,Aaryahi Gulati,2021-07-27
4059,Aarav Mani,2023-12-10
4060,Nitya Tripathi,2023-06-29
4061,Mohanlal Sengupta,2020-03-12
4062,Fateh Jha,2024-09-16
4063,Piya Keer,2023-08-12
4064,Romil Agarwal,2024-04-09
4065,Tarini Grewal,2024-11-15
4066,Alisha Kaur,2020-08-27
4067,Saksham Bajaj,2023-09-01
4068,Ritvik Baral,2021-02-13
4069,Shanaya Rau,2022-04-27
4070,Kiaan Bhasin,2025-02-20
4071,Kavya Wason,2020-04-01
4072,Shayak Batra,2020-08-21
4073,Divij Gade,2021-10-05
4074,Madhup Yohannan,2022-10-04
4075,Saira Bhat,2025-03-02
4076,Zoya Bala,2024-07-20
4077,Pihu Rajagopalan,2020-09-12
4078,Zaina Roy,2024-01-21
4079,Heer Choudhury,2024-12-06
4080,Sahil Chopra,2024-08-02
4081,Kashvi Ganesan,2022-11-05
4082,Tiya Verma,2023-06-22
4083,Samarth Ahluwalia,2023-12-16
4084,Dharmajan Balakrishnan,2020-10-27
4085,Kiaan Joshi,2022-05-24
4086,Shayak Kapur,2021-05-04
4087,Sumer Andra,2023-07-28
4088,Vidur Chakrabarti,2023-07-11
4089,Adira Lad,2020-11-13
4090,Nitya Manne,2024-05-12
4091,Misha Dhawan,2024-11-21
4092,Hrishita Agarwal,2020-06-07
4093,Hrishita Venkatesh,2023-03-23
4094,Hridaan Dewan,2020-03-07
4095,Saanvi Kale,2024-09-15
4096,Anika Gala,2021-12-10
4097,Jayant Issac,2022-12-27
4098,Purab Kar,2022-02-11
4099,Vaibhav Gokhale,2022-07-21
4100,Krish Kara,2024-03-02
4101,Seher Grewal,2021-05-06
4102,Rasha Konda,2022-05-28
4103,Hansh Talwar,2020-10-30
4104,Nitya Bahri,2021-08-09
4105,Suhana Kade,2024-07-15
4106,Piya Dixit,2022-08-30
4107,Saira Butala,2020-05-19
4108,Nirvi Sahni,2023-05-11
4109,Samiha Shenoy,2021-12-27
4110,Akarsh Garde,2023-01-31
4111,Divit Amble,2023-12-09
4112,Vardaniya Krishnamurthy,2020-03-20
4113,Samar Chawla,2020-08-06
4114,Vardaniya Bedi,2023-06-23
4115,Samiha Sastry,2023-03-03
4116,Vardaniya Sangha,2023-11-16
4117,Shaan Kumar,2021-04-01
4118,Onkar Balay,2024-01-08
4119,Heer Choudhury,2022-05-11
4120,Yasmin Kata,2024-05-12
4121,Inaaya  Swaminathan,2023-06-09
4122,Ishita Balasubramanian,2022-05-31
4123,Riaan Chacko,2021-09-07
4124,Jivin Kuruvilla,2023-11-12
4125,Ayesha Bhavsar,2022-02-11
4126,Shray Johal,2024-07-11
4127,Ryan Tak,2023-01-31
4128,Aniruddh Sathe,2021-05-22
4129,Saanvi Bhardwaj,2021-03-19
4130,Shalv Gade,2025-01-24
4131,Hunar Varkey,2023-07-20
4132,Neelofar Khosla,2022-06-29
4133,Mahika Sanghvi,2024-10-22
4134,Ivan Seshadri,2022-03-06
4135,Sahil Shenoy,2023-07-12
4136,Vidur Shanker,2021-07-21
4137,Aaina Dugar,2024-01-23
4138,Pihu Kala,2023-02-22
4139,Misha Dugar,2024-06-13
4140,Urvi Tandon,2023-07-27
4141,Lakshit Loyal,2023-01-13
4142,Mamooty Toor,2025-03-01
4143,Ehsaan Karan,2021-11-26
4144,Yashvi Agate,2021-08-20
4145,Jhanvi Mangat,2023-09-13
4146,Kiara Saini,2020-07-27
4147,Vihaan Mangat,2022-05-07
4148,Kavya Dugar,2024-05-07
4149,Purab Doshi,2020-11-29
4150,Tanya Bhagat,2023-06-07
4151,Lakshay Lalla,2021-01-13
4152,Purab Chaudhry,2023-11-14
4153,Alia Kibe,2020-10-01
4154,Tiya Lad,2020-04-02
4155,Devansh Srinivas,2024-09-10
4156,Kavya Sane,2024-06-24
4157,Baiju Arora,2024-01-16
4158,Rania Wali,2025-03-02
4159,Zara Sundaram,2024-06-26
4160,Amira Char,2021-02-02
4161,Saanvi Dalal,2024-07-22
4162,Elakshi Amble,2024-03-23
4163,Madhup Subramaniam,2025-01-11
4164,Indrajit Saha,2020-06-21
4165,Akarsh Kala,2023-06-30
4166,Alia Rout,2022-08-15
4167,Onkar Chander,2020-11-30
4168,Aarav Balan,2023-09-19
4169,Kabir Balan,2024-01-20
4170,Rati Kunda,2024-05-11
4171,Biju Goswami,2022-01-11
4172,Badal Bansal,2020-08-25
4173,Shamik Sood,2024-08-04
4174,Eva Garg,2024-02-10
4175,Hiran Buch,2024-04-20
4176,Manjari Bhatti,2020-03-07
4177,Trisha Buch,2022-11-25
4178,Kiaan Kala,2024-05-27
4179,Yakshit Bail,2022-09-25
4180,Baiju Saxena,2020-03-15
4181,Azad Apte,2024-04-13
4182,Adira Saini,2024-08-02
4183,Bhamini Kapur,2020-09-19
4184,Badal Buch,2025-01-07
4185,Ayesha Saha,2024-01-17
4186,Kabir Raju,2022-05-30
4187,Kismat Brar,2020-05-19
4188,Yuvraj  Bala,2022-11-03
4189,Nakul Basak,2021-01-13
4190,Dhanuk Contractor,2022-05-12
4191,Akarsh Mani,2022-10-07
4192,Ritvik Kurian,2024-06-23
4193,Diya Ravi,2020-10-22
4194,Indrans Swamy,2025-01-22
4195,Mohanlal Rana,2020-11-08
4196,Nayantara Srinivas,2022-12-14
4197,Nishith Hayre,2024-04-03
4198,Bhamini Edwin,2021-06-09
4199,Anahi Bhargava,2024-05-22
4200,Sara Sinha,2023-11-19
4201,Chirag Bali,2023-04-20
4202,Amira Deo,2020-03-20
4203,Vedika Bhatia,2021-06-30
4204,Taran Gokhale,2024-02-13
4205,Samiha Sarma,2025-02-28
4206,Trisha Setty,2022-08-13
4207,Arhaan Chacko,2024-04-09
4208,Kimaya Dua,2022-06-14
4209,Vihaan Balasubramanian,2021-04-11
4210,Vidur Rattan,2023-12-07
4211,Uthkarsh Bajwa,2020-08-24
4212,Raunak Bassi,2021-02-01
4213,Nirvi Thaker,2020-07-05
4214,Bhavin Keer,2023-01-31
4215,Manikya Sanghvi,2021-03-20
4216,Farhan Rout,2021-02-24
4217,Khushi Sidhu,2023-05-12
4218,Indrajit Biswas,2021-04-21
4219,Vanya Kumer,2020-03-11
4220,Dharmajan Ahuja,2023-10-07
4221,Kiaan Hora,2024-09-25
4222,Hunar Khare,2020-06-08
4223,Yuvaan Ramaswamy,2022-12-15
4224,Hazel Badal,2022-05-13
4225,Faiyaz Gupta,2024-04-02
4226,Dishani Gera,2020-04-28
4227,Eshani Kalla,2023-04-03
4228,Krish Kunda,2024-02-04
4229,Kartik Krish,2022-04-13
4230,Ranbir Datta,2023-08-12
4231,Samar Balakrishnan,2020-10-27
4232,Nirvaan Batra,2023-08-14
4233,Charvi Grewal,2020-04-25
4234,Nehmat Kaur,2023-09-06
4235,Biju Ravi,2024-12-03
4236,Arhaan Khalsa,2021-06-26
4237,Pihu Kuruvilla,2025-02-25
4238,Aarav Raja,2024-09-29
4239,Miraan Acharya,2020-12-31
4240,Raunak Kant,2022-06-29
4241,Misha Kaul,2023-01-09
4242,Samar Joshi,2024-03-01
4243,Hiran Kaul,2022-11-06
4244,Purab Jha,2024-03-03
4245,Faiyaz Kamdar,2023-09-08
4246,Taimur Suresh,2024-05-31
4247,Samiha Babu,2024-08-21
4248,Vanya Dasgupta,2024-12-17
4249,Riya Mall,2020-03-14
4250,Tarini Bhardwaj,2023-10-27
4251,Jivika Mandal,2020-06-23
4252,Khushi Rege,2022-02-21
4253,Rania Sami,2024-10-15
4254,Abram Salvi,2021-04-08
4255,Aradhya Krishnamurthy,2021-03-01
4256,Fateh Dar,2022-10-21
4257,Sana De,2024-05-04
4258,Ishita Ahuja,2021-07-28
4259,Farhan Sarna,2025-01-08
4260,Piya Jain,2023-02-15
4261,Zeeshan Bhatia,2024-05-08
4262,Indrajit Gade,2021-11-16
4263,Gatik Mannan,2023-06-05
4264,Pari Karan,2020-11-24
4265,Jivika Rajagopal,2020-08-12
4266,Yuvraj  Mangal,2022-02-08
4267,Tara Goyal,2024-09-21
4268,Shalv Sinha,2021-05-04
4269,Divij Bawa,2020-08-13
4270,Advik Loke,2021-07-17
4271,Amira Deo,2020-06-04
4272,Aarna Dey,2023-03-09
4273,Prerak Chhabra,2023-04-17
4274,Kiaan Bhat,2024-06-20
4275,Nishith Bhavsar,2021-03-07
4276,Veer Lad,2021-12-31
4277,Hazel Brahmbhatt,2022-04-24
4278,Tara Raj,2020-03-15
4279,Sara Bedi,2021-07-04
4280,Indranil Brahmbhatt,2024-01-05
4281,Mamooty Deol,2020-09-22
4282,Anika Raman,2024-09-25
4283,Elakshi Balakrishnan,2024-11-16
4284,Devansh Maharaj,2024-10-03
4285,Vardaniya Handa,2025-01-08
4286,Adira Krishnamurthy,2021-08-08
4287,Lagan Amble,2022-11-01
4288,Indrajit Savant,2024-07-07
4289,Rohan Goda,2022-02-16
4290,Alia Acharya,2020-10-28
4291,Kiaan Kota,2022-12-15
4292,Oorja Bahl,2021-06-25
4293,Vardaniya Sahota,2022-02-03
4294,Aaina Balakrishnan,2025-01-31
4295,Eshani Mandal,2024-08-28
4296,Hridaan Goyal,2021-07-12
4297,Miraan Kohli,2025-02-01
4298,Mannat Subramaniam,2022-09-10
4299,Vedika Deshmukh,2020-10-09
4300,Riaan Kara,2021-10-24
4301,Indrajit Basu,2023-08-01
4302,Abram Rajagopal,2024-03-28
4303,Elakshi Bawa,2022-05-22
4304,Jayant Comar,2022-05-29
4305,Stuvan Bhakta,2023-09-20
4306,Adah Saxena,2025-01-02
4307,Armaan Tiwari,2023-12-22
4308,Miraya Sodhi,2024-12-11
4309,Tanya Rattan,2024-03-31
4310,Keya Randhawa,2023-10-26
4311,Aayush Bahri,2022-09-03
4312,Zeeshan Loke,2021-04-02
4313,Taran Sarma,2020-12-02
4314,Aarna Manda,2023-07-17
4315,Prisha Gulati,2024-05-24
4316,Romil Rajagopalan,2020-09-17
4317,Gatik Bala,2020-06-01
4318,Tara Char,2024-01-26
4319,Zaina Venkatesh,2021-07-02
4320,Tiya Mani,2025-01-04
4321,Anahi Sur,2021-12-17
4322,Onkar Saran,2022-12-11
4323,Sara Kumar,2023-01-14
4324,Uthkarsh Joshi,2024-03-23
4325,Rati Shetty,2022-11-27
4326,Prisha Grewal,2021-02-19
4327,Zain Krishnamurthy,2025-02-03
4328,Jivika Agrawal,2023-04-04
4329,Trisha Sarin,2021-02-25
4330,Kaira Banerjee,2022-12-03
4331,Ritvik Karpe,2022-05-27
4332,Urvi Shah,2020-05-18
4333,Misha Chatterjee,2023-07-12
4334,Chirag Chawla,2024-08-22
4335,Miraan Bains,2021-08-15
4336,Sumer Kapur,2021-05-01
4337,Anya Bawa,2022-02-05
4338,Pari Chand,2021-09-15
4339,Hridaan Ganesh,2020-10-28
4340,Lagan Sandal,2024-01-24
4341,Kimaya Rama,2022-04-12
4342,Saira Devi,2020-06-27
4343,Shlok Subramaniam,2021-11-29
4344,Jiya Mammen,2024-07-14
4345,Nayantara Gill,2023-12-20
4346,Dharmajan Sanghvi,2024-09-09
4347,Taran Cheema,2024-12-07
4348,Devansh Rout,2020-11-22
4349,Faiyaz Dhingra,2024-07-27
4350,Ivan Wagle,2020-11-06
4351,Kabir Chawla,2023-04-02
4352,Kismat Baral,2024-04-14
4353,Darshit Chana,2025-02-22
4354,Emir Tripathi,2022-01-19
4355,Riaan Buch,2021-12-28
4356,Nishith D’Alia,2022-12-29
4357,Ahana  Sha,2021-11-27
4358,Vidur Banerjee,2021-03-29
4359,Ehsaan Saran,2023-02-21
4360,Dhruv Basu,2023-11-18
4361,Saira Shanker,2020-09-28
4362,Vaibhav Grover,2022-10-30
4363,Eva Goel,2023-06-17
4364,Shamik Bora,2022-05-16
4365,Sumer Doctor,2024-02-05
4366,Vivaan Chacko,2020-04-28
4367,Nehmat Gole,2025-02-17
4368,Ira Gill,2024-10-16
4369,Alisha Lalla,2021-06-24
4370,Saksham Bali,2020-04-20
4371,Manikya Vora,2025-01-07
4372,Mamooty Agarwal,2024-10-30
4373,Anya Mann,2023-10-11
4374,Yuvraj  Lall,2022-11-21
4375,Onkar Varma,2022-10-16
4376,Arnav Bedi,2022-08-20
4377,Yasmin Mandal,2023-01-18
4378,Nayantara Bala,2022-09-23
4379,Neysa Kaur,2024-12-11
4380,Anay Garde,2020-06-24
4381,Saanvi Thaker,2023-11-29
4382,Zaina Kala,2021-06-05
4383,Aarav Dutta,2024-05-23
4384,Jayant Rastogi,2021-06-11
4385,Samarth Baria,2022-02-19
4386,Samar Sachdev,2022-04-24
4387,Anaya Kunda,2022-03-23
4388,Kartik Kumer,2022-02-16
4389,Kavya Vyas,2025-02-16
4390,Tara Deshpande,2024-02-12
4391,Alia Luthra,2021-11-24
4392,Jivin Bhattacharyya,2023-11-20
4393,Indrans Sood,2021-03-09
4394,Advik Dua,2023-06-11
4395,Nehmat Rana,2023-09-19
4396,Onkar Wagle,2024-08-09
4397,Nakul Bhalla,2024-12-24
4398,Tanya Venkatesh,2023-11-05
4399,Onkar Chandran,2022-03-25
4400,Ivan Saha,2024-02-27
4401,Aniruddh Mall,2022-01-26
4402,Vivaan Gill,2022-01-16
4403,Yasmin Majumdar,2024-05-23
4404,Adah Sengupta,2021-12-10
4405,Ivana Dass,2021-09-07
4406,Aarna Kulkarni,2023-12-31
4407,Kiaan Lanka,2020-07-26
4408,Kabir Seshadri,2024-09-21
4409,Veer Bhavsar,2023-04-28
4410,Shamik Salvi,2025-01-23
4411,Parinaaz Khalsa,2021-01-25
4412,Rhea Devan,2023-05-08
4413,Ira Kashyap,2022-09-26
4414,Taimur Sarkar,2022-11-10
4415,Romil Datta,2022-02-21
4416,Nirvi Saraf,2023-06-03
4417,Dishani Baria,2023-06-08
4418,Aaryahi Datta,2022-06-10
4419,Rohan Acharya,2023-09-04
4420,Raunak Hegde,2021-01-29
4421,Aarav Solanki,2021-06-21
4422,Ira Rajagopal,2023-08-01
4423,Vivaan Goyal,2021-09-15
4424,Jiya Vaidya,2024-07-09
4425,Renee Rana,2021-11-18
4426,Trisha Bail,2021-10-30
4427,Anahita Barad,2023-08-13
4428,Nehmat Chahal,2022-03-26
4429,Mehul Edwin,2021-10-21
4430,Tejas Bedi,2022-06-07
4431,Badal Majumdar,2020-10-25
4432,Mehul Yadav,2022-12-30
4433,Hrishita Lata,2022-12-27
4434,Miraya Sura,2021-07-07
4435,Sumer Vala,2022-07-08
4436,Reyansh Raj,2022-12-03
4437,Azad Bail,2021-06-29
4438,Jayant Dave,2020-11-30
4439,Badal Gala,2024-11-26
4440,Divij Saxena,2021-03-09
4441,Azad Bhatt,2022-07-02
4442,Uthkarsh Chowdhury,2025-01-30
4443,Riaan Sarna,2023-03-19
4444,Sumer Magar,2022-09-10
4445,Tanya Shenoy,2024-05-14
4446,Samarth Mani,2024-03-22
4447,Alia Mani,2023-10-18
4448,Saira Ghose,2024-12-29
4449,Badal Gole,2022-10-31
4450,Trisha Dhar,2024-03-15
4451,Diya Kata,2023-10-22
4452,Taran Choudhury,2024-05-12
4453,Darshit Devi,2022-06-23
4454,Devansh Dani,2020-05-21
4455,Prerak Mani,2021-03-22
4456,Riya Lata,2021-01-12
4457,Myra De,2021-07-06
4458,Dhanuk Sawhney,2023-02-25
4459,Anay Raval,2020-08-15
4460,Zara Ratti,2025-01-31
4461,Armaan Bakshi,2024-05-13
4462,Jayan Sen,2020-12-15
4463,Fateh Deep,2025-02-23
4464,Shray Boase,2021-06-22
4465,Tiya Goda,2023-03-26
4466,Kiaan Madan,2024-12-26
4467,Kiaan Mane,2020-07-01
4468,Dishani Varghese,2024-06-14
4469,Mohanlal Khare,2023-01-18
4470,Yasmin Bala,2021-07-06
4471,Adah Joshi,2020-10-21
4472,Ritvik Varma,2022-02-06
4473,Amani Sandhu,2024-01-10
4474,Zain Tiwari,2023-04-26
4475,Divyansh Virk,2021-09-25
4476,Sumer Kakar,2022-06-09
4477,Nirvi Vora,2024-11-10
4478,Sara Maharaj,2023-05-15
4479,Ryan Wali,2022-07-18
4480,Gokul Buch,2023-07-06
4481,Shaan Vala,2023-11-19
4482,Vritika Dara,2021-10-10
4483,Yakshit Kala,2020-04-29
4484,Bhamini Konda,2021-12-07
4485,Alia Dhingra,2022-02-27
4486,Alia D’Alia,2024-06-17
4487,Indranil Varty,2022-09-16
4488,Bhamini Vora,2021-03-16
4489,Bhavin Dyal,2020-06-10
4490,Dhanush Sangha,2021-03-01
4491,Lagan Madan,2024-02-25
4492,Misha Chacko,2022-11-24
4493,Purab Walia,2022-05-23
4494,Darshit Dixit,2020-10-01
4495,Drishya Buch,2022-06-24
4496,Tushar Dass,2023-03-17
4497,Indranil Arora,2021-07-02
4498,Sana Acharya,2023-09-09
4499,Mamooty Dugar,2025-01-14
4500,Kismat Sankar,2022-05-16
4501,Dhanuk Jha,2021-03-26
4502,Indrajit Bajaj,2020-04-25
4503,Dhruv Tank,2020-09-20
4504,Kaira Vohra,2021-10-23
4505,Chirag Ramesh,2022-11-23
4506,Divyansh Grewal,2024-06-28
4507,Bhamini Thaman,2021-10-31
4508,Amira Swamy,2023-05-17
4509,Trisha Mani,2022-12-01
4510,Raghav Sangha,2021-08-16
4511,Ishita Sule,2022-02-21
4512,Parinaaz Thaker,2023-11-24
4513,Ranbir Keer,2024-05-31
4514,Neysa Mammen,2020-03-16
4515,Jivika Ahuja,2023-01-13
4516,Vedika Lanka,2020-09-21
4517,Anvi Kala,2024-01-14
4518,Aaryahi Ratti,2022-02-05
4519,Riaan Kalla,2021-04-27
4520,Anahi Dara,2022-11-25
4521,Rati Sarna,2024-08-07
4522,Faiyaz Guha,2020-08-25
4523,Yuvaan Varty,2022-02-04
4524,Rati Golla,2022-12-22
4525,Badal Khurana,2022-08-12
4526,Indrajit Mahal,2023-09-26
4527,Shray Tandon,2023-01-26
4528,Anvi Bhat,2021-07-18
4529,Miraya Brahmbhatt,2023-06-30
4530,Dishani Issac,2022-06-16
4531,Samiha Goyal,2021-08-12
4532,Adira Loyal,2023-10-03
4533,Saira Bhatia,2024-02-16
4534,Ira Arya,2021-02-14
4535,Hansh Kakar,2024-10-21
4536,Aayush Subramanian,2023-08-30
4537,Adira Bora,2020-07-17
4538,Manjari Varma,2021-10-26
4539,Shray Chokshi,2024-07-18
4540,Kismat Verma,2022-03-10
4541,Hansh Barad,2021-03-18
4542,Advika Venkatesh,2024-03-21
4543,Aaina Edwin,2021-08-11
4544,Divit Bandi,2020-11-18
4545,Tarini Behl,2022-08-24
4546,Abram Soni,2023-06-13
4547,Keya Sood,2024-04-16
4548,Shlok Chatterjee,2024-04-26
4549,Shanaya Dhaliwal,2023-09-07
4550,Badal Kadakia,2020-03-17
4551,Stuvan Anne,2024-04-04
4552,Fateh Kuruvilla,2022-12-23
4553,Advik Halder,2023-10-11
4554,Krish Arora,2022-03-21
4555,Uthkarsh Shetty,2021-09-14
4556,Dhruv Sinha,2022-08-25
4557,Shayak Singhal,2022-03-21
4558,Vihaan Rege,2024-02-10
4559,Eva Sekhon,2022-05-21
4560,Anya Raman,2022-07-02
4561,Aayush Gopal,2023-06-27
4562,Rasha Taneja,2020-08-20
4563,Romil Dube,2020-04-05
4564,Manjari Sethi,2022-04-07
4565,Elakshi Bhargava,2022-01-14
4566,Chirag Deshpande,2023-05-20
4567,Sana Chauhan,2020-12-05
4568,Myra Subramaniam,2021-09-05
4569,Mohanlal Anand,2021-03-11
4570,Charvi Dugar,2022-10-21
4571,Jayan Ganesh,2023-12-20
4572,Saksham Gandhi,2022-06-12
4573,Baiju Handa,2024-04-06
4574,Keya Sandal,2024-05-04
4575,Jivin Sen,2024-11-17
4576,Samarth Uppal,2024-10-31
4577,Urvi Sunder,2021-04-09
4578,Anay Ganguly,2024-11-22
4579,Charvi Bava,2023-07-23
4580,Gokul Walia,2020-09-30
4581,Taimur Sathe,2021-12-10
4582,Advik Kothari,2021-01-11
4583,Rasha Bir,2022-01-22
4584,Lagan Wadhwa,2025-02-12
4585,Mahika Srivastava,2021-03-04
4586,Charvi Krishna,2021-08-22
4587,Riya Kata,2025-01-04
4588,Kartik Vohra,2023-06-25
4589,Renee Bandi,2023-06-02
4590,Kiara Chakraborty,2021-07-04
4591,Prerak Kala,2022-06-30
4592,Armaan Salvi,2023-01-26
4593,Biju Sridhar,2023-05-27
4594,Dharmajan Gill,2024-11-11
4595,Mehul Baria,2023-01-04
4596,Misha Sura,2024-07-20
4597,Stuvan Kamdar,2024-10-19
4598,Hiran Sahota,2022-06-04
4599,Divij Banerjee,2020-08-28
4600,Oorja Comar,2020-09-14
4601,Uthkarsh Samra,2024-05-27
4602,Yakshit Bumb,2021-04-24
4603,Kabir Sagar,2023-03-27
4604,Raunak Gulati,2021-01-07
4605,Romil Ravel,2023-10-22
4606,Hazel Saraf,2022-02-15
4607,Navya Deep,2021-06-24
4608,Myra Mane,2020-12-14
4609,Nakul Kala,2020-06-21
4610,Romil Jayaraman,2022-05-17
4611,Samiha Savant,2024-06-06
4612,Gokul Ahuja,2023-06-09
4613,Farhan Bhasin,2021-01-06
4614,Advika Vasa,2021-06-14
4615,Ivan Korpal,2022-02-25
4616,Ishaan Kanda,2022-12-30
4617,Baiju Reddy,2021-05-09
4618,Zoya Gour,2025-01-02
4619,Nirvaan Setty,2022-06-28
4620,Vivaan Varma,2023-04-21
4621,Anika Batra,2020-07-31
4622,Rohan Kale,2020-09-25
4623,Mohanlal Atwal,2025-02-26
4624,Damini Malhotra,2022-04-12
4625,Amani Sood,2021-07-28
4626,Riaan Hans,2024-10-17
4627,Himmat Din,2023-10-10
4628,Adira Madan,2020-07-27
4629,Farhan Behl,2020-06-29
4630,Kismat Sarraf,2021-06-09
4631,Mahika Varty,2023-03-06
4632,Rati Subramanian,2023-10-11
4633,Aaryahi Wagle,2021-10-22
4634,Yuvraj  Ramanathan,2022-07-05
4635,Bhamini Bail,2021-06-07
4636,Aarna Bhargava,2022-04-08
4637,Piya Bains,2023-08-26
4638,Adah Bhakta,2024-04-02
4639,Divij Ramakrishnan,2024-10-14
4640,Abram Randhawa,2022-05-11
4641,Ehsaan Das,2022-06-12
4642,Dhanush Agarwal,2021-08-21
4643,Gokul Mani,2021-11-18
4644,Jivin Lala,2022-12-20
4645,Taran Bhagat,2023-06-30
4646,Anahi Keer,2021-08-13
4647,Raghav Bath,2020-11-10
4648,Raunak Deshmukh,2023-04-04
4649,Aradhya Dasgupta,2023-08-10
4650,Misha Agate,2024-05-05
4651,Kiaan Karnik,2023-03-17
4652,Ivana Ghose,2021-07-03
4653,Anay Lanka,2022-03-24
4654,Emir Goda,2022-10-12
4655,Piya Chakrabarti,2021-04-14
4656,Uthkarsh Garde,2024-01-19
4657,Ela Bajaj,2023-01-14
4658,Zain Agarwal,2025-01-08
4659,Yakshit Aggarwal,2024-12-26
4660,Taran Subramanian,2021-06-28
4661,Parinaaz Grover,2022-07-11
4662,Myra Magar,2022-07-26
4663,Indrans Dhaliwal,2023-05-30
4664,Yuvaan Sengupta,2021-10-05
4665,Drishya Atwal,2021-07-24
4666,Damini Bhalla,2023-05-29
4667,Jivika Ramaswamy,2020-10-12
4668,Nishith Kumar,2022-06-03
4669,Shanaya Wali,2021-12-30
4670,Vritika Sen,2022-06-20
4671,Heer Bandi,2024-11-24
4672,Lagan Contractor,2020-05-09
4673,Darshit Ramaswamy,2021-04-23
4674,Aaina Randhawa,2021-05-29
4675,Yashvi Bumb,2022-03-17
4676,Hansh Seshadri,2023-07-25
4677,Rati Maharaj,2024-12-11
4678,Zeeshan Sodhi,2024-02-21
4679,Romil Sethi,2021-09-10
4680,Tejas Deo,2024-10-11
4681,Onkar Hari,2020-08-02
4682,Divit Baria,2021-06-09
4683,Heer Bhatnagar,2023-01-16
4684,Shanaya Issac,2021-01-12
4685,Aarna Sarkar,2024-10-12
4686,Divij Andra,2020-04-10
4687,Nakul Chakraborty,2024-04-03
4688,Mehul Ramakrishnan,2023-09-21
4689,Saira Tella,2022-01-08
4690,Eshani Basak,2023-10-08
4691,Jayant Lal,2024-02-02
4692,Parinaaz Ganesh,2021-08-05
4693,Akarsh Chatterjee,2021-06-22
4694,Aarav Grover,2024-12-31
4695,Umang Dey,2022-02-14
4696,Darshit Das,2020-07-01
4697,Shray Mangat,2024-06-02
4698,Kimaya Dayal,2024-12-19
4699,Elakshi Chaudry,2023-05-04
4700,Tanya Anand,2023-05-20
4701,Dharmajan Bhasin,2025-02-05
4702,Aradhya Mani,2023-03-05
4703,Alisha Chakraborty,2023-11-01
4704,Ivan Kar,2021-06-15
4705,Saksham Sangha,2020-11-21
4706,Jivika Tak,2024-02-27
4707,Hiran Hans,2023-03-19
4708,Elakshi Rama,2023-08-22
4709,Dharmajan Ramesh,2022-11-13
4710,Kartik Hans,2022-07-30
4711,Baiju Dey,2022-12-29
4712,Ira Jaggi,2022-02-14
4713,Rohan Brahmbhatt,2022-01-15
4714,Indrans Bajwa,2023-02-13
4715,Vanya Ganesh,2023-08-19
4716,Himmat Hans,2024-08-02
4717,Siya Manda,2023-07-24
4718,Trisha Brar,2022-02-22
4719,Vanya Tandon,2021-08-24
4720,Seher Rajan,2020-05-08
4721,Keya Sathe,2024-09-18
4722,Rania Gour,2024-11-04
4723,Indrans Bali,2023-01-02
4724,Hiran Mammen,2021-12-22
4725,Aarav Batta,2025-01-13
4726,Tejas Hari,2021-12-20
4727,Bhavin Ghosh,2021-12-19
4728,Taimur Sagar,2020-12-01
4729,Ahana  Randhawa,2024-03-22
4730,Mohanlal Sarna,2021-01-31
4731,Shray Sachdev,2023-05-29
4732,Sana Handa,2023-09-16
4733,Anika Swaminathan,2021-02-01
4734,Aarush Gade,2020-03-16
4735,Uthkarsh Sahota,2020-12-19
4736,Ivana Chacko,2022-09-16
4737,Eva Sarkar,2022-02-01
4738,Rasha Kari,2024-04-20
4739,Miraan Agrawal,2021-03-12
4740,Ehsaan Sem,2023-01-10
4741,Piya Rau,2021-11-04
4742,Nitya Ghosh,2024-03-22
4743,Sumer Deol,2020-05-09
4744,Mohanlal Kata,2024-07-03
4745,Jayant Karpe,2022-06-28
4746,Bhamini Walla,2021-01-06
4747,Prisha Buch,2025-01-14
4748,Rati Raja,2025-03-02
4749,Ritvik Dutta,2022-11-30
4750,Ivan Malhotra,2024-03-04
4751,Alisha Hayer,2020-09-01
4752,Hazel Vaidya,2024-01-03
4753,Prisha Aggarwal,2021-03-14
4754,Samarth Sharma,2022-02-09
4755,Mannat Rajan,2024-01-15
4756,Kabir Manda,2022-03-03
4757,Pihu Balakrishnan,2022-05-16
4758,Reyansh Chaudhry,2022-09-04
4759,Jayesh Borde,2022-01-01
4760,Hiran Ratti,2020-04-10
4761,Veer Basak,2023-07-15
4762,Zain Koshy,2021-10-13
4763,Nirvi Khare,2021-10-25
4764,Adah Mander,2022-11-10
4765,Nirvaan Chhabra,2020-03-26
4766,Madhup Goel,2025-01-03
4767,Shanaya Ghosh,2022-02-03
4768,Purab Dalal,2020-08-04
4769,Advika Kapadia,2020-09-09
4770,Aarna Bora,2024-04-17
4771,Kabir Mangat,2023-06-02
4772,Devansh Dyal,2024-06-08
4773,Yasmin Handa,2020-12-18
4774,Uthkarsh Dhaliwal,2024-12-22
4775,Samiha Maharaj,2022-02-26
4776,Damini Lad,2022-06-30
4777,Seher Krishnan,2024-06-19
4778,Dhruv Lad,2022-06-01
4779,Nirvi Lall,2023-12-28
4780,Ritvik Hayer,2024-03-28
4781,Dhruv Badal,2021-11-24
4782,Zaina Arya,2023-02-15
4783,Advik Shankar,2021-08-18
4784,Vihaan Bera,2022-06-21
4785,Divyansh Swaminathan,2020-04-10
4786,Prerak Shukla,2022-05-11
4787,Arhaan Khalsa,2022-09-05
4788,Yashvi Warrior,2022-06-01
4789,Aradhya Singh,2021-11-04
4790,Jivin Kaul,2021-08-14
4791,Dhruv Rajagopal,2022-03-18
4792,Devansh Gole,2021-03-31
4793,Ishita Dugar,2020-08-30
4794,Sahil Rattan,2024-02-19
4795,Aarush Contractor,2021-02-01
4796,Advik Ramachandran,2022-10-10
4797,Mohanlal Lad,2025-02-26
4798,Alisha Tiwari,2023-06-05
4799,Nirvaan Wali,2024-06-15
4800,Tanya Goyal,2021-10-21
4801,Suhana Khurana,2024-03-17
4802,Tiya Venkataraman,2020-04-24
4803,Nirvaan Konda,2023-08-27
4804,Saira Banik,2023-04-25
4805,Zoya Kashyap,2021-04-26
4806,Ayesha Bansal,2022-02-20
4807,Jayan Taneja,2020-09-08
4808,Rohan Seth,2024-06-25
4809,Kashvi Chakraborty,2024-11-12
4810,Hunar Agarwal,2020-06-03
4811,Kiaan Sridhar,2023-04-29
4812,Darshit Krishna,2021-06-01
4813,Nehmat Mand,2020-10-24
4814,Divyansh Choudhury,2021-11-18
4815,Indrajit Rau,2024-07-25
4816,Kabir Shah,2024-12-19
4817,Alia Bahl,2020-09-24
4818,Dharmajan Acharya,2022-09-10
4819,Aayush Wadhwa,2024-09-25
4820,Dharmajan Jain,2023-08-07
4821,Kaira Chopra,2021-01-24
4822,Nitara Bala,2021-01-31
4823,Khushi Goyal,2023-06-05
4824,Nayantara Kakar,2022-10-23
4825,Ojas Choudhury,2023-07-31
4826,Devansh Choudhury,2022-05-31
4827,Lagan Dey,2021-06-02
4828,Hunar Ghosh,2024-03-01
4829,Lakshay Jani,2021-11-07
4830,Biju Anne,2020-11-24
4831,Yasmin Venkataraman,2022-11-11
4832,Shalv Loyal,2020-08-13
4833,Indranil Dhar,2024-01-30
4834,Himmat Gala,2024-07-28
4835,Zain Khatri,2024-11-18
4836,Mannat Bahri,2021-08-06
4837,Yashvi Jayaraman,2024-07-22
4838,Vivaan Agarwal,2025-01-07
4839,Khushi Rao,2021-07-27
4840,Ivan Vora,2021-07-10
4841,Pari Dugal,2024-09-21
4842,Piya Lall,2024-11-25
4843,Tiya Soni,2024-01-04
4844,Aarna Sachar,2024-09-25
4845,Samarth Hayre,2020-05-22
4846,Anika Bains,2020-08-27
4847,Aaina Malhotra,2024-05-30
4848,Raghav Cherian,2022-10-10
4849,Zaina Dhillon,2023-03-15
4850,Samar Sethi,2020-08-02
4851,Rhea Sekhon,2023-09-23
4852,Jhanvi Dey,2024-07-14
4853,Samiha Borah,2024-01-27
4854,Zeeshan Som,2024-05-28
4855,Shray Subramanian,2023-11-03
4856,Indranil Sibal,2022-07-17
4857,Anya Devan,2020-10-31
4858,Samaira Rajagopal,2024-06-17
4859,Tarini Bhandari,2022-12-11
4860,Heer Bose,2022-10-21
4861,Ivana Desai,2021-09-14
4862,Lagan Mall,2021-08-25
4863,Samiha Ramachandran,2020-10-09
4864,Kavya Kamdar,2023-11-06
4865,Chirag Madan,2024-06-27
4866,Priyansh Gara,2021-12-19
4867,Raghav De,2020-11-01
4868,Rati Cherian,2020-08-26
4869,Shaan Shenoy,2024-09-29
4870,Keya Bhakta,2021-08-20
4871,Faiyaz Tara,2023-07-19
4872,Indranil Chandran,2021-03-06
4873,Prisha Anne,2022-06-29
4874,Pari Bakshi,2020-05-31
4875,Drishya Chopra,2022-01-22
4876,Vanya Singh,2022-09-29
4877,Alisha Lanka,2022-10-10
4878,Purab Mangal,2024-01-20
4879,Baiju Jani,2021-08-10
4880,Tarini Boase,2024-12-18
4881,Nishith Divan,2024-01-23
4882,Zain Seshadri,2020-09-07
4883,Kavya Ravi,2024-03-11
4884,Vardaniya Kala,2021-08-23
4885,Khushi Shetty,2024-06-25
4886,Heer Lanka,2023-06-09
4887,Saanvi Subramaniam,2022-04-22
4888,Anika Saini,2022-03-28
4889,Dhruv Roy,2020-08-24
4890,Tushar Date,2024-02-26
4891,Umang Chokshi,2024-05-17
4892,Akarsh Baria,2024-06-23
4893,Fateh Divan,2023-06-20
4894,Eva Kala,2021-12-10
4895,Emir Dhillon,2021-08-20
4896,Bhamini Luthra,2022-01-19
4897,Misha Chacko,2020-10-04
4898,Aarush Bose,2021-04-29
4899,Divyansh Sarkar,2021-09-12
4900,Badal Samra,2021-01-05
4901,Divit Bhatti,2021-03-29
4902,Samarth Grover,2020-05-06
4903,Abram Chokshi,2024-05-04
4904,Samiha Bhatti,2020-07-05
4905,Anika Ghosh,2023-01-04
4906,Ahana  Kala,2022-06-22
4907,Elakshi Loyal,2023-10-05
4908,Vivaan Deol,2023-05-24
4909,Dishani Vasa,2025-01-08
4910,Indrajit Dutt,2020-09-11
4911,Vritika Dar,2020-12-21
4912,Piya Kapadia,2022-05-04
4913,Lagan Lanka,2024-10-08
4914,Biju Anne,2022-12-23
4915,Dishani Sami,2021-06-23
4916,Divij Vyas,2025-01-09
4917,Zain Bala,2022-07-05
4918,Shamik Kashyap,2020-09-12
4919,Chirag Toor,2022-12-28
4920,Kismat Kata,2021-05-20
4921,Drishya Ben,2022-07-30
4922,Hrishita Srinivasan,2023-03-22
4923,Nitara Walla,2022-02-09
4924,Krish Jain,2020-11-01
4925,Jayan Bawa,2021-06-11
4926,Anahi Karan,2023-03-03
4927,Veer Kala,2024-05-03
4928,Zoya Sandal,2022-08-11
4929,Vaibhav Kala,2022-01-30
4930,Yuvaan Sehgal,2024-11-07
4931,Onkar Vyas,2021-06-24
4932,Romil Reddy,2024-02-14
4933,Anahi Grover,2024-05-06
4934,Raghav Kurian,2024-11-24
4935,Kimaya Bera,2021-09-07
4936,Alia Chahal,2022-11-11
4937,Elakshi Raja,2025-02-27
4938,Raunak Ghosh,2023-05-26
4939,Gatik Lad,2024-09-18
4940,Gokul Vasa,2023-09-29
4941,Dhruv Sethi,2022-05-09
4942,Indrajit Chaudhary,2020-03-09
4943,Alisha Soni,2021-01-27
4944,Zain Bhandari,2021-05-10
4945,Rati Ramanathan,2024-11-11
4946,Gokul Reddy,2023-07-03
4947,Reyansh Deep,2023-05-07
4948,Pihu Yadav,2023-11-28
4949,Seher Kashyap,2024-02-18
4950,Drishya Barman,2023-11-25
4951,Shalv Dhawan,2020-09-16
4952,Vidur Mani,2021-12-15
4953,Aaina Dass,2022-06-02
4954,Inaaya  Vaidya,2021-11-29
4955,Tanya Mander,2021-11-13
4956,Azad Saraf,2022-12-24
4957,Alisha Chana,2021-10-30
4958,Chirag Chanda,2021-10-31
4959,Ranbir Lalla,2022-11-12
4960,Kiara Vaidya,2024-09-23
4961,Alisha Vohra,2024-08-17
4962,Diya Loke,2020-05-11
4963,Ishaan Sharma,2023-05-12
4964,Saanvi Shankar,2022-09-28
4965,Damini Dhar,2023-07-15
4966,Shayak Goyal,2021-09-12
4967,Jivin Som,2024-03-31
4968,Chirag Batra,2021-03-25
4969,Abram Chatterjee,2022-10-31
4970,Samaira Suri,2022-10-16
4971,Manikya Swaminathan,2021-09-26
4972,Advika Kara,2022-01-24
4973,Seher Baria,2021-08-17
4974,Aayush Chahal,2024-10-17
4975,Hrishita Dhar,2022-05-24
4976,Zara Mahal,2023-09-30
4977,Nitara Shenoy,2024-02-28
4978,Lagan Chand,2021-06-21
4979,Ojas Vohra,2020-04-18
4980,Shalv Dar,2023-10-14
4981,Tanya Setty,2022-03-22
4982,Suhana Lal,2024-11-25
4983,Adah Bahl,2021-01-16
4984,Anvi Baral,2023-06-02
4985,Darshit Sharma,2020-12-25
4986,Aayush Deol,2023-05-24
4987,Rhea Sachdev,2022-09-13
4988,Jayesh Bhavsar,2025-01-19
4989,Eva Warrior,2021-12-24
4990,Seher Dave,2021-09-18
4991,Devansh Kuruvilla,2024-04-30
4992,Tarini Mammen,2024-02-01
4993,Alia Seth,2024-02-28
4994,Jayan Yadav,2021-09-10
4995,Kimaya Rajagopalan,2023-05-18
4996,Heer Bora,2022-02-25
4997,Jiya Chand,2023-02-11
4998,Anahi Dugar,2024-06-19
4999,Ishita Yogi,2020-10-17
5000,Hazel Kari,2024-02-17
5001,Raunak Sangha,2023-03-04
5002,Vritika Lad,2023-08-08
5003,Yuvaan Babu,2020-09-08
5004,Amani Ratti,2022-07-29
5005,Jayesh Jhaveri,2022-02-16
5006,Adah Seshadri,2020-10-20
5007,Abram Swaminathan,2022-11-29
5008,Shalv Handa,2022-10-04
5009,Miraan Bansal,2021-03-07
5010,Onkar Sahota,2024-08-02
5011,Kabir Dubey,2023-01-15
5012,Zoya Kunda,2022-06-27
5013,Urvi Mahajan,2022-11-24
5014,Reyansh Iyer,2024-05-12
5015,Aaryahi Mane,2020-07-18
5016,Miraya Keer,2024-04-11
5017,Aradhya Chawla,2025-02-12
5018,Faiyaz Sarma,2021-07-17
5019,Mannat Chada,2023-07-28
5020,Ryan Yohannan,2024-02-11
5021,Vivaan Sami,2020-11-26
5022,Misha Sarin,2021-12-09
5023,Zain Mandal,2020-07-27
5024,Dhanuk Chokshi,2023-11-04
5025,Vidur Ghose,2024-07-07
5026,Eshani Bhatnagar,2024-01-04
5027,Abram Krishna,2022-06-19
5028,Purab Keer,2021-02-11
5029,Aarav Bains,2023-01-08
5030,Neelofar Mander,2020-12-24
5031,Vanya Ghosh,2021-01-04
5032,Suhana Sengupta,2021-12-24
5033,Advika Tandon,2023-07-28
5034,Jhanvi Raju,2024-11-08
5035,Tiya Soni,2022-01-09
5036,Divyansh Tank,2024-12-20
5037,Lavanya Borra,2021-10-28
5038,Zoya Chauhan,2023-12-16
5039,Eva Sodhi,2024-12-31
5040,Sahil Samra,2024-05-14
5041,Kismat Ratta,2020-04-05
5042,Lakshit Zachariah,2022-05-19
5043,Anvi Bhandari,2023-11-07
5044,Khushi Sen,2022-08-11
5045,Hrishita Kapoor,2022-07-25
5046,Nirvaan Rajagopalan,2022-12-21
5047,Ishaan Mannan,2021-12-15
5048,Kashvi Walla,2020-08-02
5049,Arnav Ramesh,2021-06-10
5050,Lakshit Koshy,2021-03-06
5051,Navya Sami,2020-05-13
5052,Samaira Char,2021-07-11
5053,Nayantara Rao,2021-03-28
5054,Ahana  Shroff,2024-11-10
5055,Aarush Bhat,2024-04-07
5056,Ivana Banerjee,2024-05-11
5057,Zain Choudhury,2024-10-21
5058,Romil Kuruvilla,2023-07-25
5059,Dharmajan Mangal,2022-09-15
5060,Divij Suresh,2020-09-04
5061,Advik Loke,2021-12-21
5062,Ira Bhatt,2024-04-26
5063,Shayak Shetty,2021-07-20
5064,Saira Din,2020-05-24
5065,Uthkarsh Verma,2022-07-18
5066,Aarna Maharaj,2023-01-07
5067,Hunar Barad,2024-03-05
5068,Yashvi Magar,2023-10-22
5069,Zain Shere,2020-07-19
5070,Romil Ramesh,2022-07-17
5071,Hrishita Cheema,2020-06-29
5072,Jayant Chana,2024-03-29
5073,Kartik Sekhon,2024-12-15
5074,Navya Sahni,2020-12-25
5075,Bhavin Sen,2023-07-08
5076,Pari Dey,2020-12-11
5077,Sumer Vala,2021-02-23
5078,Aniruddh Rajagopal,2024-06-25
5079,Kartik Deshmukh,2023-04-28
5080,Bhavin Hayre,2021-08-13
5081,Advik Boase,2023-01-20
5082,Lagan Vora,2020-09-29
5083,Madhup Basak,2022-11-28
5084,Armaan Sundaram,2024-03-31
5085,Madhup Rege,2020-12-15
5086,Akarsh Dixit,2025-01-03
5087,Mamooty Bhatnagar,2024-11-26
5088,Ishaan Mahajan,2024-02-26
5089,Shalv Shah,2024-07-31
5090,Manikya Chana,2021-08-21
5091,Mehul Sampath,2020-04-22
5092,Gatik Dass,2021-05-27
5093,Nayantara Mangat,2020-10-15
5094,Nitara Grover,2024-04-19
5095,Pari Lad,2024-04-16
5096,Kashvi Brar,2020-12-23
5097,Inaaya  Bava,2022-03-02
5098,Fateh Toor,2024-10-21
5099,Nitya Kata,2020-03-22
5100,Fateh Atwal,2022-06-08
5101,Ishita Dalal,2025-01-21
5102,Madhav Borah,2024-09-03
5103,Shaan Yogi,2020-05-28
5104,Biju Badal,2024-10-27
5105,Shayak Ben,2024-06-20
5106,Indrajit Sridhar,2023-06-28
5107,Aaryahi Sood,2024-09-10
5108,Tara Sengupta,2020-06-24
5109,Ela Joshi,2023-05-19
5110,Samarth Kala,2020-10-08
5111,Yuvaan Bhatt,2025-01-26
5112,Lakshay Sampath,2023-07-10
5113,Myra Varghese,2023-11-24
5114,Shray Rastogi,2020-04-05
5115,Tara Mahajan,2023-03-05
5116,Lavanya Jayaraman,2023-11-21
5117,Pranay Dhar,2022-08-29
5118,Gatik Solanki,2024-05-27
5119,Ranbir Gopal,2020-12-11
5120,Tarini Kothari,2023-04-02
5121,Madhav Raj,2023-02-25
5122,Kiaan Saraf,2023-11-02
5123,Ira Comar,2020-11-26
5124,Mamooty Dasgupta,2024-09-23
5125,Hazel Bora,2024-05-14
5126,Ira Gupta,2022-10-09
5127,Advika Chad,2024-04-17
5128,Mamooty Subramanian,2024-01-29
5129,Kabir Chowdhury,2024-10-17
5130,Shray Sura,2022-04-21
5131,Hazel Krishnamurthy,2024-08-17
5132,Advika Karnik,2023-06-02
5133,Indrans Sidhu,2020-04-06
5134,Amani Hora,2021-05-01
5135,Kiaan Gara,2021-09-28
5136,Khushi Balay,2023-06-24
5137,Ishaan Jayaraman,2023-07-24
5138,Aaryahi Bajaj,2024-08-21
5139,Urvi Kannan,2022-01-08
5140,Yakshit Vaidya,2022-10-08
5141,Neysa Kala,2024-08-08
5142,Hansh Atwal,2023-01-02
5143,Vaibhav Chaudhry,2022-09-20
5144,Lagan Amble,2024-09-30
5145,Anika Kanda,2022-06-15
5146,Veer Gara,2024-12-03
5147,Sana Yadav,2023-07-04
5148,Aaryahi Babu,2021-04-26
5149,Purab Thaman,2023-06-01
5150,Chirag Sundaram,2020-12-04
5151,Kanav Bose,2020-06-07
5152,Ela Das,2024-05-13
5153,Ishaan Chandran,2022-04-14
5154,Charvi Sunder,2024-02-04
5155,Diya Hayer,2024-11-06
5156,Badal Kakar,2023-09-04
5157,Baiju Chakraborty,2021-12-08
5158,Hridaan Kant,2021-12-26
5159,Madhup Doctor,2020-07-13
5160,Prerak Sawhney,2021-11-13
5161,Shalv Kala,2023-06-22
5162,Oorja Jani,2023-03-11
5163,Navya Varma,2020-07-10
5164,Keya Wable,2021-07-21
5165,Madhav Choudhury,2021-11-21
5166,Ranbir Bava,2023-02-21
5167,Lavanya Seshadri,2021-11-13
5168,Emir Saini,2021-11-05
5169,Dhruv Kunda,2024-02-04
5170,Kanav Dalal,2021-11-06
5171,Aniruddh Jhaveri,2021-12-23
5172,Shray Bajaj,2021-07-06
5173,Vivaan Mander,2022-04-10
5174,Zara Chawla,2022-01-22
5175,Lakshit Thakkar,2023-02-20
5176,Vritika Kothari,2022-11-11
5177,Amira Bhandari,2022-11-27
5178,Dharmajan Manne,2021-11-12
5179,Purab Chakrabarti,2021-09-19
5180,Keya Agarwal,2022-11-16
5181,Samiha Mall,2023-07-14
5182,Yuvraj  Kant,2022-02-11
5183,Ranbir Sehgal,2020-08-23
5184,Kiaan Sharaf,2021-08-26
5185,Ritvik Dash,2020-12-10
5186,Mannat Sachar,2021-12-01
5187,Aayush Kannan,2021-04-16
5188,Drishya Solanki,2021-01-29
5189,Devansh Sidhu,2021-07-26
5190,Zara Khanna,2024-05-29
5191,Ivan Viswanathan,2021-06-20
5192,Advik Ben,2024-03-05
5193,Nakul Sethi,2021-04-08
5194,Jivika Balay,2023-01-31
5195,Romil Kulkarni,2024-04-26
5196,Dhanush Mand,2022-10-20
5197,Chirag Viswanathan,2020-08-10
5198,Yakshit Babu,2023-05-27
5199,Abram Apte,2021-08-12
5200,Eva Dugal,2023-02-18
5201,Reyansh Issac,2023-03-01
5202,Nishith Dass,2020-07-16
5203,Uthkarsh Malhotra,2023-10-11
5204,Veer Walla,2024-05-18
5205,Zoya Thakkar,2023-12-12
5206,Tiya Hegde,2022-05-10
5207,Shalv Raval,2020-03-26
5208,Divij Krishna,2022-08-22
5209,Seher Kadakia,2023-03-03
5210,Mehul Sachar,2023-04-20
5211,Pihu Bahl,2020-12-01
5212,Darshit Thaker,2021-11-26
5213,Alia Baria,2022-09-26
5214,Ojas Dugar,2020-10-03
5215,Rohan Suresh,2024-12-20
5216,Yuvaan Rout,2024-07-28
5217,Heer Yadav,2022-12-04
5218,Purab Shenoy,2022-02-10
5219,Aayush Shere,2024-12-20
5220,Veer Batra,2023-05-08
5221,Vivaan Gulati,2022-07-10
5222,Badal Chaudhry,2024-05-16
5223,Mishti Gera,2020-04-12
5224,Mehul Chander,2023-03-14
5225,Divit Guha,2024-11-02
5226,Divij Tata,2021-06-23
5227,Jayan Ghosh,2021-10-06
5228,Uthkarsh Basu,2023-03-30
5229,Prisha Yohannan,2021-02-24
5230,Vivaan Anand,2022-03-26
5231,Farhan Tailor,2021-10-04
5232,Aayush Barman,2021-03-19
5233,Nayantara Kapoor,2022-12-13
5234,Keya Trivedi,2021-09-29
5235,Elakshi Choudhary,2024-01-29
5236,Charvi Dalal,2021-10-30
5237,Kiaan Goda,2020-12-07
5238,Ivana Subramaniam,2025-03-05
5239,Ivana Ramachandran,2022-10-02
5240,Rania Gola,2020-08-30
5241,Onkar Hans,2024-03-22
5242,Raunak Brar,2020-03-26
5243,Vihaan Doctor,2022-01-20
5244,Kiara Bhatti,2021-05-10
5245,Jiya Joshi,2025-01-31
5246,Ahana  Iyengar,2020-12-06
5247,Anika Varty,2021-12-09
5248,Hrishita Hora,2025-01-18
5249,Bhamini Bandi,2023-03-24
5250,Eshani Deo,2024-01-04
5251,Rati Lanka,2023-07-18
5252,Purab Anne,2021-07-06
5253,Ranbir Mane,2022-06-20
5254,Shayak Lalla,2022-04-29
5255,Adira Dhillon,2022-06-18
5256,Kimaya Date,2023-09-26
5257,Nirvaan Verma,2024-06-29
5258,Advika Brar,2024-08-01
5259,Riya Dar,2023-06-01
5260,Vaibhav Chaudhary,2023-07-20
5261,Anvi Ravi,2024-03-17
5262,Nitara Basak,2022-09-27
5263,Zoya Sundaram,2021-02-15
5264,Anahi Saha,2022-03-16
5265,Heer Rau,2022-10-20
5266,Hrishita Acharya,2023-06-05
5267,Saksham Sarma,2022-06-02
5268,Yuvaan Bajaj,2020-11-17
5269,Madhav Dass,2023-04-20
5270,Arnav Rout,2021-11-07
5271,Navya Karnik,2021-04-25
5272,Pihu Vyas,2021-01-31
5273,Jhanvi Kala,2020-12-08
5274,Stuvan Doctor,2021-12-25
5275,Divij Dara,2021-07-06
5276,Divyansh Saran,2020-06-13
5277,Anahi Dash,2020-07-11
5278,Stuvan Guha,2020-05-04
5279,Tarini Reddy,2023-03-14
5280,Kavya Halder,2023-12-15
5281,Adira Bawa,2022-07-14
5282,Romil Dutt,2021-09-15
5283,Myra Kohli,2023-07-18
5284,Hansh Seth,2021-07-23
5285,Urvi Comar,2021-05-26
5286,Lavanya Soni,2023-06-12
5287,Yuvaan Jaggi,2022-02-11
5288,Dhruv Dugal,2022-07-10
5289,Urvi Taneja,2021-05-15
5290,Hunar Swaminathan,2021-02-08
5291,Dhruv Kunda,2024-09-13
5292,Dhruv Gaba,2022-08-01
5293,Madhup Batra,2021-07-12
5294,Divij Chad,2022-04-27
5295,Aayush Magar,2023-08-12
5296,Ishita Saini,2022-04-26
5297,Jiya Tiwari,2020-10-11
5298,Eva Warrior,2021-03-09
5299,Trisha Chaudhuri,2024-04-15
5300,Nirvi Deo,2021-04-20
5301,Khushi Bajwa,2021-08-17
5302,Darshit Dara,2023-05-07
5303,Dhruv Tandon,2020-08-25
5304,Tara Behl,2022-08-08
5305,Misha Baria,2024-03-29
5306,Mohanlal Bhatti,2021-04-22
5307,Abram Kala,2023-12-08
5308,Dharmajan Gara,2025-02-08
5309,Rohan Dugar,2022-01-23
5310,Sumer Tailor,2021-03-27
5311,Badal Kuruvilla,2022-01-30
5312,Zeeshan Babu,2021-04-12
5313,Priyansh Balay,2023-08-03
5314,Hridaan Mandal,2024-08-27
5315,Armaan Tripathi,2021-02-10
5316,Sumer Ray,2023-06-04
5317,Armaan Savant,2023-01-28
5318,Shaan Sabharwal,2022-07-04
5319,Tushar Khanna,2022-07-05
5320,Mohanlal Bhagat,2022-10-27
5321,Ryan Sampath,2023-04-13
5322,Yakshit Subramaniam,2023-01-02
5323,Mohanlal Chaudhry,2024-04-30
5324,Aarav Joshi,2024-10-27
5325,Navya Vig,2024-03-31
5326,Vritika Krish,2021-06-30
5327,Kanav Gill,2022-10-09
5328,Hazel Buch,2023-03-28
5329,Hrishita Wadhwa,2023-01-07
5330,Aradhya Johal,2021-12-09
5331,Gatik Manne,2020-09-27
5332,Zara Khalsa,2023-10-09
5333,Neelofar Deo,2021-06-13
5334,Nirvi Talwar,2023-05-29
5335,Ryan Venkatesh,2023-11-11
5336,Navya Kanda,2023-05-23
5337,Divit Roy,2021-02-18
5338,Romil Dass,2024-10-29
5339,Indrans Bhardwaj,2025-01-01
5340,Shanaya Banerjee,2020-04-20
5341,Armaan Barman,2023-08-27
5342,Ira Gade,2024-12-12
5343,Heer Gola,2024-05-22
5344,Vanya Bajwa,2021-04-25
5345,Jayant Chadha,2023-11-10
5346,Bhamini Ratti,2024-12-02
5347,Hrishita Gour,2023-12-09
5348,Advik Singh,2023-09-15
5349,Ojas Mann,2020-03-22
5350,Anya Sunder,2021-05-27
5351,Adah Das,2021-02-13
5352,Vritika Thakur,2020-07-09
5353,Alisha Kuruvilla,2021-04-04
5354,Samiha Din,2023-07-30
5355,Shamik Ben,2023-02-27
5356,Amira Koshy,2022-07-09
5357,Bhavin Kunda,2022-04-15
5358,Nakul Bumb,2025-02-03
5359,Abram Konda,2020-06-21
5360,Trisha Dutta,2024-11-17
5361,Tarini Tak,2020-06-20
5362,Renee Bava,2021-07-07
5363,Ayesha Agrawal,2022-10-31
5364,Shaan Dhawan,2020-04-30
5365,Advik Kurian,2021-05-07
5366,Kabir Dey,2024-04-16
5367,Shayak Kunda,2022-10-18
5368,Anika Goda,2021-08-07
5369,Advik Goel,2020-05-02
5370,Miraya Tank,2020-10-24
5371,Kavya Verma,2024-07-10
5372,Ishaan Hari,2020-03-31
5373,Prisha Dave,2024-10-09
5374,Kabir Khatri,2023-08-14
5375,Rati Bhavsar,2023-04-04
5376,Mannat Manda,2020-04-06
5377,Piya Yohannan,2020-03-09
5378,Drishya Dube,2020-06-02
5379,Ahana  Srinivas,2023-01-02
5380,Aradhya Jha,2023-07-12
5381,Aayush Dhingra,2022-01-16
5382,Rati Ben,2020-08-04
5383,Miraan Gala,2022-05-19
5384,Kanav Sane,2020-06-27
5385,Drishya Brar,2022-12-31
5386,Dishani Dara,2021-12-24
5387,Samiha Golla,2021-01-08
5388,Lakshay Wali,2024-03-09
5389,Bhamini Dyal,2024-05-20
5390,Faiyaz Sheth,2020-04-17
5391,Seher Subramanian,2021-11-26
5392,Onkar Sibal,2023-07-07
5393,Lavanya Goel,2021-04-09
5394,Aradhya Sibal,2023-03-11
5395,Priyansh Apte,2020-11-10
5396,Shamik Bala,2020-04-15
5397,Priyansh Dua,2020-11-27
5398,Damini Gokhale,2024-06-08
5399,Myra Kaur,2020-06-27
5400,Kaira Gopal,2020-11-07
5401,Rohan Warrior,2023-01-27
5402,Rania Bhargava,2020-09-22
5403,Anika Chaudhry,2024-12-16
5404,Diya Loyal,2023-07-26
5405,Jhanvi Gandhi,2023-12-08
5406,Purab Kumar,2022-10-19
5407,Onkar Sharaf,2022-09-19
5408,Indranil Varghese,2023-01-29
5409,Mehul Dash,2020-08-11
5410,Aarav Sabharwal,2020-07-05
5411,Miraan Krishna,2023-05-16
5412,Rasha Seth,2022-02-22
5413,Samar Badami,2023-09-30
5414,Arhaan Agate,2024-06-13
5415,Navya Upadhyay,2021-04-07
5416,Armaan Tata,2020-04-12
5417,Mehul Choudhry,2021-07-04
5418,Prisha Thaman,2022-05-20
5419,Adah Dyal,2021-03-04
5420,Indrajit Gera,2024-09-01
5421,Samarth Chand,2022-07-18
5422,Saanvi Kala,2023-04-28
5423,Hansh Agrawal,2020-12-18
5424,Anay Comar,2022-06-14
5425,Raunak Gole,2020-10-09
5426,Mamooty Chaudhary,2024-02-21
5427,Amira Mall,2023-12-17
5428,Kashvi Saran,2022-02-18
5429,Samiha Rajagopal,2024-05-11
5430,Aarush Mall,2023-03-28
5431,Miraan Kala,2023-02-22
5432,Saira Jaggi,2021-10-04
5433,Parinaaz Chahal,2022-04-17
5434,Madhup Shah,2020-07-15
5435,Rohan Sekhon,2022-11-19
5436,Nirvi Arora,2022-04-05
5437,Suhana Srivastava,2023-02-15
5438,Vanya Bains,2024-11-23
5439,Adira Mandal,2020-08-13
5440,Aarna Chowdhury,2021-06-04
5441,Tanya Thakur,2025-03-01
5442,Nitya Gopal,2021-08-06
5443,Sana Bains,2021-09-12
5444,Riaan Batra,2021-09-13
5445,Krish Soman,2023-06-04
5446,Yashvi Sachdev,2022-08-28
5447,Ryan Bhatti,2020-06-16
5448,Miraan Mallick,2020-05-04
5449,Taimur Walla,2020-12-31
5450,Nirvaan Thakkar,2023-08-28
5451,Bhavin Sharma,2021-01-09
5452,Vedika Tank,2024-06-10
5453,Advika Mani,2023-03-05
5454,Ishita Sarna,2021-11-03
5455,Divit Issac,2021-04-23
5456,Hansh Mallick,2023-01-23
5457,Tanya Ramachandran,2024-04-04
5458,Lagan Ramesh,2021-12-16
5459,Armaan Deep,2024-05-18
5460,Indrajit Goyal,2024-10-19
5461,Zaina Suri,2025-03-01
5462,Stuvan Tella,2020-09-05
5463,Jivin Comar,2021-11-10
5464,Mishti Chaudry,2024-09-23
5465,Adira Sekhon,2020-08-30
5466,Yashvi Dyal,2024-11-18
5467,Akarsh Zacharia,2021-02-04
5468,Ishaan Sengupta,2024-11-12
5469,Sana Borde,2023-09-03
5470,Tara Raju,2022-10-14
5471,Umang Amble,2020-09-30
5472,Piya Sachar,2022-06-14
5473,Veer Sandal,2023-01-01
5474,Rohan Buch,2023-01-01
5475,Pihu Bajwa,2020-08-22
5476,Vaibhav Vaidya,2025-03-04
5477,Rohan Kakar,2024-01-27
5478,Jhanvi Halder,2022-08-14
5479,Nitya Kulkarni,2021-01-07
5480,Tarini Kurian,2022-06-05
5481,Sahil Aggarwal,2020-06-15
5482,Shanaya Devi,2025-01-11
5483,Eshani Bhargava,2021-08-25
5484,Khushi Vora,2022-04-06
5485,Tara Kara,2021-03-07
5486,Nirvi Reddy,2024-09-14
5487,Mahika Kulkarni,2024-10-27
5488,Sumer Chadha,2022-08-24
5489,Aarna Kurian,2024-07-12
5490,Azad Badal,2023-02-16
5491,Anahita Golla,2023-01-26
5492,Akarsh Karpe,2020-08-22
5493,Devansh Khalsa,2021-03-08
5494,Bhamini Balasubramanian,2021-07-23
5495,Gokul Kata,2024-02-15
5496,Hunar Chacko,2020-11-29
5497,Mannat Goel,2021-01-13
5498,Saira Kari,2025-01-20
5499,Samarth Choudhry,2020-05-23
5500,Anahi Varma,2022-06-04
5501,Stuvan Ravel,2023-02-04
5502,Anahi Gopal,2022-09-04
5503,Priyansh Goel,2021-03-22
5504,Heer Koshy,2024-11-24
5505,Suhana Karan,2020-08-17
5506,Tushar Agate,2023-06-16
5507,Akarsh Barad,2022-06-27
5508,Jivin Chaudhry,2024-01-16
5509,Miraya Kade,2025-02-17
5510,Purab Hari,2021-04-28
5511,Lavanya Bahl,2021-03-02
5512,Ayesha Bhatt,2024-02-08
5513,Tiya Trivedi,2020-08-07
5514,Eshani Ramanathan,2020-05-26
5515,Jayan Issac,2021-07-05
5516,Priyansh Saini,2024-03-31
5517,Fateh Venkataraman,2024-07-31
5518,Urvi Bains,2023-03-04
5519,Samar Dua,2020-06-05
5520,Romil Wagle,2024-12-26
5521,Ira Mani,2022-04-03
5522,Biju Baral,2022-12-25
5523,Kiara Bhandari,2020-09-18
5524,Drishya Mandal,2020-07-09
5525,Aaina Sankar,2020-07-18
5526,Neelofar Sarraf,2024-02-24
5527,Charvi Varughese,2024-10-13
5528,Seher Batra,2022-12-24
5529,Hiran Lal,2022-09-13
5530,Khushi Lad,2021-09-06
5531,Zara Desai,2024-10-24
5532,Purab Chaudhari,2023-10-18
5533,Tushar Khatri,2021-08-04
5534,Jivin Madan,2024-06-02
5535,Lavanya Anand,2024-07-27
5536,Shamik Mangal,2022-02-22
5537,Samar Gara,2024-09-02
5538,Anahita Dara,2023-01-27
5539,Tarini Mahajan,2020-04-27
5540,Pari Bera,2022-01-05
5541,Nirvi Krish,2024-03-26
5542,Armaan Batta,2024-01-31
5543,Aarna Magar,2022-09-03
5544,Khushi Gupta,2024-05-13
5545,Ishaan Tripathi,2024-02-03
5546,Raunak Kala,2020-11-09
5547,Lagan Savant,2024-01-22
5548,Parinaaz Tank,2023-06-07
5549,Yashvi Yohannan,2022-11-09
5550,Emir Sahota,2022-04-12
5551,Tarini Contractor,2020-03-20
5552,Ritvik Rau,2021-03-09
5553,Zeeshan Sankar,2022-10-23
5554,Anvi Chandra,2023-11-07
5555,Sana Kibe,2024-08-18
5556,Pari Chaudhry,2021-07-31
5557,Khushi Varghese,2024-01-19
5558,Ivan Lalla,2023-05-09
5559,Vidur Chad,2021-05-12
5560,Saanvi Krishna,2022-08-11
5561,Sahil Tiwari,2023-04-07
5562,Nishith Bandi,2024-05-16
5563,Anika Buch,2022-12-16
5564,Riya Baral,2020-03-25
5565,Akarsh Sankar,2024-12-01
5566,Sara Swamy,2022-12-23
5567,Dhanush Tata,2020-09-08
5568,Ayesha Savant,2023-09-08
5569,Rati Joshi,2024-10-01
5570,Divij Singh,2022-09-15
5571,Anahi Sarma,2021-04-10
5572,Nitara Kaul,2023-11-22
5573,Aaina Gulati,2021-12-07
5574,Zara Sura,2022-05-04
5575,Vritika Choudhary,2022-05-11
5576,Pranay Karpe,2024-09-09
5577,Vanya Madan,2025-03-01
5578,Dhanuk Chaudry,2020-06-29
5579,Hazel Dass,2023-01-16
5580,Renee Sha,2023-07-11
5581,Adah Chanda,2024-09-04
5582,Priyansh Kuruvilla,2023-05-07
5583,Yashvi Dhar,2024-10-08
5584,Alisha Bath,2022-12-22
5585,Anaya Kibe,2024-07-15
5586,Azad Kanda,2024-06-01
5587,Kabir Dayal,2024-11-29
5588,Divij Comar,2022-11-20
5589,Pari Zacharia,2021-08-02
5590,Dhruv Ratti,2022-02-21
5591,Yashvi Mangal,2020-08-12
5592,Darshit Lanka,2021-05-12
5593,Jivin Bhargava,2022-08-14
5594,Aayush Aggarwal,2022-05-21
5595,Ayesha Lanka,2022-02-23
5596,Nakul Dara,2024-07-11
5597,Riaan Wagle,2020-04-29
5598,Rati Lala,2024-05-25
5599,Hiran Yadav,2021-01-14
5600,Eshani Thaman,2024-11-01
5601,Ayesha Saxena,2024-10-11
5602,Dhanuk Butala,2020-03-18
5603,Aayush Chanda,2023-07-09
5604,Anika Dora,2020-12-19
5605,Mahika Kannan,2024-03-04
5606,Anya Subramanian,2022-07-23
5607,Shamik Hans,2022-11-29
5608,Farhan Vohra,2020-10-21
5609,Ehsaan Bali,2022-08-31
5610,Sara Lala,2024-05-25
5611,Hiran Krishnan,2023-11-04
5612,Sumer Sangha,2021-01-07
5613,Mamooty Ahuja,2022-09-20
5614,Chirag Khosla,2020-11-28
5615,Aradhya Borde,2024-08-08
5616,Khushi Dey,2022-08-28
5617,Dhanuk Dube,2024-12-12
5618,Lavanya Chaudry,2023-12-09
5619,Shray Sehgal,2022-08-20
5620,Himmat Dhaliwal,2023-07-26
5621,Diya Dayal,2024-05-12
5622,Rohan Bedi,2023-03-10
5623,Nishith Gulati,2022-01-14
5624,Nayantara Konda,2021-09-23
5625,Neelofar Amble,2023-01-22
5626,Raunak Bora,2020-08-20
5627,Indrajit Varghese,2021-07-21
5628,Eshani Varma,2022-08-31
5629,Miraan Ram,2022-01-25
5630,Akarsh Chad,2020-06-21
5631,Alisha Swaminathan,2023-02-01
5632,Kaira Dey,2022-08-18
5633,Rhea Raja,2020-05-22
5634,Lagan Shere,2021-03-02
5635,Taimur Gupta,2023-10-03
5636,Piya Hans,2024-12-30
5637,Urvi Chad,2023-03-29
5638,Lakshay Shroff,2024-05-31
5639,Diya Kapadia,2022-06-22
5640,Jayant Bava,2024-10-07
5641,Anay Anne,2022-04-01
5642,Ivana Gopal,2021-01-27
5643,Nitara Som,2023-03-09
5644,Rania Din,2020-08-01
5645,Dharmajan Char,2021-02-24
5646,Jayesh Choudhry,2023-09-16
5647,Rasha Biswas,2023-02-08
5648,Ela Lanka,2022-08-14
5649,Renee Ganesh,2020-05-25
5650,Saira Badami,2020-09-27
5651,Hridaan Lalla,2020-09-02
5652,Ishita Sem,2020-07-28
5653,Azad Khalsa,2020-10-11
5654,Pari Krishnamurthy,2024-10-06
5655,Mahika Vora,2021-11-03
5656,Samaira Master,2021-08-20
5657,Jhanvi Setty,2024-03-22
5658,Gokul Ratta,2023-04-28
5659,Lakshit Handa,2023-08-05
5660,Ishaan Dey,2020-05-26
5661,Jivika Lata,2025-01-28
5662,Devansh Guha,2020-10-06
5663,Keya Sarna,2020-11-30
5664,Piya Konda,2024-10-13
5665,Nirvaan Dar,2021-11-27
5666,Badal Cheema,2022-04-12
5667,Dharmajan Kaur,2020-11-19
5668,Aayush Sampath,2021-11-19
5669,Alisha Sarkar,2024-04-24
5670,Ishaan Sawhney,2022-07-20
5671,Anahi Batra,2020-07-26
5672,Jiya Taneja,2024-05-14
5673,Chirag Lall,2020-09-12
5674,Faiyaz Karnik,2020-08-08
5675,Jiya Dalal,2023-12-24
5676,Nehmat Mander,2020-06-06
5677,Arnav Sekhon,2023-08-26
5678,Siya Batra,2024-06-26
5679,Indranil Bhasin,2022-10-28
5680,Rohan Sunder,2020-05-17
5681,Vidur Walla,2024-08-25
5682,Eva Bhagat,2023-02-02
5683,Kashvi Dani,2023-05-07
5684,Shanaya Kumer,2023-07-30
5685,Pihu Mahal,2023-04-16
5686,Sahil Choudhary,2020-05-21
5687,Prerak Lata,2023-06-04
5688,Rhea Ghosh,2020-04-21
5689,Vritika Chaudry,2021-04-27
5690,Adah Bumb,2023-12-12
5691,Vihaan Sankar,2021-08-03
5692,Kiaan Suri,2021-05-23
5693,Nirvi Devi,2023-12-26
5694,Bhavin Kata,2021-06-27
5695,Anay Tailor,2024-10-09
5696,Biju Reddy,2023-06-16
5697,Mishti Bera,2024-01-30
5698,Azad Kala,2021-03-16
5699,Alisha Hora,2021-11-21
5700,Vidur Kar,2023-05-27
5701,Sumer Doshi,2024-01-19
5702,Alisha Chanda,2022-12-12
5703,Emir Chokshi,2022-04-21
5704,Neysa Divan,2025-01-30
5705,Aayush Sibal,2023-09-26
5706,Aaryahi Samra,2023-09-15
5707,Anahi Ranganathan,2023-12-23
5708,Zain Bora,2022-08-23
5709,Romil Jaggi,2022-11-23
5710,Hunar Butala,2020-05-21
5711,Devansh Bath,2024-09-08
5712,Neelofar Ramachandran,2021-10-14
5713,Rohan Chaudhry,2024-04-10
5714,Pihu Hora,2021-02-13
5715,Vidur Mammen,2021-10-16
5716,Farhan Banik,2023-01-22
5717,Kashvi Bawa,2020-04-30
5718,Nehmat Jhaveri,2020-03-20
5719,Shlok Bhagat,2021-07-27
5720,Abram Toor,2023-06-18
5721,Sara Solanki,2023-10-17
5722,Raghav Krishnan,2021-11-01
5723,Tarini Hayre,2024-01-16
5724,Veer Karnik,2023-11-25
5725,Raghav Rastogi,2021-08-08
5726,Azad Virk,2023-01-09
5727,Urvi Vaidya,2022-02-09
5728,Advika Iyengar,2022-09-08
5729,Sana Date,2022-07-01
5730,Aaina Mahajan,2024-10-28
5731,Anahita Dhillon,2022-08-04
5732,Anvi Bajwa,2024-03-21
5733,Kartik Kar,2020-10-10
5734,Aarna Roy,2024-06-25
5735,Yuvaan Lalla,2020-05-03
5736,Diya Ganesan,2024-07-01
5737,Kashvi Luthra,2024-06-06
5738,Nishith Rau,2022-06-19
5739,Jayan Rajagopalan,2023-07-25
5740,Armaan Bhavsar,2023-07-10
5741,Dhruv Mangal,2021-01-22
5742,Ojas Gola,2022-12-31
5743,Rohan Kamdar,2023-01-10
5744,Bhavin Kapur,2024-07-07
5745,Shayak Hayre,2024-01-07
5746,Siya Kohli,2024-06-11
5747,Miraya Sengupta,2023-04-01
5748,Lagan Ramachandran,2023-04-10
5749,Hunar Bali,2022-04-13
5750,Krish Karnik,2024-07-25
5751,Akarsh Rama,2021-12-16
5752,Romil Ganguly,2021-06-03
5753,Mishti Deshmukh,2021-11-30
5754,Zara Shere,2024-09-22
5755,Samar Dhaliwal,2022-09-28
5756,Nitya Vohra,2020-11-22
5757,Suhana Rao,2023-11-12
5758,Tejas Chaudry,2023-07-21
5759,Tushar Dora,2024-11-20
5760,Myra Sharaf,2024-01-19
5761,Dhruv Walla,2022-07-19
5762,Jiya Kulkarni,2022-03-12
5763,Advik Rattan,2023-11-18
5764,Samar Khare,2025-03-03
5765,Kismat Date,2022-04-28
5766,Zoya Divan,2024-04-05
5767,Prisha Choudhury,2021-06-04
5768,Gatik Roy,2023-04-11
5769,Ela Khatri,2022-08-07
5770,Lagan Dey,2020-03-25
5771,Hiran Raman,2022-10-28
5772,Samaira Bhat,2022-09-05
5773,Gokul Vora,2023-09-23
5774,Lakshit Anand,2020-05-23
5775,Manjari Kale,2024-08-10
5776,Yasmin Ravel,2023-09-10
5777,Anya Chowdhury,2021-02-18
5778,Zoya Wagle,2024-07-03
5779,Vihaan Garde,2022-11-22
5780,Jiya Deo,2022-12-02
5781,Aniruddh Wable,2022-07-22
5782,Dhanuk Agrawal,2020-08-11
5783,Trisha Khanna,2024-02-27
5784,Dhanuk Madan,2022-05-23
5785,Madhav Bhattacharyya,2023-08-21
5786,Kiaan Dani,2023-06-04
5787,Mamooty Virk,2021-05-09
5788,Hrishita Jaggi,2022-10-27
5789,Umang Banerjee,2023-11-10
5790,Trisha Aurora,2021-09-11
5791,Himmat Venkataraman,2023-09-15
5792,Chirag Salvi,2022-07-26
5793,Rati Goyal,2024-02-19
5794,Yashvi Ramesh,2020-05-06
5795,Inaaya  D’Alia,2020-06-10
5796,Dhruv Cherian,2025-02-24
5797,Alia Kant,2024-02-06
5798,Tiya Balan,2024-12-31
5799,Madhav Batta,2021-08-28
5800,Mishti Goda,2022-05-29
5801,Chirag Krishnan,2022-11-09
5802,Shlok Jaggi,2024-06-17
5803,Nitya Venkatesh,2025-01-05
5804,Ira Thakur,2021-07-31
5805,Emir Banik,2024-10-03
5806,Dishani Varghese,2024-08-28
5807,Hansh Kale,2023-04-08
5808,Keya Sharaf,2024-06-19
5809,Purab Thaman,2022-07-23
5810,Ranbir Agate,2023-09-14
5811,Purab Khatri,2024-06-11
5812,Stuvan Sahni,2021-07-14
5813,Aaina Baral,2022-10-12
5814,Yuvraj  Srivastava,2024-01-19
5815,Jayan Ramesh,2020-04-14
5816,Jivika Tank,2020-03-25
5817,Rhea Master,2024-01-14
5818,Seher Chakrabarti,2024-10-17
5819,Tarini Wason,2022-06-26
5820,Suhana Loyal,2023-05-24
5821,Himmat Bahri,2023-02-25
5822,Yuvraj  Sekhon,2022-07-17
5823,Shlok Barman,2024-01-24
5824,Neysa Korpal,2023-01-02
5825,Misha Kara,2022-11-03
5826,Darshit Brahmbhatt,2024-03-07
5827,Raunak Swaminathan,2024-09-22
5828,Renee Bansal,2023-04-10
5829,Divyansh Devi,2020-11-16
5830,Ivana Talwar,2025-02-05
5831,Neelofar Khatri,2020-12-19
5832,Tara Ghose,2021-03-25
5833,Siya Kumer,2020-07-22
5834,Samiha Bhasin,2021-07-04
5835,Pranay Vora,2021-04-05
5836,Mohanlal Zachariah,2024-08-05
5837,Aarav Sengupta,2020-07-21
5838,Dhanuk De,2021-12-19
5839,Ahana  Bajaj,2022-07-08
5840,Aradhya Kadakia,2023-12-03
5841,Krish Mandal,2022-11-12
5842,Arnav Chad,2022-10-02
5843,Darshit Gupta,2021-07-27
5844,Eva Ratti,2020-07-24
5845,Azad Balakrishnan,2020-08-26
5846,Eva Grewal,2020-11-20
5847,Lagan Banik,2020-05-10
5848,Mannat Vyas,2022-01-12
5849,Armaan Boase,2021-05-16
5850,Sana Chacko,2024-12-01
5851,Akarsh Krishna,2023-11-15
5852,Anika Maharaj,2022-01-10
5853,Kabir Chokshi,2024-02-13
5854,Samaira Kakar,2023-03-11
5855,Arnav Basu,2022-10-22
5856,Arnav Gulati,2024-11-15
5857,Elakshi Dasgupta,2022-05-23
5858,Mannat Chauhan,2021-02-16
5859,Tushar Choudhary,2023-03-05
5860,Arhaan Dhingra,2023-09-09
5861,Nirvi Shenoy,2024-05-17
5862,Kavya Sahota,2024-02-28
5863,Samiha Ramanathan,2024-03-16
5864,Zaina Gill,2024-10-18
5865,Kaira Thakur,2021-05-29
5866,Ishaan Tailor,2023-08-12
5867,Bhavin Sami,2022-11-11
5868,Rhea Deep,2022-06-05
5869,Armaan Lata,2020-04-29
5870,Indranil Ganesh,2024-03-30
5871,Himmat Kara,2020-07-02
5872,Onkar Mani,2022-05-23
5873,Saksham Boase,2021-03-18
5874,Inaaya  Upadhyay,2022-06-29
5875,Piya Sankaran,2022-02-10
5876,Jayesh Bandi,2020-08-27
5877,Bhavin Bains,2024-07-06
5878,Hiran Gulati,2020-11-17
5879,Romil Sharaf,2023-06-28
5880,Yuvraj  Koshy,2020-09-24
5881,Vanya Bail,2024-08-04
5882,Arnav Sarraf,2020-04-24
5883,Vanya Dubey,2024-05-05
5884,Nayantara Dani,2024-12-12
5885,Aaina Srinivas,2021-01-27
5886,Rohan Seth,2022-03-03
5887,Pihu Doctor,2023-06-11
5888,Shalv Behl,2022-02-09
5889,Anika Vyas,2021-02-28
5890,Jiya Walla,2020-03-22
5891,Zeeshan Som,2024-05-26
5892,Kashvi Kaur,2021-09-02
5893,Saira Dube,2020-05-20
5894,Arhaan Anand,2022-10-06
5895,Gokul Agate,2024-07-31
5896,Shalv Bedi,2022-03-08
5897,Anika Sem,2020-05-12
5898,Biju Dara,2024-12-17
5899,Eshani Chawla,2022-03-03
5900,Raunak Sarraf,2020-05-10
5901,Shalv Sant,2020-05-23
5902,Farhan Thakur,2020-08-17
5903,Kaira Jain,2022-08-13
5904,Ishita Sarin,2021-07-02
5905,Dhruv Sangha,2022-05-25
5906,Divit Suri,2020-05-26
5907,Hiran Boase,2022-01-30
5908,Divit Gill,2022-04-15
5909,Kartik Sharaf,2020-03-13
5910,Anaya Gara,2021-10-12
5911,Yuvaan Verma,2021-12-16
5912,Kabir Soni,2022-11-13
5913,Aarna Sinha,2022-11-27
5914,Inaaya  Sood,2020-10-02
5915,Gokul Soman,2024-02-18
5916,Shamik Barad,2023-12-02
5917,Tanya Lad,2020-08-05
5918,Rohan Lad,2022-10-14
5919,Amani Dube,2021-06-16
5920,Divyansh Iyengar,2021-03-11
5921,Hiran Verma,2022-05-29
5922,Jivin Bava,2020-12-02
5923,Nakul Ratti,2024-08-20
5924,Hunar Kibe,2022-03-06
5925,Shamik Mallick,2021-06-29
5926,Vidur Sharma,2023-04-10
5927,Arnav Dash,2021-10-24
5928,Ela Sodhi,2021-01-04
5929,Arhaan Desai,2023-08-15
5930,Zara Kalita,2022-07-11
5931,Drishya Mannan,2022-08-27
5932,Lakshay Mane,2020-10-05
5933,Ishita Bhatt,2024-09-15
5934,Krish Garde,2023-07-15
5935,Rania Subramanian,2023-03-31
5936,Amani Upadhyay,2024-12-05
5937,Armaan Gade,2020-03-06
5938,Ryan Raja,2024-04-30
5939,Aradhya Contractor,2020-12-20
5940,Jayesh Comar,2022-08-17
5941,Vardaniya Babu,2024-10-29
5942,Veer Ray,2021-09-02
5943,Ahana  Agate,2023-09-20
5944,Taimur Sengupta,2024-01-19
5945,Navya Chaudhary,2022-04-29
5946,Miraya Chaudhuri,2020-10-08
5947,Aradhya Sinha,2025-02-03
5948,Tushar Banik,2022-03-09
5949,Yasmin Ahuja,2023-06-04
5950,Aniruddh Bhat,2022-11-29
5951,Nayantara Bajwa,2024-10-24
5952,Diya Din,2021-04-01
5953,Ritvik Raj,2022-12-12
5954,Samar Mander,2022-09-07
5955,Advika Chokshi,2024-09-21
5956,Veer Sarma,2024-04-11
5957,Eshani Deshpande,2023-01-15
5958,Rasha Dutt,2021-05-17
5959,Lavanya Sehgal,2023-06-22
5960,Jayesh Krishnamurthy,2022-07-27
5961,Tarini Chauhan,2024-03-13
5962,Ahana  Sidhu,2022-08-19
5963,Ryan Talwar,2021-04-20
5964,Tushar Ramesh,2023-02-25
5965,Oorja Bhattacharyya,2023-11-27
5966,Alia Kashyap,2022-02-22
5967,Piya Bumb,2023-04-17
5968,Mehul Borah,2022-04-27
5969,Amira Ben,2021-04-22
5970,Nitya Chandra,2023-10-09
5971,Ivan Kunda,2023-07-01
5972,Ranbir Bobal,2023-12-19
5973,Kartik Khosla,2020-10-06
5974,Myra Rout,2020-08-12
5975,Alisha Maharaj,2024-09-04
5976,Advik Chana,2021-02-05
5977,Tarini Sharma,2023-06-19
5978,Mannat Sahni,2022-04-20
5979,Madhup Dyal,2023-04-23
5980,Krish Chada,2021-06-24
5981,Manjari Halder,2020-07-08
5982,Aniruddh Sha,2022-01-25
5983,Anaya Singhal,2022-08-18
5984,Lakshay Reddy,2020-12-02
5985,Rati Chauhan,2020-08-16
5986,Vidur Guha,2020-06-06
5987,Zaina Barad,2021-11-13
5988,Misha Ghosh,2024-06-27
5989,Alisha Chana,2022-07-07
5990,Trisha Roy,2024-11-25
5991,Onkar Badami,2020-08-22
5992,Dharmajan Chatterjee,2021-05-12
5993,Vedika Kala,2020-12-16
5994,Raunak Ganesan,2022-04-21
5995,Vritika Loke,2021-12-17
5996,Ishaan Master,2020-07-21
5997,Badal Bhavsar,2024-11-26
5998,Aradhya Sarraf,2021-07-13
5999,Khushi Choudhry,2021-06-08
6000,Zeeshan Rattan,2024-07-23
6001,Tarini Yohannan,2024-10-21
6002,Tarini Soman,2023-05-05
6003,Aniruddh Kamdar,2024-03-18
6004,Shray Chanda,2021-02-24
6005,Raunak Chad,2021-01-01
6006,Uthkarsh Bhatnagar,2022-09-04
6007,Armaan Balakrishnan,2025-02-02
6008,Baiju Gour,2021-09-15
6009,Shray Bumb,2024-05-11
6010,Shanaya Mahajan,2024-03-03
6011,Neysa Chowdhury,2023-09-01
6012,Ahana  Bhasin,2024-03-27
6013,Nitara Amble,2023-04-10
6014,Shamik Soni,2023-09-15
6015,Jayan Bhatti,2021-09-28
6016,Indranil Gaba,2023-05-18
6017,Neysa Rastogi,2022-07-12
6018,Shray Ganesh,2021-09-16
6019,Kavya Basak,2021-04-14
6020,Himmat Kanda,2022-07-29
6021,Onkar Khare,2024-06-30
6022,Dhanush Aggarwal,2022-12-28
6023,Tara Dubey,2021-09-14
6024,Kimaya Mani,2023-09-21
6025,Diya Dixit,2021-04-03
6026,Manikya Shroff,2020-06-06
6027,Vedika Ghose,2024-02-08
6028,Kiaan Shukla,2022-01-06
6029,Prisha Bains,2023-09-24
6030,Kashvi Basak,2020-05-01
6031,Shayak Amble,2022-09-28
6032,Akarsh Keer,2023-05-20
6033,Drishya Johal,2020-11-14
6034,Ivan Sethi,2021-03-29
6035,Aaryahi Dayal,2024-12-20
6036,Shaan Maharaj,2023-02-18
6037,Vaibhav Varghese,2020-08-12
6038,Lakshay Chhabra,2022-05-01
6039,Kashvi Gulati,2020-05-04
6040,Aarav Tella,2022-06-02
6041,Arnav Cheema,2023-03-08
6042,Arnav Sane,2023-09-20
6043,Jiya Sampath,2022-03-06
6044,Renee Shanker,2022-02-21
6045,Aradhya Chad,2021-04-01
6046,Ira Anand,2021-03-22
6047,Sana Bora,2023-03-06
6048,Darshit Chahal,2023-02-14
6049,Ehsaan Mahajan,2021-01-25
6050,Rasha Comar,2022-01-27
6051,Lakshay Kapadia,2022-07-09
6052,Aarush Ray,2024-05-11
6053,Mishti Trivedi,2021-11-28
6054,Baiju Lad,2022-10-11
6055,Reyansh Bhasin,2020-05-25
6056,Lakshay Gandhi,2023-04-28
6057,Arnav Kara,2022-09-10
6058,Samaira Lala,2024-06-15
6059,Purab D’Alia,2021-01-14
6060,Tiya Wason,2023-06-16
6061,Hrishita Zacharia,2024-07-23
6062,Anahita Chopra,2021-12-03
6063,Myra Sami,2022-10-16
6064,Saanvi Sandhu,2023-10-28
6065,Lakshay Bhatnagar,2020-06-10
6066,Heer Dhillon,2023-06-17
6067,Saira Chowdhury,2023-05-28
6068,Shalv Dhawan,2020-07-13
6069,Divyansh Behl,2022-02-27
6070,Ayesha Raman,2024-12-12
6071,Chirag Lala,2020-11-01
6072,Rohan Rama,2024-05-21
6073,Kanav Varkey,2024-12-22
6074,Vanya Bhalla,2021-09-12
6075,Madhup Sama,2021-10-01
6076,Hansh Kala,2020-05-04
6077,Neysa Thaker,2020-05-19
6078,Bhamini Samra,2024-06-03
6079,Anika Bassi,2021-10-02
6080,Biju Ben,2020-08-17
6081,Charvi Mahajan,2024-08-13
6082,Bhavin Konda,2020-12-08
6083,Aaina Khosla,2023-02-22
6084,Anahi Gill,2020-04-01
6085,Miraya Dutt,2021-12-10
6086,Arhaan Lalla,2020-07-22
6087,Vedika Behl,2023-05-24
6088,Yakshit Rajagopalan,2021-05-10
6089,Rania Thakur,2020-05-31
6090,Adah Ganesh,2020-10-25
6091,Dharmajan Kapadia,2020-03-08
6092,Ela Krishnan,2023-02-18
6093,Saksham Jain,2025-01-27
6094,Aayush Tripathi,2024-11-06
6095,Anvi Tandon,2021-04-21
6096,Zara Mander,2021-06-06
6097,Saksham Barad,2020-03-27
6098,Tarini Chada,2025-02-06
6099,Kimaya Hegde,2025-02-22
6100,Prerak Gole,2024-04-05
6101,Madhup Thakkar,2024-01-23
6102,Nayantara Karnik,2020-05-22
6103,Devansh Dyal,2021-02-01
6104,Kiaan Rege,2022-05-21
6105,Jayan Soni,2021-05-29
6106,Divyansh Krish,2023-06-17
6107,Aaina Sibal,2020-10-07
6108,Ojas Trivedi,2020-06-28
6109,Ivana Tak,2022-11-02
6110,Zaina Sarma,2022-04-17
6111,Shlok Deo,2021-02-19
6112,Amani Date,2021-01-25
6113,Abram Kata,2021-08-06
6114,Kashvi Rattan,2020-10-06
6115,Priyansh Borde,2023-06-26
6116,Sana Bhagat,2023-08-08
6117,Ivana Chander,2020-08-26
6118,Ritvik Karpe,2021-02-17
6119,Yakshit Batra,2021-01-20
6120,Sara Wason,2020-06-19
6121,Shlok Batra,2023-07-04
6122,Kartik Singhal,2021-08-03
6123,Divit Lala,2023-06-07
6124,Lakshay Mall,2024-08-05
6125,Farhan Gara,2021-07-12
6126,Vihaan Buch,2023-06-18
6127,Dhruv Tripathi,2021-05-13
6128,Kiara Setty,2021-11-03
6129,Kabir Hora,2021-01-16
6130,Samarth Kashyap,2024-08-14
6131,Rhea Chaudhry,2021-03-18
6132,Samarth Rajagopalan,2023-03-25
6133,Kiaan Gade,2021-12-24
6134,Shamik Sahota,2021-11-29
6135,Dishani Madan,2021-10-26
6136,Baiju Gade,2020-08-08
6137,Jayan Varkey,2022-10-02
6138,Pihu Karan,2023-07-14
6139,Damini Kothari,2024-12-30
6140,Suhana Kanda,2020-07-15
6141,Khushi Saini,2023-02-04
6142,Yasmin Cheema,2024-04-11
6143,Oorja Seth,2024-03-02
6144,Damini Madan,2024-06-28
6145,Shlok Master,2024-03-25
6146,Jivika Zacharia,2024-11-20
6147,Raghav Khatri,2023-08-12
6148,Myra Sen,2023-12-20
6149,Lavanya Sekhon,2020-05-02
6150,Anvi Mand,2024-03-30
6151,Nakul Mahal,2023-05-31
6152,Kavya Golla,2024-09-11
6153,Jayan Rajagopal,2020-11-29
6154,Purab Bhat,2023-01-13
6155,Yakshit Lanka,2023-03-18
6156,Myra Halder,2021-06-10
6157,Stuvan Bali,2023-09-22
6158,Tanya Chacko,2023-01-17
6159,Bhamini Kala,2023-05-11
6160,Ishita Kuruvilla,2024-04-03
6161,Divij Kar,2020-09-13
6162,Nirvaan Kadakia,2022-01-25
6163,Keya Kale,2020-06-27
6164,Devansh Apte,2021-11-18
6165,Taimur Dutta,2021-02-15
6166,Pihu Amble,2024-02-13
6167,Shanaya Dar,2024-04-13
6168,Amani Chanda,2021-06-29
6169,Rohan Bhavsar,2020-07-06
6170,Zeeshan Subramanian,2023-08-29
6171,Yuvaan Buch,2022-08-24
6172,Onkar Manda,2022-12-20
6173,Shalv Tandon,2021-10-21
6174,Raunak Buch,2024-10-26
6175,Nitya Bhalla,2023-04-07
6176,Devansh Raj,2022-10-17
6177,Yakshit Bhattacharyya,2021-05-02
6178,Saira Virk,2023-12-25
6179,Sumer Ranganathan,2022-12-29
6180,Advik Bhakta,2024-08-26
6181,Manikya Acharya,2021-09-26
6182,Zain Dasgupta,2021-11-13
6183,Aaryahi Setty,2022-01-15
6184,Mamooty Rege,2024-05-17
6185,Ranbir Mammen,2023-04-04
6186,Renee Rajan,2023-06-19
6187,Zaina Cheema,2022-06-10
6188,Ivana Rau,2025-01-20
6189,Mahika Kaul,2021-06-01
6190,Nirvaan Krishnamurthy,2024-09-12
6191,Romil Vig,2023-01-24
6192,Indrans Madan,2020-06-27
6193,Ojas Sarma,2024-05-23
6194,Diya Tata,2023-05-09
6195,Adira Handa,2024-04-01
6196,Emir Bir,2021-04-24
6197,Romil Balan,2024-05-03
6198,Vritika Dash,2024-03-12
6199,Diya Sur,2022-01-19
6200,Eshani Shankar,2022-12-22
6201,Nirvi Gade,2022-05-29
6202,Aarav Sankaran,2022-08-05
6203,Jayan Khosla,2023-08-29
6204,Eva Kapur,2023-03-23
6205,Trisha Zachariah,2020-06-16
6206,Neelofar Amble,2022-09-07
6207,Hrishita Magar,2021-01-03
6208,Shray Devi,2021-12-12
6209,Aayush Ramachandran,2024-09-17
6210,Gatik Raval,2021-05-27
6211,Vihaan Dyal,2023-12-21
6212,Pihu Lata,2023-01-26
6213,Diya Barman,2023-02-07
6214,Arnav Sur,2021-12-12
6215,Ehsaan Batra,2020-06-21
6216,Manjari Shenoy,2020-03-11
6217,Prisha Sundaram,2022-07-13
6218,Stuvan Sidhu,2024-10-23
6219,Mamooty Bhavsar,2022-10-04
6220,Vedika Wason,2022-12-06
6221,Vivaan Batta,2022-12-16
6222,Divij Shroff,2021-03-05
6223,Shray Ganesan,2024-05-08
6224,Rohan Buch,2020-11-05
6225,Sana Lalla,2023-03-16
6226,Shaan Kala,2022-07-02
6227,Suhana Korpal,2023-09-10
6228,Adira Chaudry,2021-08-05
6229,Ayesha Bose,2023-10-02
6230,Tara Khurana,2024-11-21
6231,Shaan Malhotra,2020-11-01
6232,Kismat Gole,2022-08-28
6233,Kanav Amble,2020-05-27
6234,Neelofar Sani,2023-01-23
6235,Saanvi Bobal,2024-10-27
6236,Shanaya Mall,2022-07-19
6237,Lavanya Kamdar,2024-11-28
6238,Rati Deep,2022-10-26
6239,Jayesh Hayer,2025-02-15
6240,Keya Kohli,2021-08-18
6241,Renee Vig,2023-09-21
6242,Vritika Rout,2024-06-21
6243,Raunak Issac,2024-06-04
6244,Shray Bal,2020-04-18
6245,Vivaan Venkataraman,2023-09-29
6246,Dhanush Devi,2024-03-12
6247,Jhanvi Devi,2021-10-13
6248,Vidur Hora,2022-04-23
6249,Inaaya  Rajagopalan,2021-10-09
6250,Amira Contractor,2022-07-07
6251,Mohanlal Chander,2020-09-08
6252,Kanav Ratti,2021-03-26
6253,Ryan Bava,2024-06-30
6254,Dhanuk Batta,2024-02-01
6255,Manikya Gandhi,2022-05-17
6256,Samarth Jaggi,2025-02-28
6257,Aarush Comar,2024-11-08
6258,Kiaan Zacharia,2022-06-21
6259,Damini Kamdar,2022-06-28
6260,Nehmat Khosla,2023-05-10
6261,Aarna Uppal,2023-10-28
6262,Neysa Trivedi,2022-01-21
6263,Ahana  Saini,2024-05-03
6264,Ishaan Dalal,2021-03-27
6265,Vardaniya Rout,2023-08-11
6266,Badal Butala,2022-10-22
6267,Nitya Karpe,2024-05-15
6268,Miraya Chander,2024-07-30
6269,Miraya Hora,2024-10-17
6270,Abram Sahota,2020-08-01
6271,Shamik Wali,2023-06-26
6272,Diya Bedi,2024-12-26
6273,Kanav Kala,2023-07-25
6274,Vritika Mander,2024-04-22
6275,Emir Barad,2023-08-25
6276,Azad Warrior,2020-06-30
6277,Ayesha Madan,2020-09-16
6278,Pranay Varughese,2021-06-06
6279,Neelofar Ahuja,2021-02-15
6280,Saanvi Borde,2024-10-24
6281,Indranil Madan,2022-07-02
6282,Tejas Reddy,2020-09-18
6283,Riaan Bains,2020-03-17
6284,Anay Bhatia,2025-02-23
6285,Saira Sodhi,2023-03-29
6286,Krish Handa,2021-10-20
6287,Aayush Choudhury,2021-09-13
6288,Rati Singh,2023-05-02
6289,Adah Gera,2023-01-23
6290,Shlok Hayre,2020-05-13
6291,Krish Krishnan,2020-06-23
6292,Sahil Rao,2023-06-05
6293,Yuvraj  Bhatia,2023-08-04
6294,Anya Vig,2022-12-11
6295,Indrans Kunda,2023-08-28
6296,Drishya Dhingra,2024-03-09
6297,Ishita Khare,2020-11-10
6298,Zaina Mangal,2020-05-21
6299,Pranay Dasgupta,2021-02-09
6300,Kanav Wali,2024-09-08
6301,Inaaya  Dash,2022-05-14
6302,Aayush Andra,2020-09-08
6303,Veer Cherian,2020-06-27
6304,Samiha Mahajan,2024-01-25
6305,Kabir Comar,2021-09-04
6306,Shray Jani,2022-06-26
6307,Inaaya  Suri,2021-04-15
6308,Ahana  Khosla,2025-01-14
6309,Hrishita Sachdev,2022-05-06
6310,Hansh Krish,2024-07-22
6311,Zoya Varma,2021-12-03
6312,Faiyaz Deshmukh,2024-10-09
6313,Ira Sinha,2024-11-14
6314,Lakshit Dave,2022-12-20
6315,Onkar Chakraborty,2023-04-23
6316,Anahi Dey,2023-03-29
6317,Ishaan Ganguly,2023-09-26
6318,Mahika Sarna,2024-09-09
6319,Saksham Ramesh,2020-07-21
6320,Darshit Zachariah,2023-02-06
6321,Dhruv Krish,2024-04-27
6322,Tushar Acharya,2020-07-13
6323,Nehmat Tank,2021-10-24
6324,Ivan Dasgupta,2020-12-20
6325,Nayantara Kothari,2022-07-27
6326,Eva Balakrishnan,2023-03-17
6327,Umang Hayre,2023-12-25
6328,Advika Dixit,2022-01-30
6329,Amira Sampath,2021-01-16
6330,Jiya Sani,2021-02-26
6331,Tejas Chatterjee,2021-04-20
6332,Gokul Gole,2023-01-23
6333,Alisha Kuruvilla,2020-11-18
6334,Kanav Sankaran,2020-04-01
6335,Shalv Talwar,2024-10-06
6336,Shamik Sunder,2022-12-19
6337,Priyansh Agrawal,2020-04-04
6338,Purab Kurian,2022-07-11
6339,Aniruddh Walla,2020-05-19
6340,Mohanlal Agarwal,2021-03-16
6341,Yuvaan Gera,2025-02-19
6342,Raghav Thakkar,2021-01-05
6343,Taimur Koshy,2021-06-27
6344,Ritvik Chokshi,2021-03-19
6345,Dhanuk Sandhu,2020-10-25
6346,Kiaan Gill,2021-02-10
6347,Ahana  Mahal,2022-02-19
6348,Arnav Tiwari,2024-10-27
6349,Sumer Lata,2021-01-05
6350,Eshani Viswanathan,2021-12-25
6351,Rania Seth,2021-01-31
6352,Nishith Dugar,2022-08-03
6353,Ritvik Mahajan,2020-04-14
6354,Mishti Kurian,2023-11-21
6355,Saira Shah,2022-08-14
6356,Kabir Chatterjee,2024-05-04
6357,Aarav Dua,2023-11-01
6358,Aarav Sinha,2023-04-24
6359,Akarsh Chakrabarti,2025-01-25
6360,Emir Sodhi,2022-07-05
6361,Himmat Mahajan,2022-02-01
6362,Nakul Kaul,2022-01-04
6363,Kismat Chander,2021-03-29
6364,Priyansh Golla,2020-07-14
6365,Gatik Bajwa,2023-06-18
6366,Hazel Sandal,2023-07-09
6367,Jiya Sachar,2021-02-14
6368,Ivan Dewan,2022-03-31
6369,Navya Sami,2021-02-19
6370,Inaaya  Lalla,2020-12-31
6371,Umang Sabharwal,2024-02-13
6372,Saanvi Ganesh,2020-06-07
6373,Himmat Char,2023-03-19
6374,Vidur Vora,2022-10-27
6375,Saira Vala,2023-01-23
6376,Badal Sarna,2024-05-08
6377,Yuvraj  Singhal,2023-07-25
6378,Raghav Walia,2023-06-16
6379,Yashvi Lad,2023-02-20
6380,Gokul Sridhar,2020-04-09
6381,Anay Gaba,2022-10-05
6382,Mehul Kunda,2022-11-02
6383,Anahi Chaudhuri,2024-10-22
6384,Raunak Goda,2024-11-29
6385,Khushi Joshi,2023-03-12
6386,Kismat Warrior,2020-12-02
6387,Parinaaz Aurora,2024-11-30
6388,Aarav Sandal,2021-12-19
6389,Yuvaan Hari,2021-11-12
6390,Chirag Luthra,2022-05-03
6391,Purab Mani,2024-02-21
6392,Lavanya Tripathi,2022-03-15
6393,Tanya Dar,2024-11-13
6394,Dishani Bahl,2024-09-17
6395,Ehsaan Bhalla,2020-12-22
6396,Charvi Wadhwa,2023-01-01
6397,Abram Chacko,2023-03-31
6398,Jhanvi Dasgupta,2021-10-07
6399,Adah Chandran,2021-10-20
6400,Mishti Mahajan,2024-02-04
6401,Raunak Sur,2021-11-03
6402,Indrajit Dar,2023-11-03
6403,Aarush Chacko,2025-01-01
6404,Adira Toor,2022-06-25
6405,Ayesha Chhabra,2025-02-06
6406,Azad Sunder,2023-02-05
6407,Dhanush Das,2022-08-23
6408,Reyansh Bir,2021-04-03
6409,Aarav Bal,2024-04-03
6410,Ayesha Keer,2023-05-20
6411,Rhea Gade,2020-07-13
6412,Damini Sastry,2023-07-03
6413,Manjari Bava,2022-10-02
6414,Anika Trivedi,2023-10-15
6415,Dhanuk Shroff,2024-10-23
6416,Ahana  Sheth,2023-08-11
6417,Kashvi Goswami,2021-12-24
6418,Ehsaan Balakrishnan,2022-03-27
6419,Sahil Lall,2020-09-06
6420,Uthkarsh Handa,2025-03-04
6421,Zara Bava,2023-10-08
6422,Dharmajan Sahota,2020-11-19
6423,Urvi Sengupta,2021-01-27
6424,Sahil Bir,2021-12-29
6425,Riya Sule,2022-03-16
6426,Chirag Madan,2023-01-28
6427,Kiaan Sathe,2024-09-13
6428,Advik Singhal,2021-09-23
6429,Dhanuk Lal,2023-03-20
6430,Neysa Goyal,2022-10-19
6431,Keya Iyengar,2021-09-12
6432,Rania Bajaj,2020-12-07
6433,Chirag Ramachandran,2022-06-16
6434,Rania Dugar,2023-01-10
6435,Yakshit Krish,2023-12-01
6436,Mannat Shah,2021-11-03
6437,Aradhya Bajaj,2024-08-18
6438,Krish Biswas,2021-01-18
6439,Sumer Balasubramanian,2024-02-22
6440,Prerak Dora,2021-03-01
6441,Stuvan Bedi,2022-01-08
6442,Anvi Hari,2020-06-28
6443,Jayesh Bhat,2023-04-10
6444,Tiya Bora,2020-03-06
6445,Yasmin Sachar,2022-08-14
6446,Nakul Dalal,2021-07-24
6447,Mishti Varughese,2021-05-12
6448,Miraan Mangat,2021-02-15
6449,Bhavin Savant,2024-06-14
6450,Kismat Yogi,2021-09-27
6451,Jivika Bedi,2024-09-26
6452,Suhana Talwar,2020-09-27
6453,Trisha Shere,2023-09-02
6454,Aayush Sabharwal,2023-04-06
6455,Kanav Seshadri,2023-01-15
6456,Alia Rajagopalan,2022-05-17
6457,Zeeshan Sridhar,2022-02-28
6458,Manjari Mani,2024-03-31
6459,Aarush Sinha,2024-03-20
6460,Gokul Ghosh,2023-01-30
6461,Tejas Sehgal,2023-06-18
6462,Armaan Ramachandran,2022-12-10
6463,Jivin Desai,2020-09-23
6464,Mamooty Kashyap,2025-02-17
6465,Raunak Agate,2022-10-20
6466,Ayesha Swamy,2024-01-31
6467,Tara Cherian,2020-12-05
6468,Ira Jhaveri,2023-10-16
6469,Yashvi Deep,2024-12-02
6470,Indrans Korpal,2024-10-28
6471,Shanaya Chaudhuri,2020-07-17
6472,Amani Sama,2020-10-04
6473,Seher Dass,2022-12-27
6474,Nehmat Andra,2024-04-26
6475,Vritika Yohannan,2020-10-11
6476,Keya Apte,2024-03-07
6477,Shamik De,2025-01-09
6478,Abram Kunda,2020-12-04
6479,Pihu Tak,2021-02-05
6480,Riaan Thaker,2022-12-22
6481,Ayesha Kara,2022-12-06
6482,Vanya Dhar,2024-03-13
6483,Tanya Kalita,2021-06-11
6484,Vritika Dani,2020-05-14
6485,Hunar Thakur,2020-03-16
6486,Mannat Sachdeva,2020-04-20
6487,Kanav Ranganathan,2021-03-04
6488,Vardaniya Chandran,2024-11-25
6489,Mannat Arora,2023-05-09
6490,Anika Dhillon,2020-09-19
6491,Ranbir Shetty,2022-05-05
6492,Zara Chaudry,2020-07-05
6493,Anika Varma,2021-11-29
6494,Shlok Kunda,2024-07-24
6495,Mishti Srivastava,2022-09-26
6496,Damini Kari,2023-04-09
6497,Damini Sampath,2023-03-28
6498,Divit Bhalla,2023-08-14
6499,Pihu Devan,2022-01-29
6500,Ryan Dutta,2022-09-06
6501,Mohanlal Sahota,2022-09-18
6502,Gatik Hayre,2024-08-30
6503,Ehsaan Kala,2020-05-31
6504,Yuvraj  Dara,2022-07-13
6505,Drishya Balasubramanian,2022-04-26
6506,Tara Chowdhury,2021-06-03
6507,Pihu Sabharwal,2021-09-21
6508,Ishaan Wadhwa,2024-10-13
6509,Kismat Sarraf,2024-04-25
6510,Arhaan Wagle,2024-05-25
6511,Aarush Rama,2022-06-26
6512,Onkar Dayal,2023-11-19
6513,Nayantara Date,2020-10-06
6514,Sahil Sant,2021-06-21
6515,Amani Sanghvi,2020-06-12
6516,Dhruv Shankar,2023-06-17
6517,Aniruddh Sengupta,2022-04-06
6518,Aaryahi Sampath,2023-03-03
6519,Vihaan Hegde,2024-03-01
6520,Abram Sekhon,2021-12-24
6521,Anahi Tiwari,2024-04-03
6522,Ayesha Shere,2025-02-08
6523,Farhan Suri,2020-05-20
6524,Pranay Dhar,2025-01-13
6525,Jayesh Rama,2022-09-23
6526,Fateh Wagle,2023-10-28
6527,Divyansh Dewan,2024-06-03
6528,Aradhya Sant,2021-12-19
6529,Kabir Tak,2021-01-20
6530,Biju Sarraf,2023-12-08
6531,Ranbir Seshadri,2021-06-27
6532,Nitara Sankaran,2022-10-28
6533,Mahika Bir,2022-02-13
6534,Nirvaan Setty,2022-11-27
6535,Tejas Mane,2021-08-29
6536,Aradhya Sane,2024-07-05
6537,Jayan Sibal,2024-10-19
6538,Yuvaan Kalla,2020-05-23
6539,Nakul Sur,2024-07-08
6540,Anahi Rao,2023-05-14
6541,Myra Arora,2020-08-11
6542,Yakshit Zachariah,2021-03-20
6543,Zoya Badal,2024-04-08
6544,Ivan Badami,2021-11-08
6545,Samiha Basu,2021-03-13
6546,Indrajit Mall,2025-02-04
6547,Shaan Kar,2024-04-21
6548,Kavya Kala,2024-09-28
6549,Urvi Raju,2020-05-20
6550,Misha Khatri,2023-07-28
6551,Raghav Sathe,2022-12-04
6552,Hiran Barad,2024-04-28
6553,Yashvi Dasgupta,2021-06-13
6554,Dhanuk Ray,2020-09-07
6555,Rati Kumar,2021-07-10
6556,Vanya Dave,2024-03-02
6557,Advika Wason,2021-10-26
6558,Emir Sami,2023-04-03
6559,Kashvi Venkataraman,2025-01-09
6560,Misha Badal,2020-10-02
6561,Samiha Virk,2022-01-15
6562,Indrajit Comar,2023-11-28
6563,Sana Krishnan,2023-02-06
6564,Fateh Gopal,2021-08-07
6565,Kismat Anne,2022-12-05
6566,Navya Raja,2022-08-04
6567,Aarav Rattan,2020-12-12
6568,Damini Warrior,2022-10-07
6569,Kanav Karan,2023-03-03
6570,Eshani Devan,2020-09-26
6571,Priyansh Bhakta,2025-01-13
6572,Ayesha Rajan,2023-04-18
6573,Mishti Bhattacharyya,2023-07-13
6574,Jhanvi Halder,2024-07-05
6575,Anya Dayal,2020-12-01
6576,Chirag Bala,2020-08-18
6577,Ryan Madan,2021-11-07
6578,Nakul Rajan,2024-11-09
6579,Darshit Khalsa,2022-06-05
6580,Aarush Sodhi,2021-09-08
6581,Umang Karnik,2021-11-29
6582,Inaaya  Kala,2024-09-20
6583,Saksham Gour,2025-01-25
6584,Vivaan Vohra,2021-06-24
6585,Yasmin Chad,2022-09-13
6586,Reyansh Ahuja,2024-01-08
6587,Zara Dave,2021-06-28
6588,Ivana Karnik,2023-10-29
6589,Divit Comar,2023-06-16
6590,Ehsaan Brahmbhatt,2025-02-15
6591,Pranay Ganesh,2022-07-30
6592,Kimaya Lalla,2022-11-11
6593,Anika Gill,2020-03-16
6594,Aniruddh Wason,2024-10-23
6595,Bhamini Bail,2020-05-11
6596,Emir Wali,2025-02-13
6597,Bhamini Manda,2024-02-28
6598,Aaina Devan,2024-02-28
6599,Piya Dhingra,2022-04-08
6600,Divit Tripathi,2023-12-17
6601,Vardaniya Bhakta,2021-03-28
6602,Indrans Zacharia,2020-12-14
6603,Aarna Varty,2022-06-04
6604,Tushar Kulkarni,2020-11-15
6605,Ira Talwar,2022-02-10
6606,Lagan Rege,2023-02-02
6607,Jayant Hans,2023-08-09
6608,Advika Chauhan,2020-12-13
6609,Shaan Grover,2023-08-11
6610,Azad Madan,2022-08-26
6611,Rohan Dash,2024-01-11
6612,Shlok Sidhu,2022-06-13
6613,Navya Barad,2022-05-04
6614,Miraya Varkey,2023-07-01
6615,Jivika D’Alia,2020-05-21
6616,Anay Ratta,2021-06-11
6617,Aarav Varughese,2023-04-11
6618,Anika Saha,2024-01-12
6619,Fateh Goda,2022-02-08
6620,Vritika Mangal,2023-04-29
6621,Onkar Raja,2020-11-23
6622,Jiya Rege,2023-04-07
6623,Krish Madan,2020-11-23
6624,Armaan Bhandari,2025-01-05
6625,Lakshay Upadhyay,2024-04-02
6626,Sahil Singhal,2024-03-20
6627,Ayesha Sankaran,2020-11-14
6628,Alia Dass,2024-08-12
6629,Pari Barman,2023-05-01
6630,Keya Som,2021-09-19
6631,Azad Rastogi,2022-09-19
6632,Jayant Deshmukh,2020-07-20
6633,Oorja Cheema,2021-04-20
6634,Prisha Contractor,2024-07-26
6635,Siya Date,2024-02-10
6636,Navya Golla,2022-08-24
6637,Ahana  Wali,2024-03-15
6638,Yuvraj  Raja,2025-01-17
6639,Ritvik Issac,2023-12-29
6640,Elakshi Bhatnagar,2024-10-28
6641,Kiara Rau,2022-08-02
6642,Manikya Savant,2021-11-05
6643,Saanvi Ray,2021-11-22
6644,Vedika Dash,2022-12-11
6645,Raghav Arora,2020-04-23
6646,Anya Kaul,2020-11-20
6647,Lavanya Buch,2020-10-23
6648,Ehsaan Krish,2020-06-07
6649,Raunak Ranganathan,2024-03-09
6650,Drishya Barad,2022-07-19
6651,Ivan Raju,2023-10-05
6652,Nayantara Mall,2023-11-26
6653,Ira Kaur,2023-09-29
6654,Samar Tella,2021-11-26
6655,Dhanuk Chakrabarti,2020-05-10
6656,Parinaaz Hari,2021-02-05
6657,Ira Deo,2021-10-19
6658,Jivin Warrior,2024-02-21
6659,Vanya Talwar,2023-07-31
6660,Abram Anne,2024-08-06
6661,Adah Rege,2020-12-01
6662,Hansh Bali,2021-06-29
6663,Nirvaan Basu,2021-05-17
6664,Ira Dey,2021-01-05
6665,Tejas Bawa,2022-03-30
6666,Lavanya Kumer,2021-05-14
6667,Raunak Chatterjee,2025-03-03
6668,Advika Kade,2022-11-14
6669,Alisha Lalla,2021-07-14
6670,Miraya Khanna,2022-04-17
6671,Hansh Srivastava,2020-07-14
6672,Badal Kakar,2023-11-20
6673,Zain Toor,2020-06-19
6674,Bhavin Chahal,2024-11-20
6675,Samar Sur,2024-09-03
6676,Ehsaan Shetty,2020-12-02
6677,Sana Kapur,2024-05-26
6678,Siya Behl,2022-05-21
6679,Pranay Chahal,2021-06-23
6680,Purab Bajwa,2024-12-27
6681,Yakshit Manne,2020-09-17
6682,Umang Char,2020-10-17
6683,Alia Roy,2023-04-10
6684,Fateh Barad,2021-12-26
6685,Ivan Sane,2023-06-05
6686,Saksham Bal,2023-05-13
6687,Nitara Handa,2021-06-20
6688,Vaibhav Boase,2024-01-02
6689,Navya Bandi,2021-04-16
6690,Ranbir Babu,2022-11-03
6691,Bhamini Mani,2024-06-18
6692,Kiara Chokshi,2022-09-04
6693,Ela Sarma,2023-06-03
6694,Jayant Talwar,2025-01-06
6695,Suhana Bera,2020-11-26
6696,Jivika Kaul,2021-06-10
6697,Tanya Choudhry,2020-07-04
6698,Kashvi Chandra,2020-10-21
6699,Amira Gara,2021-01-31
6700,Ahana  Virk,2024-05-14
6701,Abram Sarin,2020-12-22
6702,Sahil Madan,2022-12-10
6703,Kashvi Kuruvilla,2024-06-13
6704,Madhup Dubey,2020-05-07
6705,Aniruddh Ramesh,2023-04-02
6706,Alia Agarwal,2024-07-18
6707,Kiaan Maharaj,2021-05-03
6708,Vedika Dani,2021-07-28
6709,Mishti Sood,2024-12-17
6710,Divit Bakshi,2023-12-14
6711,Miraan Chand,2020-08-18
6712,Misha Sharma,2024-12-12
6713,Zaina Date,2021-07-09
6714,Uthkarsh Wadhwa,2024-06-15
6715,Bhavin Datta,2022-05-26
6716,Pihu Bawa,2020-11-16
6717,Vidur Badami,2020-04-19
6718,Aarav Kapur,2022-01-31
6719,Ehsaan Borra,2023-02-22
6720,Aarav Tripathi,2020-09-18
6721,Yakshit Yadav,2024-08-28
6722,Bhamini Bains,2021-08-02
6723,Sana Sridhar,2020-07-29
6724,Arhaan Rajagopal,2024-05-13
6725,Himmat Mall,2021-04-25
6726,Rania Bal,2021-02-03
6727,Parinaaz Dhillon,2021-04-11
6728,Oorja Dara,2022-04-26
6729,Hazel Datta,2023-03-18
6730,Raunak Dixit,2024-07-30
6731,Mohanlal Anne,2024-11-14
6732,Shalv Mane,2024-11-19
6733,Zaina Anand,2024-01-09
6734,Dhanuk Saran,2022-11-07
6735,Kimaya Tandon,2023-09-17
6736,Anay Chakrabarti,2025-01-19
6737,Aarav Agate,2022-10-23
6738,Alisha Sahni,2022-04-16
6739,Kanav Gour,2024-07-11
6740,Ranbir Chokshi,2023-04-30
6741,Parinaaz Ben,2022-03-22
6742,Abram Basak,2024-03-26
6743,Amira Sawhney,2024-10-09
6744,Riya Badami,2024-07-01
6745,Ojas Gulati,2024-01-26
6746,Prisha Goyal,2024-02-04
6747,Arhaan Deshmukh,2020-09-07
6748,Shanaya Krishnan,2023-11-11
6749,Chirag Anand,2021-11-27
6750,Samaira Sarna,2021-11-06
6751,Advik Amble,2025-02-21
6752,Jayan Tiwari,2020-12-13
6753,Jivika Varghese,2021-07-11
6754,Parinaaz Sidhu,2024-12-30
6755,Eva Ravel,2021-02-27
6756,Indranil Malhotra,2022-10-01
6757,Yuvraj  Malhotra,2024-12-13
6758,Biju Kunda,2021-10-02
6759,Ishaan Zachariah,2023-09-11
6760,Shaan Tandon,2020-03-07
6761,Diya Varty,2023-11-20
6762,Myra Desai,2024-10-06
6763,Indrajit Suresh,2024-12-26
6764,Navya Iyer,2022-09-21
6765,Parinaaz Agrawal,2024-11-18
6766,Trisha Khare,2023-02-06
6767,Diya Aurora,2021-09-14
6768,Heer Hegde,2024-04-09
6769,Ryan Banik,2023-07-17
6770,Reyansh Desai,2021-01-08
6771,Madhup Goda,2021-03-26
6772,Anaya Kumar,2020-12-14
6773,Raunak Verma,2022-03-14
6774,Vihaan Borah,2023-11-02
6775,Gatik Roy,2024-12-01
6776,Adira Keer,2023-06-13
6777,Nehmat Banerjee,2021-04-13
6778,Neelofar Bora,2020-05-23
6779,Pranay Chana,2023-04-18
6780,Hrishita Gala,2021-10-17
6781,Dhruv Chaudhari,2023-08-05
6782,Nirvi Mangat,2023-05-18
6783,Kiara Bhatnagar,2022-02-14
6784,Fateh Dave,2022-05-19
6785,Aniruddh Agrawal,2024-07-24
6786,Rania Anand,2021-08-04
6787,Gokul Rajan,2020-10-30
6788,Madhav Behl,2023-03-12
6789,Sara Sarraf,2022-04-30
6790,Dhanush Dhaliwal,2022-09-01
6791,Piya Hayer,2023-01-31
6792,Heer Tara,2021-12-20
6793,Madhav Lad,2022-04-19
6794,Lagan Sankaran,2024-10-30
6795,Ivana Sundaram,2020-11-03
6796,Nitara Chauhan,2024-11-17
6797,Gokul D’Alia,2022-04-05
6798,Dhruv Baria,2020-03-24
6799,Shamik Lalla,2020-04-08
6800,Myra Dixit,2021-05-03
6801,Zain Ahluwalia,2025-02-28
6802,Jayan Hegde,2020-11-27
6803,Dhruv Kamdar,2021-08-05
6804,Navya Mani,2020-12-03
6805,Kiara Wable,2021-07-04
6806,Nayantara Lalla,2022-06-25
6807,Lakshit Bhatti,2024-09-01
6808,Gokul Dyal,2023-09-07
6809,Devansh Sandhu,2021-03-10
6810,Nirvi Shan,2024-08-09
6811,Aaina Singhal,2023-10-18
6812,Stuvan Borra,2023-08-02
6813,Mamooty Desai,2020-07-01
6814,Kashvi Som,2021-01-21
6815,Uthkarsh Saxena,2023-01-25
6816,Vritika Gara,2020-11-25
6817,Dhruv Jha,2021-07-23
6818,Advika Sura,2023-06-24
6819,Nitya Kaul,2021-05-25
6820,Yuvaan Bal,2023-12-10
6821,Samarth Buch,2022-01-15
6822,Mishti Acharya,2022-10-24
6823,Charvi Jayaraman,2023-04-23
6824,Uthkarsh Gopal,2024-10-30
6825,Lakshay Bir,2023-07-30
6826,Kashvi Srivastava,2020-04-16
6827,Advika Ahluwalia,2020-05-07
6828,Kiaan Seth,2021-03-09
6829,Heer Mahajan,2024-12-10
6830,Parinaaz Bora,2024-07-13
6831,Hridaan Solanki,2024-10-01
6832,Zeeshan Bhatia,2022-02-25
6833,Hazel Chokshi,2021-12-13
6834,Parinaaz Cheema,2020-06-29
6835,Parinaaz Buch,2024-02-06
6836,Mahika Sami,2022-06-21
6837,Shamik Divan,2022-08-18
6838,Priyansh Gala,2024-12-01
6839,Jayant Tata,2021-03-20
6840,Saira Bala,2024-04-07
6841,Ryan Chakraborty,2021-06-09
6842,Nehmat Aggarwal,2020-08-16
6843,Pranay Deshpande,2020-10-26
6844,Anvi Tripathi,2024-10-23
6845,Ehsaan Tara,2020-07-27
6846,Adira Kant,2021-07-06
6847,Purab Kulkarni,2020-07-22
6848,Jayant Taneja,2021-02-27
6849,Mehul Subramaniam,2021-11-03
6850,Tiya Sarna,2024-03-18
6851,Indrans Kumer,2021-10-25
6852,Azad Sur,2022-11-11
6853,Anay Ramesh,2025-02-27
6854,Dishani Dhillon,2024-04-14
6855,Riaan Ganesan,2020-12-29
6856,Nitya Sachdev,2022-12-21
6857,Chirag Gaba,2023-02-02
6858,Samiha Jani,2020-10-29
6859,Purab Sagar,2024-09-05
6860,Adira Krishnan,2021-03-13
6861,Amira Garg,2022-01-19
6862,Vanya Vora,2020-06-12
6863,Misha Dani,2022-11-04
6864,Purab Konda,2021-02-09
6865,Kashvi Dutta,2020-12-26
6866,Kabir Sarin,2024-12-10
6867,Yashvi Chandra,2021-05-01
6868,Nitara Lata,2021-12-31
6869,Tiya Guha,2023-03-19
6870,Ryan Khosla,2023-07-21
6871,Sumer Gola,2021-08-20
6872,Divij Bhatia,2020-04-27
6873,Reyansh Bala,2023-10-17
6874,Taimur Gaba,2020-05-29
6875,Ranbir Barad,2021-02-21
6876,Vidur Ram,2023-01-30
6877,Lakshay Sahota,2022-06-11
6878,Yuvaan Gokhale,2024-10-16
6879,Nehmat Bedi,2022-11-18
6880,Aarna Chokshi,2021-03-02
6881,Romil Chopra,2021-11-28
6882,Kartik Batta,2023-09-22
6883,Tushar Sachdev,2020-10-23
6884,Eva Kaul,2020-04-15
6885,Umang Dani,2020-04-04
6886,Indrans Dyal,2023-09-03
6887,Aniruddh Mahal,2022-04-29
6888,Manjari Walla,2021-11-04
6889,Aradhya Chandran,2023-03-19
6890,Arnav Borde,2020-03-06
6891,Mahika Bandi,2024-02-13
6892,Raghav Sekhon,2024-06-26
6893,Amani Sathe,2021-08-04
6894,Fateh Chacko,2020-10-29
6895,Anay Rajagopal,2023-05-23
6896,Anika Madan,2020-11-05
6897,Azad Chokshi,2023-04-14
6898,Abram Saini,2023-03-07
6899,Farhan Gill,2024-02-28
6900,Mohanlal Upadhyay,2020-10-01
6901,Himmat Rege,2022-08-31
6902,Amira Suresh,2021-12-13
6903,Zoya Malhotra,2023-09-08
6904,Neelofar Wagle,2023-05-11
6905,Mishti Sodhi,2023-02-13
6906,Badal Agarwal,2024-01-12
6907,Shray Gade,2022-04-17
6908,Purab Hari,2023-06-19
6909,Azad Bumb,2024-01-12
6910,Rohan Kala,2024-04-09
6911,Kavya Kashyap,2020-12-11
6912,Parinaaz Date,2022-05-18
6913,Miraya Mannan,2023-05-29
6914,Mehul Sarma,2025-02-05
6915,Ivan Bhavsar,2024-05-28
6916,Samarth Shetty,2024-03-24
6917,Shlok Sathe,2024-09-27
6918,Ivana Kalita,2024-03-17
6919,Onkar Mani,2021-04-06
6920,Jayesh Golla,2021-02-07
6921,Jhanvi Deshmukh,2024-03-30
6922,Kismat Halder,2021-04-05
6923,Hiran Biswas,2023-04-17
6924,Jivin Balakrishnan,2025-02-08
6925,Sara Dara,2020-08-11
6926,Kiaan Korpal,2023-10-12
6927,Samarth Yadav,2021-10-25
6928,Shlok Dua,2020-12-27
6929,Zaina Agate,2023-03-13
6930,Amira Bail,2024-08-30
6931,Advik Bajwa,2020-06-22
6932,Taimur Venkataraman,2020-09-15
6933,Ela Chacko,2022-03-22
6934,Misha Konda,2024-12-02
6935,Vedika Tank,2022-07-18
6936,Hazel Sangha,2021-05-17
6937,Keya Khare,2021-12-23
6938,Aarna Arya,2021-12-25
6939,Aradhya Vig,2022-12-12
6940,Anya Sami,2020-08-23
6941,Aarush Behl,2020-04-15
6942,Dhanuk Saraf,2022-05-19
6943,Zaina Sibal,2024-05-15
6944,Yakshit Dass,2022-09-27
6945,Myra Loke,2023-12-17
6946,Umang Upadhyay,2022-11-27
6947,Nirvaan Dugar,2023-01-21
6948,Madhup Kale,2022-03-24
6949,Saanvi Sagar,2024-12-24
6950,Zain Kade,2024-02-15
6951,Shaan Sahota,2021-01-16
6952,Ivana Ravel,2022-12-08
6953,Romil Dutt,2024-12-21
6954,Alia Sha,2021-01-12
6955,Neysa Gulati,2021-11-19
6956,Heer Magar,2020-05-01
6957,Indrans Doctor,2024-04-18
6958,Devansh Dutt,2021-01-07
6959,Gatik Dewan,2024-05-30
6960,Rati Thaker,2021-10-09
6961,Stuvan Sabharwal,2022-02-26
6962,Vanya Zacharia,2024-06-25
6963,Damini Malhotra,2025-02-04
6964,Rania Tailor,2021-01-19
6965,Shanaya Balasubramanian,2022-04-14
6966,Adira Sengupta,2021-03-30
6967,Yasmin Savant,2022-09-22
6968,Farhan Luthra,2021-11-10
6969,Advik Vora,2021-04-17
6970,Kimaya Raja,2020-11-14
6971,Suhana Dube,2022-07-01
6972,Suhana Brahmbhatt,2020-05-05
6973,Pari Dutta,2021-08-27
6974,Nitara Warrior,2023-05-10
6975,Misha Gulati,2024-04-27
6976,Nitara Chahal,2021-12-25
6977,Kimaya Keer,2024-02-10
6978,Arnav Ravi,2020-09-27
6979,Adah Dhar,2024-11-03
6980,Aarna Chakrabarti,2023-07-24
6981,Jayesh Bhardwaj,2023-02-12
6982,Tushar Sangha,2021-01-20
6983,Neelofar Thaker,2023-09-15
6984,Adira Sane,2024-07-16
6985,Anaya Ranganathan,2022-06-27
6986,Kaira Chaudhary,2022-09-06
6987,Ishaan Randhawa,2023-07-06
6988,Vanya Sanghvi,2023-11-15
6989,Prerak Chander,2024-10-06
6990,Indrans Kalita,2021-01-30
6991,Gokul Kumer,2023-03-23
6992,Baiju Batta,2020-06-20
6993,Aayush Verma,2024-11-04
6994,Aaryahi Chaudry,2022-10-17
6995,Charvi Sant,2024-04-28
6996,Kabir Contractor,2022-04-12
6997,Khushi Char,2023-08-27
6998,Kashvi Uppal,2021-06-04
6999,Armaan Vala,2020-08-19
7000,Gatik Dash,2024-05-08
7001,Myra Krish,2022-01-09
7002,Urvi Contractor,2022-01-20
7003,Tiya Badami,2021-07-27
7004,Hansh Seth,2023-03-12
7005,Fateh Sodhi,2021-12-03
7006,Rohan Varty,2024-02-04
7007,Renee Kashyap,2023-02-16
7008,Tushar Doshi,2022-02-16
7009,Arhaan Yohannan,2020-03-09
7010,Inaaya  Kaul,2024-09-25
7011,Vritika Bera,2022-02-21
7012,Ranbir Lall,2021-09-12
7013,Lavanya Divan,2023-08-31
7014,Alisha Aurora,2021-07-22
7015,Piya Divan,2025-02-06
7016,Lavanya Taneja,2021-09-29
7017,Hridaan Rao,2021-08-23
7018,Anahita Kunda,2021-12-25
7019,Madhav Aggarwal,2020-03-27
7020,Kavya Raval,2024-01-13
7021,Jivin Uppal,2023-01-27
7022,Madhav Jha,2022-12-16
7023,Biju Dutta,2023-03-01
7024,Aarav Chandran,2020-04-30
7025,Samaira Sahni,2022-09-29
7026,Indranil Dugar,2024-10-06
7027,Vanya Tak,2021-12-23
7028,Kartik Tata,2020-09-13
7029,Myra Vig,2022-10-08
7030,Baiju Kota,2024-01-05
7031,Kanav Kanda,2021-05-26
7032,Samar Sengupta,2025-01-17
7033,Saksham Bobal,2020-07-13
7034,Aayush Dey,2021-10-03
7035,Keya Lala,2020-09-05
7036,Charvi Ram,2024-08-07
7037,Madhup Raju,2023-12-12
7038,Miraan Savant,2020-12-04
7039,Devansh Rama,2022-10-13
7040,Madhup Deol,2020-07-21
7041,Tiya Biswas,2024-06-06
7042,Mahika Soman,2023-08-03
7043,Riaan Sodhi,2024-12-18
7044,Keya Sarma,2024-08-04
7045,Faiyaz Chana,2024-03-13
7046,Jayesh Kalla,2020-07-16
7047,Divyansh Karan,2021-02-16
7048,Vidur Kanda,2022-04-27
7049,Shalv Varghese,2022-03-04
7050,Shanaya Tripathi,2024-10-21
7051,Krish Lalla,2024-08-24
7052,Ela Sen,2022-09-23
7053,Kavya Chawla,2020-11-22
7054,Samiha Ray,2021-06-01
7055,Bhamini Khurana,2021-07-17
7056,Suhana Tata,2021-04-28
7057,Miraya Kibe,2022-01-06
7058,Neelofar Shan,2024-03-08
7059,Veer Tara,2025-03-02
7060,Zaina Kara,2020-11-06
7061,Aarush Shan,2022-09-28
7062,Kaira Badal,2022-12-08
7063,Amira Bhagat,2020-05-31
7064,Ivan Shukla,2020-03-29
7065,Himmat Bhatia,2023-09-12
7066,Dishani Rajan,2024-01-26
7067,Khushi Gole,2020-11-10
7068,Charvi Jha,2022-06-02
7069,Anahi Uppal,2021-09-19
7070,Aaryahi Kalla,2023-07-04
7071,Saira Jain,2023-07-02
7072,Suhana Sabharwal,2022-09-07
7073,Devansh Borah,2024-07-06
7074,Ryan Sane,2021-09-08
7075,Ojas Gill,2020-06-08
7076,Nitara Badal,2022-07-20
7077,Nakul Kala,2024-12-21
7078,Manikya Gopal,2021-07-12
7079,Aaina Tiwari,2020-04-01
7080,Vihaan Tripathi,2023-02-23
7081,Dishani Sarin,2020-09-18
7082,Ela Rana,2023-06-17
7083,Nehmat Chanda,2021-02-11
7084,Drishya Apte,2020-09-13
7085,Kanav Kapur,2021-02-20
7086,Bhavin Chad,2022-10-18
7087,Neysa Subramaniam,2023-04-14
7088,Shamik Dhingra,2024-12-09
7089,Sara Dhawan,2022-03-08
7090,Abram Bhatia,2022-03-10
7091,Farhan Bhatti,2023-08-13
7092,Himmat Mann,2023-02-03
7093,Shayak Bhagat,2022-11-08
7094,Adira Goyal,2020-05-08
7095,Abram Gandhi,2024-06-04
7096,Bhavin Ray,2023-06-01
7097,Adah Rana,2020-04-28
7098,Heer Rajan,2021-02-05
7099,Nirvaan Shan,2020-08-31
7100,Aniruddh Mand,2023-04-19
7101,Saksham Wason,2022-08-08
7102,Biju Goda,2021-02-19
7103,Navya Lala,2024-01-10
7104,Kimaya Khalsa,2024-06-15
7105,Aaina Sridhar,2021-11-09
7106,Neysa Ganguly,2022-10-04
7107,Mishti Sani,2021-06-07
7108,Ivan Hora,2022-11-03
7109,Umang Ahuja,2022-10-13
7110,Aarush Mallick,2022-10-09
7111,Diya Bava,2021-03-26
7112,Jivin Yogi,2023-06-08
7113,Gokul Barad,2021-04-16
7114,Kiara Ram,2022-02-19
7115,Ojas Warrior,2022-06-30
7116,Kartik Dasgupta,2024-07-07
7117,Devansh Sandal,2021-04-12
7118,Pari Anne,2023-09-26
7119,Madhup Dani,2020-11-18
7120,Piya Rajagopal,2023-12-12
7121,Armaan Brahmbhatt,2022-03-04
7122,Divit Mann,2024-07-13
7123,Misha Khosla,2021-10-11
7124,Kavya Shetty,2022-04-15
7125,Yasmin Ghose,2023-03-05
7126,Himmat Devi,2020-10-02
7127,Advik Tella,2023-10-16
7128,Oorja Shroff,2022-01-27
7129,Rohan Vora,2020-04-18
7130,Jiya Vig,2021-06-05
7131,Vivaan Randhawa,2022-07-16
7132,Mannat Thakur,2020-06-10
7133,Vidur Vohra,2020-03-29
7134,Misha Garde,2025-02-04
7135,Faiyaz Vohra,2020-05-02
7136,Shalv Gade,2023-02-20
7137,Diya Bhavsar,2024-09-12
7138,Mishti Badal,2020-05-19
7139,Amani Guha,2024-02-01
7140,Divit Mangal,2023-11-15
7141,Samar Kakar,2020-09-01
7142,Jiya Ghosh,2020-11-26
7143,Aaina Gandhi,2023-04-20
7144,Farhan Uppal,2023-02-15
7145,Sara Chada,2022-08-26
7146,Alisha Amble,2022-05-13
7147,Tejas Gour,2025-02-23
7148,Ryan Kumer,2023-07-15
7149,Neelofar Sane,2022-04-09
7150,Himmat Chawla,2022-05-05
7151,Kabir Shenoy,2020-10-24
7152,Samaira Wason,2022-03-07
7153,Vihaan Bhavsar,2020-06-10
7154,Sumer Deo,2022-09-17
7155,Vivaan Sharma,2025-02-27
7156,Kartik Reddy,2020-07-10
7157,Vedika Aggarwal,2022-05-24
7158,Kimaya Bains,2023-11-02
7159,Eva Mandal,2021-03-08
7160,Sahil Divan,2024-07-28
7161,Nirvaan Garde,2021-12-02
7162,Shlok Gour,2025-01-07
7163,Hansh Roy,2022-11-17
7164,Aradhya Chad,2022-10-17
7165,Inaaya  Randhawa,2022-12-24
7166,Pranay Sahni,2021-02-20
7167,Tanya Hora,2022-12-14
7168,Kashvi Varty,2023-02-25
7169,Damini Jhaveri,2020-08-06
7170,Sana Chahal,2023-05-07
7171,Aradhya Balasubramanian,2024-02-22
7172,Kimaya Apte,2024-07-25
7173,Reyansh Khatri,2020-11-17
7174,Misha Kanda,2021-01-20
7175,Raghav Khanna,2022-11-12
7176,Adira Anne,2021-01-16
7177,Navya Gara,2024-02-23
7178,Vanya Hari,2024-05-25
7179,Divyansh Mahajan,2020-12-22
7180,Jhanvi Swamy,2024-09-20
7181,Sara Hayer,2021-01-20
7182,Nirvi Manne,2021-11-25
7183,Vanya Choudhury,2022-12-08
7184,Vihaan Kalla,2024-09-21
7185,Arnav Kari,2021-10-06
7186,Aniruddh Sachdev,2025-02-19
7187,Yakshit Bir,2021-02-07
7188,Anahita Srivastava,2024-06-15
7189,Tiya Bawa,2023-05-15
7190,Lakshit Kade,2023-01-20
7191,Kismat Ramanathan,2021-12-30
7192,Jayan Cheema,2022-10-15
7193,Sahil Deo,2023-01-10
7194,Aaryahi Khare,2023-01-19
7195,Armaan Badal,2022-07-10
7196,Advika Chauhan,2023-01-26
7197,Pranay Chandra,2022-10-02
7198,Yuvaan Yohannan,2021-11-24
7199,Emir Kumar,2023-01-16
7200,Jiya Ray,2022-01-03
7201,Aarush Wason,2023-08-26
7202,Ranbir Ramaswamy,2021-02-08
7203,Anahi Randhawa,2021-02-19
7204,Nakul Brahmbhatt,2021-09-29
7205,Akarsh Bhat,2023-09-24
7206,Ira Kohli,2025-01-10
7207,Miraya Koshy,2024-10-30
7208,Dhanuk Kaur,2024-07-29
7209,Raunak Choudhry,2021-11-26
7210,Ehsaan Sarma,2022-03-28
7211,Alia Deo,2020-08-30
7212,Ojas Yogi,2023-05-02
7213,Neelofar Mandal,2022-04-22
7214,Ivan Saraf,2022-11-14
7215,Yasmin Halder,2022-03-27
7216,Renee Loke,2024-09-17
7217,Raghav Krish,2024-06-22
7218,Manikya Chacko,2021-01-15
7219,Inaaya  Magar,2021-12-18
7220,Amani Badal,2021-12-01
7221,Yashvi Kulkarni,2022-04-21
7222,Nirvi Reddy,2022-02-03
7223,Riya Baria,2023-12-28
7224,Arhaan Khatri,2020-06-18
7225,Rhea Kapur,2023-09-21
7226,Vardaniya Bath,2021-01-21
7227,Shayak Lal,2021-11-30
7228,Nirvi Sheth,2020-12-09
7229,Fateh Choudhary,2020-05-25
7230,Sara Solanki,2023-09-07
7231,Farhan Sachdeva,2020-09-20
7232,Nishith Comar,2022-03-20
7233,Ivan Kota,2022-10-07
7234,Aayush Bhandari,2020-03-12
7235,Tarini Dar,2024-10-14
7236,Charvi Barad,2022-05-21
7237,Shray Mander,2022-12-28
7238,Umang Tella,2020-09-28
7239,Vardaniya Lalla,2023-05-03
7240,Badal Srivastava,2021-01-05
7241,Aniruddh Gill,2022-08-07
7242,Damini Handa,2021-04-28
7243,Divit Sura,2021-07-12
7244,Charvi Kara,2022-07-15
7245,Tushar Bal,2020-05-18
7246,Hazel Dewan,2024-09-17
7247,Purab Tank,2023-12-30
7248,Aarush Bhardwaj,2023-10-29
7249,Divit Suri,2022-02-25
7250,Priyansh Mahajan,2023-11-27
7251,Aaina Das,2021-02-21
7252,Keya Kurian,2021-05-02
7253,Taimur Gaba,2023-12-15
7254,Nirvaan Ravel,2024-01-20
7255,Sara Saxena,2024-05-14
7256,Darshit Divan,2020-07-06
7257,Mahika Chahal,2024-02-17
7258,Farhan Sethi,2021-05-25
7259,Anay Sunder,2024-03-20
7260,Divyansh Hayre,2022-09-30
7261,Damini Dave,2022-08-11
7262,Aniruddh Brahmbhatt,2022-07-08
7263,Lavanya Toor,2021-05-17
7264,Alisha Sengupta,2021-02-08
7265,Abram Wason,2024-08-18
7266,Ivan Kuruvilla,2022-12-29
7267,Saanvi Sarma,2025-01-30
7268,Shanaya Wali,2021-03-02
7269,Tara Dasgupta,2022-10-29
7270,Emir Chokshi,2023-08-22
7271,Anika Chana,2024-06-12
7272,Urvi Babu,2020-04-03
7273,Anahita Sood,2020-08-12
7274,Hiran Chokshi,2021-06-15
7275,Zara Dubey,2021-07-08
7276,Jivika Varkey,2022-03-12
7277,Parinaaz Dara,2020-07-05
7278,Lakshit Basu,2021-03-19
7279,Vihaan Bhagat,2023-07-25
7280,Vihaan Tailor,2024-06-24
7281,Aniruddh Rattan,2024-06-11
7282,Samaira Mand,2024-04-11
7283,Vihaan Bala,2023-09-04
7284,Nitara Raj,2022-03-07
7285,Ahana  Chander,2022-06-03
7286,Biju Kothari,2024-09-23
7287,Ivan Bansal,2023-02-22
7288,Nehmat Sood,2023-08-27
7289,Ojas Chada,2023-06-03
7290,Priyansh Sampath,2022-09-02
7291,Rasha Shetty,2023-06-17
7292,Lakshit Agarwal,2022-06-18
7293,Akarsh Gokhale,2022-07-09
7294,Yuvaan Dutt,2024-04-24
7295,Mohanlal Mander,2024-05-14
7296,Aarav Kohli,2022-07-17
7297,Raghav Kara,2023-11-18
7298,Nehmat Bhalla,2022-04-17
7299,Nirvaan Yohannan,2023-07-24
7300,Miraya Bava,2023-11-02
7301,Ivana Anand,2020-12-07
7302,Vritika Tella,2023-12-01
7303,Vardaniya Vala,2023-03-03
7304,Prerak Kala,2021-02-26
7305,Manjari Sehgal,2020-10-24
7306,Urvi Sabharwal,2021-05-25
7307,Dishani Bhakta,2020-08-08
7308,Trisha D’Alia,2025-02-19
7309,Seher Bansal,2021-12-16
7310,Pari Lall,2020-04-08
7311,Misha Hegde,2025-02-15
7312,Kiara Ramanathan,2020-09-15
7313,Gatik Walia,2023-11-15
7314,Anaya Dutta,2024-03-10
7315,Samaira Tak,2021-02-20
7316,Alia Srinivas,2023-03-10
7317,Advika Aggarwal,2020-09-08
7318,Ritvik Master,2021-08-06
7319,Nitya Date,2024-11-29
7320,Vidur Grewal,2020-12-21
7321,Aayush Setty,2022-04-26
7322,Shalv Wadhwa,2024-04-06
7323,Tarini Zachariah,2020-06-14
7324,Jivika Bawa,2022-09-08
7325,Aayush Borah,2021-08-21
7326,Ivan Balasubramanian,2023-08-31
7327,Manikya Bedi,2024-07-22
7328,Badal Bhatt,2022-03-25
7329,Farhan Shankar,2021-04-22
7330,Taran Bajwa,2023-05-10
7331,Diya Madan,2024-07-10
7332,Fateh Dutta,2023-12-25
7333,Shaan Sahni,2022-09-08
7334,Prisha Mani,2024-08-14
7335,Abram Kata,2024-09-24
7336,Azad Bumb,2022-08-26
7337,Dhanuk Zachariah,2022-04-27
7338,Seher Madan,2024-11-12
7339,Mannat Srinivas,2020-06-29
7340,Siya Varughese,2023-07-12
7341,Rhea Yohannan,2023-12-30
7342,Devansh Chopra,2022-12-26
7343,Kismat Reddy,2024-03-24
7344,Tiya Bala,2022-05-10
7345,Jivin Luthra,2022-02-02
7346,Indranil Bains,2022-05-17
7347,Siya Ben,2023-12-08
7348,Yuvraj  Bhagat,2023-03-23
7349,Ishaan Vala,2020-06-07
7350,Samiha Mallick,2025-02-06
7351,Drishya Kulkarni,2022-05-07
7352,Nehmat Sabharwal,2021-08-19
7353,Prisha Bhatti,2023-01-25
7354,Veer Sarma,2020-04-01
7355,Reyansh Mahajan,2023-04-19
7356,Yuvaan Randhawa,2021-12-31
7357,Shaan Kulkarni,2022-10-13
7358,Veer Dhaliwal,2023-10-30
7359,Badal Issac,2021-07-08
7360,Hansh Bath,2024-06-24
7361,Ivana Bassi,2020-12-24
7362,Gokul Anand,2023-04-18
7363,Biju Ghosh,2021-02-14
7364,Elakshi Sachdev,2021-05-16
7365,Khushi Andra,2025-01-28
7366,Aaina Deshmukh,2020-09-09
7367,Jivin Kibe,2022-01-02
7368,Neysa Mannan,2021-03-14
7369,Amira Ram,2024-07-04
7370,Adah Barad,2022-07-14
7371,Devansh Chadha,2022-02-11
7372,Krish Sheth,2021-08-18
7373,Miraya Shukla,2023-11-12
7374,Advika Vaidya,2021-06-30
7375,Alisha Bava,2021-07-12
7376,Nitara Luthra,2021-02-06
7377,Himmat Brar,2020-08-23
7378,Amira Sangha,2024-03-24
7379,Mehul Shroff,2022-09-24
7380,Devansh Jain,2021-09-04
7381,Dhanuk Setty,2023-09-16
7382,Mohanlal Kar,2021-04-06
7383,Lakshit Chowdhury,2020-05-09
7384,Purab Sen,2024-09-21
7385,Hrishita Sankaran,2024-08-11
7386,Mohanlal Datta,2021-03-11
7387,Zain Bala,2022-02-11
7388,Prisha Sem,2024-09-28
7389,Vihaan Kaur,2025-02-24
7390,Kiara Ben,2020-07-08
7391,Samaira Mahal,2024-11-27
7392,Chirag Lad,2022-01-31
7393,Manikya Grover,2023-02-08
7394,Nehmat Yadav,2022-10-27
7395,Bhavin Ramesh,2022-03-24
7396,Shaan Lall,2023-11-04
7397,Ayesha Aurora,2024-05-15
7398,Charvi Bhagat,2020-04-30
7399,Rania Deol,2023-01-26
7400,Indrans Manda,2023-09-01
7401,Aarush Kapadia,2021-06-01
7402,Anika Edwin,2023-10-15
7403,Uthkarsh Dasgupta,2023-08-06
7404,Azad Savant,2021-09-27
7405,Parinaaz Baria,2024-04-27
7406,Aniruddh Chaudhari,2023-03-11
7407,Indranil Chawla,2022-06-30
7408,Shaan Bassi,2020-11-07
7409,Shayak Madan,2022-04-06
7410,Ranbir Goswami,2022-10-09
7411,Sahil Garde,2024-08-09
7412,Anaya Thaker,2022-02-19
7413,Prerak Shah,2025-01-25
7414,Ehsaan Sarkar,2024-05-22
7415,Zaina Kanda,2024-12-05
7416,Yuvraj  Kumar,2021-11-29
7417,Kabir Gopal,2021-04-29
7418,Oorja Kibe,2024-07-22
7419,Ela Mangal,2021-09-23
7420,Mamooty Sahni,2024-11-19
7421,Anaya Anand,2022-05-26
7422,Uthkarsh Garg,2023-10-18
7423,Shalv Sandal,2024-03-19
7424,Kaira Rastogi,2024-01-24
7425,Aniruddh Atwal,2021-03-16
7426,Gokul Lal,2021-05-03
7427,Saira Chaudhari,2021-11-10
7428,Krish Chana,2024-10-30
7429,Mannat Dutt,2022-07-07
7430,Aarna Ravi,2024-04-04
7431,Mannat Wason,2021-07-14
7432,Aaryahi Varghese,2021-09-04
7433,Dharmajan Viswanathan,2020-12-08
7434,Hazel Chada,2021-06-20
7435,Mannat Mangat,2021-03-21
7436,Nitya Mani,2022-03-16
7437,Shayak Srinivasan,2025-02-19
7438,Miraan Malhotra,2021-07-30
7439,Hansh Devi,2023-02-09
7440,Taran Warrior,2023-08-07
7441,Jayesh Sehgal,2021-07-07
7442,Badal Dugar,2023-08-10
7443,Nirvi Shankar,2022-05-21
7444,Raghav Kamdar,2024-07-20
7445,Riya Sur,2023-02-12
7446,Nakul Golla,2024-04-24
7447,Ranbir Deol,2023-05-02
7448,Priyansh Mann,2020-12-28
7449,Kimaya Bir,2021-08-28
7450,Vivaan Tara,2023-07-24
7451,Biju Krish,2020-12-10
7452,Anahi Jha,2022-06-29
7453,Shaan Setty,2021-06-23
7454,Ritvik Dave,2020-07-23
7455,Mahika Badal,2024-07-22
7456,Rohan Andra,2021-12-07
7457,Krish Ramanathan,2020-12-05
7458,Mannat Bahri,2022-12-27
7459,Vidur Biswas,2023-08-08
7460,Khushi Vala,2024-01-28
7461,Vanya Sabharwal,2023-08-06
7462,Mohanlal Sagar,2023-05-03
7463,Hazel Vyas,2024-05-12
7464,Hazel Basu,2022-02-09
7465,Aaina Gopal,2025-02-14
7466,Drishya Sandhu,2023-03-08
7467,Aniruddh Dhar,2022-11-08
7468,Yakshit Divan,2022-08-20
7469,Anvi Gera,2024-06-23
7470,Piya Varkey,2023-11-03
7471,Yashvi Deol,2023-08-10
7472,Lakshit Ranganathan,2021-07-25
7473,Tiya Dyal,2020-11-19
7474,Akarsh Dayal,2021-03-07
7475,Taran Chadha,2020-12-29
7476,Anahita Kala,2024-05-20
7477,Rati Ratta,2022-10-19
7478,Jiya Chaudhary,2022-08-16
7479,Mahika Karan,2023-11-17
7480,Faiyaz Mander,2023-03-01
7481,Vanya Brahmbhatt,2023-11-07
7482,Pihu Borah,2023-04-24
7483,Shanaya Rao,2024-03-16
7484,Heer Dani,2023-10-13
7485,Zain Dass,2020-06-04
7486,Nitara Mani,2020-09-05
7487,Nakul Sagar,2020-07-31
7488,Bhamini Balan,2024-08-13
7489,Myra Karnik,2024-05-31
7490,Vidur Koshy,2022-12-30
7491,Rasha Batta,2023-09-05
7492,Krish Sengupta,2023-12-19
7493,Shanaya Tank,2022-07-23
7494,Reyansh Kalita,2022-09-06
7495,Siya Sachdev,2022-08-11
7496,Kaira Ghosh,2025-01-14
7497,Vedika Chawla,2022-09-23
7498,Renee Char,2021-06-06
7499,Adira Chakraborty,2020-11-05
7500,Nirvi Korpal,2022-10-04
7501,Amani Wason,2024-11-24
7502,Trisha Buch,2024-03-26
7503,Aaina Atwal,2023-04-15
7504,Hridaan Ganesan,2021-04-18
7505,Sumer Krishna,2021-06-29
7506,Priyansh Dugar,2023-01-21
7507,Heer Sandal,2020-11-08
7508,Tarini Sharaf,2020-12-11
7509,Kismat Gola,2020-11-12
7510,Samar Hari,2023-03-30
7511,Ivan Basu,2023-03-04
7512,Kiaan Yogi,2022-12-23
7513,Uthkarsh Bhattacharyya,2023-03-24
7514,Aniruddh Grewal,2024-11-04
7515,Ehsaan Gade,2020-04-15
7516,Aaryahi Bath,2022-06-02
7517,Vedika Dugal,2022-01-08
7518,Nitya Gupta,2024-02-27
7519,Khushi Raju,2024-07-21
7520,Nirvaan Gaba,2021-11-09
7521,Gokul Bansal,2023-08-16
7522,Abram Batra,2023-07-17
7523,Hiran Lanka,2024-02-25
7524,Diya Mani,2020-11-28
7525,Dharmajan Agarwal,2021-03-03
7526,Sahil Dyal,2022-02-20
7527,Shalv Goel,2022-12-07
7528,Khushi Venkataraman,2024-08-05
7529,Zaina Kapur,2024-05-18
7530,Purab Chhabra,2022-06-12
7531,Arhaan Ramachandran,2022-03-22
7532,Aradhya Agate,2020-08-02
7533,Kashvi Khurana,2022-01-16
7534,Seher Magar,2021-05-30
7535,Parinaaz Babu,2024-03-14
7536,Damini Bir,2020-12-21
7537,Taimur Bandi,2021-03-23
7538,Anika Sarma,2022-04-09
7539,Himmat Mann,2024-08-23
7540,Indrans Chowdhury,2022-01-06
7541,Heer Verma,2024-01-21
7542,Madhup Zachariah,2023-07-18
7543,Trisha Sangha,2021-03-09
7544,Ira Sarin,2020-07-16
7545,Navya Tella,2022-02-21
7546,Hiran Tata,2022-11-09
7547,Nirvi Bumb,2021-09-04
7548,Damini Raju,2022-07-20
7549,Kismat Sachdeva,2023-06-17
7550,Inaaya  Kumar,2024-01-14
7551,Kashvi Das,2021-04-14
7552,Diya Sandhu,2022-10-09
7553,Aarna Madan,2022-11-15
7554,Hazel Seth,2020-07-10
7555,Priyansh Dugar,2023-10-25
7556,Khushi Rao,2020-04-14
7557,Mamooty Behl,2021-03-06
7558,Hansh Chada,2023-07-19
7559,Samiha Tank,2023-12-05
7560,Trisha Balay,2022-11-06
7561,Mamooty Tailor,2020-06-16
7562,Khushi Ramanathan,2022-01-01
7563,Devansh Hayer,2023-08-29
7564,Jivin Trivedi,2024-10-04
7565,Veer Chowdhury,2024-05-06
7566,Divij Sule,2024-03-25
7567,Chirag Kamdar,2025-02-10
7568,Ahana  Chaudhry,2020-05-04
7569,Heer Kant,2024-07-19
7570,Ela Sharaf,2023-05-26
7571,Vardaniya Sankaran,2022-06-21
7572,Mishti Grewal,2021-03-28
7573,Nitya Chauhan,2023-03-26
7574,Sara Sane,2021-11-23
7575,Keya Golla,2020-06-04
7576,Nayantara Chakraborty,2021-02-23
7577,Gatik Gopal,2023-11-20
7578,Taran Ganguly,2023-06-01
7579,Sahil Dhar,2022-08-21
7580,Ojas Dora,2024-03-28
7581,Shaan Samra,2020-10-15
7582,Saksham Badami,2024-12-14
7583,Ivan Dhaliwal,2021-09-20
7584,Onkar Majumdar,2023-10-31
7585,Rohan Kapoor,2020-10-29
7586,Ojas Sachar,2023-10-25
7587,Vritika Venkatesh,2024-12-14
7588,Khushi Dube,2021-01-31
7589,Vanya Suresh,2023-07-16
7590,Damini Bajwa,2024-09-25
7591,Zoya Atwal,2022-11-13
7592,Yashvi Vohra,2024-03-04
7593,Jayant Agate,2022-11-24
7594,Nitya Kohli,2024-08-05
7595,Tanya Acharya,2023-06-10
7596,Vivaan Kumar,2023-09-22
7597,Shayak Subramaniam,2021-11-30
7598,Vritika Sastry,2024-10-17
7599,Aarush Din,2024-01-28
7600,Bhamini Bhakta,2023-10-12
7601,Kavya Sarraf,2021-04-22
7602,Myra Gokhale,2022-01-15
7603,Eva Bains,2024-08-27
7604,Vanya Manne,2024-09-08
7605,Arhaan Behl,2023-10-10
7606,Farhan Reddy,2023-06-02
7607,Purab Bandi,2020-11-14
7608,Sara Manda,2021-10-21
7609,Uthkarsh Bora,2025-02-12
7610,Inaaya  Ramesh,2022-11-05
7611,Fateh Walia,2022-10-01
7612,Jayesh Dua,2021-02-15
7613,Lakshay Dugar,2020-12-31
7614,Elakshi Thakkar,2021-10-18
7615,Zara Chauhan,2020-12-21
7616,Nayantara Batra,2022-05-03
7617,Fateh Suresh,2020-10-14
7618,Kiara Sekhon,2021-07-22
7619,Raunak Chada,2024-06-28
7620,Gokul Chahal,2023-05-09
7621,Aaina Chanda,2023-05-26
7622,Heer Bajwa,2021-12-16
7623,Azad Kala,2022-02-15
7624,Onkar Batra,2021-08-21
7625,Navya Amble,2024-11-24
7626,Rasha Golla,2024-11-24
7627,Rania Bawa,2021-12-27
7628,Shray Anne,2024-01-26
7629,Mamooty Bumb,2022-06-22
7630,Sahil Krishnamurthy,2021-06-23
7631,Rhea Chatterjee,2020-10-30
7632,Ritvik Kanda,2020-09-09
7633,Shamik Sule,2022-02-18
7634,Dhruv Sem,2024-05-23
7635,Badal Buch,2023-07-09
7636,Riaan Hora,2021-05-29
7637,Urvi Guha,2020-07-30
7638,Raghav Shanker,2020-11-12
7639,Adah Wali,2024-05-01
7640,Tejas Tata,2023-12-22
7641,Gokul Raval,2021-10-14
7642,Tarini Loyal,2021-10-23
7643,Shlok Bhatnagar,2024-07-28
7644,Alisha Malhotra,2024-05-20
7645,Ayesha Walla,2023-08-06
7646,Vidur Rao,2024-10-17
7647,Gokul Sami,2024-02-02
7648,Aarav Dewan,2022-05-20
7649,Mohanlal Shan,2023-01-09
7650,Tarini Dubey,2021-07-09
7651,Farhan Yogi,2022-02-20
7652,Saira Sodhi,2023-06-14
7653,Prerak Desai,2020-03-24
7654,Sumer Jha,2022-10-08
7655,Hridaan Hans,2021-09-24
7656,Aarav Saini,2021-12-30
7657,Eshani Tank,2022-02-15
7658,Aniruddh Ganesh,2022-11-08
7659,Taran Contractor,2021-10-24
7660,Fateh Tella,2022-04-10
7661,Drishya Gopal,2022-10-20
7662,Khushi Saraf,2022-04-15
7663,Kanav Mahajan,2021-05-06
7664,Azad Gopal,2020-06-05
7665,Diya Ramesh,2020-07-08
7666,Prisha Chaudry,2021-04-03
7667,Divij Samra,2022-06-14
7668,Nirvi Aurora,2021-09-14
7669,Indrans Handa,2025-01-12
7670,Anahita Tailor,2021-04-10
7671,Nitya Kala,2022-12-18
7672,Heer Date,2021-05-06
7673,Pihu Sabharwal,2021-10-07
7674,Lakshit Dass,2020-06-22
7675,Vedika Divan,2021-01-01
7676,Hiran Agrawal,2020-10-27
7677,Ishita Chaudhary,2022-12-22
7678,Tarini Mangat,2024-06-02
7679,Ojas Gupta,2022-09-08
7680,Biju Sundaram,2025-02-25
7681,Anika Guha,2024-04-05
7682,Lakshit Chowdhury,2024-01-27
7683,Chirag Kulkarni,2022-04-24
7684,Dharmajan Sule,2024-09-11
7685,Nirvaan Kant,2023-09-02
7686,Aarna Manda,2024-12-07
7687,Tara Balan,2021-08-09
7688,Faiyaz Ranganathan,2021-06-25
7689,Pranay Badal,2020-03-07
7690,Priyansh Talwar,2022-10-16
7691,Nitara Dugal,2024-04-27
7692,Heer Shenoy,2024-11-05
7693,Rati Chaudhary,2024-09-28
7694,Veer Dey,2024-05-10
7695,Shlok Suresh,2024-02-18
7696,Lakshit Zacharia,2022-03-09
7697,Jivika Borra,2021-08-07
7698,Shayak Sodhi,2024-10-02
7699,Baiju Bains,2020-11-04
7700,Oorja Borah,2024-08-15
7701,Nehmat Balakrishnan,2022-12-07
7702,Faiyaz Manda,2020-08-28
7703,Adira Setty,2022-12-18
7704,Pihu Chanda,2021-01-20
7705,Lavanya Chowdhury,2023-04-18
7706,Parinaaz Malhotra,2020-12-10
7707,Shayak Raj,2024-04-26
7708,Ritvik Grover,2021-06-03
7709,Ranbir Gour,2022-07-09
7710,Devansh Rajagopal,2020-05-26
7711,Sana Sundaram,2020-03-26
7712,Bhamini Bakshi,2024-04-26
7713,Diya Karan,2020-12-17
7714,Advika Ramanathan,2024-05-22
7715,Badal Ben,2023-06-15
7716,Shalv Sankar,2024-08-02
7717,Kabir Singh,2025-02-17
7718,Aaina Koshy,2020-11-15
7719,Hridaan Chacko,2021-03-23
7720,Lakshit Vala,2022-11-07
7721,Kashvi Varghese,2023-08-22
7722,Armaan Babu,2022-05-08
7723,Hazel Kamdar,2024-08-01
7724,Taran Chakraborty,2023-08-05
7725,Dharmajan Kakar,2024-05-19
7726,Bhavin Toor,2024-09-09
7727,Inaaya  Kaul,2024-10-24
7728,Umang Bains,2022-11-17
7729,Kartik Sane,2022-08-03
7730,Nayantara Wason,2023-10-13
7731,Aniruddh Gill,2022-05-15
7732,Neelofar Bedi,2024-07-30
7733,Vardaniya Kale,2022-07-12
7734,Dishani Malhotra,2023-12-21
7735,Kiara Dar,2024-11-07
7736,Lagan Gill,2021-01-01
7737,Ehsaan Dara,2022-02-18
7738,Nitara Halder,2022-05-30
7739,Bhamini Zacharia,2020-11-30
7740,Neelofar Andra,2020-05-25
7741,Lakshay Bhasin,2023-02-24
7742,Jivin Walia,2020-12-22
7743,Ira Kapur,2024-10-04
7744,Hunar Wable,2022-09-27
7745,Anika Guha,2023-06-29
7746,Drishya Jha,2021-09-17
7747,Kaira Buch,2022-10-10
7748,Madhup Vora,2024-10-26
7749,Indrajit Gaba,2021-08-30
7750,Jhanvi Magar,2023-06-06
7751,Farhan Kibe,2021-09-08
7752,Advika Madan,2022-03-03
7753,Keya Chacko,2021-07-18
7754,Suhana Bose,2022-09-19
7755,Azad Seshadri,2024-08-27
7756,Rania Chokshi,2025-01-14
7757,Madhav Loyal,2024-05-15
7758,Prisha Dugal,2020-03-18
7759,Priyansh Tiwari,2024-04-25
7760,Yuvraj  Goswami,2024-06-19
7761,Ranbir Edwin,2020-12-22
7762,Divit Goel,2022-11-17
7763,Yashvi Choudhury,2020-09-12
7764,Ivan Agrawal,2025-01-29
7765,Drishya Kalla,2022-03-12
7766,Sara Dube,2025-02-17
7767,Gokul Banik,2024-12-30
7768,Indranil Handa,2022-10-29
7769,Romil Badami,2023-11-01
7770,Ojas Ravi,2023-04-28
7771,Azad Tailor,2025-02-23
7772,Manjari Rana,2024-04-01
7773,Renee Manda,2021-04-23
7774,Ivan Thaker,2023-09-16
7775,Samarth Ramachandran,2023-09-22
7776,Ehsaan Rama,2023-07-07
7777,Kaira Magar,2021-09-20
7778,Rhea Kara,2024-04-20
7779,Nehmat Ratti,2022-01-24
7780,Nirvaan Iyengar,2020-09-18
7781,Yashvi Barad,2024-02-08
7782,Jhanvi Chaudhuri,2023-03-05
7783,Kabir Zachariah,2020-06-07
7784,Alia Seth,2022-08-30
7785,Prisha Dutt,2022-04-24
7786,Chirag Johal,2020-10-11
7787,Zoya Kulkarni,2023-01-24
7788,Shamik Sharaf,2022-03-15
7789,Mishti Sunder,2022-10-17
7790,Samarth Choudhary,2023-04-10
7791,Elakshi Khanna,2021-06-04
7792,Divij Kar,2021-11-02
7793,Miraya Char,2024-12-27
7794,Madhup Dhillon,2021-04-26
7795,Tanya Sankaran,2022-12-30
7796,Shamik Krishnamurthy,2023-02-23
7797,Zoya Vohra,2024-05-01
7798,Divit Sarma,2020-08-24
7799,Tejas Khatri,2021-05-17
7800,Anaya Chaudhuri,2021-10-16
7801,Hunar Dass,2020-12-10
7802,Samiha Karpe,2021-08-26
7803,Jayan Batra,2022-06-12
7804,Dishani Batra,2021-02-12
7805,Riaan Halder,2021-05-11
7806,Rohan Garg,2020-08-03
7807,Ivana Sangha,2022-06-11
7808,Nakul Jani,2020-12-13
7809,Abram Saxena,2023-06-09
7810,Tiya Kara,2025-01-14
7811,Shlok Salvi,2021-10-19
7812,Inaaya  Kakar,2022-12-10
7813,Onkar Garde,2020-11-23
7814,Shray Swamy,2021-05-30
7815,Aradhya Bal,2025-02-14
7816,Bhavin Sood,2022-03-13
7817,Pari Chokshi,2022-04-29
7818,Yuvaan Bali,2021-03-25
7819,Darshit Shan,2024-04-28
7820,Jiya Lad,2020-12-04
7821,Advika Krishnamurthy,2022-05-23
7822,Anahi Reddy,2022-11-06
7823,Yuvraj  Sarma,2021-11-26
7824,Zara Sharaf,2022-08-22
7825,Anahita Randhawa,2022-12-05
7826,Vritika Chatterjee,2021-01-22
7827,Ishaan Kata,2022-01-22
7828,Shalv Hora,2023-02-20
7829,Ojas Butala,2022-03-26
7830,Priyansh Bawa,2024-08-21
7831,Hiran Guha,2022-04-03
7832,Misha Bhargava,2022-07-16
7833,Rati Sahni,2022-08-15
7834,Sara Sunder,2024-12-23
7835,Kartik Shankar,2022-07-18
7836,Anahi Hayer,2020-03-15
7837,Kabir Rajan,2022-01-29
7838,Samaira Dewan,2020-07-28
7839,Mohanlal Iyengar,2020-06-18
7840,Mahika Iyengar,2022-12-16
7841,Vivaan Chaudhuri,2024-05-04
7842,Uthkarsh Rao,2020-10-08
7843,Uthkarsh Batra,2021-06-15
7844,Kashvi Som,2024-02-14
7845,Rasha Magar,2020-05-08
7846,Rasha Madan,2020-10-23
7847,Akarsh Thaman,2022-11-13
7848,Mahika Dutt,2021-07-22
7849,Ehsaan Sharaf,2020-07-02
7850,Rohan Hans,2020-10-15
7851,Chirag Contractor,2020-03-20
7852,Tejas Char,2020-10-18
7853,Lakshay Ahluwalia,2023-01-09
7854,Hrishita Sarna,2021-08-04
7855,Anahi Kakar,2024-11-01
7856,Abram Kumer,2024-06-18
7857,Riaan Madan,2021-09-03
7858,Priyansh Gour,2021-08-06
7859,Umang Dugal,2024-10-13
7860,Saksham Sankaran,2023-12-12
7861,Jiya Magar,2022-01-11
7862,Anaya Amble,2022-04-10
7863,Amira Konda,2021-04-29
7864,Vivaan Kashyap,2020-09-23
7865,Siya Kala,2022-05-22
7866,Hrishita Bava,2024-12-11
7867,Nehmat Sampath,2024-05-17
7868,Gokul Edwin,2023-12-23
7869,Stuvan Sampath,2023-01-09
7870,Dishani Ramaswamy,2020-08-25
7871,Kavya Buch,2020-07-21
7872,Arhaan Som,2022-04-08
7873,Misha Rout,2021-12-27
7874,Mishti Vohra,2021-08-19
7875,Jayesh Varma,2020-09-12
7876,Romil Sastry,2023-11-10
7877,Yasmin Behl,2023-08-17
7878,Bhavin Bhasin,2023-12-25
7879,Hiran Chakrabarti,2021-10-29
7880,Zain Chaudry,2020-08-26
7881,Adira Sama,2024-01-16
7882,Zain Amble,2021-03-18
7883,Advika Vora,2022-07-17
7884,Aayush Bala,2023-04-24
7885,Zeeshan Chanda,2021-09-25
7886,Drishya Sarraf,2024-12-06
7887,Anay Thakkar,2020-06-02
7888,Aarav Agarwal,2021-12-08
7889,Saanvi Rama,2022-05-30
7890,Sumer Saha,2021-02-07
7891,Kimaya Lad,2020-03-09
7892,Bhavin Loke,2024-01-17
7893,Yashvi Balay,2021-04-14
7894,Dishani Datta,2021-02-13
7895,Saanvi Goyal,2024-05-04
7896,Umang Walla,2021-09-19
7897,Bhavin Vala,2022-11-27
7898,Shray Maharaj,2021-04-15
7899,Neelofar Jayaraman,2024-03-31
7900,Tiya Baral,2020-10-22
7901,Anay Kapadia,2023-04-27
7902,Hridaan Choudhury,2024-08-09
7903,Adah Dixit,2020-12-03
7904,Dhanuk Krishnan,2023-07-12
7905,Aaryahi Ram,2021-03-06
7906,Ryan Dyal,2023-08-03
7907,Mishti Bobal,2023-11-20
7908,Mahika Luthra,2021-04-24
7909,Suhana Bajaj,2024-10-06
7910,Mehul Krishnamurthy,2022-02-26
7911,Dishani Roy,2022-01-26
7912,Anahita Viswanathan,2024-10-11
7913,Nirvi Chanda,2023-05-31
7914,Hridaan Kalla,2024-10-28
7915,Misha Kale,2020-09-13
7916,Vivaan Sarkar,2025-02-16
7917,Lavanya Swamy,2022-07-12
7918,Yakshit Bajwa,2024-11-20
7919,Gatik Zachariah,2020-06-02
7920,Ayesha Madan,2025-01-07
7921,Inaaya  Issac,2020-12-14
7922,Ela Bhat,2022-07-03
7923,Rati Chad,2022-02-14
7924,Anay Dhar,2021-12-29
7925,Parinaaz Joshi,2024-09-28
7926,Navya Ahluwalia,2020-06-03
7927,Arhaan Ganesan,2023-08-29
7928,Lakshay Raval,2022-03-17
7929,Gokul Ram,2021-11-25
7930,Ishita Kannan,2020-05-03
7931,Lakshay Salvi,2023-02-20
7932,Siya Sami,2023-08-18
7933,Nirvi Choudhry,2020-03-17
7934,Anaya Lad,2023-07-01
7935,Samar Ramanathan,2024-10-07
7936,Pari Gour,2022-07-25
7937,Jiya Bhalla,2023-11-04
7938,Vihaan Joshi,2024-04-04
7939,Ritvik Guha,2024-10-07
7940,Chirag Bala,2023-07-13
7941,Kartik Badami,2023-08-07
7942,Dhanuk Bera,2020-06-11
7943,Sahil Kata,2020-07-23
7944,Ranbir Bhasin,2023-02-14
7945,Yasmin De,2023-01-11
7946,Yuvaan Walla,2020-12-02
7947,Anahita Gill,2023-01-14
7948,Prerak Sabharwal,2023-01-12
7949,Hrishita Mani,2022-08-22
7950,Zeeshan Shetty,2024-05-28
7951,Samaira Dhaliwal,2025-01-06
7952,Indrans Dora,2021-01-24
7953,Elakshi Ramachandran,2023-02-14
7954,Tarini Agate,2021-08-07
7955,Miraan Bains,2020-10-13
7956,Kismat Sengupta,2023-02-25
7957,Shayak Sama,2024-11-08
7958,Khushi Ramanathan,2023-10-01
7959,Ehsaan Bal,2020-10-29
7960,Saanvi Tak,2021-05-17
7961,Nitya Jha,2022-05-11
7962,Elakshi Grover,2020-03-06
7963,Lakshay Toor,2022-12-22
7964,Arnav Rajan,2020-12-14
7965,Pari Sahni,2023-02-04
7966,Emir Hayre,2023-10-03
7967,Sara Tata,2022-07-22
7968,Kabir Kadakia,2022-04-10
7969,Lakshay Reddy,2025-02-02
7970,Damini Tandon,2023-03-25
7971,Amani Dhaliwal,2024-08-24
7972,Jiya Kari,2023-08-13
7973,Kismat Sha,2024-12-24
7974,Ishita Sur,2022-09-09
7975,Lagan Amble,2023-01-15
7976,Shlok Doctor,2021-03-17
7977,Vritika Vala,2023-07-09
7978,Himmat Lad,2020-09-20
7979,Taran Bath,2023-12-05
7980,Tarini Sagar,2024-08-13
7981,Nishith Mallick,2022-09-15
7982,Yakshit Dugal,2024-11-24
7983,Samiha Lala,2023-12-08
7984,Zaina Khurana,2025-01-27
7985,Parinaaz Loyal,2020-06-03
7986,Kavya Sami,2024-01-17
7987,Emir Gera,2020-11-13
7988,Shanaya Sani,2023-08-28
7989,Aarav D’Alia,2020-08-09
7990,Trisha Raval,2022-05-18
7991,Jiya Mander,2023-01-30
7992,Shaan Kalita,2024-09-11
7993,Kiara Dugar,2020-04-11
7994,Miraan Bahri,2022-05-20
7995,Rati Gade,2022-10-09
7996,Elakshi Ganesan,2022-10-02
7997,Kashvi Sarna,2022-10-09
7998,Damini Rao,2020-08-19
7999,Kaira Ahluwalia,2023-10-09
8000,Anika Kara,2022-03-20
8001,Jhanvi Bath,2024-09-02
8002,Alia Vohra,2023-02-26
8003,Hazel Mannan,2020-06-27
8004,Anay Kala,2020-09-25
8005,Sahil Shere,2022-10-30
8006,Onkar Tiwari,2020-09-26
8007,Madhav Din,2020-04-22
8008,Aaina Vyas,2023-02-26
8009,Ahana  Sant,2023-01-26
8010,Onkar Sastry,2023-11-24
8011,Yasmin Cheema,2023-12-06
8012,Anahi Vohra,2024-05-24
8013,Ira Sinha,2021-08-18
8014,Alia Tailor,2020-10-30
8015,Shaan Balan,2023-10-03
8016,Krish Chanda,2023-09-21
8017,Hridaan Arora,2021-01-06
8018,Taran Wali,2020-06-30
8019,Kaira Chand,2022-01-12
8020,Rhea Goda,2022-07-19
8021,Anvi Balasubramanian,2025-02-05
8022,Sahil Loke,2024-09-05
8023,Jiya Sarna,2021-06-18
8024,Aarush Karnik,2022-11-06
8025,Kabir Chakrabarti,2022-08-07
8026,Jivika Shroff,2023-08-22
8027,Madhav Sharaf,2022-10-30
8028,Hazel Rana,2023-02-27
8029,Prisha Sahota,2025-01-20
8030,Riaan Wadhwa,2021-04-26
8031,Anaya Varma,2024-02-29
8032,Sumer Chowdhury,2022-06-24
8033,Rania Mand,2021-12-25
8034,Manikya Sarraf,2024-10-07
8035,Hunar Subramanian,2021-05-14
8036,Stuvan Venkatesh,2022-12-17
8037,Nakul Anne,2022-10-16
8038,Nakul Khare,2022-07-20
8039,Ritvik Trivedi,2022-03-28
8040,Yuvaan Karpe,2021-12-10
8041,Kimaya Kar,2021-09-28
8042,Shlok Kalla,2024-12-06
8043,Miraan Wadhwa,2021-07-07
8044,Pranay Sani,2024-04-07
8045,Abram Garde,2024-11-19
8046,Dhanush Gaba,2024-12-14
8047,Madhup Bumb,2024-04-25
8048,Divij Magar,2021-08-03
8049,Riya Wali,2024-12-07
8050,Madhup Bhandari,2020-03-30
8051,Elakshi Bhatt,2023-04-21
8052,Rania Dhillon,2022-05-26
8053,Dhanuk Yohannan,2024-12-09
8054,Kiaan Goswami,2023-08-26
8055,Sana Bhardwaj,2022-08-08
8056,Anay Warrior,2024-01-22
8057,Sahil Lal,2022-08-16
8058,Myra Hayre,2020-04-10
8059,Krish Hayer,2022-05-20
8060,Ishita Kalla,2023-01-21
8061,Hrishita Barad,2023-09-12
8062,Yashvi Ratta,2023-12-15
8063,Nishith Sha,2020-06-19
8064,Tanya Yadav,2022-09-09
8065,Gokul Mallick,2022-02-17
8066,Kismat Tripathi,2021-09-19
8067,Akarsh Sandal,2022-11-19
8068,Indrans Hayer,2021-04-16
8069,Shray Gopal,2020-11-13
8070,Vaibhav Bakshi,2020-10-20
8071,Khushi Virk,2021-08-03
8072,Kanav D’Alia,2023-10-20
8073,Manikya Chaudhry,2024-05-25
8074,Hazel Arya,2022-12-13
8075,Urvi Walla,2022-01-06
8076,Pranay Acharya,2024-12-23
8077,Renee Vig,2023-10-01
8078,Anika Dugar,2024-07-31
8079,Rania Mannan,2024-10-11
8080,Riya Tank,2022-02-27
8081,Alia Soman,2022-04-20
8082,Aniruddh Bajwa,2024-02-09
8083,Renee Ramanathan,2023-01-10
8084,Anika Wason,2021-01-19
8085,Kabir Kapur,2023-08-19
8086,Hazel Mahajan,2021-05-11
8087,Ritvik Brar,2021-02-16
8088,Zain Chahal,2022-08-01
8089,Heer Raman,2020-08-04
8090,Riaan Swaminathan,2023-05-05
8091,Adah Bail,2024-03-11
8092,Yakshit Baral,2020-08-15
8093,Darshit Reddy,2021-05-14
8094,Kiaan Raj,2025-01-21
8095,Lakshit Sarma,2020-06-26
8096,Hrishita Tata,2020-09-20
8097,Jivika Bajwa,2023-02-10
8098,Shalv Sathe,2021-05-14
8099,Vanya Gole,2021-11-04
8100,Kismat Ramanathan,2020-10-17
8101,Lakshit Amble,2021-11-11
8102,Indranil Behl,2022-12-10
8103,Tanya Dani,2022-10-29
8104,Taran Venkataraman,2021-03-28
8105,Anahita Bhatnagar,2020-10-06
8106,Shlok Goda,2024-07-15
8107,Urvi Warrior,2023-08-01
8108,Urvi Kant,2022-02-10
8109,Ishita Wadhwa,2020-07-08
8110,Myra Agate,2021-04-30
8111,Drishya Sachdeva,2023-05-18
8112,Neelofar Lad,2021-11-10
8113,Yasmin Kadakia,2024-10-24
8114,Hunar Tripathi,2020-07-15
8115,Damini Varty,2022-07-14
8116,Heer Bhatt,2020-12-14
8117,Pihu Savant,2023-06-29
8118,Hansh Dhaliwal,2021-06-17
8119,Riya Chatterjee,2024-08-08
8120,Chirag Dasgupta,2021-06-22
8121,Nirvi Bajwa,2023-06-27
8122,Navya Halder,2024-05-26
8123,Manjari Tella,2022-02-19
8124,Lavanya Khare,2024-11-22
8125,Ritvik Chatterjee,2021-06-17
8126,Zain Devi,2025-02-20
8127,Ritvik Bhatti,2022-10-20
8128,Tejas Agate,2022-12-18
8129,Armaan Sethi,2024-12-17
8130,Raghav Saran,2024-04-06
8131,Manjari Bala,2023-01-15
8132,Badal Cherian,2022-06-22
8133,Divyansh Ravel,2024-05-28
8134,Yashvi Koshy,2024-04-20
8135,Vaibhav Sankaran,2023-08-16
8136,Emir Sahota,2022-06-21
8137,Nirvi Chokshi,2022-03-04
8138,Mamooty Bawa,2024-08-25
8139,Ivana Ahluwalia,2024-07-17
8140,Anahita Chaudhuri,2020-08-04
8141,Vanya Grover,2021-07-01
8142,Inaaya  Dasgupta,2023-12-04
8143,Akarsh Dave,2024-09-07
8144,Dhanush Agate,2025-02-12
8145,Divij Guha,2022-12-29
8146,Lakshit Balasubramanian,2020-07-04
8147,Kashvi Salvi,2023-01-01
8148,Manjari Din,2020-03-13
8149,Drishya Sarna,2020-10-11
8150,Elakshi Shroff,2020-10-07
8151,Gatik Goel,2023-09-24
8152,Hrishita D’Alia,2023-03-06
8153,Samar Chadha,2022-02-26
8154,Prerak Sarin,2021-11-24
8155,Siya Chatterjee,2024-01-22
8156,Diya Saini,2024-10-24
8157,Indrans Shan,2025-02-09
8158,Misha Bahri,2021-05-02
8159,Manikya Shan,2024-10-23
8160,Mahika Shah,2023-04-24
8161,Keya Banik,2024-01-10
8162,Abram Korpal,2024-04-21
8163,Lavanya Goel,2020-08-23
8164,Sana Chaudhuri,2024-06-14
8165,Gokul Mand,2023-09-18
8166,Tushar Anand,2021-03-19
8167,Khushi Karpe,2024-03-08
8168,Chirag Bansal,2024-08-30
8169,Anay Kanda,2021-07-21
8170,Amira Garg,2021-11-27
8171,Lagan Kurian,2022-12-24
8172,Veer Iyer,2022-08-18
8173,Shamik Goel,2023-10-26
8174,Trisha Bhatt,2021-05-28
8175,Dhanush Bains,2021-09-28
8176,Riya Vohra,2021-08-04
8177,Jivin Jha,2022-01-28
8178,Heer Sengupta,2024-09-29
8179,Indrans Kalita,2023-09-12
8180,Alisha Koshy,2025-01-12
8181,Drishya Kohli,2024-01-07
8182,Biju Khurana,2021-06-15
8183,Aradhya Mall,2021-08-06
8184,Oorja Ramaswamy,2023-12-17
8185,Saanvi Virk,2023-02-21
8186,Saanvi Dugar,2021-07-01
8187,Taran Soman,2025-02-09
8188,Adira Shetty,2024-07-03
8189,Kaira Iyer,2020-03-17
8190,Sara Bajaj,2024-10-29
8191,Anaya Chaudhari,2021-08-02
8192,Ahana  Srinivasan,2023-07-20
8193,Pari Sheth,2021-04-05
8194,Adah Jayaraman,2021-12-17
8195,Fateh Trivedi,2025-01-06
8196,Madhup Devan,2020-03-06
8197,Ehsaan Batra,2021-05-03
8198,Hunar Bali,2021-06-12
8199,Akarsh Dutta,2021-12-10
8200,Taimur Kothari,2022-10-12
8201,Prisha Sahni,2023-06-12
8202,Adira Bhatt,2021-11-01
8203,Dhanush Ganguly,2022-11-28
8204,Ela Bains,2022-05-15
8205,Prerak De,2024-09-22
8206,Hunar Jaggi,2024-09-20
8207,Samar Zacharia,2022-04-28
8208,Drishya Thaker,2024-09-09
8209,Ayesha Deo,2020-08-09
8210,Inaaya  Doctor,2021-04-11
8211,Siya Raval,2020-04-28
8212,Sana Mani,2023-07-24
8213,Armaan Singhal,2024-11-21
8214,Miraan Garg,2020-08-25
8215,Taimur Sibal,2021-04-24
8216,Hridaan Zachariah,2021-08-03
8217,Anya Dayal,2022-03-30
8218,Nitya Ganesh,2021-01-30
8219,Keya Bobal,2021-11-14
8220,Navya Chadha,2024-08-23
8221,Anika Brahmbhatt,2023-02-14
8222,Kimaya Konda,2023-12-18
8223,Kashvi Hora,2023-10-07
8224,Mehul De,2020-11-06
8225,Tushar Bhavsar,2024-05-19
8226,Myra Sen,2023-06-12
8227,Ryan Mann,2023-07-13
8228,Mishti Wason,2020-12-16
8229,Ivan Varma,2024-11-04
8230,Jayant Saxena,2023-04-17
8231,Badal Bumb,2023-05-17
8232,Parinaaz Ganesh,2022-11-16
8233,Mishti Seth,2023-12-24
8234,Jayesh Loyal,2024-06-26
8235,Vivaan Dutt,2021-06-01
8236,Pranay Sodhi,2021-04-03
8237,Ishaan Sunder,2021-06-17
8238,Jayan Walia,2022-06-16
8239,Anya Choudhry,2024-09-26
8240,Sahil Gara,2022-11-08
8241,Mohanlal Chopra,2023-12-26
8242,Emir Kannan,2023-12-05
8243,Urvi Lall,2024-06-19
8244,Navya Desai,2021-10-12
8245,Zaina Dhingra,2022-10-30
8246,Baiju Dass,2024-07-22
8247,Ojas Malhotra,2021-06-28
8248,Kashvi Yohannan,2024-02-11
8249,Anvi Arora,2020-12-27
8250,Vihaan Chopra,2021-04-10
8251,Diya Kannan,2024-10-18
8252,Shamik Dewan,2021-04-06
8253,Akarsh Khare,2022-10-26
8254,Ishaan Kala,2020-04-28
8255,Nehmat Shere,2024-12-05
8256,Aayush Vasa,2024-04-14
8257,Yasmin Badal,2022-05-21
8258,Fateh Maharaj,2024-09-09
8259,Indrans Suri,2024-11-12
8260,Jivika Dash,2020-07-03
8261,Zain Sant,2023-08-05
8262,Tara Ratti,2021-08-20
8263,Drishya Sidhu,2021-06-10
8264,Vihaan Dave,2020-04-09
8265,Nayantara Gaba,2020-11-20
8266,Ranbir Gara,2025-02-25
8267,Samaira Kunda,2020-11-06
8268,Ritvik Mani,2023-03-17
8269,Lakshit Toor,2023-06-06
8270,Misha Ramakrishnan,2022-10-15
8271,Shamik Wali,2022-05-11
8272,Dharmajan Korpal,2022-10-23
8273,Hridaan Chaudhuri,2024-01-07
8274,Aaina Dhingra,2022-12-20
8275,Sahil Gill,2024-10-30
8276,Zaina Bedi,2024-01-15
8277,Shray Saran,2020-09-08
8278,Taimur Zachariah,2022-02-05
8279,Raunak Venkatesh,2020-06-21
8280,Renee Boase,2023-11-27
8281,Eva Dhaliwal,2023-10-22
8282,Vedika Rana,2023-04-22
8283,Ritvik Kadakia,2023-06-02
8284,Tushar Chaudry,2020-07-31
8285,Misha Bava,2023-03-18
8286,Khushi Dube,2024-08-29
8287,Adira Raval,2021-01-25
8288,Yasmin Kapoor,2021-11-22
8289,Shaan Bath,2021-05-09
8290,Trisha Chadha,2021-12-03
8291,Nitya Handa,2024-05-22
8292,Chirag Vasa,2020-03-21
8293,Kiaan Ram,2022-09-11
8294,Vritika Jayaraman,2021-11-15
8295,Ela Sengupta,2023-09-02
8296,Hridaan Gandhi,2024-03-28
8297,Renee Bhatia,2023-11-22
8298,Miraan Viswanathan,2021-08-30
8299,Pranay Agate,2024-04-05
8300,Anvi Sathe,2021-05-06
8301,Nitara Banik,2024-06-28
8302,Miraan Cherian,2025-02-18
8303,Abram Hans,2023-08-20
8304,Manjari Varkey,2020-10-29
8305,Shlok Amble,2021-07-15
8306,Kaira Walia,2023-11-01
8307,Mishti Krishnan,2021-09-30
8308,Darshit Wable,2020-12-14
8309,Akarsh De,2023-09-02
8310,Miraya Sastry,2024-09-12
8311,Siya Dewan,2023-12-07
8312,Fateh Tandon,2021-05-06
8313,Zain Mander,2022-11-20
8314,Aarna Ganguly,2024-06-30
8315,Kabir Randhawa,2021-10-07
8316,Shayak Subramaniam,2021-11-08
8317,Darshit Balan,2024-01-26
8318,Advika Arora,2021-05-11
8319,Badal Dua,2022-05-16
8320,Mehul Bhatt,2022-05-01
8321,Baiju Wason,2021-12-21
8322,Sahil Bassi,2025-02-12
8323,Lavanya Sura,2022-08-21
8324,Jivika Sen,2020-10-12
8325,Ojas Choudhary,2025-01-04
8326,Vidur Yadav,2023-04-05
8327,Neysa Mahajan,2022-03-29
8328,Abram Basak,2024-01-19
8329,Farhan Hayer,2025-02-16
8330,Kiara Madan,2022-08-01
8331,Heer Wali,2022-09-12
8332,Aarna Kapadia,2024-06-08
8333,Rasha Buch,2021-06-02
8334,Saksham Dasgupta,2021-10-23
8335,Vaibhav Walla,2020-04-26
8336,Bhamini Contractor,2022-04-06
8337,Badal Toor,2023-07-04
8338,Fateh Lalla,2024-05-31
8339,Shlok Chokshi,2020-05-20
8340,Yasmin Mander,2024-06-22
8341,Indrans Sarna,2020-12-03
8342,Jiya Thakur,2020-09-27
8343,Kabir Thakkar,2021-10-14
8344,Nitya Dugal,2025-01-22
8345,Divij Kala,2021-09-02
8346,Vaibhav Issac,2023-06-23
8347,Kabir Chaudry,2024-08-05
8348,Faiyaz Soni,2023-09-03
8349,Raunak Sanghvi,2023-10-21
8350,Taimur D’Alia,2022-01-16
8351,Neysa Bail,2020-12-20
8352,Seher Rastogi,2020-12-16
8353,Neysa Agarwal,2023-11-19
8354,Rati Kaul,2020-11-01
8355,Lakshit Din,2024-08-24
8356,Tejas Kale,2020-04-07
8357,Ishaan Thaker,2021-07-19
8358,Hrishita Bhat,2024-03-25
8359,Eva Bhargava,2022-08-13
8360,Heer Chana,2021-10-09
8361,Vidur Kadakia,2023-03-02
8362,Uthkarsh Zachariah,2025-01-01
8363,Abram Das,2024-10-20
8364,Fateh Walla,2021-07-29
8365,Anya Seshadri,2023-08-16
8366,Advika Chandran,2021-05-07
8367,Aniruddh Kadakia,2024-03-02
8368,Bhamini Mannan,2023-04-02
8369,Lavanya Trivedi,2021-06-25
8370,Tiya Krishna,2023-10-04
8371,Hridaan Balasubramanian,2024-06-17
8372,Mahika Baral,2023-09-19
8373,Khushi Deol,2022-10-30
8374,Arnav Shanker,2021-12-25
8375,Lakshay Chad,2023-12-02
8376,Renee Boase,2022-09-24
8377,Dhruv Brahmbhatt,2024-08-28
8378,Faiyaz Choudhry,2022-08-04
8379,Vidur Roy,2023-12-25
8380,Faiyaz Acharya,2024-10-23
8381,Ranbir Chatterjee,2025-01-06
8382,Hridaan Mani,2022-12-19
8383,Faiyaz Biswas,2023-06-16
8384,Ahana  Karan,2025-02-25
8385,Onkar Raja,2022-07-01
8386,Rhea Sodhi,2022-12-29
8387,Nakul Chanda,2020-08-02
8388,Aaryahi Sundaram,2023-04-17
8389,Aaryahi Deol,2022-10-02
8390,Kiara Batta,2024-03-11
8391,Kimaya Gill,2024-03-16
8392,Anahita Baria,2020-04-06
8393,Yashvi Sangha,2024-05-11
8394,Hiran Chahal,2023-05-28
8395,Hiran Ganguly,2024-05-16
8396,Yuvraj  Chad,2023-07-26
8397,Samar Som,2023-03-29
8398,Taran Mannan,2023-07-17
8399,Dhanush Verma,2021-01-07
8400,Anaya Mall,2022-05-17
8401,Azad Rege,2023-01-31
8402,Romil Shenoy,2021-04-09
8403,Shalv Kohli,2020-03-06
8404,Ahana  Walla,2020-05-20
8405,Kartik Verma,2022-04-04
8406,Vardaniya Wason,2020-06-23
8407,Vedika Seshadri,2024-09-18
8408,Drishya Krishnamurthy,2023-08-20
8409,Eva Sunder,2022-12-22
8410,Kiaan Bhatti,2024-08-17
8411,Uthkarsh Rama,2023-11-28
8412,Vihaan Upadhyay,2024-09-23
8413,Vanya Dixit,2024-11-21
8414,Hansh Saraf,2023-07-26
8415,Taran Saxena,2024-08-06
8416,Saira Babu,2024-10-29
8417,Aniruddh Saini,2024-11-07
8418,Zaina Deshmukh,2020-06-13
8419,Ehsaan Malhotra,2021-08-29
8420,Pranay Aggarwal,2023-10-05
8421,Tara Madan,2024-06-26
8422,Piya Warrior,2025-01-25
8423,Nishith Keer,2025-01-16
8424,Vivaan Chakraborty,2022-02-26
8425,Piya Yohannan,2022-12-04
8426,Miraya Sundaram,2020-11-11
8427,Shlok Deol,2022-01-28
8428,Eshani Sundaram,2022-01-26
8429,Jayan Atwal,2023-10-08
8430,Rati Garg,2023-03-29
8431,Tiya Mane,2022-07-03
8432,Dhanush Kanda,2020-09-07
8433,Chirag Swaminathan,2024-03-29
8434,Mohanlal Khalsa,2024-04-30
8435,Shanaya Kade,2021-04-08
8436,Bhavin Desai,2024-05-21
8437,Alia Solanki,2021-12-28
8438,Jhanvi Toor,2024-11-16
8439,Ela Deshpande,2023-05-01
8440,Lakshit Agrawal,2020-10-31
8441,Nirvaan Dara,2024-08-30
8442,Zeeshan Mann,2021-01-21
8443,Sumer Tailor,2020-05-28
8444,Ivana Vohra,2024-12-31
8445,Amira Grover,2024-10-26
8446,Anika Virk,2024-03-20
8447,Sana Lalla,2023-08-08
8448,Anya Gour,2023-09-22
8449,Farhan Bedi,2023-03-09
8450,Lavanya Sabharwal,2024-05-01
8451,Saksham Chand,2022-07-17
8452,Inaaya  Goswami,2021-01-04
8453,Hiran Saha,2022-12-18
8454,Hrishita Gupta,2020-07-28
8455,Urvi Bedi,2022-06-07
8456,Divit Babu,2024-08-17
8457,Veer Dhar,2021-06-09
8458,Sumer Subramaniam,2022-07-08
8459,Mahika Barad,2024-12-26
8460,Samaira Dube,2021-07-25
8461,Diya Dayal,2024-09-06
8462,Zeeshan Sem,2022-07-09
8463,Dhanush Vora,2020-08-21
8464,Keya Sama,2024-03-09
8465,Akarsh Kumer,2024-02-28
8466,Hazel Chauhan,2022-02-15
8467,Adah Dugar,2022-06-30
8468,Aaryahi Trivedi,2021-12-04
8469,Rhea Upadhyay,2020-03-10
8470,Zaina Chacko,2023-08-06
8471,Biju Koshy,2020-12-24
8472,Uthkarsh Sinha,2025-02-22
8473,Renee Vaidya,2023-02-05
8474,Baiju Jhaveri,2024-08-25
8475,Madhup Divan,2021-04-21
8476,Aaina Lalla,2022-06-03
8477,Bhamini Dutt,2023-09-06
8478,Himmat Rout,2023-06-30
8479,Myra Babu,2022-10-28
8480,Yashvi Bail,2021-09-12
8481,Oorja Kadakia,2023-03-13
8482,Kismat Bali,2024-02-01
8483,Ritvik Konda,2022-12-01
8484,Aaina Kara,2023-01-14
8485,Zain Ganguly,2022-11-19
8486,Anvi Krishna,2022-03-05
8487,Vihaan Tara,2021-03-05
8488,Ishaan Anne,2023-01-11
8489,Taran Verma,2020-05-09
8490,Siya Madan,2024-01-04
8491,Stuvan Keer,2022-11-13
8492,Hansh Apte,2021-05-22
8493,Devansh Shetty,2022-08-25
8494,Riya Sarma,2022-12-08
8495,Chirag Thaman,2021-04-04
8496,Jivika Sangha,2023-09-08
8497,Jivin Gandhi,2020-03-12
8498,Kanav Dash,2024-02-13
8499,Ranbir Bhagat,2021-06-05
8500,Ivana Kara,2020-09-23
8501,Shayak Bawa,2021-04-15
8502,Jhanvi Mannan,2022-03-17
8503,Armaan Dora,2025-02-09
8504,Nitya Gala,2023-10-03
8505,Nitara Gopal,2022-07-21
8506,Baiju Kohli,2022-02-18
8507,Emir Ramaswamy,2024-07-05
8508,Armaan Hans,2022-12-13
8509,Lakshay Mander,2023-05-21
8510,Purab Sandal,2021-06-15
8511,Emir Biswas,2024-07-13
8512,Nirvaan Hari,2021-12-04
8513,Madhav Rattan,2021-11-12
8514,Anvi Sama,2022-10-05
8515,Anay Chadha,2020-08-22
8516,Pranay Balasubramanian,2023-06-01
8517,Indrajit Thakkar,2023-05-13
8518,Jayesh Kurian,2021-03-11
8519,Zara Kata,2025-02-04
8520,Navya Choudhary,2025-03-01
8521,Aaryahi Garde,2020-08-08
8522,Saksham Bumb,2022-06-07
8523,Vidur Chandran,2023-02-27
8524,Nehmat Bhardwaj,2022-09-03
8525,Saanvi Soman,2021-05-23
8526,Misha Keer,2021-12-14
8527,Shanaya Taneja,2024-09-02
8528,Manjari Hayre,2020-04-02
8529,Samiha Shukla,2021-04-03
8530,Amira Vasa,2020-04-18
8531,Shamik Dora,2020-05-19
8532,Manikya Chandra,2024-03-10
8533,Saanvi Chandra,2021-11-07
8534,Krish Dhar,2020-12-19
8535,Divij Madan,2023-03-04
8536,Nirvi Chanda,2023-01-09
8537,Vidur Kurian,2020-04-05
8538,Gokul Karan,2023-08-28
8539,Divyansh Bhakta,2022-05-30
8540,Indrajit Dubey,2024-07-09
8541,Nayantara Doshi,2023-11-01
8542,Shlok Khanna,2024-10-03
8543,Taran Sachdev,2022-07-08
8544,Veer Brahmbhatt,2025-01-31
8545,Mamooty Sur,2020-04-17
8546,Chirag Bhandari,2024-02-27
8547,Zoya Gala,2021-09-20
8548,Sana Mangal,2024-03-21
8549,Ela Char,2021-05-17
8550,Himmat Loyal,2022-12-17
8551,Prerak Hegde,2020-04-19
8552,Aradhya Lata,2021-10-06
8553,Dishani Agarwal,2025-01-31
8554,Armaan Garg,2021-10-07
8555,Onkar Sachdeva,2023-10-03
8556,Shaan Singh,2021-04-19
8557,Nayantara Dixit,2023-06-03
8558,Jayant Butala,2021-01-09
8559,Taran Jha,2025-01-26
8560,Taimur Sami,2021-05-08
8561,Ira Srivastava,2020-04-11
8562,Shayak Krishnamurthy,2022-01-25
8563,Vaibhav Bobal,2021-09-29
8564,Arnav Bail,2022-09-29
8565,Advika Loke,2024-11-01
8566,Anahita Chacko,2023-06-24
8567,Nitara Mahajan,2023-01-08
8568,Ahana  Contractor,2023-05-13
8569,Lakshay Goda,2025-01-15
8570,Anahita Banik,2022-05-26
8571,Yuvraj  Sankar,2020-05-09
8572,Vihaan Deol,2024-03-17
8573,Trisha Bora,2020-11-10
8574,Azad Kothari,2022-09-29
8575,Prerak Bala,2021-01-02
8576,Rasha D’Alia,2021-12-18
8577,Hunar Kota,2020-06-13
8578,Arhaan Bhat,2020-05-08
8579,Lagan Cherian,2024-07-14
8580,Ela Shanker,2024-07-30
8581,Manjari Kadakia,2020-08-08
8582,Faiyaz Karnik,2020-06-15
8583,Riya Zacharia,2022-05-01
8584,Rohan Ganesan,2021-03-03
8585,Dharmajan Grover,2023-06-09
8586,Amani Sen,2023-11-22
8587,Raunak Ben,2023-12-19
8588,Jayant Date,2022-06-18
8589,Prerak Aurora,2022-09-13
8590,Rasha Kakar,2022-06-04
8591,Lakshay Hora,2023-03-16
8592,Aarna Badal,2024-05-29
8593,Hazel Keer,2020-07-03
8594,Shamik Banik,2024-05-13
8595,Alisha Krishna,2023-08-28
8596,Priyansh Mani,2020-05-27
8597,Kashvi Handa,2024-07-02
8598,Adira Sridhar,2021-03-15
8599,Ryan Sachar,2023-08-12
8600,Aradhya Balay,2022-07-17
8601,Shaan Dass,2022-08-21
8602,Umang Sule,2024-12-12
8603,Rati Dugar,2024-07-12
8604,Vidur Dhawan,2023-12-15
8605,Rhea Warrior,2022-06-13
8606,Reyansh Kurian,2021-09-05
8607,Kimaya Kadakia,2023-05-20
8608,Prisha Dutt,2024-09-30
8609,Eva Boase,2024-10-27
8610,Prerak Suri,2020-06-18
8611,Indrans Barad,2022-07-21
8612,Ayesha Sant,2022-12-26
8613,Saksham Agate,2021-12-06
8614,Vaibhav Swaminathan,2024-10-16
8615,Pihu Bains,2021-04-14
8616,Fateh Borah,2023-08-11
8617,Alia Dhaliwal,2024-10-13
8618,Anvi Joshi,2024-10-04
8619,Hunar Bose,2024-11-29
8620,Vihaan Sarma,2022-02-12
8621,Riya Bhat,2021-12-03
8622,Divyansh Kannan,2020-04-18
8623,Amani Bhandari,2022-03-26
8624,Romil Dara,2024-12-28
8625,Khushi Mani,2020-07-13
8626,Sana Talwar,2024-07-07
8627,Indrajit Sha,2022-05-08
8628,Divit Johal,2025-02-18
8629,Tanya Khare,2022-12-29
8630,Urvi Sanghvi,2022-08-12
8631,Kartik Kale,2024-04-21
8632,Anay Reddy,2022-03-25
8633,Yasmin Jain,2024-08-13
8634,Divit Cherian,2023-03-09
8635,Vritika Bandi,2021-06-29
8636,Jhanvi Grewal,2020-06-22
8637,Amani Mammen,2023-09-29
8638,Trisha Shetty,2023-01-06
8639,Lakshay Ben,2021-08-09
8640,Adira Tata,2022-10-30
8641,Zara Amble,2020-03-08
8642,Baiju Bobal,2022-03-17
8643,Rati Mallick,2024-12-07
8644,Nayantara Srinivas,2024-08-22
8645,Aayush Suresh,2023-12-21
8646,Hrishita Krishna,2023-03-13
8647,Anika Sathe,2022-09-15
8648,Sara Kalla,2023-03-03
8649,Kiara Zachariah,2020-09-18
8650,Vritika Dewan,2020-09-16
8651,Darshit Setty,2022-07-03
8652,Vihaan Walia,2024-03-25
8653,Kabir Madan,2024-04-04
8654,Ryan Luthra,2023-07-16
8655,Shayak Badal,2024-06-04
8656,Shray Chauhan,2023-02-25
8657,Dharmajan Thaker,2020-06-26
8658,Aarav Borra,2021-01-03
8659,Hridaan Sane,2021-12-30
8660,Anahita Agrawal,2023-10-18
8661,Riya Chadha,2021-02-03
8662,Dharmajan Thakur,2024-08-26
8663,Ritvik Ben,2023-08-01
8664,Zeeshan Gera,2024-12-25
8665,Tara Jain,2022-11-21
8666,Taran Khalsa,2024-11-29
8667,Aayush Aggarwal,2024-05-03
8668,Dhanush Karnik,2024-02-18
8669,Purab Shan,2021-10-31
8670,Samaira Arya,2025-02-03
8671,Rhea Hora,2022-08-14
8672,Sana Chhabra,2025-01-11
8673,Anay Korpal,2023-07-19
8674,Yakshit Chawla,2021-12-19
8675,Yuvaan Balasubramanian,2023-11-13
8676,Vidur Manda,2022-01-24
8677,Taimur Hayer,2020-08-07
8678,Stuvan Dara,2024-01-08
8679,Dishani Thaman,2024-02-18
8680,Suhana Batta,2020-05-24
8681,Divyansh Comar,2020-09-16
8682,Manjari Dhawan,2021-10-12
8683,Pari Sen,2023-09-02
8684,Vidur Shukla,2020-11-16
8685,Mahika Chaudhary,2022-03-09
8686,Pari Thakkar,2022-04-17
8687,Suhana Ratti,2022-09-12
8688,Pihu Chawla,2021-03-31
8689,Hunar Agate,2023-08-07
8690,Divij Solanki,2021-09-07
8691,Jayan Brahmbhatt,2020-11-28
8692,Suhana Rastogi,2023-04-03
8693,Sara Gaba,2024-10-27
8694,Jayant Kapadia,2021-12-02
8695,Mohanlal Dasgupta,2022-10-24
8696,Heer Goyal,2024-11-27
8697,Vedika Joshi,2023-09-04
8698,Dhruv Yogi,2024-04-21
8699,Advik Dewan,2021-06-25
8700,Abram Bajwa,2023-04-29
8701,Samaira Bhatti,2023-07-04
8702,Aaryahi Chahal,2020-04-12
8703,Mannat Tank,2020-04-08
8704,Yuvraj  Dhar,2020-05-20
8705,Ishita Cherian,2020-11-30
8706,Renee Dalal,2021-02-19
8707,Yakshit Ghose,2024-07-30
8708,Nishith Bhavsar,2020-07-04
8709,Zain Dugal,2023-12-10
8710,Tiya Dasgupta,2024-04-22
8711,Heer Kata,2022-01-04
8712,Pihu Taneja,2020-04-08
8713,Drishya Swaminathan,2024-05-04
8714,Anika Sha,2022-03-01
8715,Manjari Rattan,2023-08-24
8716,Vivaan Borah,2021-08-19
8717,Rania Kulkarni,2020-08-28
8718,Zain Badami,2024-04-09
8719,Dishani Sani,2022-10-30
8720,Emir Dash,2024-05-05
8721,Siya Mane,2023-01-22
8722,Tiya Reddy,2023-06-26
8723,Lakshit Doctor,2021-08-28
8724,Nishith Char,2022-09-26
8725,Anvi Bhasin,2024-07-02
8726,Ayesha Dara,2021-05-28
8727,Dhanush Hegde,2022-11-30
8728,Aniruddh Vasa,2023-11-18
8729,Nirvaan Rajagopalan,2024-02-09
8730,Vivaan Bhasin,2020-10-04
8731,Samaira Kanda,2021-05-16
8732,Lakshit Devi,2024-08-15
8733,Jayan Bora,2023-10-21
8734,Neelofar Master,2020-05-19
8735,Sana Keer,2023-09-09
8736,Zain Dhar,2025-01-15
8737,Kartik Jaggi,2023-06-24
8738,Jayan Dey,2020-09-08
8739,Lagan Ganesan,2024-05-19
8740,Dhanush Bakshi,2022-07-01
8741,Biju Srinivasan,2020-05-31
8742,Nirvaan Dhingra,2020-06-08
8743,Shanaya Kala,2024-05-22
8744,Hazel Lal,2024-07-12
8745,Aniruddh Gaba,2024-09-09
8746,Manikya Kuruvilla,2022-02-15
8747,Sahil Thakur,2023-03-14
8748,Dishani Ganesan,2023-09-30
8749,Saksham Venkatesh,2021-01-14
8750,Ranbir Shan,2022-07-09
8751,Mishti Gade,2020-10-09
8752,Pranay Garg,2024-12-26
8753,Hiran Kapoor,2023-07-19
8754,Manjari Sampath,2020-07-23
8755,Sahil Dora,2021-06-20
8756,Jiya Devi,2022-01-16
8757,Neysa Hora,2023-09-20
8758,Kartik Upadhyay,2021-05-12
8759,Lavanya Venkatesh,2020-07-11
8760,Saanvi Lalla,2023-03-27
8761,Ranbir Srinivasan,2021-11-23
8762,Mehul Setty,2021-12-02
8763,Raghav Chad,2021-12-20
8764,Ryan Sharma,2021-01-28
8765,Saira Batta,2022-12-01
8766,Vihaan Lanka,2021-05-14
8767,Samarth Boase,2023-05-12
8768,Jivika Subramanian,2021-11-13
8769,Gokul Sibal,2020-08-15
8770,Fateh Ray,2020-05-12
8771,Nehmat Rama,2021-01-24
8772,Lagan Dyal,2023-12-12
8773,Anahita Badami,2023-02-13
8774,Kiara Balay,2022-05-25
8775,Zara Dara,2023-08-06
8776,Ivana Bhatnagar,2020-10-07
8777,Tara Lalla,2021-06-13
8778,Shanaya Kant,2023-04-23
8779,Miraan Agarwal,2020-05-05
8780,Indrans Dora,2023-09-27
8781,Hridaan Divan,2024-09-29
8782,Zaina Kata,2021-12-21
8783,Damini Krishnan,2021-11-07
8784,Zaina Bhandari,2024-12-09
8785,Hunar Krishna,2021-04-03
8786,Kabir Chokshi,2023-10-07
8787,Yuvraj  Toor,2023-07-07
8788,Aarna Ganesan,2021-01-01
8789,Shamik Chowdhury,2021-09-29
8790,Biju Lanka,2022-09-03
8791,Abram Ramesh,2022-11-17
8792,Anaya Chada,2023-10-09
8793,Himmat Deo,2023-06-14
8794,Elakshi Krishnamurthy,2021-07-19
8795,Biju Acharya,2022-01-07
8796,Biju Virk,2023-09-03
8797,Taran Luthra,2021-10-17
8798,Saksham Bains,2025-01-17
8799,Romil Sengupta,2022-09-20
8800,Mamooty Jhaveri,2024-02-21
8801,Vivaan Kibe,2020-04-01
8802,Advika Dani,2023-09-27
8803,Armaan Edwin,2020-11-08
8804,Indranil Walia,2021-10-31
8805,Biju Bhasin,2020-10-13
8806,Anahi Balakrishnan,2022-04-17
8807,Drishya Jayaraman,2021-03-12
8808,Shlok Rajagopalan,2020-06-29
8809,Neelofar Tailor,2022-06-15
8810,Shayak Ghose,2023-11-15
8811,Ehsaan Dhar,2022-03-11
8812,Reyansh Bains,2021-09-19
8813,Eshani Bir,2025-02-24
8814,Darshit Sem,2022-11-14
8815,Aradhya Mammen,2024-12-16
8816,Ira Chaudhary,2022-06-02
8817,Samar Arya,2020-09-16
8818,Saanvi Dora,2020-04-10
8819,Samar Hegde,2020-10-17
8820,Madhup Gala,2024-06-09
8821,Abram Sahota,2022-11-22
8822,Vaibhav Sundaram,2020-05-01
8823,Samarth Kala,2022-08-15
8824,Saira Wagle,2023-02-18
8825,Hazel Shetty,2023-08-17
8826,Sumer Gupta,2023-12-29
8827,Akarsh Kota,2024-07-19
8828,Nirvaan Raman,2024-03-16
8829,Ishaan Ben,2024-03-04
8830,Seher Sarraf,2023-10-30
8831,Aarna Varghese,2020-07-23
8832,Anika Kale,2021-11-16
8833,Indranil Walla,2021-05-30
8834,Eshani Karpe,2020-10-12
8835,Aniruddh Chana,2020-05-31
8836,Ishita Toor,2024-06-03
8837,Arnav Dutta,2023-06-27
8838,Ivan Goel,2023-04-08
8839,Dhruv Virk,2020-07-18
8840,Kabir Chana,2021-12-30
8841,Yakshit Vora,2024-08-13
8842,Reyansh Sidhu,2022-07-22
8843,Kavya Verma,2022-06-12
8844,Tara Saraf,2021-12-04
8845,Kaira Bhatnagar,2020-09-23
8846,Onkar Chaudry,2022-05-24
8847,Sumer Arora,2025-01-19
8848,Suhana Srinivas,2022-05-17
8849,Hazel Bhatia,2023-09-30
8850,Anay Anne,2020-07-22
8851,Advik Dyal,2021-06-14
8852,Vritika Chaudhary,2023-06-28
8853,Jayesh Dey,2020-06-16
8854,Anahi Dewan,2020-09-01
8855,Faiyaz Sangha,2022-07-30
8856,Nakul Dar,2020-06-15
8857,Arhaan Kuruvilla,2021-07-12
8858,Neelofar Borra,2020-10-03
8859,Aaryahi Chakraborty,2022-11-16
8860,Ela Wali,2022-04-15
8861,Alia Dhillon,2023-07-12
8862,Khushi Acharya,2022-12-11
8863,Advik Khare,2021-05-11
8864,Shray Andra,2022-09-02
8865,Divit Suresh,2022-08-22
8866,Jivika D’Alia,2022-12-16
8867,Hrishita Mann,2024-09-06
8868,Reyansh Tella,2023-06-30
8869,Taran Swamy,2020-11-29
8870,Taran Kannan,2022-03-29
8871,Aarav Dave,2023-06-21
8872,Ishita Bains,2022-07-05
8873,Rati Bobal,2023-03-05
8874,Ivana Vyas,2020-06-18
8875,Farhan Gaba,2020-08-20
8876,Madhav Vora,2024-07-01
8877,Biju Boase,2023-06-21
8878,Anay Badami,2023-04-20
8879,Misha Chaudhari,2021-07-27
8880,Samiha Din,2021-08-12
8881,Advika Zacharia,2024-11-30
8882,Anya Mangal,2021-05-18
8883,Nirvaan Sharma,2020-10-28
8884,Shalv Dass,2022-01-30
8885,Prerak Mangat,2020-04-12
8886,Kabir Chahal,2021-11-15
8887,Anay Kant,2021-11-09
8888,Mahika Dugar,2024-12-06
8889,Dishani Batra,2021-08-17
8890,Indrans Mannan,2023-10-26
8891,Urvi Sethi,2022-05-29
8892,Emir Lata,2023-10-04
8893,Manikya Bedi,2023-05-31
8894,Samar Roy,2021-04-05
8895,Chirag Balakrishnan,2024-09-14
8896,Shamik Sem,2023-08-30
8897,Indrajit Dugar,2023-02-27
8898,Priyansh Sha,2022-04-22
8899,Krish Lad,2025-01-29
8900,Divyansh Balay,2022-06-22
8901,Inaaya  Chad,2023-10-11
8902,Neelofar Krish,2021-02-22
8903,Yashvi Yogi,2021-01-22
8904,Ira Dara,2024-10-26
8905,Ela Gokhale,2023-12-18
8906,Yasmin Rajagopalan,2023-12-19
8907,Shamik Sharma,2022-06-18
8908,Ahana  Mallick,2021-02-21
8909,Sahil Kamdar,2023-01-24
8910,Ahana  Joshi,2020-04-07
8911,Priyansh Sangha,2023-04-18
8912,Charvi Wali,2023-09-09
8913,Mehul Bail,2023-07-20
8914,Mohanlal Banik,2024-04-10
8915,Rasha Srinivas,2020-04-19
8916,Shaan Toor,2024-07-21
8917,Kismat Garde,2024-12-16
8918,Anya Bera,2021-09-20
8919,Rhea Chaudhry,2021-09-05
8920,Vidur Ramesh,2022-12-31
8921,Samar Sha,2022-10-09
8922,Dhanuk Ganesh,2020-09-21
8923,Lakshay Dass,2020-05-19
8924,Jivika Gola,2021-04-26
8925,Suhana Sharaf,2023-08-31
8926,Nishith Chaudry,2021-05-31
8927,Renee Sood,2023-08-09
8928,Suhana Goel,2021-12-23
8929,Adah Kakar,2023-08-26
8930,Hazel Chad,2022-02-25
8931,Anvi Chana,2022-06-12
8932,Miraan Sur,2020-12-16
8933,Aarush Sandhu,2021-03-24
8934,Anvi Tella,2023-12-05
8935,Saira Ramesh,2021-06-19
8936,Vardaniya Chadha,2021-04-01
8937,Ayesha Lanka,2024-06-09
8938,Samaira Dugar,2021-01-03
8939,Badal Chaudhuri,2024-04-18
8940,Anay Suri,2024-07-25
8941,Shanaya Bhattacharyya,2022-05-16
8942,Ahana  Bath,2020-04-15
8943,Indrans Deshmukh,2020-05-02
8944,Ivana Batta,2024-03-02
8945,Dhruv Ravi,2022-11-15
8946,Keya Vala,2024-04-04
8947,Prerak Gala,2021-12-25
8948,Anay Mann,2024-12-11
8949,Kiara Sarma,2022-10-15
8950,Veer Devan,2021-03-24
8951,Divyansh Karnik,2024-02-17
8952,Kashvi Johal,2021-06-22
8953,Shlok Grewal,2021-04-15
8954,Taimur Ravel,2023-03-21
8955,Chirag Srivastava,2024-11-30
8956,Nishith Deo,2021-01-05
8957,Priyansh Issac,2023-01-09
8958,Yuvraj  Bir,2023-03-21
8959,Armaan Hayre,2024-08-03
8960,Lakshit Dar,2022-10-25
8961,Aayush Khare,2023-09-19
8962,Emir Bhasin,2020-08-07
8963,Neelofar Chatterjee,2021-10-24
8964,Azad Shroff,2023-10-19
8965,Lavanya Shetty,2020-08-25
8966,Shayak Mane,2020-12-20
8967,Eva Raju,2022-10-12
8968,Alisha Dhar,2020-08-08
8969,Veer Deo,2024-05-05
8970,Ishita Dani,2022-10-22
8971,Rania Som,2023-01-16
8972,Neysa Chand,2021-04-07
8973,Divyansh Wali,2022-08-01
8974,Adira Khurana,2021-03-13
8975,Hunar Wason,2021-07-24
8976,Vritika Bahl,2020-05-09
8977,Badal Bhardwaj,2020-12-17
8978,Devansh Jayaraman,2021-05-31
8979,Indranil Cherian,2023-05-21
8980,Anaya Agrawal,2021-06-29
8981,Stuvan Shan,2020-12-31
8982,Nayantara Bail,2023-08-06
8983,Vaibhav Sheth,2021-06-19
8984,Eva Varughese,2023-12-08
8985,Kartik Badami,2022-10-08
8986,Pihu Chaudhary,2024-11-04
8987,Ela Kamdar,2022-01-26
8988,Kaira Chakrabarti,2022-01-18
8989,Ritvik D’Alia,2020-06-18
8990,Prisha Kadakia,2023-07-24
8991,Saira Koshy,2020-10-03
8992,Sahil Anne,2024-08-11
8993,Romil Master,2020-06-15
8994,Samarth Raju,2021-09-07
8995,Manikya Sarna,2024-04-04
8996,Sana Thakur,2023-12-25
8997,Manjari Kalita,2021-05-20
8998,Armaan Mammen,2024-11-02
8999,Nehmat Sarkar,2021-08-09
9000,Nitara Sachar,2023-12-31
9001,Renee Barad,2020-12-16
9002,Kismat Bath,2023-08-30
9003,Vanya Char,2024-11-21
9004,Lakshay Singh,2022-09-11
9005,Ela Khalsa,2022-09-30
9006,Nirvi Chad,2020-09-15
9007,Seher Aggarwal,2023-09-26
9008,Vedika Mammen,2023-08-20
9009,Neysa Sahota,2021-05-10
9010,Romil Chahal,2021-11-10
9011,Ivan Hari,2024-07-09
9012,Elakshi Setty,2021-07-19
9013,Bhamini Wadhwa,2021-06-20
9014,Divyansh Wali,2024-05-26
9015,Hazel Ahluwalia,2020-12-17
9016,Mamooty Dasgupta,2022-12-15
9017,Himmat Chaudhry,2022-10-06
9018,Alia Madan,2020-03-07
9019,Riya Bhavsar,2022-04-03
9020,Hridaan Anne,2020-11-10
9021,Rhea Sidhu,2024-03-09
9022,Indrajit Raja,2021-06-16
9023,Mannat Hayer,2024-09-12
9024,Rohan Deol,2022-11-28
9025,Aradhya Agate,2021-10-21
9026,Prisha Srinivas,2022-09-22
9027,Faiyaz Ramaswamy,2021-03-23
9028,Kartik Bhalla,2021-03-07
9029,Kiara Wable,2021-10-09
9030,Damini Tailor,2022-12-12
9031,Mannat Kala,2022-12-09
9032,Hiran Buch,2022-09-23
9033,Nitya Gade,2021-08-12
9034,Inaaya  Gandhi,2020-11-01
9035,Damini Seth,2024-12-30
9036,Mamooty Ghose,2024-04-11
9037,Renee Dixit,2022-10-23
9038,Ojas Virk,2020-06-11
9039,Samaira Vasa,2023-03-24
9040,Ahana  Barman,2024-05-26
9041,Anika Seshadri,2024-09-18
9042,Zoya Bhattacharyya,2020-08-28
9043,Gatik Chopra,2021-12-04
9044,Misha Singh,2020-07-29
9045,Nayantara Butala,2024-07-27
9046,Nirvaan Ratta,2023-12-07
9047,Miraya Gupta,2021-03-29
9048,Sahil Golla,2023-12-17
9049,Biju Agate,2023-08-27
9050,Miraan Dhawan,2023-10-31
9051,Zaina Dugar,2020-09-13
9052,Nitara Solanki,2025-02-17
9053,Vaibhav Randhawa,2024-12-17
9054,Zaina Mallick,2022-07-11
9055,Lagan Dar,2022-11-25
9056,Tejas Suri,2022-02-12
9057,Anaya Saha,2020-08-29
9058,Yasmin Dave,2021-07-17
9059,Ritvik Randhawa,2020-08-03
9060,Oorja Choudhary,2022-08-09
9061,Zaina Shukla,2020-06-20
9062,Zara Mall,2021-09-05
9063,Hridaan Krish,2025-02-08
9064,Dishani Magar,2021-01-02
9065,Diya Karpe,2021-02-16
9066,Hiran Singhal,2023-05-15
9067,Vedika Raju,2023-06-28
9068,Ivana Sehgal,2023-12-17
9069,Neysa Chanda,2021-05-06
9070,Faiyaz De,2024-09-30
9071,Tejas Mall,2021-07-15
9072,Yasmin Viswanathan,2020-11-12
9073,Alisha Thaman,2024-12-31
9074,Shray Ramesh,2024-07-25
9075,Urvi Sagar,2023-11-08
9076,Advik Sur,2023-03-21
9077,Anahi Johal,2021-12-26
9078,Aaryahi Bahl,2024-03-21
9079,Indranil Butala,2020-11-17
9080,Dhruv Guha,2022-09-02
9081,Kaira Bedi,2021-04-14
9082,Prerak Soman,2024-12-20
9083,Advik Reddy,2022-02-03
9084,Divit Agarwal,2025-01-27
9085,Krish Dyal,2022-03-02
9086,Hrishita Chacko,2022-04-16
9087,Suhana Sabharwal,2023-04-28
9088,Kiaan Kant,2023-08-20
9089,Manikya Sama,2024-10-18
9090,Anaya Tripathi,2024-01-22
9091,Anika Dave,2023-11-28
9092,Prerak Dalal,2020-12-19
9093,Kimaya Gala,2024-02-09
9094,Nakul Kar,2022-08-08
9095,Sahil Handa,2023-12-13
9096,Pari Luthra,2023-06-08
9097,Nitya Yohannan,2020-11-02
9098,Dishani Varty,2023-10-27
9099,Adira Setty,2021-11-23
9100,Anahi Agate,2023-02-25
9101,Devansh Chaudhari,2022-11-19
9102,Tarini Kala,2022-11-03
9103,Indrajit Seth,2020-04-15
9104,Keya Gade,2024-07-01
9105,Suhana Din,2021-02-27
9106,Rohan Dalal,2024-07-23
9107,Hunar Mane,2024-02-13
9108,Ayesha Bail,2024-08-19
9109,Raghav Tak,2023-08-07
9110,Chirag Bumb,2020-03-12
9111,Hansh Baria,2023-01-13
9112,Aarush Sinha,2024-03-23
9113,Taimur Sahota,2023-12-12
9114,Anahita Arora,2021-09-14
9115,Romil Malhotra,2024-10-15
9116,Nirvi Soman,2023-08-25
9117,Dharmajan Shah,2024-01-09
9118,Rhea Dugal,2024-12-05
9119,Shray Gulati,2022-10-18
9120,Kashvi Sangha,2022-12-26
9121,Samiha Dhaliwal,2022-01-31
9122,Indranil Sarkar,2020-06-11
9123,Aniruddh Sahni,2022-09-15
9124,Prerak Dubey,2022-12-07
9125,Samarth Bhandari,2021-02-02
9126,Biju Konda,2024-01-30
9127,Yasmin Keer,2024-04-15
9128,Shalv Soni,2024-07-22
9129,Samarth Sahota,2024-01-14
9130,Dhanush Som,2023-07-25
9131,Mannat Sunder,2021-10-17
9132,Ayesha Baria,2023-03-15
9133,Damini Kalita,2024-02-12
9134,Kanav Mall,2021-09-19
9135,Sahil Date,2023-12-15
9136,Aradhya Badal,2023-07-11
9137,Vardaniya Bassi,2024-06-14
9138,Suhana Randhawa,2021-04-05
9139,Keya Gaba,2024-10-11
9140,Zain Ben,2025-02-19
9141,Farhan Sawhney,2023-02-22
9142,Shayak Chadha,2020-06-23
9143,Ranbir Ramachandran,2021-02-27
9144,Adah Balan,2022-04-30
9145,Ivana Chandran,2023-06-08
9146,Samiha Mannan,2021-05-06
9147,Lakshit Wason,2022-04-27
9148,Anahita Sangha,2021-12-15
9149,Ira Manne,2025-03-03
9150,Yuvaan Batra,2021-10-22
9151,Ishaan Singhal,2022-05-02
9152,Lavanya Venkatesh,2020-11-01
9153,Bhamini Bakshi,2022-11-18
9154,Nirvaan Sibal,2024-01-30
9155,Navya Issac,2021-04-27
9156,Ira Deshpande,2023-12-30
9157,Jayesh Singh,2023-01-30
9158,Indrans Loyal,2021-11-17
9159,Mamooty Tiwari,2024-03-15
9160,Parinaaz Butala,2024-01-24
9161,Ojas Tandon,2024-06-05
9162,Shlok Shan,2024-01-01
9163,Kiaan Lata,2022-06-01
9164,Inaaya  Ben,2025-01-17
9165,Mishti Bains,2022-11-30
9166,Dhruv Garde,2020-07-28
9167,Alisha Dyal,2022-02-24
9168,Reyansh Dube,2023-02-26
9169,Jayan Goda,2021-07-15
9170,Jhanvi Wali,2024-09-21
9171,Raghav Wali,2025-02-14
9172,Divyansh Varkey,2020-03-11
9173,Hazel Sidhu,2023-10-15
9174,Veer Gera,2024-12-22
9175,Jayesh Barad,2023-02-08
9176,Baiju Bhargava,2020-09-30
9177,Azad Gola,2022-09-13
9178,Jhanvi Aurora,2023-10-10
9179,Hridaan Lad,2022-05-07
9180,Mamooty Tak,2024-11-11
9181,Farhan Lad,2020-12-08
9182,Sara Uppal,2021-02-12
9183,Ojas Agate,2024-12-16
9184,Madhup Tripathi,2022-11-24
9185,Anya Warrior,2021-06-01
9186,Jayesh Buch,2022-02-01
9187,Rasha Khatri,2024-11-28
9188,Ayesha Bhatia,2021-03-14
9189,Jayesh Korpal,2020-03-25
9190,Tushar Bansal,2020-06-17
9191,Heer Khalsa,2025-01-19
9192,Diya Bhalla,2024-09-16
9193,Prerak Soni,2023-01-02
9194,Indranil Kohli,2021-01-25
9195,Ojas Raman,2024-11-22
9196,Nakul Bera,2025-02-22
9197,Yashvi Zachariah,2023-05-15
9198,Aayush Lala,2021-12-11
9199,Dharmajan Kulkarni,2022-01-31
9200,Myra Ravi,2023-01-23
9201,Damini Vaidya,2022-05-18
9202,Mannat Sane,2021-03-23
9203,Raghav Buch,2023-05-30
9204,Nirvaan Rao,2022-01-30
9205,Nirvaan Mangal,2020-03-09
9206,Tara Sawhney,2021-01-25
9207,Diya Sarna,2021-09-29
9208,Heer Dash,2021-08-02
9209,Tiya Lad,2022-09-13
9210,Vritika Walia,2023-07-07
9211,Shalv Dewan,2022-08-31
9212,Inaaya  Tripathi,2021-10-29
9213,Ishita Badami,2023-07-17
9214,Aarna Chowdhury,2021-01-30
9215,Kimaya Sandal,2022-10-12
9216,Yasmin Mall,2022-02-06
9217,Samar Bansal,2020-10-21
9218,Lavanya Wagle,2023-12-01
9219,Eshani Rao,2021-10-21
9220,Nishith Bath,2021-06-04
9221,Jiya Khare,2022-11-05
9222,Sara Chaudhari,2021-06-13
9223,Ishita Shenoy,2024-07-28
9224,Indrajit Rout,2025-01-29
9225,Anaya Chandra,2025-02-26
9226,Samaira Gola,2021-12-28
9227,Pihu Chokshi,2022-12-20
9228,Hunar Master,2024-08-08
9229,Bhamini Kurian,2021-12-01
9230,Dhruv Kibe,2023-05-09
9231,Divit Sachar,2023-12-24
9232,Damini Grover,2024-02-20
9233,Suhana Cheema,2024-10-30
9234,Zain Wadhwa,2021-12-15
9235,Renee Balakrishnan,2022-01-07
9236,Saksham Sandhu,2022-08-16
9237,Shayak Seshadri,2022-08-10
9238,Yuvaan Sani,2023-05-01
9239,Shray Kunda,2021-12-13
9240,Rasha Majumdar,2025-03-04
9241,Faiyaz Boase,2023-08-12
9242,Elakshi Chatterjee,2025-01-29
9243,Adah Kant,2021-11-14
9244,Ehsaan Wali,2024-06-27
9245,Jhanvi Shere,2022-02-06
9246,Vidur Ramaswamy,2023-06-01
9247,Adira Gulati,2021-12-22
9248,Sahil Manda,2022-05-09
9249,Pranay Magar,2023-03-29
9250,Ranbir Srinivas,2020-10-12
9251,Tiya Malhotra,2025-02-02
9252,Riaan Chada,2020-10-18
9253,Adah Sant,2024-02-21
9254,Indranil Sarna,2024-06-05
9255,Sana Lad,2020-09-05
9256,Reyansh Kaul,2024-07-18
9257,Diya Ratti,2025-01-22
9258,Hridaan Chaudhary,2020-11-06
9259,Romil Vasa,2021-09-12
9260,Zeeshan Chaudry,2022-09-25
9261,Kimaya Ravi,2023-05-15
9262,Baiju Manda,2020-10-11
9263,Hrishita Zachariah,2022-02-13
9264,Veer Saran,2021-07-11
9265,Keya Maharaj,2021-04-30
9266,Aaina Chowdhury,2024-07-22
9267,Saanvi Lad,2023-10-10
9268,Suhana Chauhan,2024-12-09
9269,Miraya Yogi,2021-12-07
9270,Dharmajan Bora,2021-05-01
9271,Advik Ramaswamy,2023-09-29
9272,Faiyaz Sastry,2023-08-18
9273,Purab Sethi,2025-03-03
9274,Mahika Rege,2023-07-22
9275,Hunar Ramanathan,2024-03-23
9276,Ivana Mann,2024-02-26
9277,Shamik Kibe,2023-03-10
9278,Ishita Wason,2024-01-18
9279,Dhanuk Ganesan,2020-06-23
9280,Parinaaz Kara,2023-08-06
9281,Khushi Chatterjee,2020-04-29
9282,Kaira Dhar,2021-07-05
9283,Emir Rana,2024-10-07
9284,Azad Walla,2022-11-14
9285,Nayantara Handa,2021-12-26
9286,Elakshi Sawhney,2020-11-12
9287,Fateh Iyer,2022-12-31
9288,Ayesha Hayre,2020-09-19
9289,Vanya Doctor,2024-10-31
9290,Dharmajan Ravi,2022-09-21
9291,Azad Shenoy,2020-09-08
9292,Zain Doctor,2024-11-14
9293,Diya Ganesan,2024-06-02
9294,Jhanvi Madan,2024-09-02
9295,Dharmajan Saxena,2021-02-11
9296,Lagan Goel,2020-04-28
9297,Oorja Chaudry,2024-10-23
9298,Ahana  Solanki,2025-01-17
9299,Kabir Chad,2023-04-22
9300,Divit Cheema,2020-12-22
9301,Armaan Talwar,2020-03-26
9302,Farhan Wali,2024-11-06
9303,Pari Biswas,2022-01-23
9304,Devansh Hegde,2023-11-10
9305,Fateh Tata,2021-01-10
9306,Advika Sami,2022-05-29
9307,Seher Arya,2024-08-30
9308,Suhana Babu,2022-10-22
9309,Nakul Thakur,2024-12-12
9310,Zaina Bal,2023-01-26
9311,Lavanya Ben,2020-04-22
9312,Vritika Kibe,2021-03-02
9313,Arhaan Madan,2024-01-06
9314,Zaina Majumdar,2023-03-05
9315,Aniruddh Raval,2021-02-10
9316,Keya Gupta,2020-04-23
9317,Indrans Khalsa,2021-04-07
9318,Veer Ratta,2021-02-03
9319,Prisha Trivedi,2022-05-03
9320,Shray Ratti,2024-10-19
9321,Ryan Sandal,2024-05-23
9322,Neelofar Choudhary,2023-05-26
9323,Indrajit Soman,2022-07-20
9324,Anika Ghosh,2022-06-24
9325,Purab Rajan,2023-12-09
9326,Drishya Chowdhury,2022-06-14
9327,Ayesha Basak,2024-01-10
9328,Nitya Mall,2020-06-14
9329,Seher Chaudhry,2020-06-24
9330,Saira Manda,2023-09-14
9331,Anahita Thaker,2020-06-21
9332,Anvi Golla,2024-03-23
9333,Anvi Lall,2024-10-21
9334,Mishti Ray,2022-01-08
9335,Keya Gade,2023-01-18
9336,Baiju Vig,2024-01-18
9337,Misha Buch,2023-10-24
9338,Anya Hayer,2020-06-29
9339,Kartik Chahal,2021-12-24
9340,Vedika Gill,2023-09-13
9341,Raunak Sama,2020-12-23
9342,Baiju Ravi,2021-12-07
9343,Tiya Dua,2021-12-07
9344,Shalv Lanka,2024-10-23
9345,Kiara Ratti,2023-08-19
9346,Eshani Tara,2024-07-01
9347,Kabir Garg,2024-11-09
9348,Jayant Vyas,2023-12-31
9349,Madhav Sahni,2024-09-15
9350,Charvi Kohli,2020-08-23
9351,Jiya Sengupta,2020-12-19
9352,Akarsh Ahuja,2021-06-08
9353,Tushar Saraf,2023-03-29
9354,Ivan Shankar,2025-02-19
9355,Nehmat Konda,2023-08-15
9356,Mishti Jayaraman,2024-02-22
9357,Ivana Chowdhury,2023-07-25
9358,Pihu Chaudhuri,2022-06-20
9359,Piya Korpal,2024-01-01
9360,Rasha Buch,2025-03-03
9361,Lakshit Gara,2021-07-15
9362,Inaaya  Dixit,2023-08-04
9363,Jivika Roy,2022-09-09
9364,Arnav Dhar,2021-05-08
9365,Dhanuk Choudhry,2022-09-05
9366,Amira Raj,2023-05-07
9367,Tarini Chokshi,2022-04-29
9368,Yakshit Chanda,2020-10-05
9369,Ryan Sengupta,2020-10-08
9370,Devansh Rastogi,2023-02-27
9371,Farhan Sengupta,2024-04-01
9372,Taimur Dhar,2023-09-21
9373,Rania Swaminathan,2023-01-21
9374,Nishith Batta,2021-07-13
9375,Hansh Sampath,2020-03-18
9376,Saanvi Buch,2024-03-16
9377,Miraya Aurora,2022-07-07
9378,Dhanush Barad,2024-04-05
9379,Sana Bora,2023-03-01
9380,Pari Tripathi,2023-05-25
9381,Tanya Korpal,2024-12-05
9382,Divij Karnik,2020-06-28
9383,Alia Dubey,2021-11-01
9384,Damini Ramaswamy,2021-06-06
9385,Nayantara D’Alia,2022-08-11
9386,Kabir Rana,2022-01-30
9387,Ivan Kakar,2021-01-16
9388,Nakul Garg,2020-11-05
9389,Ela Vig,2020-03-10
9390,Aarush Loke,2023-03-14
9391,Shaan Sawhney,2020-09-22
9392,Bhamini Uppal,2023-01-12
9393,Hrishita Bhardwaj,2023-10-26
9394,Zeeshan Raval,2021-06-07
9395,Sana Vala,2025-02-03
9396,Ela Sachdev,2021-09-02
9397,Amani Dugar,2024-12-22
9398,Madhup Bajaj,2020-11-12
9399,Taran Dada,2020-03-20
9400,Damini Lal,2023-03-02
9401,Siya Buch,2023-09-08
9402,Nirvaan Sarna,2022-11-03
9403,Ryan Subramaniam,2022-08-31
9404,Amani Sangha,2024-01-06
9405,Sahil Sachar,2022-03-17
9406,Hiran Rau,2022-08-29
9407,Rania Shenoy,2023-12-25
9408,Darshit Choudhry,2022-07-07
9409,Ayesha Sura,2023-11-01
9410,Adira Kade,2023-05-03
9411,Vidur Varkey,2022-01-11
9412,Sahil Gupta,2020-06-17
9413,Saira Khatri,2024-10-29
9414,Nishith Mander,2021-12-10
9415,Vaibhav Wali,2023-08-19
9416,Sahil Gala,2021-09-10
9417,Kabir Sekhon,2022-05-12
9418,Nitara Ganesh,2021-08-29
9419,Anya Vala,2023-12-21
9420,Nitya Mangat,2024-08-27
9421,Farhan Keer,2024-07-15
9422,Saanvi Balan,2023-03-30
9423,Aaryahi Mammen,2022-01-17
9424,Khushi Bhargava,2022-01-14
9425,Samar Kala,2021-03-08
9426,Mamooty Kumer,2023-09-22
9427,Kanav Zacharia,2022-08-07
9428,Saksham Gade,2023-09-18
9429,Tejas Goda,2022-10-13
9430,Ranbir Sekhon,2024-12-31
9431,Anay Tailor,2024-09-15
9432,Samarth Gole,2023-10-20
9433,Damini Saxena,2024-07-18
9434,Sumer Devi,2022-11-15
9435,Farhan Baria,2023-06-26
9436,Aarna Swaminathan,2022-04-18
9437,Seher Bajwa,2025-02-24
9438,Arnav Iyengar,2021-12-18
9439,Samar Dugal,2022-06-02
9440,Mishti Comar,2021-02-05
9441,Aaina Rao,2022-07-16
9442,Tanya Chada,2021-03-22
9443,Hiran Divan,2021-04-24
9444,Rasha Trivedi,2025-01-13
9445,Drishya Manne,2021-09-15
9446,Hrishita Hora,2022-05-21
9447,Diya Jha,2024-06-29
9448,Nirvi Dass,2024-04-22
9449,Vanya Lalla,2021-06-01
9450,Azad Kunda,2020-05-08
9451,Kiaan Mahal,2024-02-12
9452,Ishita Balan,2023-10-20
9453,Romil Raj,2022-04-03
9454,Stuvan Johal,2022-12-16
9455,Pihu Saini,2021-10-30
9456,Anaya Garg,2021-12-27
9457,Zara Kari,2024-11-01
9458,Madhav Sur,2022-10-25
9459,Anika Sur,2025-02-28
9460,Heer Vohra,2020-11-08
9461,Kiara Zacharia,2024-11-25
9462,Abram Kant,2020-06-25
9463,Raunak Khanna,2022-07-09
9464,Mehul Anand,2020-04-17
9465,Inaaya  Wason,2023-06-05
9466,Purab Vasa,2020-05-13
9467,Pari Sankar,2021-11-10
9468,Eva Vohra,2025-02-10
9469,Suhana Basu,2023-08-19
9470,Inaaya  Shenoy,2021-05-22
9471,Miraya Bose,2023-05-27
9472,Aniruddh Ravi,2024-07-16
9473,Zoya Balakrishnan,2020-08-02
9474,Ayesha Halder,2023-09-10
9475,Ranbir Sidhu,2024-06-22
9476,Tanya Lad,2021-06-03
9477,Vivaan Gupta,2022-12-07
9478,Zeeshan Dani,2020-10-16
9479,Renee Balasubramanian,2023-09-24
9480,Stuvan Chandra,2020-08-04
9481,Zara Das,2020-08-03
9482,Armaan Mand,2020-09-03
9483,Ishita Sidhu,2020-09-03
9484,Amira Chhabra,2024-09-21
9485,Vihaan Jain,2023-07-13
9486,Chirag Sodhi,2021-10-12
9487,Vaibhav Rout,2024-09-03
9488,Zain Mall,2024-12-17
9489,Jayant Hayer,2020-03-17
9490,Pihu Lalla,2023-06-29
9491,Aayush Brar,2024-04-25
9492,Advik Goda,2023-12-27
9493,Shanaya Rajagopalan,2023-11-15
9494,Kabir Kannan,2023-05-06
9495,Renee Bajwa,2021-05-14
9496,Onkar Varghese,2023-06-02
9497,Dhanuk Deol,2025-01-02
9498,Rohan Ramachandran,2023-04-09
9499,Damini Hayre,2022-05-07
9500,Alisha Aggarwal,2023-11-23
9501,Emir Thakkar,2022-03-28
9502,Drishya Verma,2021-08-13
9503,Parinaaz Jain,2023-08-10
9504,Alia Saraf,2024-06-17
9505,Kavya Bhandari,2024-04-29
9506,Kiaan Basak,2024-01-09
9507,Alisha Chandra,2022-05-18
9508,Misha Shankar,2020-08-20
9509,Charvi Jaggi,2022-10-10
9510,Faiyaz Mangal,2020-09-12
9511,Jiya Ram,2021-01-22
9512,Raghav Gola,2022-10-21
9513,Farhan Wagle,2020-05-25
9514,Jayant Johal,2024-08-23
9515,Myra Mani,2024-02-07
9516,Zain Roy,2024-07-10
9517,Seher Lata,2023-01-08
9518,Saanvi Agarwal,2022-09-10
9519,Anahi Sandal,2024-08-03
9520,Mohanlal Bala,2023-07-12
9521,Krish Dubey,2022-04-18
9522,Yakshit Dalal,2025-02-25
9523,Jayesh Savant,2024-05-28
9524,Aayush Sem,2023-08-18
9525,Eva Gill,2020-05-17
9526,Pihu Chanda,2023-03-28
9527,Yakshit Ranganathan,2024-04-09
9528,Kiaan Rau,2025-02-10
9529,Mishti Borah,2024-07-10
9530,Kashvi Loke,2023-08-14
9531,Taran Babu,2020-10-28
9532,Bhavin Bath,2022-01-09
9533,Anvi Bhargava,2023-11-11
9534,Neysa Hegde,2020-07-26
9535,Rhea Srivastava,2021-11-08
9536,Ahana  Sarma,2021-02-28
9537,Neysa Chahal,2024-03-12
9538,Neysa Balay,2020-05-12
9539,Vihaan Madan,2021-04-15
9540,Priyansh Malhotra,2021-12-25
9541,Divit Batta,2021-04-23
9542,Anay Chaudhary,2024-11-17
9543,Veer Sangha,2022-07-14
9544,Arnav Jaggi,2022-08-29
9545,Samaira Soman,2020-09-27
9546,Samar Dhaliwal,2023-12-01
9547,Yashvi Babu,2022-12-06
9548,Devansh Jayaraman,2022-07-03
9549,Jivika Vyas,2024-01-06
9550,Advika Dugal,2020-12-21
9551,Charvi Lata,2022-12-31
9552,Vritika Khurana,2023-02-21
9553,Vaibhav Sem,2020-07-21
9554,Parinaaz Kibe,2020-10-12
9555,Divyansh Sawhney,2022-07-03
9556,Manikya Savant,2024-06-07
9557,Lagan Sridhar,2023-02-22
9558,Ojas Dugar,2020-11-02
9559,Nishith Andra,2021-11-16
9560,Azad Golla,2021-01-15
9561,Rasha Srivastava,2024-01-25
9562,Arhaan Bhargava,2022-11-01
9563,Myra Keer,2024-01-25
9564,Kashvi Bail,2024-09-17
9565,Dhruv Anand,2025-02-11
9566,Adira Halder,2021-05-30
9567,Ishaan Mangat,2022-01-15
9568,Khushi Lal,2023-02-06
9569,Rhea Sant,2022-09-08
9570,Seher Ganguly,2024-08-19
9571,Renee Jayaraman,2022-07-24
9572,Taimur Jani,2022-12-24
9573,Rati Bath,2020-04-14
9574,Shanaya Dutta,2023-04-23
9575,Emir Gole,2022-10-03
9576,Samar Ben,2024-03-26
9577,Shlok Iyengar,2021-03-28
9578,Fateh Kulkarni,2024-07-18
9579,Miraya Sawhney,2020-12-16
9580,Yashvi Tripathi,2022-04-04
9581,Kartik Gera,2022-03-05
9582,Samar Dave,2024-04-28
9583,Hiran Venkatesh,2023-08-12
9584,Mamooty Sidhu,2023-01-29
9585,Badal Cheema,2023-06-20
9586,Divij Sengupta,2020-09-19
9587,Hiran Rege,2024-12-14
9588,Kimaya Lad,2024-01-08
9589,Rati Sani,2024-05-27
9590,Urvi Jhaveri,2023-02-16
9591,Jivika Shetty,2023-07-25
9592,Rati Chahal,2024-10-18
9593,Badal Vyas,2023-06-16
9594,Ahana  Guha,2020-09-04
9595,Heer Ravi,2024-04-29
9596,Lagan Acharya,2020-03-14
9597,Myra Rao,2021-04-16
9598,Gokul Sanghvi,2020-03-12
9599,Kanav Joshi,2024-02-09
9600,Manikya Arora,2020-03-23
9601,Kiara Srivastava,2020-12-14
9602,Krish Badami,2020-04-05
9603,Hiran Khosla,2020-10-02
9604,Anaya Grewal,2024-04-30
9605,Mannat Sarna,2023-03-17
9606,Nayantara Keer,2024-10-09
9607,Zaina Chauhan,2024-06-19
9608,Manikya Mangal,2020-11-06
9609,Zara Swaminathan,2021-09-11
9610,Rati Rout,2023-07-20
9611,Ishaan Goswami,2024-03-06
9612,Tejas Ray,2021-01-04
9613,Arnav Rau,2021-11-24
9614,Ayesha Basak,2021-06-14
9615,Kashvi Kale,2022-03-06
9616,Neelofar Chana,2022-08-03
9617,Hansh Chhabra,2023-10-15
9618,Amira Devi,2020-05-29
9619,Shayak Suri,2024-08-02
9620,Anya Dayal,2025-01-24
9621,Arhaan Lal,2023-06-17
9622,Nirvaan Bumb,2024-04-02
9623,Keya Kaul,2023-11-08
9624,Onkar Sethi,2022-10-20
9625,Ahana  Sehgal,2022-06-04
9626,Advik Buch,2021-10-21
9627,Vardaniya Garde,2022-09-26
9628,Riaan Mani,2023-05-06
9629,Shayak Ramanathan,2022-08-25
9630,Vaibhav Deo,2020-06-08
9631,Indrajit Sachdev,2020-10-10
9632,Nirvi Thakur,2025-02-17
9633,Vardaniya Sarraf,2020-10-25
9634,Pari Sinha,2021-01-19
9635,Kashvi Sant,2024-09-05
9636,Charvi Lalla,2022-11-11
9637,Tejas Sawhney,2022-03-01
9638,Shanaya Chakrabarti,2020-04-30
9639,Raunak Amble,2022-11-29
9640,Urvi Chakraborty,2022-12-08
9641,Shalv Viswanathan,2022-09-05
9642,Madhup Salvi,2020-09-21
9643,Vivaan Agarwal,2023-05-28
9644,Yuvaan Master,2022-01-07
9645,Ojas Sami,2024-12-20
9646,Mehul Dutta,2022-10-02
9647,Nitya Kade,2022-05-14
9648,Saksham Din,2024-05-21
9649,Vidur Rajagopal,2022-08-15
9650,Khushi Sahni,2020-09-09
9651,Vanya Chand,2024-07-28
9652,Siya Thakur,2020-05-11
9653,Mishti Butala,2023-08-03
9654,Advika Sarma,2023-08-11
9655,Nirvi Lal,2020-09-15
9656,Prisha Sarin,2022-09-29
9657,Dhruv Hayer,2022-03-19
9658,Sana Balasubramanian,2020-10-25
9659,Vihaan Dara,2020-07-29
9660,Fateh Kunda,2023-02-25
9661,Zara Kanda,2022-02-05
9662,Jhanvi Gour,2021-01-15
9663,Aarush Kannan,2024-07-10
9664,Kaira Bhatti,2021-01-25
9665,Anika Kala,2024-02-06
9666,Kaira Sharma,2023-12-16
9667,Himmat Doshi,2021-08-09
9668,Lakshit Ramaswamy,2023-01-09
9669,Saanvi Ram,2023-05-27
9670,Hiran Swaminathan,2021-06-04
9671,Riaan Ahuja,2023-12-19
9672,Saksham Char,2020-04-28
9673,Ehsaan Varughese,2021-07-08
9674,Jayant Chanda,2024-12-15
9675,Nakul Ramesh,2022-11-13
9676,Kabir Sangha,2021-10-06
9677,Fateh Barad,2022-10-21
9678,Shaan Shanker,2021-07-14
9679,Sahil Manne,2025-01-23
9680,Dhanuk Khare,2021-11-10
9681,Aarna Mander,2020-04-01
9682,Anya Saran,2022-06-13
9683,Kashvi Kibe,2024-07-27
9684,Dhruv Kibe,2020-04-20
9685,Veer Chakraborty,2022-05-28
9686,Chirag Balasubramanian,2021-03-25
9687,Yuvraj  Loke,2023-01-08
9688,Vidur Bajaj,2020-03-06
9689,Purab Hayre,2022-01-16
9690,Vihaan Comar,2020-07-06
9691,Raghav Sabharwal,2022-11-22
9692,Anvi Dutt,2021-10-08
9693,Lakshit Vig,2023-10-03
9694,Suhana Vasa,2025-02-19
9695,Kaira Manne,2020-09-27
9696,Zain Wadhwa,2022-08-24
9697,Jayesh Sabharwal,2020-10-02
9698,Riya De,2020-04-07
9699,Misha Bumb,2025-01-05
9700,Tejas Chad,2023-07-23
9701,Anahita Mand,2020-12-20
9702,Gokul Bedi,2021-01-03
9703,Purab Dasgupta,2021-08-09
9704,Romil Rout,2021-01-20
9705,Mamooty Loke,2020-03-24
9706,Navya Balakrishnan,2024-02-14
9707,Kashvi Borde,2024-04-04
9708,Sumer Gade,2021-12-24
9709,Ela Lata,2022-12-14
9710,Shamik Bhandari,2020-07-21
9711,Hridaan Agarwal,2023-03-24
9712,Mehul Balan,2023-07-29
9713,Seher Mahal,2021-07-17
9714,Dhanuk Doctor,2020-05-08
9715,Manikya Salvi,2024-02-24
9716,Diya Trivedi,2023-12-16
9717,Dhruv Swamy,2022-02-07
9718,Alisha Choudhry,2024-07-04
9719,Yakshit Viswanathan,2022-06-19
9720,Anya Choudhary,2023-06-08
9721,Navya Balay,2020-03-07
9722,Aayush Sani,2021-09-16
9723,Akarsh Vasa,2025-02-25
9724,Aradhya Walia,2020-06-30
9725,Faiyaz Master,2021-06-18
9726,Vardaniya Chaudhuri,2020-04-08
9727,Nishith Chaudhuri,2021-07-26
9728,Vedika Kulkarni,2023-08-10
9729,Divit Venkataraman,2020-11-07
9730,Kabir Hari,2023-03-20
9731,Indranil Bhatt,2020-07-14
9732,Samarth Johal,2022-02-09
9733,Devansh Chauhan,2024-11-15
9734,Tiya Kota,2022-09-21
9735,Kashvi Sharma,2022-04-12
9736,Rati Choudhury,2020-11-17
9737,Pranay Chopra,2023-04-20
9738,Vedika Anand,2021-04-08
9739,Vihaan Issac,2021-11-09
9740,Neelofar Vasa,2022-05-08
9741,Saksham Venkatesh,2023-03-03
9742,Aradhya Taneja,2022-08-01
9743,Purab Kuruvilla,2020-04-11
9744,Pihu Dhawan,2021-12-14
9745,Darshit Shan,2024-02-16
9746,Krish Shenoy,2021-02-01
9747,Trisha Date,2024-12-07
9748,Khushi Bhatt,2020-07-06
9749,Yakshit Guha,2024-07-28
9750,Hazel Dass,2023-02-14
9751,Zoya Sarkar,2022-12-14
9752,Ishita Chopra,2024-06-13
9753,Ira Bawa,2020-03-25
9754,Hunar Ganguly,2023-03-04
9755,Madhup Swamy,2024-10-22
9756,Indranil Kapoor,2023-08-04
9757,Darshit Ganesan,2023-01-29
9758,Vivaan Tripathi,2021-01-26
9759,Alisha Sridhar,2023-04-22
9760,Misha Dhar,2020-11-24
9761,Sahil Bala,2023-11-07
9762,Damini Jain,2023-12-24
9763,Chirag Som,2023-08-27
9764,Shamik Chaudhary,2022-06-21
9765,Arnav Gala,2021-01-22
9766,Renee Bali,2022-12-04
9767,Anahi Khalsa,2021-06-09
9768,Anahita Gole,2020-07-16
9769,Khushi Joshi,2023-09-08
9770,Sana Dada,2021-03-01
9771,Parinaaz Bhat,2022-03-09
9772,Misha Gill,2022-09-29
9773,Hiran Madan,2021-10-26
9774,Hridaan Srinivasan,2021-01-27
9775,Tejas Thaker,2023-08-06
9776,Ahana  Sharma,2023-02-04
9777,Mahika Boase,2023-06-22
9778,Veer Bose,2024-05-31
9779,Suhana Chahal,2021-11-12
9780,Ishaan Varghese,2022-05-11
9781,Onkar Sachdev,2020-05-06
9782,Saira Kale,2023-12-16
9783,Indrans Vig,2025-03-04
9784,Jivika Kaur,2022-12-29
9785,Priyansh Kurian,2021-12-21
9786,Ishaan Balakrishnan,2023-06-28
9787,Vritika Bains,2024-02-19
9788,Saksham Johal,2023-07-09
9789,Aayush Sahni,2021-12-10
9790,Hrishita Bhatti,2021-02-18
9791,Ahana  Sathe,2021-11-18
9792,Hazel Contractor,2022-02-14
9793,Ojas Atwal,2020-04-08
9794,Heer Khurana,2023-12-22
9795,Anay Srivastava,2023-10-07
9796,Divij Kuruvilla,2023-02-24
9797,Shlok Zacharia,2025-02-20
9798,Priyansh Swaminathan,2024-07-28
9799,Jivika Dugal,2020-07-30
9800,Saira Biswas,2020-09-29
9801,Kavya Zacharia,2022-04-27
9802,Dharmajan Chana,2023-10-25
9803,Madhav Saraf,2020-10-08
9804,Gatik Sahni,2023-05-01
9805,Taran Tank,2023-07-09
9806,Neelofar Mannan,2023-01-20
9807,Diya Barman,2020-10-02
9808,Mamooty Bhatti,2024-02-02
9809,Indrans Seth,2021-08-26
9810,Nitya Sinha,2022-01-08
9811,Saksham Sahota,2023-07-24
9812,Kimaya Sahota,2022-04-12
9813,Tushar Tank,2022-01-02
9814,Nitya Kari,2023-01-13
9815,Saira Bir,2023-09-07
9816,Anvi Deep,2020-08-07
9817,Shamik Setty,2020-09-05
9818,Zeeshan Verma,2024-08-18
9819,Nakul Uppal,2023-02-22
9820,Divyansh Madan,2021-01-30
9821,Adira Sandhu,2022-02-16
9822,Vanya Brahmbhatt,2020-11-10
9823,Diya Madan,2020-11-23
9824,Aarna Anne,2022-10-13
9825,Pihu Dey,2022-01-08
9826,Dishani Hegde,2023-10-02
9827,Sahil Chaudry,2021-10-19
9828,Faiyaz Ramesh,2021-10-25
9829,Reyansh Venkataraman,2024-04-29
9830,Manikya Agarwal,2020-06-04
9831,Raghav Saraf,2024-03-04
9832,Bhavin Saraf,2024-01-19
9833,Shray Shetty,2020-12-27
9834,Myra Lata,2023-11-29
9835,Fateh Boase,2025-01-02
9836,Sumer Dey,2024-08-06
9837,Dhanush Bandi,2020-12-24
9838,Dhanush Barad,2023-06-30
9839,Anahita Bedi,2024-06-08
9840,Nishith Singh,2024-01-01
9841,Hridaan Baria,2020-09-19
9842,Indrans Golla,2020-04-12
9843,Shanaya Jhaveri,2021-04-14
9844,Ayesha Kulkarni,2023-04-08
9845,Jayan Tara,2020-08-07
9846,Yuvaan D’Alia,2023-09-16
9847,Pihu Rau,2021-07-20
9848,Taimur Chadha,2021-01-20
9849,Kimaya Bhargava,2022-01-07
9850,Ranbir Viswanathan,2020-07-09
9851,Nirvaan Rajan,2023-09-07
9852,Tarini Goda,2022-01-11
9853,Yakshit Zacharia,2024-04-16
9854,Vanya Kumer,2021-11-22
9855,Shaan Shetty,2021-12-01
9856,Ela Ratti,2021-08-22
9857,Miraan Balasubramanian,2022-05-07
9858,Renee Chad,2023-09-28
9859,Saanvi Jaggi,2022-10-09
9860,Tejas Bhatia,2023-03-05
9861,Advik Deep,2020-03-07
9862,Yashvi Bora,2020-07-01
9863,Nakul Mallick,2022-11-02
9864,Lakshay Bajaj,2023-07-25
9865,Samiha Shroff,2022-05-21
9866,Khushi Goswami,2021-07-26
9867,Yasmin Krish,2024-03-20
9868,Shamik Kapoor,2023-01-30
9869,Romil Dhawan,2020-11-19
9870,Zeeshan Baral,2025-02-12
9871,Vidur Bora,2020-12-13
9872,Arhaan Bajwa,2023-02-04
9873,Lakshay Ravel,2022-10-04
9874,Lakshit Tailor,2021-11-23
9875,Divyansh Krishnan,2024-10-31
9876,Purab Samra,2021-06-27
9877,Piya Rattan,2025-01-20
9878,Myra Saraf,2021-01-12
9879,Urvi Kohli,2023-06-04
9880,Piya Dugal,2020-05-05
9881,Manjari Vora,2023-03-26
9882,Divit Kadakia,2024-04-01
9883,Ahana  Bahri,2023-07-24
9884,Nakul Singh,2022-05-14
9885,Lagan Doshi,2021-01-06
9886,Lavanya Bhatti,2025-02-23
9887,Pihu Sabharwal,2022-10-02
9888,Ranbir Dey,2023-04-21
9889,Aniruddh Sodhi,2020-09-17
9890,Zeeshan Kannan,2024-01-28
9891,Mishti Shan,2023-02-22
9892,Jhanvi Soman,2022-04-09
9893,Bhamini Chowdhury,2023-07-28
9894,Krish Sachar,2021-01-16
9895,Tarini Loyal,2025-01-28
9896,Bhavin Issac,2022-11-09
9897,Damini Kala,2024-02-22
9898,Oorja Date,2022-08-15
9899,Yuvaan Aurora,2024-07-09
9900,Vedika Sharaf,2023-08-23
9901,Gokul Goswami,2020-10-19
9902,Chirag Sankaran,2022-03-28
9903,Myra Warrior,2022-06-01
9904,Saira Mandal,2023-02-21
9905,Sahil Kaul,2022-11-04
9906,Nakul Biswas,2024-09-03
9907,Sumer Iyengar,2020-07-05
9908,Lavanya Gala,2021-07-05
9909,Ahana  Sidhu,2021-05-24
9910,Divij Loyal,2020-10-24
9911,Jivin Amble,2024-09-02
9912,Rati Ganesh,2020-10-19
9913,Aarav Venkataraman,2020-03-19
9914,Hrishita Dube,2020-10-29
9915,Anahita Saraf,2021-10-10
9916,Navya Sastry,2023-02-13
9917,Sana Savant,2020-09-11
9918,Madhup Kalla,2024-07-07
9919,Damini Bains,2022-08-26
9920,Aradhya Yadav,2021-07-22
9921,Fateh Kohli,2023-01-03
9922,Yasmin Sani,2021-06-18
9923,Jivika Chauhan,2024-03-14
9924,Ira Anand,2022-01-11
9925,Ishita Goda,2024-05-10
9926,Anvi Kapoor,2023-11-18
9927,Ishita Mangat,2024-07-11
9928,Jivin Amble,2022-02-25
9929,Urvi Dhawan,2024-05-26
9930,Mahika Ram,2021-12-04
9931,Prisha Manda,2020-11-06
9932,Raghav Shan,2023-08-22
9933,Vaibhav Shankar,2023-06-11
9934,Rohan Kaul,2023-10-05
9935,Aaina Kanda,2021-05-10
9936,Hrishita Bandi,2023-08-31
9937,Kabir Sharaf,2023-06-25
9938,Vardaniya Lalla,2020-06-25
9939,Himmat Reddy,2023-09-24
9940,Ira Bala,2023-05-29
9941,Samaira Bawa,2022-10-06
9942,Taran Gopal,2025-02-13
9943,Lakshit Lad,2022-10-28
9944,Veer Thaman,2021-08-13
9945,Advik Agrawal,2022-02-20
9946,Raghav Aurora,2023-03-28
9947,Rohan Jain,2020-05-09
9948,Tanya Ghose,2020-05-30
9949,Faiyaz Sengupta,2022-10-25
9950,Urvi Sastry,2022-06-19
9951,Aaryahi Soni,2024-04-09
9952,Fateh Tripathi,2025-02-14
9953,Bhavin Deshmukh,2021-08-29
9954,Ayesha Loyal,2025-01-24
9955,Pihu Bansal,2023-03-07
9956,Umang Sem,2022-05-11
9957,Nakul Warrior,2024-11-11
9958,Jhanvi Batta,2023-07-01
9959,Indranil Suresh,2022-03-10
9960,Kashvi Kothari,2023-02-28
9961,Hazel Sridhar,2020-03-14
9962,Siya Lala,2025-03-01
9963,Madhav Ramakrishnan,2024-10-07
9964,Shamik Yadav,2021-08-01
9965,Jayesh Bath,2023-01-01
9966,Kiaan Thaman,2020-05-13
9967,Krish Ravel,2023-05-29
9968,Mehul Kala,2021-10-13
9969,Indrajit Gulati,2022-02-25
9970,Aarna Rau,2022-05-10
9971,Jiya Agarwal,2024-10-21
9972,Elakshi Hans,2021-12-21
9973,Nitya Seshadri,2024-10-18
9974,Samar Srivastava,2022-06-28
9975,Samaira Banerjee,2025-02-06
9976,Advika Ratti,2021-07-17
9977,Indrajit Mangat,2021-05-25
9978,Vritika Mahal,2022-11-11
9979,Veer Kaul,2024-10-03
9980,Vidur Rajan,2020-05-08
9981,Krish Iyer,2022-06-15
9982,Vardaniya Khatri,2022-10-15
9983,Nitya Chaudhuri,2024-01-16
9984,Sumer Dugar,2020-08-06
9985,Shayak Kulkarni,2023-07-01
9986,Kismat Shah,2020-10-30
9987,Aradhya Lata,2022-10-20
9988,Kismat Dada,2024-06-11
9989,Vanya Uppal,2021-03-20
9990,Krish Raman,2024-08-22
9991,Taran Magar,2024-05-30
9992,Samiha Sankaran,2020-07-21
9993,Arhaan Savant,2022-01-03
9994,Aarav Kibe,2025-01-20
9995,Alisha Sami,2023-12-11
9996,Armaan Mander,2023-09-16
9997,Amira Krishnan,2023-04-22
9998,Seher Chopra,2020-08-03
9999,Ritvik Agate,2020-12-27
10000,Zeeshan Savant,2023-01-24
