Delivery_id,Order_id,Delivery_status,Rider_id
1,1,Failed,715
2,2,Failed,155
3,3,Pending,1867
4,4,Failed,1406
5,5,Failed,712
6,6,Failed,1586
7,7,Completed,1586
8,8,Failed,1802
9,9,Failed,816
10,10,Completed,1377
11,11,Failed,1187
12,12,Completed,1843
13,13,Completed,682
14,14,Failed,1329
15,15,Failed,1258
16,16,Pending,1060
17,17,Pending,497
18,18,Completed,1362
19,19,Completed,1888
20,20,Completed,1174
21,21,Completed,537
22,22,Pending,790
23,23,Failed,1286
24,24,Pending,1889
25,25,Pending,1753
26,26,Pending,1073
27,27,Completed,800
28,28,Completed,1508
29,29,Pending,1472
30,30,Failed,1602
31,31,Pending,749
32,32,Completed,154
33,33,Pending,1441
34,34,Pending,1753
35,35,Pending,715
36,36,Pending,1682
37,37,Failed,1128
38,38,Failed,123
39,39,Completed,1168
40,40,Completed,115
41,41,Failed,620
42,42,Pending,1203
43,43,Completed,1505
44,44,Pending,539
45,45,Failed,367
46,46,Failed,467
47,47,Pending,1046
48,48,Completed,374
49,49,Pending,1321
50,50,Completed,1629
51,51,Pending,1884
52,52,Failed,1064
53,53,Pending,143
54,54,Completed,1343
55,55,Pending,1127
56,56,Completed,1339
57,57,Completed,435
58,58,Failed,281
59,59,Pending,37
60,60,Pending,548
61,61,Completed,1511
62,62,Pending,1765
63,63,Failed,479
64,64,Failed,857
65,65,Completed,1226
66,66,Failed,1735
67,67,Pending,775
68,68,Pending,815
69,69,Completed,1264
70,70,Completed,319
71,71,Completed,1231
72,72,Failed,401
73,73,Failed,121
74,74,Completed,1027
75,75,Completed,1667
76,76,Completed,751
77,77,Failed,1550
78,78,Pending,16
79,79,Pending,301
80,80,Completed,775
81,81,Completed,224
82,82,Failed,1248
83,83,Failed,227
84,84,Completed,1805
85,85,Failed,1383
86,86,Completed,1052
87,87,Failed,760
88,88,Failed,676
89,89,Completed,116
90,90,Completed,1884
91,91,Pending,1758
92,92,Failed,1416
93,93,Completed,1175
94,94,Completed,342
95,95,Pending,1059
96,96,Failed,1055
97,97,Failed,1594
98,98,Failed,123
99,99,Pending,1314
100,100,Completed,1069
101,101,Completed,353
102,102,Pending,526
103,103,Pending,1465
104,104,Pending,400
105,105,Failed,1648
106,106,Failed,185
107,107,Completed,1730
108,108,Completed,1413
109,109,Pending,890
110,110,Pending,927
111,111,Completed,867
112,112,Pending,478
113,113,Pending,556
114,114,Pending,95
115,115,Failed,1101
116,116,Failed,1752
117,117,Failed,75
118,118,Completed,711
119,119,Pending,1626
120,120,Pending,1243
121,121,Completed,683
122,122,Failed,1467
123,123,Completed,1675
124,124,Failed,1797
125,125,Failed,1296
126,126,Failed,280
127,127,Completed,1327
128,128,Pending,617
129,129,Failed,1825
130,130,Completed,1517
131,131,Completed,1247
132,132,Completed,195
133,133,Failed,1971
134,134,Failed,1481
135,135,Failed,386
136,136,Completed,100
137,137,Completed,31
138,138,Pending,347
139,139,Failed,359
140,140,Failed,1085
141,141,Completed,837
142,142,Completed,209
143,143,Pending,646
144,144,Completed,779
145,145,Completed,1507
146,146,Pending,1652
147,147,Failed,409
148,148,Pending,1041
149,149,Pending,714
150,150,Completed,889
151,151,Failed,734
152,152,Completed,963
153,153,Pending,680
154,154,Completed,1018
155,155,Failed,975
156,156,Pending,1111
157,157,Failed,543
158,158,Completed,1876
159,159,Failed,378
160,160,Pending,862
161,161,Pending,165
162,162,Completed,390
163,163,Pending,1740
164,164,Failed,1016
165,165,Pending,1603
166,166,Failed,493
167,167,Completed,724
168,168,Completed,1108
169,169,Failed,433
170,170,Completed,1673
171,171,Completed,416
172,172,Failed,1909
173,173,Failed,67
174,174,Completed,373
175,175,Pending,247
176,176,Failed,77
177,177,Failed,1690
178,178,Failed,1501
179,179,Failed,47
180,180,Failed,1878
181,181,Failed,1074
182,182,Pending,254
183,183,Pending,1055
184,184,Failed,660
185,185,Completed,1900
186,186,Failed,1825
187,187,Pending,711
188,188,Failed,1674
189,189,Completed,141
190,190,Completed,1208
191,191,Failed,924
192,192,Pending,402
193,193,Completed,1533
194,194,Completed,883
195,195,Failed,1320
196,196,Failed,342
197,197,Completed,1184
198,198,Completed,253
199,199,Pending,1751
200,200,Failed,1528
201,201,Pending,150
202,202,Completed,401
203,203,Completed,1915
204,204,Completed,1594
205,205,Completed,215
206,206,Completed,416
207,207,Pending,968
208,208,Pending,1823
209,209,Failed,374
210,210,Failed,324
211,211,Failed,692
212,212,Failed,363
213,213,Pending,684
214,214,Pending,1105
215,215,Failed,268
216,216,Pending,1108
217,217,Completed,148
218,218,Pending,26
219,219,Completed,1460
220,220,Completed,1788
221,221,Pending,1032
222,222,Pending,451
223,223,Completed,1906
224,224,Pending,805
225,225,Completed,1821
226,226,Pending,578
227,227,Pending,707
228,228,Completed,354
229,229,Pending,903
230,230,Completed,1323
231,231,Failed,1987
232,232,Pending,164
233,233,Completed,341
234,234,Failed,1304
235,235,Pending,575
236,236,Pending,659
237,237,Pending,1347
238,238,Pending,580
239,239,Pending,1413
240,240,Pending,1041
241,241,Pending,1917
242,242,Completed,421
243,243,Pending,1460
244,244,Completed,309
245,245,Completed,1074
246,246,Completed,430
247,247,Pending,434
248,248,Failed,536
249,249,Pending,451
250,250,Completed,927
251,251,Failed,1714
252,252,Pending,1813
253,253,Failed,400
254,254,Pending,1229
255,255,Completed,168
256,256,Failed,459
257,257,Pending,1651
258,258,Completed,422
259,259,Failed,1956
260,260,Failed,1268
261,261,Pending,426
262,262,Failed,1603
263,263,Failed,926
264,264,Completed,122
265,265,Failed,1960
266,266,Completed,1375
267,267,Completed,1659
268,268,Pending,846
269,269,Pending,1194
270,270,Pending,1588
271,271,Pending,1234
272,272,Failed,216
273,273,Completed,1825
274,274,Pending,348
275,275,Failed,981
276,276,Failed,1312
277,277,Pending,103
278,278,Completed,132
279,279,Pending,1324
280,280,Pending,553
281,281,Completed,1588
282,282,Completed,967
283,283,Pending,851
284,284,Pending,1210
285,285,Pending,520
286,286,Completed,1088
287,287,Failed,1539
288,288,Failed,1279
289,289,Completed,109
290,290,Pending,1204
291,291,Completed,343
292,292,Pending,1350
293,293,Completed,532
294,294,Pending,88
295,295,Completed,756
296,296,Failed,1249
297,297,Failed,1173
298,298,Pending,988
299,299,Completed,231
300,300,Pending,1898
301,301,Completed,855
302,302,Completed,267
303,303,Completed,836
304,304,Pending,783
305,305,Failed,403
306,306,Completed,1852
307,307,Failed,1463
308,308,Failed,328
309,309,Completed,1977
310,310,Completed,1434
311,311,Failed,1089
312,312,Failed,16
313,313,Completed,310
314,314,Completed,146
315,315,Completed,1449
316,316,Failed,470
317,317,Pending,1579
318,318,Failed,1390
319,319,Failed,488
320,320,Completed,259
321,321,Completed,1439
322,322,Failed,1758
323,323,Failed,1769
324,324,Failed,1907
325,325,Completed,92
326,326,Failed,1825
327,327,Completed,1950
328,328,Completed,1551
329,329,Failed,911
330,330,Completed,65
331,331,Failed,1819
332,332,Completed,1789
333,333,Pending,367
334,334,Completed,1691
335,335,Completed,54
336,336,Failed,1302
337,337,Pending,1271
338,338,Pending,254
339,339,Completed,1763
340,340,Pending,1754
341,341,Pending,83
342,342,Completed,35
343,343,Failed,1198
344,344,Pending,899
345,345,Completed,638
346,346,Failed,5
347,347,Pending,303
348,348,Failed,1942
349,349,Completed,1878
350,350,Failed,1966
351,351,Failed,47
352,352,Pending,157
353,353,Failed,1305
354,354,Completed,415
355,355,Pending,1838
356,356,Completed,786
357,357,Completed,1542
358,358,Completed,852
359,359,Pending,1841
360,360,Pending,1722
361,361,Failed,391
362,362,Failed,53
363,363,Completed,628
364,364,Completed,1113
365,365,Pending,1091
366,366,Completed,1977
367,367,Pending,1748
368,368,Completed,1265
369,369,Pending,1201
370,370,Failed,381
371,371,Completed,1885
372,372,Failed,839
373,373,Failed,742
374,374,Failed,1184
375,375,Completed,1353
376,376,Pending,1256
377,377,Failed,1782
378,378,Completed,929
379,379,Pending,1510
380,380,Failed,1926
381,381,Pending,1797
382,382,Failed,1245
383,383,Failed,1429
384,384,Failed,318
385,385,Pending,251
386,386,Pending,683
387,387,Pending,957
388,388,Completed,1311
389,389,Completed,1408
390,390,Pending,240
391,391,Failed,586
392,392,Pending,1905
393,393,Failed,1595
394,394,Pending,1243
395,395,Pending,95
396,396,Completed,1117
397,397,Failed,139
398,398,Pending,589
399,399,Pending,1942
400,400,Failed,130
401,401,Completed,1531
402,402,Failed,601
403,403,Completed,1935
404,404,Completed,694
405,405,Completed,1836
406,406,Completed,1763
407,407,Completed,1075
408,408,Completed,1738
409,409,Completed,1022
410,410,Completed,72
411,411,Failed,1356
412,412,Failed,154
413,413,Completed,1808
414,414,Failed,1830
415,415,Completed,1724
416,416,Failed,1438
417,417,Failed,1699
418,418,Pending,784
419,419,Pending,1762
420,420,Pending,819
421,421,Completed,1286
422,422,Pending,795
423,423,Completed,1841
424,424,Failed,33
425,425,Completed,563
426,426,Pending,1036
427,427,Completed,1321
428,428,Pending,851
429,429,Completed,1074
430,430,Failed,1583
431,431,Completed,655
432,432,Completed,1652
433,433,Pending,1518
434,434,Pending,634
435,435,Completed,1913
436,436,Completed,1149
437,437,Failed,959
438,438,Pending,1074
439,439,Failed,1934
440,440,Failed,1991
441,441,Completed,1879
442,442,Completed,1063
443,443,Pending,969
444,444,Pending,204
445,445,Failed,1342
446,446,Pending,902
447,447,Pending,1137
448,448,Pending,1842
449,449,Completed,1881
450,450,Completed,1586
451,451,Pending,1115
452,452,Pending,548
453,453,Completed,175
454,454,Pending,1785
455,455,Failed,688
456,456,Pending,576
457,457,Pending,1696
458,458,Completed,522
459,459,Completed,1981
460,460,Failed,328
461,461,Completed,903
462,462,Completed,134
463,463,Pending,258
464,464,Pending,1316
465,465,Completed,918
466,466,Pending,849
467,467,Failed,457
468,468,Failed,1498
469,469,Pending,1697
470,470,Pending,1574
471,471,Completed,148
472,472,Failed,830
473,473,Completed,561
474,474,Completed,236
475,475,Pending,855
476,476,Pending,686
477,477,Completed,1244
478,478,Completed,1141
479,479,Pending,958
480,480,Completed,1424
481,481,Completed,1755
482,482,Pending,36
483,483,Completed,156
484,484,Completed,509
485,485,Pending,1163
486,486,Pending,1329
487,487,Pending,322
488,488,Failed,1319
489,489,Pending,1857
490,490,Failed,259
491,491,Pending,1853
492,492,Pending,734
493,493,Failed,1577
494,494,Completed,1241
495,495,Completed,966
496,496,Completed,1054
497,497,Failed,803
498,498,Failed,1818
499,499,Completed,595
500,500,Completed,1271
501,501,Pending,724
502,502,Failed,679
503,503,Pending,745
504,504,Pending,56
505,505,Completed,1552
506,506,Completed,1143
507,507,Pending,469
508,508,Failed,746
509,509,Failed,1600
510,510,Pending,1862
511,511,Pending,778
512,512,Completed,933
513,513,Completed,1060
514,514,Pending,882
515,515,Pending,323
516,516,Pending,559
517,517,Pending,111
518,518,Completed,1495
519,519,Pending,1988
520,520,Pending,639
521,521,Pending,33
522,522,Completed,578
523,523,Pending,1896
524,524,Pending,1016
525,525,Failed,816
526,526,Completed,1038
527,527,Completed,613
528,528,Failed,563
529,529,Completed,194
530,530,Completed,1174
531,531,Pending,1026
532,532,Pending,1185
533,533,Pending,998
534,534,Completed,446
535,535,Failed,335
536,536,Pending,1280
537,537,Pending,808
538,538,Failed,1279
539,539,Failed,551
540,540,Failed,1536
541,541,Pending,1843
542,542,Completed,1190
543,543,Pending,977
544,544,Completed,746
545,545,Pending,1835
546,546,Failed,1389
547,547,Completed,251
548,548,Completed,1328
549,549,Pending,198
550,550,Pending,1927
551,551,Failed,1676
552,552,Completed,876
553,553,Failed,611
554,554,Pending,1533
555,555,Completed,513
556,556,Pending,1857
557,557,Completed,1208
558,558,Failed,493
559,559,Pending,1872
560,560,Failed,424
561,561,Failed,1707
562,562,Completed,1843
563,563,Pending,1173
564,564,Pending,204
565,565,Completed,1819
566,566,Completed,574
567,567,Pending,208
568,568,Pending,449
569,569,Pending,1368
570,570,Failed,1145
571,571,Pending,1572
572,572,Pending,369
573,573,Failed,1998
574,574,Completed,599
575,575,Pending,1885
576,576,Pending,999
577,577,Failed,559
578,578,Completed,355
579,579,Failed,693
580,580,Completed,1601
581,581,Pending,519
582,582,Failed,1408
583,583,Completed,966
584,584,Pending,1183
585,585,Pending,928
586,586,Completed,707
587,587,Failed,1449
588,588,Completed,400
589,589,Pending,1864
590,590,Pending,1432
591,591,Completed,1603
592,592,Pending,392
593,593,Failed,916
594,594,Pending,1807
595,595,Completed,1132
596,596,Pending,942
597,597,Failed,1681
598,598,Completed,1951
599,599,Pending,1635
600,600,Failed,1002
601,601,Completed,1162
602,602,Completed,22
603,603,Completed,1280
604,604,Pending,757
605,605,Pending,898
606,606,Pending,1443
607,607,Completed,1747
608,608,Pending,80
609,609,Failed,1783
610,610,Completed,1935
611,611,Pending,1679
612,612,Completed,1163
613,613,Failed,1010
614,614,Completed,714
615,615,Pending,1884
616,616,Pending,623
617,617,Pending,1876
618,618,Completed,683
619,619,Pending,50
620,620,Failed,971
621,621,Pending,898
622,622,Pending,702
623,623,Completed,307
624,624,Pending,578
625,625,Failed,655
626,626,Failed,1056
627,627,Completed,712
628,628,Failed,484
629,629,Completed,1213
630,630,Failed,595
631,631,Failed,437
632,632,Pending,662
633,633,Completed,542
634,634,Failed,1091
635,635,Failed,531
636,636,Pending,81
637,637,Completed,1464
638,638,Failed,190
639,639,Pending,1394
640,640,Completed,1848
641,641,Completed,1603
642,642,Pending,689
643,643,Pending,500
644,644,Completed,982
645,645,Failed,516
646,646,Completed,1904
647,647,Completed,1308
648,648,Completed,1161
649,649,Completed,1190
650,650,Completed,1777
651,651,Failed,1138
652,652,Pending,776
653,653,Pending,1647
654,654,Pending,1796
655,655,Completed,802
656,656,Pending,1225
657,657,Pending,293
658,658,Pending,78
659,659,Failed,1471
660,660,Completed,539
661,661,Failed,1257
662,662,Completed,938
663,663,Pending,534
664,664,Failed,1531
665,665,Completed,1633
666,666,Pending,870
667,667,Completed,1537
668,668,Completed,89
669,669,Pending,1397
670,670,Failed,1446
671,671,Completed,710
672,672,Failed,1386
673,673,Pending,1126
674,674,Completed,1653
675,675,Pending,1541
676,676,Pending,1347
677,677,Pending,918
678,678,Pending,1185
679,679,Failed,763
680,680,Pending,138
681,681,Completed,1546
682,682,Failed,1117
683,683,Pending,647
684,684,Completed,1075
685,685,Failed,1367
686,686,Failed,1398
687,687,Completed,730
688,688,Pending,1232
689,689,Pending,331
690,690,Pending,1302
691,691,Completed,1646
692,692,Failed,1926
693,693,Pending,355
694,694,Completed,122
695,695,Failed,1508
696,696,Pending,1140
697,697,Pending,1667
698,698,Pending,1603
699,699,Completed,1266
700,700,Completed,1485
701,701,Completed,292
702,702,Pending,398
703,703,Failed,697
704,704,Pending,1794
705,705,Failed,1422
706,706,Completed,598
707,707,Pending,1909
708,708,Pending,1365
709,709,Pending,1339
710,710,Failed,1167
711,711,Failed,1299
712,712,Completed,905
713,713,Failed,816
714,714,Failed,538
715,715,Pending,413
716,716,Failed,819
717,717,Failed,1592
718,718,Completed,1731
719,719,Completed,1726
720,720,Pending,343
721,721,Completed,740
722,722,Pending,911
723,723,Pending,125
724,724,Pending,1270
725,725,Pending,248
726,726,Pending,217
727,727,Pending,124
728,728,Pending,1325
729,729,Pending,1079
730,730,Pending,764
731,731,Failed,1360
732,732,Completed,1217
733,733,Pending,8
734,734,Pending,1091
735,735,Pending,1532
736,736,Failed,568
737,737,Failed,612
738,738,Pending,1919
739,739,Failed,701
740,740,Failed,1757
741,741,Failed,1077
742,742,Failed,1638
743,743,Failed,166
744,744,Pending,269
745,745,Pending,1981
746,746,Pending,1061
747,747,Failed,835
748,748,Pending,1887
749,749,Pending,1708
750,750,Pending,113
751,751,Completed,235
752,752,Failed,237
753,753,Completed,428
754,754,Pending,897
755,755,Completed,479
756,756,Failed,168
757,757,Completed,1366
758,758,Failed,1723
759,759,Completed,1295
760,760,Failed,1448
761,761,Failed,897
762,762,Completed,1489
763,763,Pending,1771
764,764,Pending,1207
765,765,Failed,1889
766,766,Failed,747
767,767,Failed,1009
768,768,Failed,1341
769,769,Completed,429
770,770,Completed,1816
771,771,Failed,1589
772,772,Failed,184
773,773,Completed,880
774,774,Pending,389
775,775,Failed,208
776,776,Failed,935
777,777,Failed,1384
778,778,Failed,1112
779,779,Completed,1199
780,780,Completed,1052
781,781,Completed,796
782,782,Failed,230
783,783,Failed,1200
784,784,Failed,733
785,785,Pending,230
786,786,Completed,552
787,787,Completed,1792
788,788,Failed,1036
789,789,Failed,283
790,790,Completed,950
791,791,Completed,1113
792,792,Failed,202
793,793,Completed,271
794,794,Completed,1221
795,795,Completed,971
796,796,Pending,647
797,797,Failed,1617
798,798,Completed,695
799,799,Failed,1258
800,800,Completed,484
801,801,Completed,1005
802,802,Completed,659
803,803,Failed,719
804,804,Pending,1524
805,805,Failed,611
806,806,Completed,999
807,807,Failed,386
808,808,Completed,344
809,809,Pending,3
810,810,Pending,636
811,811,Failed,1859
812,812,Failed,1368
813,813,Pending,670
814,814,Pending,252
815,815,Pending,1139
816,816,Completed,463
817,817,Pending,906
818,818,Failed,1479
819,819,Failed,1240
820,820,Failed,478
821,821,Completed,1233
822,822,Completed,1635
823,823,Pending,1613
824,824,Failed,1778
825,825,Pending,541
826,826,Pending,853
827,827,Completed,571
828,828,Failed,60
829,829,Pending,816
830,830,Failed,324
831,831,Completed,1020
832,832,Failed,532
833,833,Pending,924
834,834,Pending,1926
835,835,Pending,878
836,836,Failed,1785
837,837,Failed,1842
838,838,Failed,566
839,839,Completed,151
840,840,Completed,1983
841,841,Failed,1005
842,842,Failed,1610
843,843,Completed,156
844,844,Completed,1387
845,845,Completed,1385
846,846,Completed,759
847,847,Pending,310
848,848,Completed,682
849,849,Failed,1606
850,850,Completed,185
851,851,Pending,822
852,852,Failed,1206
853,853,Failed,1302
854,854,Pending,916
855,855,Pending,1852
856,856,Pending,1750
857,857,Failed,1754
858,858,Pending,910
859,859,Pending,526
860,860,Failed,1177
861,861,Completed,1762
862,862,Pending,1098
863,863,Completed,1582
864,864,Pending,718
865,865,Pending,1780
866,866,Completed,471
867,867,Pending,53
868,868,Pending,61
869,869,Pending,357
870,870,Pending,113
871,871,Failed,1778
872,872,Pending,1805
873,873,Completed,1558
874,874,Pending,460
875,875,Failed,447
876,876,Failed,1983
877,877,Completed,510
878,878,Failed,1544
879,879,Failed,1083
880,880,Pending,590
881,881,Completed,924
882,882,Failed,1341
883,883,Pending,1838
884,884,Failed,728
885,885,Pending,1170
886,886,Pending,2
887,887,Completed,1562
888,888,Completed,405
889,889,Completed,539
890,890,Pending,169
891,891,Completed,1518
892,892,Failed,1911
893,893,Failed,121
894,894,Failed,1507
895,895,Failed,85
896,896,Pending,818
897,897,Completed,762
898,898,Failed,1118
899,899,Failed,80
900,900,Pending,1130
901,901,Completed,1323
902,902,Pending,786
903,903,Completed,632
904,904,Completed,1809
905,905,Completed,1517
906,906,Completed,1838
907,907,Failed,1525
908,908,Pending,998
909,909,Failed,374
910,910,Pending,1996
911,911,Failed,1411
912,912,Completed,1315
913,913,Completed,1405
914,914,Completed,266
915,915,Failed,1837
916,916,Failed,1402
917,917,Failed,397
918,918,Pending,1213
919,919,Pending,1295
920,920,Pending,1733
921,921,Pending,1245
922,922,Pending,1110
923,923,Failed,1156
924,924,Completed,562
925,925,Completed,917
926,926,Pending,1559
927,927,Failed,1628
928,928,Failed,1786
929,929,Pending,908
930,930,Pending,1279
931,931,Failed,839
932,932,Failed,1103
933,933,Completed,1345
934,934,Failed,1235
935,935,Completed,276
936,936,Pending,98
937,937,Completed,845
938,938,Failed,904
939,939,Pending,138
940,940,Pending,91
941,941,Pending,35
942,942,Failed,456
943,943,Failed,647
944,944,Failed,1635
945,945,Pending,943
946,946,Failed,70
947,947,Completed,949
948,948,Failed,1844
949,949,Pending,1593
950,950,Completed,1185
951,951,Completed,1648
952,952,Failed,730
953,953,Pending,134
954,954,Pending,1353
955,955,Completed,1100
956,956,Pending,66
957,957,Completed,497
958,958,Failed,684
959,959,Completed,1041
960,960,Failed,5
961,961,Failed,1872
962,962,Failed,376
963,963,Completed,1844
964,964,Pending,995
965,965,Pending,469
966,966,Pending,581
967,967,Pending,930
968,968,Failed,690
969,969,Completed,1363
970,970,Completed,1394
971,971,Failed,1276
972,972,Completed,1604
973,973,Completed,892
974,974,Failed,624
975,975,Completed,328
976,976,Pending,1078
977,977,Failed,456
978,978,Pending,1770
979,979,Failed,373
980,980,Pending,368
981,981,Completed,1049
982,982,Completed,1104
983,983,Completed,1878
984,984,Completed,1861
985,985,Completed,718
986,986,Failed,1291
987,987,Completed,1703
988,988,Failed,578
989,989,Pending,555
990,990,Pending,1295
991,991,Failed,706
992,992,Completed,1721
993,993,Completed,296
994,994,Completed,124
995,995,Completed,1157
996,996,Failed,708
997,997,Completed,1538
998,998,Failed,612
999,999,Completed,1288
1000,1000,Pending,859
1001,1001,Failed,334
1002,1002,Pending,467
1003,1003,Completed,421
1004,1004,Pending,432
1005,1005,Pending,1962
1006,1006,Failed,1133
1007,1007,Pending,1041
1008,1008,Completed,301
1009,1009,Completed,575
1010,1010,Completed,987
1011,1011,Completed,1893
1012,1012,Completed,600
1013,1013,Failed,239
1014,1014,Completed,1374
1015,1015,Failed,482
1016,1016,Failed,1570
1017,1017,Failed,76
1018,1018,Pending,226
1019,1019,Pending,615
1020,1020,Failed,1608
1021,1021,Completed,996
1022,1022,Failed,561
1023,1023,Pending,359
1024,1024,Failed,860
1025,1025,Completed,1612
1026,1026,Failed,874
1027,1027,Pending,1865
1028,1028,Pending,1954
1029,1029,Pending,349
1030,1030,Completed,1363
1031,1031,Pending,1068
1032,1032,Completed,1565
1033,1033,Pending,1300
1034,1034,Pending,970
1035,1035,Failed,947
1036,1036,Failed,1723
1037,1037,Pending,968
1038,1038,Pending,289
1039,1039,Pending,1793
1040,1040,Completed,700
1041,1041,Pending,353
1042,1042,Pending,1951
1043,1043,Failed,1132
1044,1044,Pending,994
1045,1045,Failed,1107
1046,1046,Completed,473
1047,1047,Pending,1259
1048,1048,Completed,1207
1049,1049,Completed,45
1050,1050,Pending,205
1051,1051,Completed,87
1052,1052,Completed,1567
1053,1053,Failed,1693
1054,1054,Failed,368
1055,1055,Failed,1785
1056,1056,Failed,1746
1057,1057,Pending,1209
1058,1058,Pending,943
1059,1059,Completed,710
1060,1060,Completed,373
1061,1061,Completed,399
1062,1062,Completed,354
1063,1063,Completed,1963
1064,1064,Completed,1896
1065,1065,Completed,988
1066,1066,Completed,559
1067,1067,Completed,258
1068,1068,Pending,1395
1069,1069,Completed,782
1070,1070,Pending,1030
1071,1071,Completed,1250
1072,1072,Failed,943
1073,1073,Completed,132
1074,1074,Pending,97
1075,1075,Failed,815
1076,1076,Completed,1787
1077,1077,Completed,1497
1078,1078,Failed,449
1079,1079,Completed,371
1080,1080,Completed,902
1081,1081,Failed,1729
1082,1082,Failed,906
1083,1083,Completed,753
1084,1084,Completed,1336
1085,1085,Failed,687
1086,1086,Pending,14
1087,1087,Pending,1168
1088,1088,Pending,268
1089,1089,Pending,1871
1090,1090,Failed,1
1091,1091,Failed,47
1092,1092,Completed,1712
1093,1093,Pending,1991
1094,1094,Pending,707
1095,1095,Pending,203
1096,1096,Failed,972
1097,1097,Pending,557
1098,1098,Completed,1107
1099,1099,Failed,85
1100,1100,Completed,1221
1101,1101,Pending,736
1102,1102,Completed,341
1103,1103,Completed,1279
1104,1104,Completed,928
1105,1105,Failed,1716
1106,1106,Pending,1522
1107,1107,Pending,1113
1108,1108,Pending,122
1109,1109,Pending,1569
1110,1110,Pending,1692
1111,1111,Completed,1611
1112,1112,Failed,1275
1113,1113,Pending,1414
1114,1114,Completed,1611
1115,1115,Completed,781
1116,1116,Pending,1716
1117,1117,Completed,1225
1118,1118,Pending,1497
1119,1119,Failed,179
1120,1120,Pending,1338
1121,1121,Completed,1440
1122,1122,Completed,1669
1123,1123,Failed,212
1124,1124,Failed,971
1125,1125,Failed,1335
1126,1126,Failed,1782
1127,1127,Pending,315
1128,1128,Completed,378
1129,1129,Completed,743
1130,1130,Pending,961
1131,1131,Completed,931
1132,1132,Completed,1094
1133,1133,Completed,1415
1134,1134,Completed,1261
1135,1135,Failed,1332
1136,1136,Completed,558
1137,1137,Completed,939
1138,1138,Failed,455
1139,1139,Completed,352
1140,1140,Failed,1397
1141,1141,Failed,96
1142,1142,Pending,434
1143,1143,Pending,503
1144,1144,Failed,632
1145,1145,Completed,1681
1146,1146,Failed,852
1147,1147,Pending,589
1148,1148,Completed,1616
1149,1149,Completed,1382
1150,1150,Pending,1047
1151,1151,Completed,444
1152,1152,Pending,1880
1153,1153,Failed,1729
1154,1154,Failed,1484
1155,1155,Failed,1166
1156,1156,Completed,602
1157,1157,Pending,118
1158,1158,Failed,430
1159,1159,Failed,1764
1160,1160,Completed,718
1161,1161,Failed,466
1162,1162,Pending,1939
1163,1163,Completed,73
1164,1164,Pending,105
1165,1165,Completed,1614
1166,1166,Pending,860
1167,1167,Failed,1942
1168,1168,Pending,1132
1169,1169,Completed,976
1170,1170,Failed,106
1171,1171,Failed,1172
1172,1172,Pending,314
1173,1173,Completed,807
1174,1174,Failed,1234
1175,1175,Completed,1032
1176,1176,Pending,1537
1177,1177,Completed,1330
1178,1178,Pending,196
1179,1179,Pending,212
1180,1180,Failed,1777
1181,1181,Completed,1395
1182,1182,Completed,637
1183,1183,Completed,1629
1184,1184,Pending,1693
1185,1185,Completed,1812
1186,1186,Failed,86
1187,1187,Pending,251
1188,1188,Pending,1667
1189,1189,Completed,1760
1190,1190,Failed,496
1191,1191,Pending,1123
1192,1192,Pending,1675
1193,1193,Completed,243
1194,1194,Pending,264
1195,1195,Pending,1207
1196,1196,Failed,1483
1197,1197,Failed,1881
1198,1198,Failed,850
1199,1199,Pending,1774
1200,1200,Failed,45
1201,1201,Failed,1653
1202,1202,Pending,511
1203,1203,Completed,1109
1204,1204,Failed,612
1205,1205,Pending,532
1206,1206,Pending,1380
1207,1207,Completed,688
1208,1208,Completed,1996
1209,1209,Completed,768
1210,1210,Completed,783
1211,1211,Failed,581
1212,1212,Pending,278
1213,1213,Pending,84
1214,1214,Failed,1826
1215,1215,Failed,1529
1216,1216,Completed,170
1217,1217,Pending,944
1218,1218,Completed,1313
1219,1219,Pending,1895
1220,1220,Completed,1277
1221,1221,Failed,241
1222,1222,Failed,606
1223,1223,Completed,488
1224,1224,Completed,1972
1225,1225,Failed,60
1226,1226,Completed,1076
1227,1227,Failed,82
1228,1228,Pending,1775
1229,1229,Failed,850
1230,1230,Completed,1992
1231,1231,Completed,1338
1232,1232,Completed,451
1233,1233,Failed,505
1234,1234,Completed,1827
1235,1235,Failed,1289
1236,1236,Failed,1400
1237,1237,Pending,1663
1238,1238,Failed,1673
1239,1239,Completed,153
1240,1240,Failed,57
1241,1241,Pending,706
1242,1242,Completed,1496
1243,1243,Completed,683
1244,1244,Failed,650
1245,1245,Failed,172
1246,1246,Failed,741
1247,1247,Completed,931
1248,1248,Failed,1121
1249,1249,Completed,422
1250,1250,Completed,1054
1251,1251,Failed,549
1252,1252,Pending,1496
1253,1253,Failed,1208
1254,1254,Completed,271
1255,1255,Failed,1219
1256,1256,Completed,1500
1257,1257,Completed,1006
1258,1258,Completed,1909
1259,1259,Failed,1701
1260,1260,Failed,1725
1261,1261,Pending,786
1262,1262,Pending,216
1263,1263,Completed,749
1264,1264,Failed,74
1265,1265,Failed,1523
1266,1266,Pending,1212
1267,1267,Completed,96
1268,1268,Completed,410
1269,1269,Pending,73
1270,1270,Pending,1890
1271,1271,Completed,1517
1272,1272,Completed,1764
1273,1273,Pending,289
1274,1274,Completed,1303
1275,1275,Pending,174
1276,1276,Completed,1080
1277,1277,Completed,329
1278,1278,Pending,1770
1279,1279,Failed,760
1280,1280,Pending,1527
1281,1281,Completed,1663
1282,1282,Completed,145
1283,1283,Pending,1240
1284,1284,Completed,835
1285,1285,Pending,1908
1286,1286,Pending,407
1287,1287,Pending,373
1288,1288,Completed,788
1289,1289,Failed,1756
1290,1290,Completed,742
1291,1291,Failed,1577
1292,1292,Completed,1781
1293,1293,Failed,1083
1294,1294,Pending,1958
1295,1295,Failed,1749
1296,1296,Completed,356
1297,1297,Failed,915
1298,1298,Failed,1424
1299,1299,Failed,143
1300,1300,Failed,1615
1301,1301,Pending,1133
1302,1302,Failed,1368
1303,1303,Completed,1199
1304,1304,Pending,41
1305,1305,Pending,1965
1306,1306,Pending,710
1307,1307,Failed,1671
1308,1308,Failed,878
1309,1309,Completed,1401
1310,1310,Pending,1809
1311,1311,Pending,1665
1312,1312,Pending,342
1313,1313,Completed,292
1314,1314,Failed,1975
1315,1315,Failed,1043
1316,1316,Pending,972
1317,1317,Failed,395
1318,1318,Pending,1623
1319,1319,Failed,253
1320,1320,Failed,1588
1321,1321,Pending,1344
1322,1322,Completed,1876
1323,1323,Failed,1193
1324,1324,Completed,632
1325,1325,Pending,328
1326,1326,Completed,589
1327,1327,Pending,1806
1328,1328,Pending,1828
1329,1329,Failed,1391
1330,1330,Failed,1169
1331,1331,Pending,951
1332,1332,Failed,1540
1333,1333,Completed,1588
1334,1334,Completed,1568
1335,1335,Completed,719
1336,1336,Pending,1031
1337,1337,Pending,1872
1338,1338,Completed,1707
1339,1339,Pending,384
1340,1340,Failed,484
1341,1341,Pending,76
1342,1342,Pending,396
1343,1343,Pending,1230
1344,1344,Pending,1242
1345,1345,Failed,123
1346,1346,Completed,771
1347,1347,Completed,1040
1348,1348,Completed,1209
1349,1349,Pending,1359
1350,1350,Pending,1249
1351,1351,Pending,1958
1352,1352,Completed,1029
1353,1353,Pending,1122
1354,1354,Failed,416
1355,1355,Completed,962
1356,1356,Completed,1252
1357,1357,Failed,1356
1358,1358,Pending,407
1359,1359,Pending,1633
1360,1360,Failed,794
1361,1361,Completed,510
1362,1362,Completed,304
1363,1363,Pending,1445
1364,1364,Pending,1583
1365,1365,Failed,335
1366,1366,Failed,1120
1367,1367,Failed,276
1368,1368,Failed,1059
1369,1369,Completed,791
1370,1370,Completed,3
1371,1371,Completed,296
1372,1372,Completed,793
1373,1373,Failed,1927
1374,1374,Completed,141
1375,1375,Pending,1466
1376,1376,Pending,1494
1377,1377,Pending,1065
1378,1378,Pending,1743
1379,1379,Pending,1690
1380,1380,Completed,1639
1381,1381,Failed,1695
1382,1382,Pending,1044
1383,1383,Pending,1482
1384,1384,Failed,1977
1385,1385,Failed,533
1386,1386,Failed,1713
1387,1387,Completed,1780
1388,1388,Pending,712
1389,1389,Completed,231
1390,1390,Failed,1435
1391,1391,Failed,1669
1392,1392,Completed,599
1393,1393,Completed,1440
1394,1394,Pending,1348
1395,1395,Completed,567
1396,1396,Failed,1880
1397,1397,Completed,1788
1398,1398,Failed,968
1399,1399,Pending,1170
1400,1400,Pending,242
1401,1401,Failed,1725
1402,1402,Completed,1226
1403,1403,Pending,84
1404,1404,Pending,706
1405,1405,Pending,1292
1406,1406,Pending,1345
1407,1407,Completed,1291
1408,1408,Failed,1738
1409,1409,Completed,1071
1410,1410,Pending,597
1411,1411,Pending,1756
1412,1412,Failed,1631
1413,1413,Failed,241
1414,1414,Pending,1703
1415,1415,Pending,6
1416,1416,Pending,581
1417,1417,Completed,1215
1418,1418,Pending,1875
1419,1419,Failed,1684
1420,1420,Pending,253
1421,1421,Completed,1133
1422,1422,Failed,528
1423,1423,Completed,1098
1424,1424,Failed,1895
1425,1425,Pending,610
1426,1426,Pending,1288
1427,1427,Pending,1890
1428,1428,Failed,959
1429,1429,Pending,684
1430,1430,Pending,1985
1431,1431,Failed,1331
1432,1432,Pending,646
1433,1433,Completed,1845
1434,1434,Pending,1355
1435,1435,Completed,1166
1436,1436,Completed,1832
1437,1437,Failed,362
1438,1438,Failed,1346
1439,1439,Pending,902
1440,1440,Pending,758
1441,1441,Completed,45
1442,1442,Completed,1047
1443,1443,Pending,1972
1444,1444,Completed,1380
1445,1445,Pending,166
1446,1446,Completed,1146
1447,1447,Pending,538
1448,1448,Failed,575
1449,1449,Failed,1454
1450,1450,Completed,171
1451,1451,Completed,1671
1452,1452,Completed,948
1453,1453,Completed,1943
1454,1454,Pending,550
1455,1455,Failed,953
1456,1456,Completed,1845
1457,1457,Pending,415
1458,1458,Failed,158
1459,1459,Failed,1917
1460,1460,Completed,717
1461,1461,Failed,683
1462,1462,Completed,981
1463,1463,Completed,1286
1464,1464,Pending,994
1465,1465,Failed,1184
1466,1466,Completed,800
1467,1467,Completed,1984
1468,1468,Failed,1855
1469,1469,Failed,385
1470,1470,Completed,1270
1471,1471,Pending,298
1472,1472,Failed,329
1473,1473,Failed,1873
1474,1474,Failed,1352
1475,1475,Completed,577
1476,1476,Failed,587
1477,1477,Failed,848
1478,1478,Completed,1850
1479,1479,Failed,1361
1480,1480,Failed,1799
1481,1481,Pending,948
1482,1482,Failed,356
1483,1483,Completed,201
1484,1484,Completed,1561
1485,1485,Pending,1135
1486,1486,Pending,1541
1487,1487,Failed,1053
1488,1488,Pending,453
1489,1489,Completed,869
1490,1490,Failed,1987
1491,1491,Pending,304
1492,1492,Pending,843
1493,1493,Pending,536
1494,1494,Failed,1552
1495,1495,Completed,1682
1496,1496,Completed,187
1497,1497,Pending,1753
1498,1498,Failed,905
1499,1499,Completed,1398
1500,1500,Failed,338
1501,1501,Failed,313
1502,1502,Pending,545
1503,1503,Completed,114
1504,1504,Failed,1713
1505,1505,Pending,399
1506,1506,Failed,1993
1507,1507,Failed,517
1508,1508,Completed,846
1509,1509,Failed,1473
1510,1510,Failed,112
1511,1511,Completed,1832
1512,1512,Failed,1353
1513,1513,Completed,1820
1514,1514,Failed,1612
1515,1515,Completed,1269
1516,1516,Completed,1418
1517,1517,Pending,886
1518,1518,Pending,1706
1519,1519,Pending,1629
1520,1520,Completed,902
1521,1521,Pending,23
1522,1522,Completed,193
1523,1523,Failed,567
1524,1524,Completed,1485
1525,1525,Failed,549
1526,1526,Failed,337
1527,1527,Completed,926
1528,1528,Failed,103
1529,1529,Failed,1061
1530,1530,Completed,1005
1531,1531,Pending,48
1532,1532,Completed,1214
1533,1533,Failed,625
1534,1534,Completed,1390
1535,1535,Pending,402
1536,1536,Pending,992
1537,1537,Pending,1237
1538,1538,Failed,192
1539,1539,Pending,678
1540,1540,Completed,631
1541,1541,Pending,741
1542,1542,Completed,1332
1543,1543,Pending,1325
1544,1544,Failed,285
1545,1545,Completed,1801
1546,1546,Completed,1896
1547,1547,Completed,138
1548,1548,Pending,1635
1549,1549,Pending,1895
1550,1550,Failed,949
1551,1551,Failed,78
1552,1552,Failed,1637
1553,1553,Failed,188
1554,1554,Completed,371
1555,1555,Pending,1150
1556,1556,Pending,1902
1557,1557,Failed,1361
1558,1558,Completed,1966
1559,1559,Completed,72
1560,1560,Failed,1353
1561,1561,Pending,425
1562,1562,Pending,248
1563,1563,Pending,177
1564,1564,Failed,1954
1565,1565,Completed,1773
1566,1566,Pending,640
1567,1567,Failed,526
1568,1568,Pending,266
1569,1569,Completed,229
1570,1570,Completed,33
1571,1571,Completed,730
1572,1572,Completed,1983
1573,1573,Completed,1929
1574,1574,Failed,1425
1575,1575,Failed,1333
1576,1576,Pending,547
1577,1577,Pending,284
1578,1578,Completed,463
1579,1579,Failed,31
1580,1580,Completed,36
1581,1581,Failed,823
1582,1582,Completed,235
1583,1583,Failed,436
1584,1584,Pending,616
1585,1585,Failed,880
1586,1586,Pending,1131
1587,1587,Completed,895
1588,1588,Pending,378
1589,1589,Completed,905
1590,1590,Pending,114
1591,1591,Failed,1035
1592,1592,Completed,1339
1593,1593,Pending,1631
1594,1594,Failed,1508
1595,1595,Failed,561
1596,1596,Failed,751
1597,1597,Failed,1628
1598,1598,Failed,1636
1599,1599,Pending,1392
1600,1600,Pending,571
1601,1601,Failed,225
1602,1602,Completed,541
1603,1603,Failed,1876
1604,1604,Failed,1341
1605,1605,Pending,497
1606,1606,Pending,910
1607,1607,Pending,1750
1608,1608,Completed,1840
1609,1609,Failed,1053
1610,1610,Completed,1836
1611,1611,Pending,1632
1612,1612,Failed,294
1613,1613,Pending,905
1614,1614,Pending,536
1615,1615,Failed,1594
1616,1616,Completed,1986
1617,1617,Completed,171
1618,1618,Failed,70
1619,1619,Completed,982
1620,1620,Pending,695
1621,1621,Completed,1488
1622,1622,Failed,1173
1623,1623,Pending,1832
1624,1624,Pending,54
1625,1625,Completed,944
1626,1626,Completed,865
1627,1627,Pending,1835
1628,1628,Failed,1775
1629,1629,Completed,384
1630,1630,Failed,1074
1631,1631,Completed,1362
1632,1632,Completed,1018
1633,1633,Failed,222
1634,1634,Pending,325
1635,1635,Failed,1300
1636,1636,Completed,1562
1637,1637,Failed,939
1638,1638,Completed,59
1639,1639,Pending,546
1640,1640,Pending,1615
1641,1641,Pending,1838
1642,1642,Failed,466
1643,1643,Completed,706
1644,1644,Failed,1707
1645,1645,Failed,1057
1646,1646,Failed,2000
1647,1647,Failed,170
1648,1648,Pending,596
1649,1649,Completed,77
1650,1650,Failed,1980
1651,1651,Completed,1584
1652,1652,Completed,1350
1653,1653,Pending,788
1654,1654,Pending,94
1655,1655,Pending,497
1656,1656,Completed,1544
1657,1657,Failed,258
1658,1658,Completed,14
1659,1659,Failed,1491
1660,1660,Failed,1346
1661,1661,Completed,543
1662,1662,Completed,674
1663,1663,Pending,785
1664,1664,Completed,1366
1665,1665,Completed,178
1666,1666,Pending,1053
1667,1667,Failed,440
1668,1668,Failed,414
1669,1669,Failed,492
1670,1670,Failed,422
1671,1671,Completed,1754
1672,1672,Failed,1533
1673,1673,Failed,1533
1674,1674,Pending,679
1675,1675,Failed,577
1676,1676,Completed,1661
1677,1677,Completed,1739
1678,1678,Pending,297
1679,1679,Completed,933
1680,1680,Failed,1336
1681,1681,Completed,1527
1682,1682,Failed,270
1683,1683,Failed,1808
1684,1684,Failed,1338
1685,1685,Failed,1075
1686,1686,Failed,1983
1687,1687,Pending,1433
1688,1688,Completed,1848
1689,1689,Failed,781
1690,1690,Failed,1123
1691,1691,Pending,440
1692,1692,Failed,242
1693,1693,Pending,457
1694,1694,Pending,184
1695,1695,Completed,1059
1696,1696,Completed,834
1697,1697,Pending,1076
1698,1698,Completed,1558
1699,1699,Completed,898
1700,1700,Completed,183
1701,1701,Failed,1902
1702,1702,Completed,906
1703,1703,Failed,267
1704,1704,Pending,1419
1705,1705,Pending,39
1706,1706,Pending,295
1707,1707,Pending,104
1708,1708,Failed,72
1709,1709,Pending,190
1710,1710,Completed,747
1711,1711,Pending,600
1712,1712,Pending,427
1713,1713,Pending,1747
1714,1714,Pending,480
1715,1715,Failed,538
1716,1716,Failed,686
1717,1717,Failed,29
1718,1718,Completed,619
1719,1719,Failed,1797
1720,1720,Failed,1953
1721,1721,Completed,554
1722,1722,Completed,17
1723,1723,Pending,1834
1724,1724,Failed,617
1725,1725,Completed,854
1726,1726,Completed,877
1727,1727,Failed,1838
1728,1728,Completed,594
1729,1729,Completed,663
1730,1730,Failed,366
1731,1731,Pending,1373
1732,1732,Pending,1533
1733,1733,Completed,1778
1734,1734,Pending,1086
1735,1735,Failed,830
1736,1736,Pending,359
1737,1737,Pending,1710
1738,1738,Pending,756
1739,1739,Completed,471
1740,1740,Failed,1329
1741,1741,Completed,1049
1742,1742,Completed,231
1743,1743,Pending,1782
1744,1744,Failed,789
1745,1745,Failed,495
1746,1746,Failed,297
1747,1747,Failed,189
1748,1748,Completed,1630
1749,1749,Failed,1034
1750,1750,Pending,102
1751,1751,Failed,998
1752,1752,Failed,1455
1753,1753,Completed,157
1754,1754,Failed,1090
1755,1755,Completed,1480
1756,1756,Failed,44
1757,1757,Completed,1742
1758,1758,Pending,151
1759,1759,Failed,1444
1760,1760,Pending,480
1761,1761,Pending,1613
1762,1762,Failed,431
1763,1763,Failed,1749
1764,1764,Completed,308
1765,1765,Failed,301
1766,1766,Failed,24
1767,1767,Completed,1731
1768,1768,Completed,1091
1769,1769,Pending,391
1770,1770,Failed,1812
1771,1771,Completed,1321
1772,1772,Failed,1227
1773,1773,Pending,526
1774,1774,Failed,1990
1775,1775,Pending,1259
1776,1776,Failed,1766
1777,1777,Pending,7
1778,1778,Completed,632
1779,1779,Failed,240
1780,1780,Failed,246
1781,1781,Pending,958
1782,1782,Failed,1809
1783,1783,Completed,439
1784,1784,Completed,577
1785,1785,Failed,1902
1786,1786,Failed,107
1787,1787,Completed,205
1788,1788,Completed,799
1789,1789,Completed,1326
1790,1790,Completed,739
1791,1791,Pending,221
1792,1792,Pending,384
1793,1793,Completed,396
1794,1794,Completed,363
1795,1795,Failed,1378
1796,1796,Failed,1977
1797,1797,Failed,305
1798,1798,Pending,1374
1799,1799,Pending,322
1800,1800,Pending,615
1801,1801,Pending,315
1802,1802,Completed,903
1803,1803,Failed,1833
1804,1804,Pending,1321
1805,1805,Failed,1674
1806,1806,Failed,1096
1807,1807,Failed,1952
1808,1808,Failed,958
1809,1809,Pending,1898
1810,1810,Pending,1306
1811,1811,Pending,1072
1812,1812,Completed,535
1813,1813,Completed,1878
1814,1814,Pending,1881
1815,1815,Failed,1210
1816,1816,Completed,1631
1817,1817,Pending,1310
1818,1818,Completed,998
1819,1819,Pending,727
1820,1820,Failed,1695
1821,1821,Failed,1356
1822,1822,Completed,1629
1823,1823,Completed,1101
1824,1824,Completed,1691
1825,1825,Failed,1470
1826,1826,Failed,982
1827,1827,Pending,1671
1828,1828,Pending,222
1829,1829,Pending,594
1830,1830,Completed,380
1831,1831,Failed,425
1832,1832,Failed,1066
1833,1833,Failed,45
1834,1834,Pending,979
1835,1835,Pending,27
1836,1836,Pending,711
1837,1837,Failed,1050
1838,1838,Completed,808
1839,1839,Pending,1629
1840,1840,Pending,34
1841,1841,Completed,1750
1842,1842,Failed,800
1843,1843,Pending,1519
1844,1844,Completed,889
1845,1845,Failed,1628
1846,1846,Pending,465
1847,1847,Completed,1655
1848,1848,Completed,581
1849,1849,Completed,125
1850,1850,Failed,783
1851,1851,Completed,385
1852,1852,Completed,1442
1853,1853,Completed,288
1854,1854,Pending,1976
1855,1855,Pending,490
1856,1856,Failed,1096
1857,1857,Failed,793
1858,1858,Pending,831
1859,1859,Failed,1948
1860,1860,Pending,994
1861,1861,Completed,879
1862,1862,Completed,613
1863,1863,Failed,1869
1864,1864,Failed,679
1865,1865,Pending,1093
1866,1866,Completed,1403
1867,1867,Failed,312
1868,1868,Failed,282
1869,1869,Failed,1540
1870,1870,Pending,1886
1871,1871,Failed,1608
1872,1872,Failed,1356
1873,1873,Failed,160
1874,1874,Completed,1631
1875,1875,Pending,1754
1876,1876,Completed,863
1877,1877,Failed,1651
1878,1878,Completed,198
1879,1879,Failed,868
1880,1880,Pending,1652
1881,1881,Completed,1836
1882,1882,Failed,172
1883,1883,Pending,821
1884,1884,Failed,358
1885,1885,Pending,216
1886,1886,Failed,336
1887,1887,Failed,1389
1888,1888,Failed,18
1889,1889,Failed,1502
1890,1890,Completed,528
1891,1891,Completed,150
1892,1892,Pending,795
1893,1893,Completed,410
1894,1894,Pending,143
1895,1895,Pending,760
1896,1896,Completed,1932
1897,1897,Failed,175
1898,1898,Failed,1942
1899,1899,Failed,1402
1900,1900,Pending,1435
1901,1901,Pending,1850
1902,1902,Completed,1621
1903,1903,Failed,1829
1904,1904,Completed,1085
1905,1905,Failed,1352
1906,1906,Completed,459
1907,1907,Completed,574
1908,1908,Completed,507
1909,1909,Pending,1716
1910,1910,Pending,1370
1911,1911,Completed,744
1912,1912,Completed,1273
1913,1913,Completed,26
1914,1914,Failed,902
1915,1915,Completed,107
1916,1916,Failed,837
1917,1917,Pending,216
1918,1918,Pending,1622
1919,1919,Pending,1958
1920,1920,Failed,1455
1921,1921,Completed,1291
1922,1922,Pending,1610
1923,1923,Failed,1753
1924,1924,Completed,1462
1925,1925,Pending,621
1926,1926,Failed,175
1927,1927,Completed,1940
1928,1928,Completed,673
1929,1929,Failed,461
1930,1930,Failed,1392
1931,1931,Completed,1517
1932,1932,Pending,1926
1933,1933,Pending,1934
1934,1934,Failed,401
1935,1935,Pending,541
1936,1936,Pending,1158
1937,1937,Pending,1428
1938,1938,Pending,1565
1939,1939,Pending,1812
1940,1940,Completed,1088
1941,1941,Pending,857
1942,1942,Completed,382
1943,1943,Completed,198
1944,1944,Pending,1658
1945,1945,Failed,1285
1946,1946,Failed,128
1947,1947,Failed,1945
1948,1948,Pending,19
1949,1949,Pending,55
1950,1950,Completed,519
1951,1951,Failed,1289
1952,1952,Completed,224
1953,1953,Completed,770
1954,1954,Completed,634
1955,1955,Completed,1588
1956,1956,Failed,5
1957,1957,Completed,1307
1958,1958,Pending,718
1959,1959,Failed,1386
1960,1960,Failed,1077
1961,1961,Failed,1932
1962,1962,Failed,244
1963,1963,Pending,68
1964,1964,Failed,205
1965,1965,Completed,772
1966,1966,Pending,1327
1967,1967,Failed,36
1968,1968,Pending,1288
1969,1969,Completed,575
1970,1970,Completed,346
1971,1971,Failed,1214
1972,1972,Completed,560
1973,1973,Pending,124
1974,1974,Failed,196
1975,1975,Completed,252
1976,1976,Pending,86
1977,1977,Failed,265
1978,1978,Completed,430
1979,1979,Completed,1331
1980,1980,Failed,1305
1981,1981,Pending,330
1982,1982,Failed,1139
1983,1983,Pending,1378
1984,1984,Failed,87
1985,1985,Failed,1964
1986,1986,Failed,640
1987,1987,Failed,346
1988,1988,Failed,1598
1989,1989,Completed,344
1990,1990,Pending,727
1991,1991,Completed,407
1992,1992,Pending,1517
1993,1993,Completed,21
1994,1994,Completed,1966
1995,1995,Failed,1918
1996,1996,Pending,1437
1997,1997,Completed,129
1998,1998,Completed,1588
1999,1999,Completed,505
2000,2000,Completed,485
2001,2001,Pending,1621
2002,2002,Failed,697
2003,2003,Completed,1308
2004,2004,Pending,969
2005,2005,Failed,1222
2006,2006,Completed,1886
2007,2007,Pending,448
2008,2008,Pending,394
2009,2009,Failed,1994
2010,2010,Completed,1401
2011,2011,Pending,1631
2012,2012,Pending,1788
2013,2013,Completed,905
2014,2014,Pending,877
2015,2015,Pending,1027
2016,2016,Failed,1072
2017,2017,Completed,228
2018,2018,Pending,270
2019,2019,Completed,501
2020,2020,Pending,1211
2021,2021,Pending,362
2022,2022,Failed,855
2023,2023,Pending,538
2024,2024,Completed,1979
2025,2025,Completed,1536
2026,2026,Pending,1145
2027,2027,Completed,764
2028,2028,Failed,1567
2029,2029,Pending,1550
2030,2030,Pending,1781
2031,2031,Pending,1052
2032,2032,Pending,1691
2033,2033,Pending,468
2034,2034,Failed,1469
2035,2035,Pending,1335
2036,2036,Completed,266
2037,2037,Completed,506
2038,2038,Completed,1022
2039,2039,Pending,1477
2040,2040,Failed,54
2041,2041,Pending,71
2042,2042,Completed,642
2043,2043,Failed,53
2044,2044,Failed,1461
2045,2045,Pending,278
2046,2046,Failed,1065
2047,2047,Failed,1057
2048,2048,Pending,1648
2049,2049,Pending,1688
2050,2050,Completed,1182
2051,2051,Pending,1362
2052,2052,Pending,52
2053,2053,Failed,555
2054,2054,Completed,1652
2055,2055,Completed,400
2056,2056,Completed,684
2057,2057,Pending,1635
2058,2058,Failed,1308
2059,2059,Failed,823
2060,2060,Failed,729
2061,2061,Completed,1429
2062,2062,Completed,927
2063,2063,Failed,676
2064,2064,Pending,1774
2065,2065,Failed,1963
2066,2066,Failed,1012
2067,2067,Pending,301
2068,2068,Pending,368
2069,2069,Failed,1862
2070,2070,Completed,1970
2071,2071,Pending,1529
2072,2072,Completed,365
2073,2073,Pending,1473
2074,2074,Completed,452
2075,2075,Failed,1122
2076,2076,Completed,1892
2077,2077,Pending,1552
2078,2078,Completed,1898
2079,2079,Completed,443
2080,2080,Completed,1190
2081,2081,Failed,1976
2082,2082,Pending,1368
2083,2083,Completed,747
2084,2084,Pending,958
2085,2085,Completed,1569
2086,2086,Pending,193
2087,2087,Completed,1506
2088,2088,Failed,1919
2089,2089,Completed,787
2090,2090,Pending,1442
2091,2091,Completed,1969
2092,2092,Failed,1659
2093,2093,Failed,231
2094,2094,Completed,505
2095,2095,Completed,999
2096,2096,Failed,1827
2097,2097,Completed,66
2098,2098,Completed,1671
2099,2099,Failed,220
2100,2100,Failed,1321
2101,2101,Failed,1052
2102,2102,Failed,725
2103,2103,Completed,157
2104,2104,Failed,904
2105,2105,Failed,906
2106,2106,Pending,474
2107,2107,Failed,1074
2108,2108,Pending,1502
2109,2109,Completed,1651
2110,2110,Completed,1438
2111,2111,Pending,1311
2112,2112,Completed,1865
2113,2113,Failed,123
2114,2114,Failed,774
2115,2115,Failed,575
2116,2116,Pending,385
2117,2117,Failed,35
2118,2118,Completed,784
2119,2119,Failed,1392
2120,2120,Completed,1903
2121,2121,Completed,1349
2122,2122,Completed,1257
2123,2123,Completed,314
2124,2124,Pending,1799
2125,2125,Pending,837
2126,2126,Completed,540
2127,2127,Failed,1658
2128,2128,Failed,1099
2129,2129,Completed,939
2130,2130,Completed,1044
2131,2131,Completed,755
2132,2132,Pending,908
2133,2133,Pending,999
2134,2134,Pending,622
2135,2135,Failed,927
2136,2136,Completed,730
2137,2137,Failed,673
2138,2138,Completed,1827
2139,2139,Completed,1028
2140,2140,Failed,1943
2141,2141,Pending,1588
2142,2142,Completed,1348
2143,2143,Pending,1658
2144,2144,Pending,457
2145,2145,Completed,359
2146,2146,Completed,508
2147,2147,Completed,211
2148,2148,Pending,1027
2149,2149,Completed,1244
2150,2150,Completed,1247
2151,2151,Pending,1133
2152,2152,Pending,1997
2153,2153,Completed,917
2154,2154,Completed,1739
2155,2155,Completed,1092
2156,2156,Failed,1584
2157,2157,Pending,348
2158,2158,Completed,237
2159,2159,Completed,1022
2160,2160,Failed,327
2161,2161,Failed,809
2162,2162,Pending,961
2163,2163,Pending,1977
2164,2164,Failed,440
2165,2165,Completed,1642
2166,2166,Pending,699
2167,2167,Completed,13
2168,2168,Completed,1969
2169,2169,Completed,670
2170,2170,Failed,186
2171,2171,Completed,132
2172,2172,Pending,437
2173,2173,Failed,1331
2174,2174,Completed,1271
2175,2175,Pending,557
2176,2176,Completed,448
2177,2177,Failed,761
2178,2178,Completed,1175
2179,2179,Pending,1168
2180,2180,Pending,802
2181,2181,Pending,330
2182,2182,Completed,419
2183,2183,Failed,1100
2184,2184,Pending,1423
2185,2185,Completed,1607
2186,2186,Completed,1463
2187,2187,Pending,1052
2188,2188,Failed,8
2189,2189,Completed,1725
2190,2190,Pending,1073
2191,2191,Failed,1329
2192,2192,Failed,725
2193,2193,Completed,1536
2194,2194,Failed,1938
2195,2195,Pending,1153
2196,2196,Completed,1420
2197,2197,Completed,129
2198,2198,Completed,233
2199,2199,Completed,1677
2200,2200,Failed,1230
2201,2201,Failed,1732
2202,2202,Pending,1658
2203,2203,Completed,1889
2204,2204,Completed,1699
2205,2205,Completed,445
2206,2206,Failed,1964
2207,2207,Failed,1220
2208,2208,Pending,1732
2209,2209,Pending,211
2210,2210,Completed,770
2211,2211,Failed,1027
2212,2212,Completed,1487
2213,2213,Pending,992
2214,2214,Pending,865
2215,2215,Completed,1273
2216,2216,Completed,772
2217,2217,Pending,1745
2218,2218,Completed,1217
2219,2219,Completed,1574
2220,2220,Pending,321
2221,2221,Completed,861
2222,2222,Completed,958
2223,2223,Failed,908
2224,2224,Failed,1698
2225,2225,Failed,831
2226,2226,Pending,1954
2227,2227,Failed,134
2228,2228,Failed,173
2229,2229,Failed,1152
2230,2230,Pending,1747
2231,2231,Completed,636
2232,2232,Completed,290
2233,2233,Failed,1766
2234,2234,Failed,257
2235,2235,Completed,785
2236,2236,Pending,694
2237,2237,Pending,419
2238,2238,Failed,632
2239,2239,Failed,142
2240,2240,Completed,1699
2241,2241,Completed,1098
2242,2242,Pending,722
2243,2243,Completed,333
2244,2244,Pending,241
2245,2245,Failed,1677
2246,2246,Completed,559
2247,2247,Failed,989
2248,2248,Failed,1744
2249,2249,Failed,1183
2250,2250,Completed,1795
2251,2251,Pending,1139
2252,2252,Completed,478
2253,2253,Completed,559
2254,2254,Failed,511
2255,2255,Completed,20
2256,2256,Pending,1709
2257,2257,Pending,269
2258,2258,Failed,822
2259,2259,Pending,32
2260,2260,Completed,1704
2261,2261,Completed,1637
2262,2262,Pending,1512
2263,2263,Completed,1163
2264,2264,Pending,915
2265,2265,Completed,170
2266,2266,Completed,154
2267,2267,Failed,164
2268,2268,Failed,545
2269,2269,Pending,401
2270,2270,Pending,1127
2271,2271,Pending,47
2272,2272,Failed,1008
2273,2273,Failed,1856
2274,2274,Pending,61
2275,2275,Failed,1767
2276,2276,Completed,602
2277,2277,Pending,60
2278,2278,Completed,890
2279,2279,Completed,1345
2280,2280,Failed,1035
2281,2281,Failed,1678
2282,2282,Failed,1938
2283,2283,Pending,53
2284,2284,Pending,966
2285,2285,Failed,1988
2286,2286,Failed,852
2287,2287,Pending,980
2288,2288,Pending,788
2289,2289,Pending,746
2290,2290,Failed,366
2291,2291,Failed,1240
2292,2292,Completed,384
2293,2293,Pending,332
2294,2294,Completed,1425
2295,2295,Failed,1004
2296,2296,Pending,885
2297,2297,Failed,203
2298,2298,Pending,978
2299,2299,Pending,1395
2300,2300,Pending,390
2301,2301,Completed,60
2302,2302,Pending,188
2303,2303,Failed,631
2304,2304,Failed,441
2305,2305,Completed,461
2306,2306,Pending,206
2307,2307,Failed,1501
2308,2308,Completed,913
2309,2309,Pending,777
2310,2310,Failed,1102
2311,2311,Completed,300
2312,2312,Completed,43
2313,2313,Failed,893
2314,2314,Completed,674
2315,2315,Failed,721
2316,2316,Pending,514
2317,2317,Completed,1675
2318,2318,Pending,1352
2319,2319,Failed,563
2320,2320,Completed,1589
2321,2321,Pending,338
2322,2322,Pending,817
2323,2323,Pending,1454
2324,2324,Pending,1081
2325,2325,Completed,1075
2326,2326,Failed,1205
2327,2327,Pending,1157
2328,2328,Pending,714
2329,2329,Pending,1286
2330,2330,Pending,142
2331,2331,Failed,180
2332,2332,Completed,36
2333,2333,Completed,630
2334,2334,Pending,362
2335,2335,Completed,972
2336,2336,Pending,731
2337,2337,Failed,678
2338,2338,Pending,1687
2339,2339,Completed,1917
2340,2340,Failed,1078
2341,2341,Completed,940
2342,2342,Pending,1457
2343,2343,Pending,701
2344,2344,Pending,178
2345,2345,Pending,1995
2346,2346,Completed,998
2347,2347,Failed,1384
2348,2348,Completed,1074
2349,2349,Failed,152
2350,2350,Pending,151
2351,2351,Failed,1787
2352,2352,Failed,1690
2353,2353,Failed,326
2354,2354,Pending,938
2355,2355,Failed,1827
2356,2356,Pending,823
2357,2357,Pending,515
2358,2358,Pending,1005
2359,2359,Failed,1027
2360,2360,Failed,661
2361,2361,Pending,1787
2362,2362,Completed,1924
2363,2363,Failed,1082
2364,2364,Failed,1548
2365,2365,Failed,1236
2366,2366,Pending,944
2367,2367,Completed,379
2368,2368,Pending,1364
2369,2369,Pending,818
2370,2370,Pending,348
2371,2371,Pending,473
2372,2372,Failed,330
2373,2373,Failed,1295
2374,2374,Completed,1287
2375,2375,Pending,1104
2376,2376,Completed,155
2377,2377,Completed,1282
2378,2378,Failed,342
2379,2379,Failed,153
2380,2380,Completed,1362
2381,2381,Pending,354
2382,2382,Pending,248
2383,2383,Pending,1769
2384,2384,Completed,1443
2385,2385,Completed,253
2386,2386,Failed,452
2387,2387,Completed,615
2388,2388,Failed,707
2389,2389,Completed,1918
2390,2390,Pending,240
2391,2391,Pending,1320
2392,2392,Failed,1561
2393,2393,Failed,1397
2394,2394,Failed,802
2395,2395,Completed,354
2396,2396,Pending,1567
2397,2397,Pending,610
2398,2398,Completed,834
2399,2399,Failed,778
2400,2400,Pending,1320
2401,2401,Completed,848
2402,2402,Completed,1979
2403,2403,Pending,729
2404,2404,Completed,291
2405,2405,Completed,842
2406,2406,Failed,317
2407,2407,Pending,263
2408,2408,Completed,10
2409,2409,Completed,1661
2410,2410,Failed,1546
2411,2411,Pending,72
2412,2412,Completed,1409
2413,2413,Pending,42
2414,2414,Failed,1494
2415,2415,Failed,23
2416,2416,Failed,1654
2417,2417,Failed,930
2418,2418,Completed,1803
2419,2419,Completed,313
2420,2420,Completed,871
2421,2421,Pending,1477
2422,2422,Pending,1604
2423,2423,Failed,597
2424,2424,Completed,149
2425,2425,Pending,764
2426,2426,Completed,1358
2427,2427,Completed,1268
2428,2428,Completed,688
2429,2429,Pending,531
2430,2430,Pending,868
2431,2431,Pending,1347
2432,2432,Pending,1179
2433,2433,Pending,1222
2434,2434,Completed,1208
2435,2435,Completed,208
2436,2436,Pending,1229
2437,2437,Failed,1648
2438,2438,Pending,1326
2439,2439,Failed,770
2440,2440,Pending,485
2441,2441,Failed,272
2442,2442,Completed,497
2443,2443,Completed,847
2444,2444,Completed,411
2445,2445,Pending,1845
2446,2446,Pending,68
2447,2447,Pending,217
2448,2448,Completed,1930
2449,2449,Pending,1284
2450,2450,Completed,764
2451,2451,Pending,1126
2452,2452,Completed,1897
2453,2453,Completed,534
2454,2454,Completed,801
2455,2455,Completed,1703
2456,2456,Pending,683
2457,2457,Pending,1831
2458,2458,Pending,311
2459,2459,Failed,902
2460,2460,Pending,1210
2461,2461,Completed,446
2462,2462,Pending,1015
2463,2463,Failed,1631
2464,2464,Pending,766
2465,2465,Pending,944
2466,2466,Completed,1209
2467,2467,Failed,268
2468,2468,Failed,1138
2469,2469,Failed,869
2470,2470,Completed,411
2471,2471,Completed,459
2472,2472,Failed,1578
2473,2473,Failed,86
2474,2474,Failed,692
2475,2475,Completed,824
2476,2476,Pending,913
2477,2477,Completed,208
2478,2478,Pending,894
2479,2479,Completed,37
2480,2480,Completed,76
2481,2481,Completed,710
2482,2482,Pending,490
2483,2483,Pending,1647
2484,2484,Completed,1411
2485,2485,Pending,1138
2486,2486,Completed,671
2487,2487,Failed,438
2488,2488,Completed,1578
2489,2489,Pending,472
2490,2490,Pending,1302
2491,2491,Pending,1836
2492,2492,Completed,123
2493,2493,Failed,1174
2494,2494,Completed,1550
2495,2495,Completed,699
2496,2496,Pending,1635
2497,2497,Completed,944
2498,2498,Completed,1421
2499,2499,Failed,1173
2500,2500,Pending,1740
2501,2501,Failed,697
2502,2502,Pending,18
2503,2503,Pending,896
2504,2504,Completed,1767
2505,2505,Completed,710
2506,2506,Pending,21
2507,2507,Pending,1505
2508,2508,Pending,255
2509,2509,Pending,1264
2510,2510,Completed,796
2511,2511,Completed,1463
2512,2512,Failed,486
2513,2513,Failed,346
2514,2514,Pending,1848
2515,2515,Completed,1430
2516,2516,Completed,237
2517,2517,Completed,701
2518,2518,Completed,567
2519,2519,Failed,1668
2520,2520,Completed,1828
2521,2521,Failed,307
2522,2522,Pending,57
2523,2523,Completed,120
2524,2524,Completed,1166
2525,2525,Completed,996
2526,2526,Pending,384
2527,2527,Pending,1137
2528,2528,Pending,1285
2529,2529,Failed,189
2530,2530,Completed,1019
2531,2531,Failed,346
2532,2532,Completed,1563
2533,2533,Failed,1109
2534,2534,Failed,475
2535,2535,Completed,433
2536,2536,Completed,595
2537,2537,Completed,27
2538,2538,Failed,1293
2539,2539,Pending,1939
2540,2540,Completed,1065
2541,2541,Failed,228
2542,2542,Failed,1592
2543,2543,Completed,1065
2544,2544,Pending,1211
2545,2545,Pending,1838
2546,2546,Completed,1963
2547,2547,Completed,1556
2548,2548,Failed,1222
2549,2549,Completed,203
2550,2550,Completed,711
2551,2551,Pending,225
2552,2552,Completed,1404
2553,2553,Failed,427
2554,2554,Pending,482
2555,2555,Pending,1670
2556,2556,Failed,1332
2557,2557,Failed,1520
2558,2558,Completed,237
2559,2559,Pending,1487
2560,2560,Completed,351
2561,2561,Failed,482
2562,2562,Pending,650
2563,2563,Failed,674
2564,2564,Pending,1297
2565,2565,Completed,157
2566,2566,Completed,379
2567,2567,Completed,451
2568,2568,Completed,139
2569,2569,Failed,103
2570,2570,Failed,1337
2571,2571,Completed,405
2572,2572,Completed,729
2573,2573,Failed,68
2574,2574,Completed,415
2575,2575,Pending,1165
2576,2576,Failed,1512
2577,2577,Completed,1235
2578,2578,Failed,1572
2579,2579,Pending,1636
2580,2580,Completed,1748
2581,2581,Failed,984
2582,2582,Completed,945
2583,2583,Completed,1433
2584,2584,Completed,804
2585,2585,Pending,1073
2586,2586,Pending,394
2587,2587,Pending,38
2588,2588,Completed,882
2589,2589,Failed,1616
2590,2590,Pending,1361
2591,2591,Completed,908
2592,2592,Completed,1204
2593,2593,Completed,1867
2594,2594,Pending,1372
2595,2595,Completed,357
2596,2596,Completed,1745
2597,2597,Completed,137
2598,2598,Completed,1811
2599,2599,Pending,261
2600,2600,Failed,627
2601,2601,Failed,549
2602,2602,Pending,860
2603,2603,Pending,1569
2604,2604,Pending,307
2605,2605,Pending,289
2606,2606,Failed,1363
2607,2607,Completed,1103
2608,2608,Completed,1045
2609,2609,Pending,453
2610,2610,Pending,1982
2611,2611,Failed,977
2612,2612,Failed,1103
2613,2613,Failed,850
2614,2614,Failed,60
2615,2615,Pending,728
2616,2616,Pending,287
2617,2617,Completed,1888
2618,2618,Completed,1796
2619,2619,Failed,1055
2620,2620,Completed,648
2621,2621,Failed,570
2622,2622,Completed,1171
2623,2623,Completed,1023
2624,2624,Failed,486
2625,2625,Completed,1866
2626,2626,Failed,234
2627,2627,Completed,1492
2628,2628,Pending,1192
2629,2629,Failed,1176
2630,2630,Pending,596
2631,2631,Failed,1319
2632,2632,Failed,1979
2633,2633,Completed,1480
2634,2634,Failed,1105
2635,2635,Failed,1652
2636,2636,Failed,638
2637,2637,Failed,1103
2638,2638,Pending,155
2639,2639,Completed,138
2640,2640,Completed,493
2641,2641,Pending,1037
2642,2642,Pending,592
2643,2643,Completed,1878
2644,2644,Completed,657
2645,2645,Failed,620
2646,2646,Completed,1548
2647,2647,Failed,1354
2648,2648,Completed,1433
2649,2649,Failed,705
2650,2650,Completed,894
2651,2651,Pending,625
2652,2652,Pending,1583
2653,2653,Pending,1072
2654,2654,Failed,1236
2655,2655,Completed,637
2656,2656,Failed,1295
2657,2657,Failed,1939
2658,2658,Pending,607
2659,2659,Completed,54
2660,2660,Completed,1719
2661,2661,Completed,434
2662,2662,Completed,1236
2663,2663,Completed,1585
2664,2664,Failed,1076
2665,2665,Pending,1852
2666,2666,Completed,1850
2667,2667,Failed,1855
2668,2668,Failed,274
2669,2669,Pending,495
2670,2670,Failed,1340
2671,2671,Completed,633
2672,2672,Completed,974
2673,2673,Pending,1132
2674,2674,Completed,1203
2675,2675,Pending,1687
2676,2676,Failed,1573
2677,2677,Failed,1499
2678,2678,Completed,1925
2679,2679,Pending,385
2680,2680,Failed,545
2681,2681,Pending,764
2682,2682,Failed,1183
2683,2683,Completed,335
2684,2684,Completed,1161
2685,2685,Failed,803
2686,2686,Pending,1941
2687,2687,Completed,1021
2688,2688,Failed,834
2689,2689,Pending,1239
2690,2690,Completed,807
2691,2691,Failed,1283
2692,2692,Failed,1597
2693,2693,Completed,1280
2694,2694,Completed,1550
2695,2695,Completed,1949
2696,2696,Pending,248
2697,2697,Pending,1841
2698,2698,Pending,648
2699,2699,Completed,1245
2700,2700,Pending,1772
2701,2701,Pending,900
2702,2702,Pending,235
2703,2703,Failed,859
2704,2704,Pending,645
2705,2705,Pending,292
2706,2706,Pending,272
2707,2707,Failed,317
2708,2708,Completed,82
2709,2709,Completed,412
2710,2710,Failed,570
2711,2711,Failed,285
2712,2712,Failed,167
2713,2713,Pending,1438
2714,2714,Pending,890
2715,2715,Pending,945
2716,2716,Pending,1734
2717,2717,Pending,212
2718,2718,Failed,7
2719,2719,Pending,1285
2720,2720,Completed,148
2721,2721,Completed,1404
2722,2722,Failed,472
2723,2723,Completed,1082
2724,2724,Completed,461
2725,2725,Pending,481
2726,2726,Pending,853
2727,2727,Pending,1153
2728,2728,Completed,1470
2729,2729,Pending,737
2730,2730,Pending,1016
2731,2731,Failed,1315
2732,2732,Failed,1601
2733,2733,Pending,1261
2734,2734,Pending,1322
2735,2735,Failed,1431
2736,2736,Failed,1101
2737,2737,Failed,943
2738,2738,Failed,1811
2739,2739,Pending,1466
2740,2740,Pending,1016
2741,2741,Failed,577
2742,2742,Pending,456
2743,2743,Pending,1306
2744,2744,Failed,1397
2745,2745,Pending,1886
2746,2746,Completed,13
2747,2747,Completed,723
2748,2748,Completed,1496
2749,2749,Failed,955
2750,2750,Pending,1764
2751,2751,Completed,688
2752,2752,Completed,927
2753,2753,Pending,25
2754,2754,Failed,1518
2755,2755,Completed,1482
2756,2756,Pending,989
2757,2757,Failed,515
2758,2758,Pending,276
2759,2759,Completed,1521
2760,2760,Failed,700
2761,2761,Failed,1528
2762,2762,Completed,503
2763,2763,Pending,52
2764,2764,Pending,769
2765,2765,Failed,1565
2766,2766,Completed,719
2767,2767,Pending,1043
2768,2768,Completed,308
2769,2769,Pending,1294
2770,2770,Pending,568
2771,2771,Pending,846
2772,2772,Pending,1699
2773,2773,Failed,1188
2774,2774,Pending,774
2775,2775,Pending,1193
2776,2776,Pending,586
2777,2777,Completed,1150
2778,2778,Completed,911
2779,2779,Completed,1913
2780,2780,Completed,336
2781,2781,Completed,823
2782,2782,Completed,226
2783,2783,Failed,937
2784,2784,Completed,977
2785,2785,Failed,1554
2786,2786,Completed,532
2787,2787,Failed,1148
2788,2788,Pending,1945
2789,2789,Completed,1749
2790,2790,Failed,947
2791,2791,Pending,857
2792,2792,Failed,1176
2793,2793,Pending,1068
2794,2794,Failed,1696
2795,2795,Pending,775
2796,2796,Failed,240
2797,2797,Failed,831
2798,2798,Failed,1548
2799,2799,Pending,339
2800,2800,Pending,1951
2801,2801,Pending,766
2802,2802,Completed,1872
2803,2803,Pending,1403
2804,2804,Failed,1624
2805,2805,Failed,1160
2806,2806,Failed,770
2807,2807,Pending,1973
2808,2808,Pending,1338
2809,2809,Completed,841
2810,2810,Completed,537
2811,2811,Pending,359
2812,2812,Failed,1644
2813,2813,Completed,1835
2814,2814,Failed,728
2815,2815,Failed,386
2816,2816,Failed,138
2817,2817,Pending,582
2818,2818,Pending,1605
2819,2819,Failed,267
2820,2820,Completed,1304
2821,2821,Pending,1261
2822,2822,Pending,343
2823,2823,Failed,841
2824,2824,Completed,1996
2825,2825,Failed,782
2826,2826,Failed,1191
2827,2827,Completed,1481
2828,2828,Failed,1995
2829,2829,Pending,242
2830,2830,Failed,872
2831,2831,Completed,599
2832,2832,Pending,468
2833,2833,Failed,1076
2834,2834,Pending,1829
2835,2835,Pending,787
2836,2836,Failed,1616
2837,2837,Pending,1499
2838,2838,Failed,981
2839,2839,Pending,1228
2840,2840,Pending,1067
2841,2841,Failed,1411
2842,2842,Failed,582
2843,2843,Pending,911
2844,2844,Failed,767
2845,2845,Completed,1662
2846,2846,Failed,1280
2847,2847,Failed,911
2848,2848,Pending,1701
2849,2849,Completed,1728
2850,2850,Completed,853
2851,2851,Pending,1416
2852,2852,Completed,1953
2853,2853,Completed,1488
2854,2854,Completed,1828
2855,2855,Failed,1907
2856,2856,Completed,987
2857,2857,Completed,1981
2858,2858,Failed,38
2859,2859,Failed,898
2860,2860,Pending,1854
2861,2861,Completed,1872
2862,2862,Pending,912
2863,2863,Pending,45
2864,2864,Completed,1253
2865,2865,Pending,1275
2866,2866,Completed,82
2867,2867,Failed,1241
2868,2868,Pending,186
2869,2869,Failed,979
2870,2870,Pending,803
2871,2871,Pending,65
2872,2872,Failed,219
2873,2873,Completed,1348
2874,2874,Failed,1564
2875,2875,Failed,1822
2876,2876,Pending,732
2877,2877,Failed,1355
2878,2878,Pending,1701
2879,2879,Failed,64
2880,2880,Failed,926
2881,2881,Completed,189
2882,2882,Pending,57
2883,2883,Pending,1634
2884,2884,Completed,1965
2885,2885,Completed,102
2886,2886,Completed,917
2887,2887,Pending,1367
2888,2888,Pending,645
2889,2889,Pending,803
2890,2890,Pending,580
2891,2891,Completed,977
2892,2892,Completed,789
2893,2893,Completed,3
2894,2894,Failed,1110
2895,2895,Completed,761
2896,2896,Completed,520
2897,2897,Failed,1697
2898,2898,Completed,1938
2899,2899,Pending,342
2900,2900,Failed,337
2901,2901,Completed,1685
2902,2902,Pending,1629
2903,2903,Failed,1953
2904,2904,Completed,1819
2905,2905,Pending,71
2906,2906,Failed,415
2907,2907,Completed,1064
2908,2908,Pending,1912
2909,2909,Completed,980
2910,2910,Completed,570
2911,2911,Pending,1008
2912,2912,Pending,325
2913,2913,Completed,205
2914,2914,Pending,1076
2915,2915,Completed,680
2916,2916,Completed,1845
2917,2917,Failed,61
2918,2918,Completed,477
2919,2919,Completed,1607
2920,2920,Pending,1951
2921,2921,Failed,1469
2922,2922,Completed,239
2923,2923,Completed,481
2924,2924,Pending,1743
2925,2925,Completed,829
2926,2926,Failed,1693
2927,2927,Pending,1353
2928,2928,Completed,1723
2929,2929,Pending,1059
2930,2930,Completed,425
2931,2931,Completed,261
2932,2932,Failed,1220
2933,2933,Completed,333
2934,2934,Pending,1185
2935,2935,Completed,419
2936,2936,Completed,1795
2937,2937,Pending,1648
2938,2938,Pending,456
2939,2939,Completed,1102
2940,2940,Failed,703
2941,2941,Pending,146
2942,2942,Pending,544
2943,2943,Completed,558
2944,2944,Failed,639
2945,2945,Pending,1708
2946,2946,Completed,717
2947,2947,Completed,978
2948,2948,Failed,772
2949,2949,Completed,1727
2950,2950,Completed,1698
2951,2951,Completed,1657
2952,2952,Completed,790
2953,2953,Completed,1141
2954,2954,Completed,1228
2955,2955,Completed,775
2956,2956,Failed,48
2957,2957,Pending,853
2958,2958,Pending,151
2959,2959,Pending,1760
2960,2960,Pending,1892
2961,2961,Failed,1241
2962,2962,Failed,785
2963,2963,Completed,38
2964,2964,Failed,1895
2965,2965,Pending,1084
2966,2966,Completed,1478
2967,2967,Pending,2
2968,2968,Failed,110
2969,2969,Failed,1522
2970,2970,Completed,482
2971,2971,Failed,1850
2972,2972,Failed,42
2973,2973,Failed,811
2974,2974,Failed,1100
2975,2975,Completed,1653
2976,2976,Completed,1709
2977,2977,Pending,617
2978,2978,Failed,227
2979,2979,Pending,1821
2980,2980,Completed,723
2981,2981,Pending,1255
2982,2982,Completed,1188
2983,2983,Completed,35
2984,2984,Failed,1771
2985,2985,Failed,26
2986,2986,Pending,988
2987,2987,Failed,1487
2988,2988,Completed,451
2989,2989,Completed,881
2990,2990,Failed,697
2991,2991,Completed,467
2992,2992,Completed,1265
2993,2993,Completed,1344
2994,2994,Pending,1943
2995,2995,Pending,688
2996,2996,Pending,1590
2997,2997,Failed,1879
2998,2998,Failed,1573
2999,2999,Pending,284
3000,3000,Pending,1561
3001,3001,Failed,1113
3002,3002,Pending,883
3003,3003,Failed,1169
3004,3004,Failed,1173
3005,3005,Pending,393
3006,3006,Completed,18
3007,3007,Pending,1061
3008,3008,Pending,1292
3009,3009,Pending,1757
3010,3010,Failed,1923
3011,3011,Pending,207
3012,3012,Pending,317
3013,3013,Completed,1341
3014,3014,Failed,1541
3015,3015,Failed,1361
3016,3016,Completed,676
3017,3017,Pending,552
3018,3018,Completed,626
3019,3019,Pending,320
3020,3020,Failed,751
3021,3021,Failed,1232
3022,3022,Failed,1012
3023,3023,Failed,169
3024,3024,Failed,1227
3025,3025,Completed,771
3026,3026,Failed,172
3027,3027,Pending,1137
3028,3028,Pending,1393
3029,3029,Completed,726
3030,3030,Pending,62
3031,3031,Pending,1783
3032,3032,Failed,12
3033,3033,Failed,903
3034,3034,Failed,1605
3035,3035,Completed,161
3036,3036,Failed,809
3037,3037,Failed,235
3038,3038,Failed,1239
3039,3039,Pending,324
3040,3040,Failed,513
3041,3041,Completed,408
3042,3042,Pending,1784
3043,3043,Failed,1530
3044,3044,Completed,427
3045,3045,Pending,1069
3046,3046,Pending,1597
3047,3047,Pending,699
3048,3048,Pending,195
3049,3049,Completed,1578
3050,3050,Completed,1433
3051,3051,Completed,765
3052,3052,Pending,681
3053,3053,Failed,1097
3054,3054,Pending,1385
3055,3055,Pending,1185
3056,3056,Pending,341
3057,3057,Failed,1001
3058,3058,Completed,389
3059,3059,Pending,1625
3060,3060,Pending,431
3061,3061,Completed,837
3062,3062,Failed,481
3063,3063,Failed,552
3064,3064,Failed,561
3065,3065,Pending,1810
3066,3066,Completed,216
3067,3067,Completed,675
3068,3068,Completed,64
3069,3069,Pending,171
3070,3070,Failed,662
3071,3071,Failed,737
3072,3072,Completed,590
3073,3073,Completed,1051
3074,3074,Completed,91
3075,3075,Pending,340
3076,3076,Completed,844
3077,3077,Failed,1898
3078,3078,Failed,326
3079,3079,Completed,1318
3080,3080,Pending,342
3081,3081,Pending,1191
3082,3082,Pending,1014
3083,3083,Completed,703
3084,3084,Pending,700
3085,3085,Completed,1418
3086,3086,Failed,281
3087,3087,Pending,330
3088,3088,Completed,1494
3089,3089,Completed,865
3090,3090,Pending,1003
3091,3091,Failed,1672
3092,3092,Completed,145
3093,3093,Failed,809
3094,3094,Completed,758
3095,3095,Completed,494
3096,3096,Completed,805
3097,3097,Pending,748
3098,3098,Failed,1048
3099,3099,Failed,400
3100,3100,Pending,829
3101,3101,Failed,403
3102,3102,Completed,314
3103,3103,Completed,1708
3104,3104,Failed,1566
3105,3105,Failed,519
3106,3106,Failed,1240
3107,3107,Failed,1384
3108,3108,Failed,1633
3109,3109,Pending,1617
3110,3110,Completed,26
3111,3111,Pending,739
3112,3112,Pending,1533
3113,3113,Completed,1169
3114,3114,Pending,268
3115,3115,Pending,1678
3116,3116,Pending,1482
3117,3117,Pending,40
3118,3118,Completed,940
3119,3119,Pending,350
3120,3120,Failed,1642
3121,3121,Pending,1690
3122,3122,Failed,1722
3123,3123,Completed,1800
3124,3124,Failed,151
3125,3125,Completed,135
3126,3126,Completed,1488
3127,3127,Completed,880
3128,3128,Completed,1417
3129,3129,Pending,1777
3130,3130,Completed,654
3131,3131,Failed,383
3132,3132,Pending,1466
3133,3133,Pending,1465
3134,3134,Pending,811
3135,3135,Pending,1208
3136,3136,Failed,1809
3137,3137,Pending,1114
3138,3138,Failed,1547
3139,3139,Failed,976
3140,3140,Pending,1817
3141,3141,Pending,390
3142,3142,Failed,745
3143,3143,Failed,1888
3144,3144,Completed,423
3145,3145,Failed,1723
3146,3146,Failed,878
3147,3147,Completed,1789
3148,3148,Completed,1630
3149,3149,Completed,576
3150,3150,Failed,1957
3151,3151,Pending,1872
3152,3152,Completed,1276
3153,3153,Completed,977
3154,3154,Completed,431
3155,3155,Pending,1481
3156,3156,Completed,1879
3157,3157,Failed,1552
3158,3158,Pending,880
3159,3159,Failed,1773
3160,3160,Completed,1602
3161,3161,Pending,1555
3162,3162,Completed,520
3163,3163,Failed,677
3164,3164,Failed,1711
3165,3165,Pending,74
3166,3166,Failed,991
3167,3167,Failed,1799
3168,3168,Pending,399
3169,3169,Completed,207
3170,3170,Completed,1204
3171,3171,Completed,119
3172,3172,Completed,520
3173,3173,Failed,132
3174,3174,Failed,1049
3175,3175,Failed,1277
3176,3176,Completed,792
3177,3177,Pending,406
3178,3178,Failed,116
3179,3179,Completed,1129
3180,3180,Pending,1746
3181,3181,Failed,930
3182,3182,Pending,675
3183,3183,Completed,410
3184,3184,Completed,1975
3185,3185,Completed,1626
3186,3186,Pending,673
3187,3187,Failed,1667
3188,3188,Failed,953
3189,3189,Pending,624
3190,3190,Pending,1939
3191,3191,Completed,45
3192,3192,Completed,1692
3193,3193,Failed,136
3194,3194,Failed,401
3195,3195,Pending,1477
3196,3196,Pending,504
3197,3197,Completed,910
3198,3198,Failed,477
3199,3199,Pending,345
3200,3200,Failed,1800
3201,3201,Failed,1535
3202,3202,Completed,471
3203,3203,Completed,1490
3204,3204,Pending,309
3205,3205,Failed,619
3206,3206,Pending,1444
3207,3207,Pending,391
3208,3208,Pending,1951
3209,3209,Pending,1473
3210,3210,Pending,1196
3211,3211,Failed,1547
3212,3212,Failed,1618
3213,3213,Failed,1951
3214,3214,Pending,482
3215,3215,Failed,806
3216,3216,Pending,1076
3217,3217,Failed,1677
3218,3218,Failed,949
3219,3219,Pending,88
3220,3220,Completed,606
3221,3221,Completed,372
3222,3222,Failed,1491
3223,3223,Pending,1029
3224,3224,Pending,843
3225,3225,Pending,1119
3226,3226,Failed,605
3227,3227,Completed,1211
3228,3228,Completed,1709
3229,3229,Completed,87
3230,3230,Pending,555
3231,3231,Pending,1579
3232,3232,Pending,1800
3233,3233,Completed,715
3234,3234,Pending,244
3235,3235,Failed,1496
3236,3236,Failed,604
3237,3237,Pending,1669
3238,3238,Completed,634
3239,3239,Failed,823
3240,3240,Pending,1314
3241,3241,Completed,561
3242,3242,Failed,932
3243,3243,Pending,1513
3244,3244,Pending,504
3245,3245,Pending,733
3246,3246,Pending,14
3247,3247,Failed,1969
3248,3248,Completed,1478
3249,3249,Pending,472
3250,3250,Completed,325
3251,3251,Failed,1050
3252,3252,Pending,1225
3253,3253,Pending,416
3254,3254,Completed,1843
3255,3255,Failed,1155
3256,3256,Failed,1197
3257,3257,Pending,1091
3258,3258,Failed,1706
3259,3259,Completed,608
3260,3260,Completed,1852
3261,3261,Completed,942
3262,3262,Failed,83
3263,3263,Completed,1373
3264,3264,Completed,1124
3265,3265,Completed,614
3266,3266,Completed,562
3267,3267,Completed,1532
3268,3268,Pending,1109
3269,3269,Pending,1740
3270,3270,Completed,203
3271,3271,Failed,283
3272,3272,Completed,1089
3273,3273,Pending,1813
3274,3274,Completed,78
3275,3275,Failed,789
3276,3276,Pending,1804
3277,3277,Completed,1276
3278,3278,Completed,1423
3279,3279,Failed,1129
3280,3280,Pending,136
3281,3281,Failed,1433
3282,3282,Completed,1662
3283,3283,Completed,574
3284,3284,Completed,1974
3285,3285,Completed,1336
3286,3286,Completed,1691
3287,3287,Failed,1857
3288,3288,Failed,1972
3289,3289,Completed,844
3290,3290,Failed,312
3291,3291,Failed,1440
3292,3292,Failed,128
3293,3293,Failed,46
3294,3294,Pending,1863
3295,3295,Failed,1072
3296,3296,Failed,675
3297,3297,Completed,1753
3298,3298,Completed,1357
3299,3299,Pending,43
3300,3300,Completed,1734
3301,3301,Pending,1984
3302,3302,Completed,679
3303,3303,Completed,280
3304,3304,Completed,1511
3305,3305,Pending,552
3306,3306,Failed,1379
3307,3307,Failed,1916
3308,3308,Pending,1256
3309,3309,Completed,1768
3310,3310,Completed,1276
3311,3311,Pending,1885
3312,3312,Pending,23
3313,3313,Completed,78
3314,3314,Failed,251
3315,3315,Completed,673
3316,3316,Completed,1465
3317,3317,Pending,1915
3318,3318,Failed,1306
3319,3319,Completed,1377
3320,3320,Pending,1090
3321,3321,Pending,1722
3322,3322,Completed,530
3323,3323,Failed,578
3324,3324,Failed,713
3325,3325,Pending,1431
3326,3326,Completed,1167
3327,3327,Failed,1201
3328,3328,Completed,1806
3329,3329,Completed,335
3330,3330,Completed,857
3331,3331,Completed,823
3332,3332,Pending,1476
3333,3333,Pending,1242
3334,3334,Completed,440
3335,3335,Failed,796
3336,3336,Completed,1205
3337,3337,Failed,1118
3338,3338,Pending,1560
3339,3339,Completed,324
3340,3340,Pending,1640
3341,3341,Completed,1376
3342,3342,Pending,673
3343,3343,Pending,1071
3344,3344,Pending,1056
3345,3345,Failed,498
3346,3346,Pending,477
3347,3347,Completed,756
3348,3348,Completed,476
3349,3349,Failed,1034
3350,3350,Failed,402
3351,3351,Completed,1991
3352,3352,Completed,1329
3353,3353,Completed,431
3354,3354,Failed,442
3355,3355,Pending,1634
3356,3356,Failed,1431
3357,3357,Pending,1329
3358,3358,Completed,266
3359,3359,Pending,1063
3360,3360,Completed,1374
3361,3361,Completed,437
3362,3362,Completed,1183
3363,3363,Pending,1211
3364,3364,Completed,1098
3365,3365,Pending,252
3366,3366,Failed,1843
3367,3367,Failed,211
3368,3368,Pending,463
3369,3369,Failed,1026
3370,3370,Failed,370
3371,3371,Failed,834
3372,3372,Pending,332
3373,3373,Failed,1736
3374,3374,Failed,1759
3375,3375,Pending,423
3376,3376,Pending,460
3377,3377,Pending,1944
3378,3378,Pending,1542
3379,3379,Completed,383
3380,3380,Pending,520
3381,3381,Completed,1794
3382,3382,Failed,552
3383,3383,Failed,1879
3384,3384,Pending,1831
3385,3385,Failed,1967
3386,3386,Failed,1802
3387,3387,Pending,1887
3388,3388,Failed,37
3389,3389,Pending,584
3390,3390,Completed,1832
3391,3391,Failed,1707
3392,3392,Failed,391
3393,3393,Failed,198
3394,3394,Pending,1208
3395,3395,Completed,1284
3396,3396,Failed,231
3397,3397,Pending,525
3398,3398,Failed,1518
3399,3399,Completed,384
3400,3400,Completed,496
3401,3401,Completed,335
3402,3402,Completed,219
3403,3403,Completed,524
3404,3404,Completed,646
3405,3405,Pending,1694
3406,3406,Completed,732
3407,3407,Pending,1751
3408,3408,Pending,258
3409,3409,Completed,1001
3410,3410,Failed,1387
3411,3411,Failed,630
3412,3412,Failed,1269
3413,3413,Completed,559
3414,3414,Completed,1861
3415,3415,Completed,1628
3416,3416,Completed,1037
3417,3417,Pending,608
3418,3418,Failed,1277
3419,3419,Failed,1878
3420,3420,Pending,1769
3421,3421,Pending,1437
3422,3422,Completed,1813
3423,3423,Failed,1644
3424,3424,Pending,1530
3425,3425,Completed,249
3426,3426,Completed,496
3427,3427,Pending,644
3428,3428,Completed,546
3429,3429,Completed,844
3430,3430,Failed,1240
3431,3431,Completed,1325
3432,3432,Completed,920
3433,3433,Pending,743
3434,3434,Failed,1696
3435,3435,Failed,1465
3436,3436,Failed,1693
3437,3437,Failed,864
3438,3438,Completed,456
3439,3439,Pending,1233
3440,3440,Completed,1998
3441,3441,Failed,935
3442,3442,Pending,848
3443,3443,Completed,1276
3444,3444,Completed,516
3445,3445,Failed,1126
3446,3446,Completed,240
3447,3447,Completed,1615
3448,3448,Failed,942
3449,3449,Pending,24
3450,3450,Completed,1616
3451,3451,Pending,745
3452,3452,Completed,1544
3453,3453,Pending,1014
3454,3454,Pending,920
3455,3455,Failed,1719
3456,3456,Pending,1970
3457,3457,Completed,1737
3458,3458,Completed,812
3459,3459,Pending,1692
3460,3460,Failed,1168
3461,3461,Pending,488
3462,3462,Pending,743
3463,3463,Completed,602
3464,3464,Pending,1506
3465,3465,Completed,373
3466,3466,Failed,344
3467,3467,Completed,1272
3468,3468,Pending,1153
3469,3469,Failed,1689
3470,3470,Completed,1749
3471,3471,Failed,29
3472,3472,Completed,101
3473,3473,Pending,391
3474,3474,Failed,1277
3475,3475,Completed,1089
3476,3476,Pending,1818
3477,3477,Pending,933
3478,3478,Failed,432
3479,3479,Completed,1902
3480,3480,Pending,511
3481,3481,Failed,1413
3482,3482,Failed,1554
3483,3483,Pending,168
3484,3484,Completed,923
3485,3485,Pending,331
3486,3486,Pending,1668
3487,3487,Pending,728
3488,3488,Completed,753
3489,3489,Failed,1873
3490,3490,Pending,1108
3491,3491,Completed,1068
3492,3492,Completed,1559
3493,3493,Pending,1831
3494,3494,Completed,1233
3495,3495,Completed,881
3496,3496,Completed,249
3497,3497,Pending,1199
3498,3498,Pending,224
3499,3499,Pending,427
3500,3500,Failed,1206
3501,3501,Completed,698
3502,3502,Pending,1496
3503,3503,Pending,47
3504,3504,Failed,1954
3505,3505,Pending,1331
3506,3506,Pending,1903
3507,3507,Pending,615
3508,3508,Failed,1340
3509,3509,Pending,304
3510,3510,Completed,668
3511,3511,Failed,686
3512,3512,Completed,1469
3513,3513,Failed,1130
3514,3514,Failed,1024
3515,3515,Failed,1861
3516,3516,Completed,136
3517,3517,Pending,1327
3518,3518,Failed,1847
3519,3519,Pending,65
3520,3520,Failed,416
3521,3521,Completed,1660
3522,3522,Failed,247
3523,3523,Failed,1648
3524,3524,Failed,771
3525,3525,Completed,365
3526,3526,Failed,60
3527,3527,Completed,1092
3528,3528,Pending,1693
3529,3529,Completed,703
3530,3530,Failed,845
3531,3531,Completed,768
3532,3532,Pending,1528
3533,3533,Completed,979
3534,3534,Pending,1034
3535,3535,Pending,1023
3536,3536,Failed,504
3537,3537,Pending,757
3538,3538,Pending,1329
3539,3539,Pending,1857
3540,3540,Completed,16
3541,3541,Pending,585
3542,3542,Failed,320
3543,3543,Failed,111
3544,3544,Failed,1834
3545,3545,Completed,597
3546,3546,Pending,1549
3547,3547,Completed,689
3548,3548,Completed,147
3549,3549,Failed,1347
3550,3550,Completed,224
3551,3551,Pending,947
3552,3552,Completed,1027
3553,3553,Failed,924
3554,3554,Pending,474
3555,3555,Pending,908
3556,3556,Completed,1487
3557,3557,Completed,165
3558,3558,Failed,1360
3559,3559,Completed,1040
3560,3560,Failed,1450
3561,3561,Failed,1384
3562,3562,Failed,517
3563,3563,Completed,1813
3564,3564,Failed,1710
3565,3565,Completed,672
3566,3566,Failed,711
3567,3567,Pending,1505
3568,3568,Completed,846
3569,3569,Pending,995
3570,3570,Failed,1218
3571,3571,Pending,1597
3572,3572,Failed,1071
3573,3573,Completed,306
3574,3574,Failed,978
3575,3575,Pending,1979
3576,3576,Pending,619
3577,3577,Completed,1305
3578,3578,Pending,531
3579,3579,Failed,1851
3580,3580,Completed,965
3581,3581,Pending,630
3582,3582,Failed,1823
3583,3583,Pending,226
3584,3584,Completed,572
3585,3585,Pending,1491
3586,3586,Completed,1117
3587,3587,Failed,1849
3588,3588,Pending,707
3589,3589,Failed,1232
3590,3590,Pending,730
3591,3591,Completed,1104
3592,3592,Completed,559
3593,3593,Completed,89
3594,3594,Completed,1772
3595,3595,Failed,369
3596,3596,Completed,65
3597,3597,Failed,1205
3598,3598,Failed,1833
3599,3599,Failed,226
3600,3600,Completed,1413
3601,3601,Completed,1154
3602,3602,Completed,1549
3603,3603,Pending,644
3604,3604,Completed,2
3605,3605,Completed,1311
3606,3606,Completed,833
3607,3607,Pending,1883
3608,3608,Completed,61
3609,3609,Failed,1748
3610,3610,Pending,13
3611,3611,Failed,1367
3612,3612,Pending,552
3613,3613,Completed,1347
3614,3614,Failed,141
3615,3615,Pending,8
3616,3616,Completed,1515
3617,3617,Pending,1333
3618,3618,Completed,1290
3619,3619,Pending,1156
3620,3620,Completed,1383
3621,3621,Completed,1244
3622,3622,Pending,731
3623,3623,Failed,1902
3624,3624,Completed,644
3625,3625,Completed,1762
3626,3626,Pending,1880
3627,3627,Pending,262
3628,3628,Completed,429
3629,3629,Completed,533
3630,3630,Pending,856
3631,3631,Completed,523
3632,3632,Failed,114
3633,3633,Pending,1378
3634,3634,Completed,807
3635,3635,Failed,1686
3636,3636,Pending,718
3637,3637,Completed,1504
3638,3638,Failed,1470
3639,3639,Pending,1391
3640,3640,Completed,1778
3641,3641,Pending,752
3642,3642,Completed,24
3643,3643,Failed,1550
3644,3644,Pending,1189
3645,3645,Completed,1822
3646,3646,Failed,1142
3647,3647,Failed,639
3648,3648,Failed,855
3649,3649,Failed,541
3650,3650,Completed,489
3651,3651,Completed,196
3652,3652,Completed,38
3653,3653,Failed,951
3654,3654,Completed,1393
3655,3655,Pending,1217
3656,3656,Completed,998
3657,3657,Failed,574
3658,3658,Pending,1799
3659,3659,Pending,1323
3660,3660,Completed,150
3661,3661,Completed,231
3662,3662,Failed,809
3663,3663,Failed,484
3664,3664,Failed,550
3665,3665,Completed,26
3666,3666,Pending,364
3667,3667,Failed,563
3668,3668,Failed,1161
3669,3669,Completed,815
3670,3670,Completed,1806
3671,3671,Completed,58
3672,3672,Failed,712
3673,3673,Failed,116
3674,3674,Completed,892
3675,3675,Pending,1399
3676,3676,Failed,324
3677,3677,Failed,355
3678,3678,Completed,1400
3679,3679,Completed,299
3680,3680,Failed,1660
3681,3681,Completed,502
3682,3682,Pending,204
3683,3683,Completed,899
3684,3684,Pending,453
3685,3685,Failed,1754
3686,3686,Failed,1399
3687,3687,Pending,1211
3688,3688,Failed,1050
3689,3689,Pending,736
3690,3690,Pending,1013
3691,3691,Failed,1042
3692,3692,Completed,12
3693,3693,Pending,494
3694,3694,Failed,995
3695,3695,Failed,450
3696,3696,Completed,1045
3697,3697,Failed,25
3698,3698,Completed,1913
3699,3699,Pending,1044
3700,3700,Completed,930
3701,3701,Completed,856
3702,3702,Failed,312
3703,3703,Failed,1596
3704,3704,Pending,1969
3705,3705,Failed,832
3706,3706,Completed,1661
3707,3707,Failed,735
3708,3708,Pending,614
3709,3709,Pending,1639
3710,3710,Failed,493
3711,3711,Failed,947
3712,3712,Pending,1422
3713,3713,Completed,959
3714,3714,Completed,1764
3715,3715,Completed,1106
3716,3716,Completed,1699
3717,3717,Completed,1006
3718,3718,Pending,426
3719,3719,Completed,736
3720,3720,Completed,1992
3721,3721,Failed,414
3722,3722,Failed,1792
3723,3723,Failed,1883
3724,3724,Completed,320
3725,3725,Completed,970
3726,3726,Failed,1617
3727,3727,Completed,755
3728,3728,Failed,378
3729,3729,Pending,917
3730,3730,Failed,797
3731,3731,Failed,1591
3732,3732,Pending,186
3733,3733,Completed,1211
3734,3734,Pending,418
3735,3735,Completed,115
3736,3736,Pending,1255
3737,3737,Failed,385
3738,3738,Failed,1683
3739,3739,Pending,101
3740,3740,Completed,342
3741,3741,Failed,1594
3742,3742,Failed,203
3743,3743,Completed,819
3744,3744,Failed,1947
3745,3745,Failed,1171
3746,3746,Failed,414
3747,3747,Failed,956
3748,3748,Pending,130
3749,3749,Pending,1904
3750,3750,Pending,797
3751,3751,Failed,1608
3752,3752,Pending,1002
3753,3753,Pending,1449
3754,3754,Completed,93
3755,3755,Failed,180
3756,3756,Failed,1636
3757,3757,Completed,1281
3758,3758,Completed,707
3759,3759,Pending,1825
3760,3760,Completed,1130
3761,3761,Failed,563
3762,3762,Failed,1046
3763,3763,Failed,1168
3764,3764,Completed,787
3765,3765,Failed,474
3766,3766,Completed,1021
3767,3767,Completed,637
3768,3768,Completed,1041
3769,3769,Pending,110
3770,3770,Pending,1936
3771,3771,Failed,784
3772,3772,Pending,1052
3773,3773,Failed,1204
3774,3774,Failed,761
3775,3775,Pending,692
3776,3776,Completed,719
3777,3777,Completed,1137
3778,3778,Completed,425
3779,3779,Completed,790
3780,3780,Failed,1157
3781,3781,Completed,256
3782,3782,Completed,1462
3783,3783,Completed,910
3784,3784,Completed,424
3785,3785,Pending,502
3786,3786,Completed,11
3787,3787,Pending,971
3788,3788,Failed,273
3789,3789,Failed,1184
3790,3790,Failed,409
3791,3791,Completed,1318
3792,3792,Completed,1487
3793,3793,Pending,762
3794,3794,Completed,261
3795,3795,Failed,555
3796,3796,Failed,696
3797,3797,Pending,1913
3798,3798,Pending,652
3799,3799,Pending,129
3800,3800,Pending,1213
3801,3801,Completed,757
3802,3802,Completed,755
3803,3803,Pending,571
3804,3804,Failed,155
3805,3805,Failed,714
3806,3806,Pending,1966
3807,3807,Completed,521
3808,3808,Completed,1537
3809,3809,Failed,1773
3810,3810,Completed,1163
3811,3811,Pending,730
3812,3812,Completed,772
3813,3813,Completed,1477
3814,3814,Completed,250
3815,3815,Pending,336
3816,3816,Completed,657
3817,3817,Pending,1154
3818,3818,Pending,834
3819,3819,Completed,230
3820,3820,Pending,1640
3821,3821,Completed,62
3822,3822,Failed,437
3823,3823,Failed,477
3824,3824,Failed,245
3825,3825,Completed,1317
3826,3826,Failed,467
3827,3827,Failed,1230
3828,3828,Failed,1208
3829,3829,Failed,332
3830,3830,Failed,1755
3831,3831,Failed,25
3832,3832,Failed,455
3833,3833,Failed,222
3834,3834,Failed,354
3835,3835,Pending,1516
3836,3836,Completed,390
3837,3837,Failed,1976
3838,3838,Failed,1743
3839,3839,Completed,137
3840,3840,Completed,1401
3841,3841,Failed,355
3842,3842,Pending,1223
3843,3843,Completed,542
3844,3844,Failed,940
3845,3845,Completed,1876
3846,3846,Failed,1812
3847,3847,Failed,1650
3848,3848,Failed,535
3849,3849,Pending,1218
3850,3850,Pending,411
3851,3851,Completed,958
3852,3852,Completed,1843
3853,3853,Pending,230
3854,3854,Failed,1296
3855,3855,Pending,312
3856,3856,Pending,85
3857,3857,Completed,1492
3858,3858,Pending,1666
3859,3859,Failed,1496
3860,3860,Failed,180
3861,3861,Failed,1918
3862,3862,Completed,613
3863,3863,Failed,1343
3864,3864,Pending,228
3865,3865,Pending,298
3866,3866,Pending,1527
3867,3867,Pending,799
3868,3868,Pending,873
3869,3869,Failed,1263
3870,3870,Failed,60
3871,3871,Completed,483
3872,3872,Completed,341
3873,3873,Completed,1647
3874,3874,Failed,1948
3875,3875,Completed,1841
3876,3876,Failed,974
3877,3877,Failed,8
3878,3878,Failed,1136
3879,3879,Completed,1416
3880,3880,Pending,363
3881,3881,Completed,1306
3882,3882,Completed,111
3883,3883,Completed,1790
3884,3884,Pending,184
3885,3885,Failed,655
3886,3886,Pending,1028
3887,3887,Pending,1097
3888,3888,Completed,1974
3889,3889,Failed,1433
3890,3890,Failed,945
3891,3891,Completed,425
3892,3892,Pending,1167
3893,3893,Pending,1767
3894,3894,Completed,1294
3895,3895,Failed,971
3896,3896,Completed,854
3897,3897,Completed,1105
3898,3898,Pending,587
3899,3899,Completed,590
3900,3900,Pending,3
3901,3901,Completed,1341
3902,3902,Failed,368
3903,3903,Completed,493
3904,3904,Failed,1258
3905,3905,Completed,888
3906,3906,Completed,565
3907,3907,Pending,1851
3908,3908,Failed,1530
3909,3909,Failed,1050
3910,3910,Pending,1565
3911,3911,Completed,197
3912,3912,Pending,1002
3913,3913,Pending,1143
3914,3914,Completed,1584
3915,3915,Completed,1127
3916,3916,Failed,1380
3917,3917,Completed,190
3918,3918,Completed,1835
3919,3919,Failed,1201
3920,3920,Failed,310
3921,3921,Completed,431
3922,3922,Pending,1878
3923,3923,Completed,658
3924,3924,Completed,425
3925,3925,Pending,896
3926,3926,Completed,643
3927,3927,Completed,894
3928,3928,Failed,78
3929,3929,Failed,650
3930,3930,Completed,162
3931,3931,Failed,1828
3932,3932,Failed,1903
3933,3933,Pending,1943
3934,3934,Failed,477
3935,3935,Completed,156
3936,3936,Pending,764
3937,3937,Pending,1604
3938,3938,Completed,455
3939,3939,Completed,439
3940,3940,Pending,1609
3941,3941,Pending,572
3942,3942,Pending,393
3943,3943,Failed,1377
3944,3944,Pending,738
3945,3945,Completed,474
3946,3946,Failed,1184
3947,3947,Pending,584
3948,3948,Pending,8
3949,3949,Completed,248
3950,3950,Pending,728
3951,3951,Pending,346
3952,3952,Failed,1885
3953,3953,Completed,1114
3954,3954,Pending,773
3955,3955,Completed,1406
3956,3956,Pending,1361
3957,3957,Completed,737
3958,3958,Pending,723
3959,3959,Completed,1952
3960,3960,Failed,1666
3961,3961,Failed,1856
3962,3962,Pending,358
3963,3963,Completed,800
3964,3964,Completed,677
3965,3965,Failed,772
3966,3966,Pending,1804
3967,3967,Completed,1100
3968,3968,Pending,1644
3969,3969,Pending,819
3970,3970,Pending,1323
3971,3971,Completed,365
3972,3972,Pending,1936
3973,3973,Failed,1748
3974,3974,Failed,1177
3975,3975,Pending,1775
3976,3976,Completed,1853
3977,3977,Completed,838
3978,3978,Completed,107
3979,3979,Completed,1644
3980,3980,Pending,1940
3981,3981,Failed,1100
3982,3982,Pending,1472
3983,3983,Failed,494
3984,3984,Completed,1545
3985,3985,Completed,1944
3986,3986,Failed,1785
3987,3987,Failed,1811
3988,3988,Pending,1644
3989,3989,Failed,112
3990,3990,Completed,47
3991,3991,Completed,823
3992,3992,Completed,295
3993,3993,Completed,1764
3994,3994,Completed,1688
3995,3995,Completed,204
3996,3996,Pending,623
3997,3997,Pending,1115
3998,3998,Pending,561
3999,3999,Pending,1442
4000,4000,Pending,476
4001,4001,Failed,1674
4002,4002,Pending,569
4003,4003,Failed,1873
4004,4004,Completed,377
4005,4005,Failed,82
4006,4006,Pending,892
4007,4007,Completed,1600
4008,4008,Failed,692
4009,4009,Completed,331
4010,4010,Failed,1172
4011,4011,Pending,415
4012,4012,Pending,233
4013,4013,Pending,635
4014,4014,Failed,1402
4015,4015,Failed,1084
4016,4016,Pending,1430
4017,4017,Failed,1876
4018,4018,Failed,949
4019,4019,Pending,1926
4020,4020,Completed,57
4021,4021,Failed,602
4022,4022,Pending,1867
4023,4023,Completed,965
4024,4024,Failed,980
4025,4025,Failed,843
4026,4026,Pending,48
4027,4027,Failed,473
4028,4028,Failed,683
4029,4029,Failed,1137
4030,4030,Failed,1424
4031,4031,Completed,88
4032,4032,Pending,430
4033,4033,Completed,1325
4034,4034,Pending,25
4035,4035,Failed,606
4036,4036,Completed,1691
4037,4037,Completed,293
4038,4038,Completed,442
4039,4039,Completed,160
4040,4040,Completed,91
4041,4041,Pending,44
4042,4042,Completed,864
4043,4043,Completed,156
4044,4044,Failed,1630
4045,4045,Pending,1424
4046,4046,Pending,1289
4047,4047,Completed,1599
4048,4048,Completed,1968
4049,4049,Failed,1073
4050,4050,Failed,1567
4051,4051,Failed,1187
4052,4052,Completed,661
4053,4053,Failed,1955
4054,4054,Pending,414
4055,4055,Pending,1565
4056,4056,Completed,634
4057,4057,Pending,690
4058,4058,Pending,840
4059,4059,Completed,1324
4060,4060,Failed,211
4061,4061,Completed,1224
4062,4062,Completed,911
4063,4063,Pending,232
4064,4064,Failed,1555
4065,4065,Pending,263
4066,4066,Failed,1097
4067,4067,Failed,894
4068,4068,Failed,86
4069,4069,Failed,1498
4070,4070,Failed,327
4071,4071,Failed,682
4072,4072,Completed,1388
4073,4073,Failed,1518
4074,4074,Failed,1737
4075,4075,Pending,579
4076,4076,Pending,1741
4077,4077,Completed,1619
4078,4078,Failed,566
4079,4079,Completed,269
4080,4080,Failed,1976
4081,4081,Completed,40
4082,4082,Failed,484
4083,4083,Pending,22
4084,4084,Failed,1347
4085,4085,Completed,482
4086,4086,Pending,366
4087,4087,Completed,1851
4088,4088,Failed,757
4089,4089,Pending,1980
4090,4090,Completed,581
4091,4091,Pending,1052
4092,4092,Failed,1794
4093,4093,Pending,1677
4094,4094,Failed,730
4095,4095,Completed,419
4096,4096,Failed,478
4097,4097,Failed,1944
4098,4098,Pending,1265
4099,4099,Pending,1864
4100,4100,Failed,520
4101,4101,Completed,1637
4102,4102,Completed,259
4103,4103,Pending,255
4104,4104,Completed,777
4105,4105,Pending,85
4106,4106,Failed,466
4107,4107,Failed,533
4108,4108,Failed,1298
4109,4109,Pending,1350
4110,4110,Failed,712
4111,4111,Pending,251
4112,4112,Pending,1037
4113,4113,Pending,103
4114,4114,Completed,383
4115,4115,Failed,538
4116,4116,Failed,877
4117,4117,Pending,1778
4118,4118,Failed,1392
4119,4119,Completed,437
4120,4120,Completed,1548
4121,4121,Failed,1941
4122,4122,Completed,810
4123,4123,Completed,1436
4124,4124,Completed,1191
4125,4125,Failed,621
4126,4126,Pending,1359
4127,4127,Pending,1625
4128,4128,Pending,1033
4129,4129,Failed,1118
4130,4130,Failed,1478
4131,4131,Completed,1502
4132,4132,Completed,1780
4133,4133,Completed,905
4134,4134,Failed,1086
4135,4135,Completed,708
4136,4136,Failed,1212
4137,4137,Completed,85
4138,4138,Pending,507
4139,4139,Failed,1866
4140,4140,Failed,1609
4141,4141,Failed,947
4142,4142,Failed,168
4143,4143,Failed,722
4144,4144,Failed,396
4145,4145,Completed,1148
4146,4146,Pending,1549
4147,4147,Failed,1617
4148,4148,Pending,1769
4149,4149,Completed,1107
4150,4150,Pending,523
4151,4151,Failed,185
4152,4152,Completed,1738
4153,4153,Completed,20
4154,4154,Failed,1399
4155,4155,Pending,850
4156,4156,Failed,642
4157,4157,Failed,1152
4158,4158,Pending,1287
4159,4159,Failed,955
4160,4160,Completed,807
4161,4161,Completed,1771
4162,4162,Pending,294
4163,4163,Completed,663
4164,4164,Pending,1329
4165,4165,Pending,465
4166,4166,Completed,1454
4167,4167,Completed,1377
4168,4168,Failed,1719
4169,4169,Pending,1882
4170,4170,Failed,1357
4171,4171,Completed,581
4172,4172,Pending,685
4173,4173,Completed,419
4174,4174,Pending,754
4175,4175,Failed,458
4176,4176,Completed,1242
4177,4177,Failed,1616
4178,4178,Failed,89
4179,4179,Pending,694
4180,4180,Failed,1020
4181,4181,Completed,1903
4182,4182,Failed,1847
4183,4183,Completed,954
4184,4184,Completed,904
4185,4185,Completed,1028
4186,4186,Failed,9
4187,4187,Pending,176
4188,4188,Failed,1208
4189,4189,Completed,441
4190,4190,Failed,1096
4191,4191,Completed,1283
4192,4192,Completed,471
4193,4193,Failed,932
4194,4194,Pending,552
4195,4195,Completed,401
4196,4196,Failed,1935
4197,4197,Failed,723
4198,4198,Failed,1588
4199,4199,Pending,645
4200,4200,Failed,967
4201,4201,Completed,1172
4202,4202,Pending,1261
4203,4203,Pending,485
4204,4204,Completed,1266
4205,4205,Pending,232
4206,4206,Pending,304
4207,4207,Pending,1276
4208,4208,Failed,1468
4209,4209,Completed,1222
4210,4210,Pending,555
4211,4211,Failed,1348
4212,4212,Completed,985
4213,4213,Pending,485
4214,4214,Failed,1136
4215,4215,Completed,518
4216,4216,Failed,846
4217,4217,Completed,1687
4218,4218,Pending,662
4219,4219,Completed,274
4220,4220,Pending,1488
4221,4221,Pending,1238
4222,4222,Pending,1431
4223,4223,Pending,941
4224,4224,Failed,287
4225,4225,Failed,1271
4226,4226,Pending,1624
4227,4227,Failed,1067
4228,4228,Failed,1241
4229,4229,Completed,1983
4230,4230,Failed,61
4231,4231,Failed,1071
4232,4232,Completed,775
4233,4233,Completed,925
4234,4234,Pending,1237
4235,4235,Completed,1729
4236,4236,Pending,1611
4237,4237,Failed,631
4238,4238,Pending,61
4239,4239,Failed,714
4240,4240,Pending,267
4241,4241,Completed,872
4242,4242,Pending,1037
4243,4243,Failed,1612
4244,4244,Failed,978
4245,4245,Completed,1648
4246,4246,Pending,892
4247,4247,Pending,903
4248,4248,Failed,1309
4249,4249,Failed,1009
4250,4250,Pending,1750
4251,4251,Pending,634
4252,4252,Completed,893
4253,4253,Pending,173
4254,4254,Failed,943
4255,4255,Pending,811
4256,4256,Pending,1339
4257,4257,Pending,661
4258,4258,Completed,196
4259,4259,Completed,1863
4260,4260,Pending,1708
4261,4261,Completed,1431
4262,4262,Pending,1898
4263,4263,Completed,929
4264,4264,Failed,1498
4265,4265,Failed,381
4266,4266,Completed,1440
4267,4267,Failed,1973
4268,4268,Completed,958
4269,4269,Completed,79
4270,4270,Completed,423
4271,4271,Failed,1753
4272,4272,Completed,1945
4273,4273,Failed,71
4274,4274,Pending,1744
4275,4275,Pending,532
4276,4276,Completed,1073
4277,4277,Failed,1903
4278,4278,Completed,1873
4279,4279,Failed,1437
4280,4280,Pending,1491
4281,4281,Pending,399
4282,4282,Completed,780
4283,4283,Failed,654
4284,4284,Failed,613
4285,4285,Failed,670
4286,4286,Completed,346
4287,4287,Completed,860
4288,4288,Completed,965
4289,4289,Completed,25
4290,4290,Pending,1991
4291,4291,Failed,155
4292,4292,Failed,1610
4293,4293,Failed,372
4294,4294,Pending,690
4295,4295,Pending,1256
4296,4296,Pending,1976
4297,4297,Failed,62
4298,4298,Completed,236
4299,4299,Pending,1686
4300,4300,Completed,902
4301,4301,Pending,1182
4302,4302,Failed,863
4303,4303,Completed,267
4304,4304,Pending,1683
4305,4305,Completed,881
4306,4306,Failed,1208
4307,4307,Failed,331
4308,4308,Completed,1556
4309,4309,Completed,1340
4310,4310,Pending,771
4311,4311,Pending,1034
4312,4312,Completed,239
4313,4313,Pending,749
4314,4314,Pending,60
4315,4315,Completed,666
4316,4316,Failed,269
4317,4317,Completed,1033
4318,4318,Failed,1818
4319,4319,Failed,1892
4320,4320,Failed,1794
4321,4321,Completed,243
4322,4322,Pending,1765
4323,4323,Failed,1157
4324,4324,Completed,743
4325,4325,Failed,1232
4326,4326,Completed,301
4327,4327,Completed,1883
4328,4328,Failed,1023
4329,4329,Failed,905
4330,4330,Pending,440
4331,4331,Pending,1590
4332,4332,Pending,662
4333,4333,Failed,1527
4334,4334,Completed,633
4335,4335,Completed,375
4336,4336,Failed,809
4337,4337,Completed,249
4338,4338,Pending,1505
4339,4339,Pending,518
4340,4340,Failed,1835
4341,4341,Failed,1032
4342,4342,Pending,788
4343,4343,Completed,61
4344,4344,Completed,1358
4345,4345,Failed,933
4346,4346,Completed,44
4347,4347,Failed,643
4348,4348,Completed,811
4349,4349,Pending,65
4350,4350,Failed,1749
4351,4351,Pending,210
4352,4352,Completed,1863
4353,4353,Pending,1336
4354,4354,Pending,1237
4355,4355,Pending,1829
4356,4356,Pending,272
4357,4357,Failed,553
4358,4358,Pending,383
4359,4359,Completed,1388
4360,4360,Failed,1064
4361,4361,Pending,854
4362,4362,Completed,668
4363,4363,Failed,1163
4364,4364,Completed,25
4365,4365,Pending,927
4366,4366,Failed,1256
4367,4367,Pending,1291
4368,4368,Failed,750
4369,4369,Failed,1764
4370,4370,Pending,751
4371,4371,Completed,54
4372,4372,Completed,1683
4373,4373,Failed,884
4374,4374,Completed,135
4375,4375,Pending,510
4376,4376,Completed,1006
4377,4377,Failed,86
4378,4378,Failed,1966
4379,4379,Pending,1000
4380,4380,Failed,1908
4381,4381,Pending,394
4382,4382,Completed,559
4383,4383,Failed,1536
4384,4384,Pending,1088
4385,4385,Completed,296
4386,4386,Pending,397
4387,4387,Failed,1467
4388,4388,Completed,1597
4389,4389,Completed,1734
4390,4390,Completed,1128
4391,4391,Completed,824
4392,4392,Failed,424
4393,4393,Pending,508
4394,4394,Pending,565
4395,4395,Completed,6
4396,4396,Pending,1123
4397,4397,Failed,506
4398,4398,Completed,1956
4399,4399,Pending,1222
4400,4400,Completed,968
4401,4401,Pending,888
4402,4402,Pending,384
4403,4403,Failed,147
4404,4404,Pending,1308
4405,4405,Pending,605
4406,4406,Pending,157
4407,4407,Pending,694
4408,4408,Completed,442
4409,4409,Pending,719
4410,4410,Completed,758
4411,4411,Failed,1849
4412,4412,Pending,441
4413,4413,Failed,1824
4414,4414,Failed,250
4415,4415,Failed,18
4416,4416,Failed,189
4417,4417,Completed,350
4418,4418,Pending,1786
4419,4419,Failed,1243
4420,4420,Completed,1106
4421,4421,Completed,44
4422,4422,Pending,905
4423,4423,Failed,1132
4424,4424,Completed,65
4425,4425,Failed,272
4426,4426,Failed,1500
4427,4427,Pending,1699
4428,4428,Completed,1114
4429,4429,Failed,1255
4430,4430,Completed,129
4431,4431,Failed,1477
4432,4432,Failed,201
4433,4433,Failed,365
4434,4434,Pending,9
4435,4435,Pending,281
4436,4436,Pending,1071
4437,4437,Failed,1106
4438,4438,Completed,549
4439,4439,Completed,1674
4440,4440,Pending,1556
4441,4441,Completed,1864
4442,4442,Completed,1224
4443,4443,Pending,896
4444,4444,Failed,143
4445,4445,Pending,1851
4446,4446,Failed,572
4447,4447,Failed,808
4448,4448,Completed,1298
4449,4449,Pending,4
4450,4450,Completed,1558
4451,4451,Completed,1446
4452,4452,Failed,841
4453,4453,Failed,429
4454,4454,Completed,1788
4455,4455,Completed,1225
4456,4456,Pending,106
4457,4457,Failed,1768
4458,4458,Completed,83
4459,4459,Completed,119
4460,4460,Completed,805
4461,4461,Pending,480
4462,4462,Failed,1049
4463,4463,Failed,488
4464,4464,Completed,1256
4465,4465,Failed,1735
4466,4466,Pending,509
4467,4467,Pending,882
4468,4468,Failed,1704
4469,4469,Failed,1055
4470,4470,Failed,1144
4471,4471,Completed,1935
4472,4472,Pending,1029
4473,4473,Completed,1940
4474,4474,Pending,250
4475,4475,Pending,565
4476,4476,Completed,823
4477,4477,Pending,1766
4478,4478,Failed,488
4479,4479,Completed,457
4480,4480,Completed,1210
4481,4481,Failed,1176
4482,4482,Pending,1733
4483,4483,Failed,1763
4484,4484,Failed,1537
4485,4485,Failed,1520
4486,4486,Pending,1044
4487,4487,Pending,1696
4488,4488,Completed,1159
4489,4489,Completed,1822
4490,4490,Pending,786
4491,4491,Completed,1518
4492,4492,Pending,277
4493,4493,Pending,135
4494,4494,Pending,444
4495,4495,Completed,1524
4496,4496,Completed,1314
4497,4497,Failed,1544
4498,4498,Pending,1587
4499,4499,Completed,251
4500,4500,Pending,520
4501,4501,Failed,1758
4502,4502,Pending,1912
4503,4503,Pending,625
4504,4504,Completed,783
4505,4505,Pending,769
4506,4506,Completed,352
4507,4507,Completed,573
4508,4508,Pending,976
4509,4509,Completed,357
4510,4510,Failed,833
4511,4511,Failed,1237
4512,4512,Failed,1717
4513,4513,Pending,832
4514,4514,Pending,88
4515,4515,Failed,554
4516,4516,Failed,184
4517,4517,Pending,894
4518,4518,Pending,1517
4519,4519,Failed,873
4520,4520,Completed,199
4521,4521,Completed,23
4522,4522,Failed,480
4523,4523,Completed,1586
4524,4524,Completed,516
4525,4525,Failed,1684
4526,4526,Failed,469
4527,4527,Completed,36
4528,4528,Failed,1061
4529,4529,Failed,168
4530,4530,Pending,1211
4531,4531,Pending,248
4532,4532,Pending,151
4533,4533,Completed,856
4534,4534,Pending,112
4535,4535,Failed,360
4536,4536,Completed,1751
4537,4537,Pending,1728
4538,4538,Failed,812
4539,4539,Completed,1408
4540,4540,Completed,1210
4541,4541,Completed,1047
4542,4542,Pending,238
4543,4543,Failed,117
4544,4544,Completed,1511
4545,4545,Completed,1794
4546,4546,Failed,1370
4547,4547,Completed,439
4548,4548,Completed,592
4549,4549,Completed,710
4550,4550,Failed,1557
4551,4551,Completed,526
4552,4552,Failed,1196
4553,4553,Failed,1248
4554,4554,Pending,1902
4555,4555,Failed,281
4556,4556,Failed,1710
4557,4557,Completed,496
4558,4558,Completed,1217
4559,4559,Pending,1086
4560,4560,Pending,782
4561,4561,Completed,655
4562,4562,Failed,443
4563,4563,Pending,1788
4564,4564,Pending,1166
4565,4565,Pending,1809
4566,4566,Completed,1006
4567,4567,Failed,1121
4568,4568,Completed,992
4569,4569,Pending,1227
4570,4570,Failed,1439
4571,4571,Completed,405
4572,4572,Completed,580
4573,4573,Completed,62
4574,4574,Failed,162
4575,4575,Failed,1577
4576,4576,Pending,1146
4577,4577,Pending,454
4578,4578,Completed,404
4579,4579,Completed,763
4580,4580,Completed,1110
4581,4581,Completed,822
4582,4582,Pending,1533
4583,4583,Failed,1530
4584,4584,Completed,1012
4585,4585,Completed,279
4586,4586,Completed,407
4587,4587,Completed,1540
4588,4588,Pending,1510
4589,4589,Failed,779
4590,4590,Pending,1520
4591,4591,Pending,981
4592,4592,Completed,1328
4593,4593,Completed,1356
4594,4594,Failed,1965
4595,4595,Pending,683
4596,4596,Pending,1187
4597,4597,Pending,1798
4598,4598,Completed,1896
4599,4599,Pending,74
4600,4600,Failed,1269
4601,4601,Pending,1647
4602,4602,Pending,1130
4603,4603,Failed,1320
4604,4604,Failed,1919
4605,4605,Completed,1907
4606,4606,Failed,406
4607,4607,Pending,1210
4608,4608,Pending,1098
4609,4609,Pending,1151
4610,4610,Pending,1484
4611,4611,Completed,1025
4612,4612,Failed,705
4613,4613,Failed,1060
4614,4614,Pending,1183
4615,4615,Failed,1495
4616,4616,Completed,408
4617,4617,Failed,1028
4618,4618,Pending,1278
4619,4619,Failed,1708
4620,4620,Completed,1871
4621,4621,Completed,557
4622,4622,Completed,1920
4623,4623,Failed,1164
4624,4624,Completed,124
4625,4625,Pending,1470
4626,4626,Failed,530
4627,4627,Completed,1888
4628,4628,Pending,1993
4629,4629,Completed,198
4630,4630,Pending,926
4631,4631,Pending,184
4632,4632,Pending,1759
4633,4633,Pending,78
4634,4634,Completed,1253
4635,4635,Failed,652
4636,4636,Failed,809
4637,4637,Failed,1174
4638,4638,Failed,1091
4639,4639,Failed,1140
4640,4640,Failed,883
4641,4641,Failed,1583
4642,4642,Completed,1609
4643,4643,Pending,1886
4644,4644,Completed,1810
4645,4645,Failed,866
4646,4646,Pending,24
4647,4647,Completed,1610
4648,4648,Pending,1906
4649,4649,Pending,78
4650,4650,Failed,1991
4651,4651,Completed,1483
4652,4652,Completed,1972
4653,4653,Completed,554
4654,4654,Failed,839
4655,4655,Completed,1475
4656,4656,Failed,1137
4657,4657,Pending,1198
4658,4658,Pending,501
4659,4659,Pending,935
4660,4660,Pending,982
4661,4661,Pending,270
4662,4662,Failed,878
4663,4663,Completed,681
4664,4664,Pending,642
4665,4665,Pending,1516
4666,4666,Completed,1970
4667,4667,Completed,1550
4668,4668,Failed,1095
4669,4669,Completed,1810
4670,4670,Failed,814
4671,4671,Failed,171
4672,4672,Failed,1133
4673,4673,Failed,1762
4674,4674,Failed,994
4675,4675,Failed,944
4676,4676,Completed,1942
4677,4677,Failed,1856
4678,4678,Failed,807
4679,4679,Completed,31
4680,4680,Pending,1059
4681,4681,Completed,1502
4682,4682,Pending,1684
4683,4683,Failed,1589
4684,4684,Failed,1029
4685,4685,Failed,1968
4686,4686,Completed,1025
4687,4687,Completed,1916
4688,4688,Failed,1291
4689,4689,Pending,175
4690,4690,Failed,242
4691,4691,Completed,1906
4692,4692,Pending,157
4693,4693,Failed,644
4694,4694,Completed,1009
4695,4695,Pending,439
4696,4696,Failed,985
4697,4697,Pending,884
4698,4698,Completed,494
4699,4699,Failed,1820
4700,4700,Pending,1179
4701,4701,Failed,1272
4702,4702,Completed,1828
4703,4703,Pending,1849
4704,4704,Pending,1508
4705,4705,Pending,1820
4706,4706,Failed,168
4707,4707,Pending,1196
4708,4708,Failed,1413
4709,4709,Pending,622
4710,4710,Completed,688
4711,4711,Pending,183
4712,4712,Completed,1949
4713,4713,Completed,783
4714,4714,Pending,1183
4715,4715,Failed,106
4716,4716,Completed,391
4717,4717,Completed,1876
4718,4718,Completed,566
4719,4719,Failed,1261
4720,4720,Completed,118
4721,4721,Pending,1984
4722,4722,Completed,263
4723,4723,Failed,1886
4724,4724,Completed,303
4725,4725,Failed,946
4726,4726,Failed,618
4727,4727,Failed,575
4728,4728,Failed,1646
4729,4729,Failed,1456
4730,4730,Pending,1250
4731,4731,Pending,425
4732,4732,Failed,1094
4733,4733,Completed,1865
4734,4734,Pending,1454
4735,4735,Completed,20
4736,4736,Failed,1307
4737,4737,Pending,1925
4738,4738,Pending,1846
4739,4739,Failed,6
4740,4740,Completed,491
4741,4741,Failed,1330
4742,4742,Completed,836
4743,4743,Failed,753
4744,4744,Failed,812
4745,4745,Failed,356
4746,4746,Failed,578
4747,4747,Completed,1207
4748,4748,Completed,1240
4749,4749,Failed,213
4750,4750,Failed,632
4751,4751,Failed,1719
4752,4752,Failed,923
4753,4753,Pending,912
4754,4754,Completed,215
4755,4755,Completed,1024
4756,4756,Completed,1255
4757,4757,Pending,1705
4758,4758,Failed,1856
4759,4759,Pending,377
4760,4760,Pending,1621
4761,4761,Failed,1112
4762,4762,Failed,301
4763,4763,Pending,384
4764,4764,Failed,1908
4765,4765,Failed,1113
4766,4766,Pending,1013
4767,4767,Failed,448
4768,4768,Pending,349
4769,4769,Failed,1469
4770,4770,Pending,873
4771,4771,Completed,101
4772,4772,Pending,1692
4773,4773,Completed,1713
4774,4774,Failed,516
4775,4775,Pending,238
4776,4776,Completed,1391
4777,4777,Pending,1099
4778,4778,Pending,1543
4779,4779,Pending,1833
4780,4780,Failed,1334
4781,4781,Completed,326
4782,4782,Completed,1268
4783,4783,Failed,891
4784,4784,Failed,266
4785,4785,Pending,1753
4786,4786,Failed,1386
4787,4787,Pending,1686
4788,4788,Pending,1618
4789,4789,Pending,1841
4790,4790,Completed,1053
4791,4791,Completed,1159
4792,4792,Completed,691
4793,4793,Failed,1824
4794,4794,Failed,860
4795,4795,Completed,838
4796,4796,Completed,1664
4797,4797,Pending,1180
4798,4798,Pending,987
4799,4799,Pending,1775
4800,4800,Failed,439
4801,4801,Completed,356
4802,4802,Completed,11
4803,4803,Pending,492
4804,4804,Failed,439
4805,4805,Pending,84
4806,4806,Completed,984
4807,4807,Completed,976
4808,4808,Pending,1813
4809,4809,Pending,408
4810,4810,Completed,1689
4811,4811,Completed,226
4812,4812,Pending,77
4813,4813,Pending,1087
4814,4814,Failed,319
4815,4815,Failed,276
4816,4816,Pending,724
4817,4817,Failed,651
4818,4818,Failed,843
4819,4819,Completed,1175
4820,4820,Completed,1716
4821,4821,Completed,1676
4822,4822,Failed,1185
4823,4823,Completed,150
4824,4824,Pending,1488
4825,4825,Pending,1119
4826,4826,Failed,1454
4827,4827,Failed,1822
4828,4828,Failed,1332
4829,4829,Failed,1455
4830,4830,Pending,842
4831,4831,Completed,788
4832,4832,Completed,1821
4833,4833,Failed,1830
4834,4834,Failed,1904
4835,4835,Completed,1828
4836,4836,Completed,248
4837,4837,Pending,1243
4838,4838,Pending,465
4839,4839,Failed,289
4840,4840,Completed,622
4841,4841,Pending,1747
4842,4842,Failed,1639
4843,4843,Pending,1851
4844,4844,Failed,1762
4845,4845,Failed,969
4846,4846,Completed,891
4847,4847,Pending,325
4848,4848,Failed,1625
4849,4849,Failed,471
4850,4850,Pending,2000
4851,4851,Failed,733
4852,4852,Pending,1659
4853,4853,Pending,1074
4854,4854,Failed,1552
4855,4855,Completed,1544
4856,4856,Pending,1384
4857,4857,Failed,1690
4858,4858,Pending,1725
4859,4859,Pending,377
4860,4860,Completed,661
4861,4861,Pending,799
4862,4862,Pending,1277
4863,4863,Completed,1791
4864,4864,Completed,1497
4865,4865,Failed,500
4866,4866,Failed,648
4867,4867,Completed,1073
4868,4868,Failed,143
4869,4869,Failed,933
4870,4870,Completed,1189
4871,4871,Pending,555
4872,4872,Pending,160
4873,4873,Failed,595
4874,4874,Completed,1092
4875,4875,Failed,782
4876,4876,Completed,1313
4877,4877,Completed,1120
4878,4878,Failed,911
4879,4879,Completed,1987
4880,4880,Pending,1123
4881,4881,Completed,592
4882,4882,Completed,171
4883,4883,Pending,285
4884,4884,Failed,1501
4885,4885,Pending,1462
4886,4886,Pending,1169
4887,4887,Completed,1699
4888,4888,Failed,1137
4889,4889,Completed,859
4890,4890,Pending,1005
4891,4891,Completed,737
4892,4892,Pending,674
4893,4893,Failed,1488
4894,4894,Failed,288
4895,4895,Completed,532
4896,4896,Pending,1862
4897,4897,Pending,1673
4898,4898,Pending,475
4899,4899,Completed,63
4900,4900,Pending,1982
4901,4901,Failed,141
4902,4902,Failed,139
4903,4903,Completed,1981
4904,4904,Pending,129
4905,4905,Failed,1598
4906,4906,Pending,448
4907,4907,Pending,1316
4908,4908,Completed,981
4909,4909,Failed,969
4910,4910,Failed,1961
4911,4911,Pending,883
4912,4912,Failed,722
4913,4913,Pending,1734
4914,4914,Failed,1453
4915,4915,Failed,178
4916,4916,Pending,875
4917,4917,Completed,1955
4918,4918,Completed,695
4919,4919,Pending,430
4920,4920,Failed,1621
4921,4921,Completed,1484
4922,4922,Pending,735
4923,4923,Failed,305
4924,4924,Pending,590
4925,4925,Failed,891
4926,4926,Pending,1586
4927,4927,Completed,258
4928,4928,Failed,671
4929,4929,Completed,153
4930,4930,Failed,1568
4931,4931,Failed,1109
4932,4932,Failed,288
4933,4933,Pending,1444
4934,4934,Pending,1434
4935,4935,Completed,266
4936,4936,Pending,687
4937,4937,Failed,177
4938,4938,Pending,951
4939,4939,Failed,1344
4940,4940,Pending,870
4941,4941,Pending,1215
4942,4942,Failed,1027
4943,4943,Completed,1604
4944,4944,Failed,829
4945,4945,Pending,1536
4946,4946,Completed,419
4947,4947,Pending,1294
4948,4948,Failed,268
4949,4949,Failed,343
4950,4950,Pending,976
4951,4951,Pending,1763
4952,4952,Pending,1716
4953,4953,Completed,34
4954,4954,Completed,1755
4955,4955,Pending,1348
4956,4956,Failed,1178
4957,4957,Pending,1772
4958,4958,Pending,1904
4959,4959,Completed,1596
4960,4960,Pending,1863
4961,4961,Failed,1568
4962,4962,Completed,809
4963,4963,Pending,1738
4964,4964,Completed,1499
4965,4965,Completed,178
4966,4966,Completed,395
4967,4967,Completed,1541
4968,4968,Completed,129
4969,4969,Pending,628
4970,4970,Failed,1090
4971,4971,Completed,1215
4972,4972,Failed,1171
4973,4973,Failed,1701
4974,4974,Completed,1772
4975,4975,Pending,1463
4976,4976,Pending,1478
4977,4977,Completed,498
4978,4978,Completed,1137
4979,4979,Pending,736
4980,4980,Completed,113
4981,4981,Completed,1587
4982,4982,Failed,493
4983,4983,Pending,87
4984,4984,Completed,257
4985,4985,Completed,1882
4986,4986,Pending,1132
4987,4987,Completed,261
4988,4988,Pending,221
4989,4989,Completed,237
4990,4990,Completed,1848
4991,4991,Completed,1018
4992,4992,Completed,1710
4993,4993,Pending,38
4994,4994,Pending,689
4995,4995,Pending,1265
4996,4996,Pending,1505
4997,4997,Completed,1900
4998,4998,Completed,1419
4999,4999,Failed,243
5000,5000,Completed,1786
5001,5001,Completed,591
5002,5002,Pending,477
5003,5003,Completed,1188
5004,5004,Pending,854
5005,5005,Pending,18
5006,5006,Failed,772
5007,5007,Pending,1711
5008,5008,Failed,1624
5009,5009,Completed,1025
5010,5010,Pending,1800
5011,5011,Pending,657
5012,5012,Pending,1482
5013,5013,Pending,1117
5014,5014,Pending,1368
5015,5015,Completed,957
5016,5016,Failed,1636
5017,5017,Failed,1411
5018,5018,Completed,522
5019,5019,Completed,1509
5020,5020,Failed,923
5021,5021,Pending,1734
5022,5022,Pending,1647
5023,5023,Failed,1903
5024,5024,Completed,1333
5025,5025,Completed,136
5026,5026,Pending,309
5027,5027,Completed,1084
5028,5028,Completed,1789
5029,5029,Pending,942
5030,5030,Failed,1826
5031,5031,Pending,347
5032,5032,Pending,1873
5033,5033,Pending,1484
5034,5034,Completed,175
5035,5035,Failed,1949
5036,5036,Completed,1640
5037,5037,Pending,1347
5038,5038,Pending,1113
5039,5039,Pending,885
5040,5040,Failed,1307
5041,5041,Failed,784
5042,5042,Failed,1162
5043,5043,Failed,1786
5044,5044,Completed,1284
5045,5045,Completed,686
5046,5046,Completed,1728
5047,5047,Pending,1703
5048,5048,Completed,248
5049,5049,Pending,1942
5050,5050,Failed,1606
5051,5051,Completed,984
5052,5052,Completed,1979
5053,5053,Failed,493
5054,5054,Pending,812
5055,5055,Pending,1467
5056,5056,Completed,1005
5057,5057,Completed,579
5058,5058,Pending,1176
5059,5059,Pending,789
5060,5060,Completed,1479
5061,5061,Failed,928
5062,5062,Pending,1499
5063,5063,Pending,842
5064,5064,Completed,757
5065,5065,Completed,701
5066,5066,Failed,410
5067,5067,Pending,176
5068,5068,Failed,1910
5069,5069,Pending,1667
5070,5070,Failed,1422
5071,5071,Failed,1172
5072,5072,Completed,889
5073,5073,Completed,1378
5074,5074,Failed,517
5075,5075,Failed,1718
5076,5076,Completed,1622
5077,5077,Failed,1602
5078,5078,Completed,1068
5079,5079,Completed,489
5080,5080,Failed,1782
5081,5081,Pending,1745
5082,5082,Failed,1784
5083,5083,Pending,297
5084,5084,Pending,182
5085,5085,Pending,1356
5086,5086,Completed,1622
5087,5087,Completed,1560
5088,5088,Pending,1536
5089,5089,Pending,230
5090,5090,Pending,1315
5091,5091,Completed,1539
5092,5092,Pending,192
5093,5093,Failed,864
5094,5094,Completed,1717
5095,5095,Failed,301
5096,5096,Failed,1734
5097,5097,Pending,26
5098,5098,Completed,1753
5099,5099,Pending,753
5100,5100,Completed,1389
5101,5101,Completed,651
5102,5102,Completed,140
5103,5103,Completed,845
5104,5104,Pending,712
5105,5105,Completed,389
5106,5106,Pending,57
5107,5107,Pending,1524
5108,5108,Pending,437
5109,5109,Pending,1289
5110,5110,Pending,1518
5111,5111,Completed,1145
5112,5112,Failed,1527
5113,5113,Pending,1739
5114,5114,Pending,1247
5115,5115,Pending,245
5116,5116,Failed,212
5117,5117,Pending,823
5118,5118,Completed,1230
5119,5119,Pending,518
5120,5120,Pending,1253
5121,5121,Pending,1239
5122,5122,Pending,605
5123,5123,Pending,727
5124,5124,Failed,244
5125,5125,Failed,447
5126,5126,Pending,1418
5127,5127,Failed,741
5128,5128,Pending,1150
5129,5129,Failed,552
5130,5130,Failed,1324
5131,5131,Pending,1643
5132,5132,Failed,551
5133,5133,Failed,1047
5134,5134,Pending,831
5135,5135,Completed,1351
5136,5136,Pending,469
5137,5137,Pending,990
5138,5138,Completed,683
5139,5139,Failed,49
5140,5140,Pending,1220
5141,5141,Pending,615
5142,5142,Completed,1461
5143,5143,Pending,1622
5144,5144,Pending,961
5145,5145,Failed,78
5146,5146,Pending,985
5147,5147,Pending,468
5148,5148,Pending,794
5149,5149,Failed,1856
5150,5150,Failed,1064
5151,5151,Failed,196
5152,5152,Failed,566
5153,5153,Failed,501
5154,5154,Completed,933
5155,5155,Completed,493
5156,5156,Completed,573
5157,5157,Pending,138
5158,5158,Pending,1830
5159,5159,Failed,1978
5160,5160,Pending,679
5161,5161,Failed,284
5162,5162,Completed,731
5163,5163,Completed,526
5164,5164,Pending,541
5165,5165,Completed,696
5166,5166,Failed,1203
5167,5167,Failed,256
5168,5168,Failed,1487
5169,5169,Failed,1634
5170,5170,Pending,195
5171,5171,Failed,1161
5172,5172,Pending,1447
5173,5173,Pending,1289
5174,5174,Completed,1646
5175,5175,Failed,563
5176,5176,Failed,1984
5177,5177,Completed,545
5178,5178,Completed,239
5179,5179,Pending,1582
5180,5180,Completed,1336
5181,5181,Completed,1200
5182,5182,Completed,930
5183,5183,Completed,1125
5184,5184,Failed,2
5185,5185,Completed,1525
5186,5186,Failed,688
5187,5187,Failed,1379
5188,5188,Failed,580
5189,5189,Completed,691
5190,5190,Failed,1245
5191,5191,Completed,429
5192,5192,Completed,1403
5193,5193,Failed,1378
5194,5194,Failed,1918
5195,5195,Pending,1866
5196,5196,Completed,1258
5197,5197,Pending,817
5198,5198,Completed,1059
5199,5199,Completed,1343
5200,5200,Pending,246
5201,5201,Completed,1996
5202,5202,Completed,1707
5203,5203,Failed,1232
5204,5204,Pending,315
5205,5205,Pending,493
5206,5206,Failed,1528
5207,5207,Failed,482
5208,5208,Failed,1533
5209,5209,Completed,694
5210,5210,Completed,575
5211,5211,Completed,78
5212,5212,Pending,213
5213,5213,Pending,93
5214,5214,Failed,1201
5215,5215,Pending,1483
5216,5216,Completed,1215
5217,5217,Pending,723
5218,5218,Failed,989
5219,5219,Pending,449
5220,5220,Failed,74
5221,5221,Failed,1248
5222,5222,Completed,73
5223,5223,Pending,502
5224,5224,Pending,621
5225,5225,Failed,801
5226,5226,Failed,888
5227,5227,Failed,216
5228,5228,Completed,1532
5229,5229,Pending,931
5230,5230,Pending,204
5231,5231,Completed,837
5232,5232,Pending,472
5233,5233,Failed,963
5234,5234,Failed,32
5235,5235,Pending,699
5236,5236,Completed,1927
5237,5237,Completed,144
5238,5238,Completed,539
5239,5239,Failed,1924
5240,5240,Pending,1762
5241,5241,Pending,1592
5242,5242,Failed,410
5243,5243,Pending,1373
5244,5244,Pending,242
5245,5245,Completed,1647
5246,5246,Failed,801
5247,5247,Completed,494
5248,5248,Completed,16
5249,5249,Completed,1541
5250,5250,Completed,1115
5251,5251,Failed,347
5252,5252,Pending,1419
5253,5253,Pending,1044
5254,5254,Failed,164
5255,5255,Completed,842
5256,5256,Failed,493
5257,5257,Pending,182
5258,5258,Pending,916
5259,5259,Pending,669
5260,5260,Completed,1041
5261,5261,Completed,972
5262,5262,Pending,1656
5263,5263,Failed,255
5264,5264,Failed,149
5265,5265,Failed,1688
5266,5266,Failed,738
5267,5267,Completed,1197
5268,5268,Pending,436
5269,5269,Completed,1324
5270,5270,Pending,1501
5271,5271,Failed,1539
5272,5272,Pending,381
5273,5273,Pending,1794
5274,5274,Completed,1342
5275,5275,Failed,1262
5276,5276,Failed,164
5277,5277,Pending,23
5278,5278,Completed,1990
5279,5279,Failed,423
5280,5280,Pending,858
5281,5281,Completed,143
5282,5282,Failed,1256
5283,5283,Pending,948
5284,5284,Pending,1294
5285,5285,Completed,1560
5286,5286,Completed,611
5287,5287,Failed,1129
5288,5288,Failed,1102
5289,5289,Failed,1530
5290,5290,Completed,272
5291,5291,Pending,1962
5292,5292,Completed,1162
5293,5293,Completed,1918
5294,5294,Pending,1897
5295,5295,Failed,1040
5296,5296,Failed,615
5297,5297,Pending,1488
5298,5298,Failed,9
5299,5299,Pending,1789
5300,5300,Pending,873
5301,5301,Completed,9
5302,5302,Pending,734
5303,5303,Completed,562
5304,5304,Pending,1622
5305,5305,Completed,1
5306,5306,Pending,331
5307,5307,Pending,132
5308,5308,Completed,1743
5309,5309,Pending,372
5310,5310,Failed,1719
5311,5311,Failed,226
5312,5312,Pending,854
5313,5313,Completed,1880
5314,5314,Completed,426
5315,5315,Completed,117
5316,5316,Completed,1447
5317,5317,Failed,663
5318,5318,Completed,91
5319,5319,Pending,1440
5320,5320,Failed,1488
5321,5321,Completed,4
5322,5322,Failed,949
5323,5323,Failed,717
5324,5324,Completed,517
5325,5325,Completed,1321
5326,5326,Completed,905
5327,5327,Pending,10
5328,5328,Pending,96
5329,5329,Failed,939
5330,5330,Failed,382
5331,5331,Pending,291
5332,5332,Failed,528
5333,5333,Completed,753
5334,5334,Failed,457
5335,5335,Pending,180
5336,5336,Completed,1471
5337,5337,Failed,1306
5338,5338,Failed,1076
5339,5339,Failed,120
5340,5340,Pending,1023
5341,5341,Failed,222
5342,5342,Completed,670
5343,5343,Failed,1032
5344,5344,Pending,1817
5345,5345,Completed,1990
5346,5346,Pending,1612
5347,5347,Completed,825
5348,5348,Pending,548
5349,5349,Pending,521
5350,5350,Failed,1184
5351,5351,Completed,1858
5352,5352,Completed,1741
5353,5353,Completed,1144
5354,5354,Completed,922
5355,5355,Pending,1762
5356,5356,Pending,547
5357,5357,Completed,1782
5358,5358,Completed,1842
5359,5359,Pending,1940
5360,5360,Failed,1108
5361,5361,Failed,1143
5362,5362,Failed,627
5363,5363,Completed,921
5364,5364,Failed,195
5365,5365,Completed,1399
5366,5366,Completed,952
5367,5367,Completed,698
5368,5368,Failed,60
5369,5369,Failed,1786
5370,5370,Pending,1932
5371,5371,Completed,421
5372,5372,Pending,221
5373,5373,Failed,1495
5374,5374,Completed,1864
5375,5375,Failed,1616
5376,5376,Completed,1671
5377,5377,Failed,1953
5378,5378,Pending,306
5379,5379,Pending,1725
5380,5380,Pending,1543
5381,5381,Completed,860
5382,5382,Completed,887
5383,5383,Completed,378
5384,5384,Completed,958
5385,5385,Failed,1132
5386,5386,Completed,932
5387,5387,Pending,1418
5388,5388,Failed,1447
5389,5389,Completed,1105
5390,5390,Pending,1224
5391,5391,Pending,1149
5392,5392,Completed,346
5393,5393,Failed,1975
5394,5394,Failed,1280
5395,5395,Completed,962
5396,5396,Failed,1479
5397,5397,Failed,751
5398,5398,Pending,1354
5399,5399,Failed,126
5400,5400,Completed,998
5401,5401,Failed,149
5402,5402,Completed,562
5403,5403,Completed,1562
5404,5404,Failed,722
5405,5405,Completed,1326
5406,5406,Failed,1875
5407,5407,Completed,110
5408,5408,Completed,356
5409,5409,Completed,1906
5410,5410,Failed,1132
5411,5411,Failed,1189
5412,5412,Completed,1066
5413,5413,Pending,1375
5414,5414,Pending,1284
5415,5415,Completed,1613
5416,5416,Failed,1963
5417,5417,Pending,1815
5418,5418,Failed,1459
5419,5419,Completed,1886
5420,5420,Failed,201
5421,5421,Completed,95
5422,5422,Failed,1013
5423,5423,Failed,382
5424,5424,Pending,1691
5425,5425,Pending,432
5426,5426,Pending,1463
5427,5427,Completed,1318
5428,5428,Completed,134
5429,5429,Pending,393
5430,5430,Failed,408
5431,5431,Failed,1886
5432,5432,Pending,357
5433,5433,Pending,169
5434,5434,Completed,1762
5435,5435,Failed,1244
5436,5436,Pending,227
5437,5437,Completed,814
5438,5438,Pending,1313
5439,5439,Completed,1137
5440,5440,Completed,1793
5441,5441,Completed,1486
5442,5442,Failed,1689
5443,5443,Failed,98
5444,5444,Pending,1542
5445,5445,Pending,932
5446,5446,Pending,538
5447,5447,Pending,1392
5448,5448,Completed,1026
5449,5449,Completed,456
5450,5450,Pending,953
5451,5451,Pending,1124
5452,5452,Pending,1158
5453,5453,Pending,1228
5454,5454,Failed,1481
5455,5455,Failed,860
5456,5456,Completed,1657
5457,5457,Failed,823
5458,5458,Pending,1488
5459,5459,Failed,1283
5460,5460,Pending,870
5461,5461,Completed,400
5462,5462,Completed,1169
5463,5463,Pending,152
5464,5464,Pending,1498
5465,5465,Failed,1976
5466,5466,Pending,583
5467,5467,Failed,805
5468,5468,Failed,1450
5469,5469,Failed,1019
5470,5470,Completed,464
5471,5471,Pending,580
5472,5472,Completed,1911
5473,5473,Failed,1088
5474,5474,Completed,1061
5475,5475,Completed,346
5476,5476,Completed,448
5477,5477,Failed,1530
5478,5478,Completed,664
5479,5479,Completed,1317
5480,5480,Pending,1137
5481,5481,Failed,169
5482,5482,Pending,1883
5483,5483,Pending,20
5484,5484,Pending,1483
5485,5485,Failed,694
5486,5486,Failed,1150
5487,5487,Pending,819
5488,5488,Failed,470
5489,5489,Pending,1855
5490,5490,Failed,634
5491,5491,Failed,211
5492,5492,Failed,484
5493,5493,Completed,1449
5494,5494,Failed,1759
5495,5495,Pending,639
5496,5496,Completed,1196
5497,5497,Failed,1382
5498,5498,Pending,1084
5499,5499,Pending,1931
5500,5500,Failed,307
5501,5501,Pending,1135
5502,5502,Pending,290
5503,5503,Completed,608
5504,5504,Pending,206
5505,5505,Failed,1170
5506,5506,Failed,1117
5507,5507,Failed,452
5508,5508,Completed,173
5509,5509,Completed,1958
5510,5510,Completed,308
5511,5511,Pending,864
5512,5512,Completed,1270
5513,5513,Failed,541
5514,5514,Failed,626
5515,5515,Failed,607
5516,5516,Completed,1590
5517,5517,Failed,1999
5518,5518,Failed,1043
5519,5519,Failed,1950
5520,5520,Pending,1091
5521,5521,Completed,1183
5522,5522,Failed,1889
5523,5523,Failed,1543
5524,5524,Completed,963
5525,5525,Pending,295
5526,5526,Failed,883
5527,5527,Completed,102
5528,5528,Pending,1792
5529,5529,Failed,1328
5530,5530,Failed,1984
5531,5531,Pending,422
5532,5532,Completed,339
5533,5533,Pending,1466
5534,5534,Pending,975
5535,5535,Failed,1196
5536,5536,Completed,477
5537,5537,Failed,944
5538,5538,Failed,1005
5539,5539,Failed,813
5540,5540,Pending,240
5541,5541,Completed,1597
5542,5542,Pending,1597
5543,5543,Failed,1110
5544,5544,Pending,1814
5545,5545,Pending,1942
5546,5546,Pending,1774
5547,5547,Completed,1352
5548,5548,Completed,1998
5549,5549,Pending,1825
5550,5550,Completed,1926
5551,5551,Completed,1473
5552,5552,Failed,933
5553,5553,Pending,330
5554,5554,Pending,979
5555,5555,Pending,1754
5556,5556,Pending,1382
5557,5557,Completed,699
5558,5558,Failed,1755
5559,5559,Pending,898
5560,5560,Failed,1807
5561,5561,Pending,522
5562,5562,Failed,1829
5563,5563,Completed,1402
5564,5564,Failed,782
5565,5565,Completed,135
5566,5566,Pending,1235
5567,5567,Completed,193
5568,5568,Failed,1062
5569,5569,Completed,603
5570,5570,Completed,1990
5571,5571,Completed,950
5572,5572,Completed,184
5573,5573,Completed,1027
5574,5574,Pending,1047
5575,5575,Pending,697
5576,5576,Pending,156
5577,5577,Pending,1627
5578,5578,Pending,1757
5579,5579,Completed,1295
5580,5580,Pending,1436
5581,5581,Completed,843
5582,5582,Failed,1852
5583,5583,Failed,102
5584,5584,Pending,1313
5585,5585,Completed,563
5586,5586,Completed,790
5587,5587,Failed,1033
5588,5588,Completed,741
5589,5589,Completed,365
5590,5590,Completed,798
5591,5591,Completed,1118
5592,5592,Failed,817
5593,5593,Pending,373
5594,5594,Completed,45
5595,5595,Pending,233
5596,5596,Failed,1810
5597,5597,Pending,1402
5598,5598,Completed,560
5599,5599,Failed,704
5600,5600,Pending,1225
5601,5601,Completed,1169
5602,5602,Failed,802
5603,5603,Completed,1494
5604,5604,Failed,1169
5605,5605,Pending,1865
5606,5606,Failed,1828
5607,5607,Pending,750
5608,5608,Failed,429
5609,5609,Pending,1845
5610,5610,Failed,1854
5611,5611,Pending,672
5612,5612,Pending,375
5613,5613,Completed,1247
5614,5614,Pending,585
5615,5615,Pending,1236
5616,5616,Pending,954
5617,5617,Completed,684
5618,5618,Failed,946
5619,5619,Failed,1081
5620,5620,Pending,808
5621,5621,Completed,937
5622,5622,Failed,1067
5623,5623,Pending,11
5624,5624,Failed,1900
5625,5625,Pending,179
5626,5626,Pending,197
5627,5627,Pending,320
5628,5628,Failed,149
5629,5629,Failed,1786
5630,5630,Pending,1440
5631,5631,Failed,1374
5632,5632,Failed,1934
5633,5633,Failed,789
5634,5634,Pending,596
5635,5635,Failed,1592
5636,5636,Completed,328
5637,5637,Failed,1635
5638,5638,Pending,899
5639,5639,Pending,1524
5640,5640,Failed,578
5641,5641,Failed,424
5642,5642,Pending,822
5643,5643,Failed,1577
5644,5644,Failed,221
5645,5645,Pending,1116
5646,5646,Pending,1498
5647,5647,Pending,338
5648,5648,Completed,471
5649,5649,Completed,211
5650,5650,Pending,751
5651,5651,Failed,1638
5652,5652,Pending,240
5653,5653,Pending,1240
5654,5654,Completed,635
5655,5655,Failed,775
5656,5656,Failed,745
5657,5657,Failed,287
5658,5658,Completed,127
5659,5659,Pending,1820
5660,5660,Pending,1054
5661,5661,Failed,858
5662,5662,Pending,1512
5663,5663,Failed,814
5664,5664,Completed,76
5665,5665,Pending,1774
5666,5666,Failed,1641
5667,5667,Pending,1710
5668,5668,Pending,648
5669,5669,Pending,721
5670,5670,Failed,591
5671,5671,Failed,512
5672,5672,Completed,401
5673,5673,Failed,1859
5674,5674,Failed,1227
5675,5675,Failed,1664
5676,5676,Completed,463
5677,5677,Pending,43
5678,5678,Completed,1913
5679,5679,Failed,671
5680,5680,Pending,730
5681,5681,Completed,603
5682,5682,Failed,1847
5683,5683,Failed,248
5684,5684,Completed,443
5685,5685,Failed,702
5686,5686,Completed,933
5687,5687,Pending,276
5688,5688,Failed,837
5689,5689,Failed,882
5690,5690,Pending,1488
5691,5691,Completed,797
5692,5692,Pending,596
5693,5693,Pending,445
5694,5694,Failed,616
5695,5695,Failed,354
5696,5696,Pending,1923
5697,5697,Completed,1024
5698,5698,Pending,176
5699,5699,Completed,1490
5700,5700,Completed,773
5701,5701,Completed,104
5702,5702,Pending,356
5703,5703,Completed,1887
5704,5704,Completed,1187
5705,5705,Pending,519
5706,5706,Completed,48
5707,5707,Failed,1501
5708,5708,Pending,1900
5709,5709,Pending,1728
5710,5710,Completed,820
5711,5711,Pending,1224
5712,5712,Failed,1192
5713,5713,Pending,994
5714,5714,Failed,1120
5715,5715,Completed,731
5716,5716,Completed,1335
5717,5717,Completed,1481
5718,5718,Pending,90
5719,5719,Pending,862
5720,5720,Failed,582
5721,5721,Pending,61
5722,5722,Pending,1112
5723,5723,Pending,1401
5724,5724,Completed,481
5725,5725,Failed,1630
5726,5726,Failed,1868
5727,5727,Pending,1031
5728,5728,Failed,1217
5729,5729,Failed,413
5730,5730,Completed,792
5731,5731,Pending,1824
5732,5732,Completed,606
5733,5733,Completed,1692
5734,5734,Pending,1915
5735,5735,Completed,1560
5736,5736,Failed,507
5737,5737,Failed,544
5738,5738,Completed,1719
5739,5739,Failed,1697
5740,5740,Failed,1388
5741,5741,Completed,1758
5742,5742,Failed,217
5743,5743,Failed,479
5744,5744,Pending,1175
5745,5745,Pending,1443
5746,5746,Completed,645
5747,5747,Failed,1556
5748,5748,Completed,1391
5749,5749,Pending,637
5750,5750,Completed,413
5751,5751,Completed,554
5752,5752,Pending,286
5753,5753,Pending,1243
5754,5754,Pending,1295
5755,5755,Completed,659
5756,5756,Completed,446
5757,5757,Completed,1097
5758,5758,Completed,206
5759,5759,Pending,1748
5760,5760,Completed,1287
5761,5761,Failed,89
5762,5762,Pending,1353
5763,5763,Failed,1215
5764,5764,Pending,394
5765,5765,Pending,1001
5766,5766,Pending,647
5767,5767,Completed,1742
5768,5768,Failed,1818
5769,5769,Failed,1118
5770,5770,Completed,121
5771,5771,Pending,1562
5772,5772,Completed,399
5773,5773,Pending,398
5774,5774,Pending,782
5775,5775,Completed,977
5776,5776,Completed,1166
5777,5777,Failed,770
5778,5778,Pending,859
5779,5779,Failed,1349
5780,5780,Pending,1291
5781,5781,Pending,1710
5782,5782,Failed,229
5783,5783,Completed,667
5784,5784,Pending,1204
5785,5785,Completed,920
5786,5786,Completed,1318
5787,5787,Failed,1852
5788,5788,Failed,1146
5789,5789,Pending,135
5790,5790,Failed,530
5791,5791,Pending,1258
5792,5792,Pending,1016
5793,5793,Failed,1627
5794,5794,Pending,1428
5795,5795,Completed,537
5796,5796,Failed,1560
5797,5797,Failed,1470
5798,5798,Pending,314
5799,5799,Completed,666
5800,5800,Failed,372
5801,5801,Completed,1530
5802,5802,Failed,774
5803,5803,Completed,786
5804,5804,Completed,1748
5805,5805,Pending,1597
5806,5806,Pending,580
5807,5807,Pending,1456
5808,5808,Completed,1039
5809,5809,Failed,63
5810,5810,Completed,149
5811,5811,Completed,848
5812,5812,Completed,1055
5813,5813,Completed,899
5814,5814,Failed,1288
5815,5815,Pending,1819
5816,5816,Failed,223
5817,5817,Pending,1695
5818,5818,Pending,1906
5819,5819,Failed,1235
5820,5820,Completed,1201
5821,5821,Pending,439
5822,5822,Failed,952
5823,5823,Failed,1689
5824,5824,Pending,278
5825,5825,Completed,1226
5826,5826,Completed,1059
5827,5827,Failed,565
5828,5828,Failed,863
5829,5829,Pending,1254
5830,5830,Pending,1352
5831,5831,Failed,932
5832,5832,Failed,721
5833,5833,Completed,1975
5834,5834,Failed,711
5835,5835,Failed,1970
5836,5836,Pending,1696
5837,5837,Pending,279
5838,5838,Pending,440
5839,5839,Completed,959
5840,5840,Failed,1225
5841,5841,Completed,1875
5842,5842,Failed,369
5843,5843,Completed,458
5844,5844,Pending,1960
5845,5845,Failed,1118
5846,5846,Pending,538
5847,5847,Pending,1959
5848,5848,Pending,553
5849,5849,Failed,794
5850,5850,Failed,1632
5851,5851,Pending,917
5852,5852,Pending,560
5853,5853,Pending,32
5854,5854,Failed,1417
5855,5855,Failed,995
5856,5856,Failed,322
5857,5857,Pending,1448
5858,5858,Completed,1553
5859,5859,Pending,434
5860,5860,Failed,382
5861,5861,Failed,100
5862,5862,Pending,933
5863,5863,Failed,1290
5864,5864,Completed,1235
5865,5865,Completed,419
5866,5866,Pending,1756
5867,5867,Failed,924
5868,5868,Pending,989
5869,5869,Completed,526
5870,5870,Failed,1158
5871,5871,Failed,666
5872,5872,Completed,1148
5873,5873,Completed,586
5874,5874,Failed,38
5875,5875,Completed,691
5876,5876,Completed,1627
5877,5877,Pending,1295
5878,5878,Completed,527
5879,5879,Completed,1685
5880,5880,Pending,773
5881,5881,Completed,1027
5882,5882,Completed,804
5883,5883,Completed,1565
5884,5884,Pending,893
5885,5885,Pending,1664
5886,5886,Failed,823
5887,5887,Pending,1305
5888,5888,Failed,1050
5889,5889,Pending,1492
5890,5890,Pending,1363
5891,5891,Completed,265
5892,5892,Completed,790
5893,5893,Failed,1125
5894,5894,Pending,1955
5895,5895,Failed,1932
5896,5896,Completed,1683
5897,5897,Failed,123
5898,5898,Pending,410
5899,5899,Pending,619
5900,5900,Failed,1091
5901,5901,Pending,1816
5902,5902,Pending,968
5903,5903,Pending,1565
5904,5904,Completed,26
5905,5905,Completed,484
5906,5906,Failed,1315
5907,5907,Failed,1408
5908,5908,Pending,573
5909,5909,Completed,1028
5910,5910,Completed,60
5911,5911,Completed,1278
5912,5912,Completed,659
5913,5913,Pending,430
5914,5914,Completed,81
5915,5915,Pending,964
5916,5916,Completed,229
5917,5917,Pending,300
5918,5918,Failed,502
5919,5919,Failed,731
5920,5920,Completed,977
5921,5921,Completed,168
5922,5922,Failed,799
5923,5923,Pending,624
5924,5924,Pending,1983
5925,5925,Failed,7
5926,5926,Failed,781
5927,5927,Completed,410
5928,5928,Pending,847
5929,5929,Completed,433
5930,5930,Pending,252
5931,5931,Completed,1267
5932,5932,Completed,884
5933,5933,Completed,642
5934,5934,Failed,953
5935,5935,Pending,536
5936,5936,Pending,624
5937,5937,Pending,951
5938,5938,Pending,1994
5939,5939,Completed,617
5940,5940,Pending,1798
5941,5941,Pending,114
5942,5942,Failed,118
5943,5943,Failed,1161
5944,5944,Completed,1949
5945,5945,Completed,1231
5946,5946,Pending,14
5947,5947,Completed,415
5948,5948,Failed,901
5949,5949,Failed,1848
5950,5950,Completed,1662
5951,5951,Pending,1957
5952,5952,Completed,412
5953,5953,Failed,936
5954,5954,Failed,1146
5955,5955,Pending,548
5956,5956,Failed,1127
5957,5957,Pending,1149
5958,5958,Completed,1993
5959,5959,Completed,18
5960,5960,Pending,1956
5961,5961,Pending,616
5962,5962,Pending,798
5963,5963,Pending,951
5964,5964,Completed,174
5965,5965,Failed,888
5966,5966,Failed,1669
5967,5967,Failed,1395
5968,5968,Failed,1236
5969,5969,Failed,414
5970,5970,Failed,16
5971,5971,Pending,1050
5972,5972,Completed,1242
5973,5973,Completed,1489
5974,5974,Completed,136
5975,5975,Failed,549
5976,5976,Pending,677
5977,5977,Pending,157
5978,5978,Pending,496
5979,5979,Failed,916
5980,5980,Pending,526
5981,5981,Completed,408
5982,5982,Pending,156
5983,5983,Failed,867
5984,5984,Completed,832
5985,5985,Pending,486
5986,5986,Failed,552
5987,5987,Pending,240
5988,5988,Failed,355
5989,5989,Pending,726
5990,5990,Pending,1788
5991,5991,Completed,22
5992,5992,Pending,1052
5993,5993,Failed,12
5994,5994,Completed,912
5995,5995,Failed,1116
5996,5996,Completed,1165
5997,5997,Pending,1468
5998,5998,Failed,621
5999,5999,Pending,536
6000,6000,Pending,1611
6001,6001,Completed,1916
6002,6002,Failed,719
6003,6003,Pending,164
6004,6004,Failed,576
6005,6005,Failed,951
6006,6006,Pending,657
6007,6007,Completed,1277
6008,6008,Failed,445
6009,6009,Pending,1238
6010,6010,Pending,494
6011,6011,Completed,808
6012,6012,Failed,16
6013,6013,Pending,1447
6014,6014,Failed,325
6015,6015,Failed,487
6016,6016,Failed,1254
6017,6017,Pending,481
6018,6018,Pending,1988
6019,6019,Completed,1002
6020,6020,Completed,758
6021,6021,Completed,266
6022,6022,Failed,1216
6023,6023,Pending,190
6024,6024,Failed,1153
6025,6025,Pending,1766
6026,6026,Failed,1054
6027,6027,Completed,824
6028,6028,Pending,1352
6029,6029,Pending,895
6030,6030,Pending,510
6031,6031,Failed,996
6032,6032,Completed,1290
6033,6033,Completed,1305
6034,6034,Failed,1857
6035,6035,Completed,1968
6036,6036,Completed,231
6037,6037,Completed,56
6038,6038,Completed,915
6039,6039,Failed,832
6040,6040,Pending,591
6041,6041,Completed,198
6042,6042,Pending,276
6043,6043,Pending,1053
6044,6044,Failed,996
6045,6045,Pending,140
6046,6046,Failed,740
6047,6047,Pending,751
6048,6048,Pending,1999
6049,6049,Failed,1575
6050,6050,Completed,452
6051,6051,Pending,1532
6052,6052,Failed,1284
6053,6053,Pending,913
6054,6054,Completed,1730
6055,6055,Pending,313
6056,6056,Completed,1946
6057,6057,Completed,1818
6058,6058,Pending,1786
6059,6059,Failed,229
6060,6060,Completed,223
6061,6061,Pending,1364
6062,6062,Completed,869
6063,6063,Pending,1301
6064,6064,Pending,286
6065,6065,Completed,1756
6066,6066,Completed,176
6067,6067,Completed,1677
6068,6068,Failed,1542
6069,6069,Failed,1708
6070,6070,Failed,439
6071,6071,Completed,1225
6072,6072,Completed,1006
6073,6073,Completed,162
6074,6074,Failed,1934
6075,6075,Completed,1815
6076,6076,Pending,1581
6077,6077,Failed,1515
6078,6078,Pending,1858
6079,6079,Pending,649
6080,6080,Failed,1301
6081,6081,Completed,1984
6082,6082,Pending,1973
6083,6083,Failed,1805
6084,6084,Failed,623
6085,6085,Failed,1590
6086,6086,Failed,1593
6087,6087,Failed,1502
6088,6088,Failed,1395
6089,6089,Pending,998
6090,6090,Failed,1915
6091,6091,Failed,497
6092,6092,Failed,1481
6093,6093,Completed,1644
6094,6094,Pending,1015
6095,6095,Pending,823
6096,6096,Pending,1575
6097,6097,Failed,371
6098,6098,Completed,487
6099,6099,Completed,1654
6100,6100,Pending,1442
6101,6101,Pending,1155
6102,6102,Pending,1857
6103,6103,Pending,431
6104,6104,Completed,1194
6105,6105,Pending,69
6106,6106,Failed,894
6107,6107,Completed,1482
6108,6108,Completed,1980
6109,6109,Failed,1465
6110,6110,Failed,1479
6111,6111,Failed,1693
6112,6112,Pending,211
6113,6113,Pending,1871
6114,6114,Pending,1313
6115,6115,Completed,164
6116,6116,Completed,38
6117,6117,Failed,1730
6118,6118,Completed,1402
6119,6119,Pending,177
6120,6120,Completed,443
6121,6121,Pending,1455
6122,6122,Failed,1394
6123,6123,Completed,841
6124,6124,Completed,538
6125,6125,Completed,1683
6126,6126,Pending,1350
6127,6127,Pending,1516
6128,6128,Failed,618
6129,6129,Failed,1179
6130,6130,Failed,1384
6131,6131,Completed,530
6132,6132,Pending,105
6133,6133,Failed,123
6134,6134,Completed,1996
6135,6135,Failed,1490
6136,6136,Pending,870
6137,6137,Completed,1687
6138,6138,Completed,1611
6139,6139,Completed,989
6140,6140,Failed,1403
6141,6141,Completed,1673
6142,6142,Failed,1646
6143,6143,Failed,677
6144,6144,Completed,1753
6145,6145,Failed,110
6146,6146,Failed,1846
6147,6147,Failed,1692
6148,6148,Failed,285
6149,6149,Failed,610
6150,6150,Completed,696
6151,6151,Completed,1479
6152,6152,Failed,478
6153,6153,Completed,656
6154,6154,Failed,1020
6155,6155,Completed,496
6156,6156,Completed,423
6157,6157,Pending,338
6158,6158,Failed,136
6159,6159,Failed,1916
6160,6160,Completed,553
6161,6161,Completed,554
6162,6162,Pending,727
6163,6163,Completed,1526
6164,6164,Failed,445
6165,6165,Pending,1195
6166,6166,Completed,863
6167,6167,Failed,123
6168,6168,Failed,1244
6169,6169,Pending,340
6170,6170,Completed,1635
6171,6171,Pending,1830
6172,6172,Completed,706
6173,6173,Completed,339
6174,6174,Completed,1057
6175,6175,Failed,1987
6176,6176,Failed,1617
6177,6177,Failed,59
6178,6178,Completed,1059
6179,6179,Pending,1212
6180,6180,Completed,1591
6181,6181,Completed,452
6182,6182,Failed,852
6183,6183,Pending,1850
6184,6184,Pending,1312
6185,6185,Failed,1177
6186,6186,Failed,189
6187,6187,Failed,1383
6188,6188,Pending,1383
6189,6189,Failed,1623
6190,6190,Pending,312
6191,6191,Pending,1112
6192,6192,Pending,1552
6193,6193,Failed,1542
6194,6194,Pending,1251
6195,6195,Completed,1556
6196,6196,Failed,861
6197,6197,Pending,932
6198,6198,Completed,541
6199,6199,Pending,43
6200,6200,Pending,154
6201,6201,Failed,159
6202,6202,Completed,1576
6203,6203,Failed,1434
6204,6204,Failed,1261
6205,6205,Pending,896
6206,6206,Completed,1737
6207,6207,Pending,1658
6208,6208,Completed,1406
6209,6209,Completed,1740
6210,6210,Pending,785
6211,6211,Pending,17
6212,6212,Failed,1373
6213,6213,Pending,74
6214,6214,Failed,372
6215,6215,Pending,1815
6216,6216,Pending,1220
6217,6217,Pending,355
6218,6218,Pending,1732
6219,6219,Pending,1912
6220,6220,Pending,1627
6221,6221,Failed,1752
6222,6222,Pending,1226
6223,6223,Completed,1105
6224,6224,Completed,1346
6225,6225,Failed,662
6226,6226,Pending,1787
6227,6227,Completed,654
6228,6228,Pending,501
6229,6229,Failed,1852
6230,6230,Failed,577
6231,6231,Failed,22
6232,6232,Completed,1610
6233,6233,Completed,698
6234,6234,Failed,1125
6235,6235,Failed,602
6236,6236,Completed,860
6237,6237,Pending,1694
6238,6238,Completed,1273
6239,6239,Pending,1176
6240,6240,Pending,65
6241,6241,Completed,1968
6242,6242,Pending,689
6243,6243,Pending,718
6244,6244,Pending,1799
6245,6245,Completed,562
6246,6246,Pending,1474
6247,6247,Completed,1364
6248,6248,Failed,69
6249,6249,Completed,590
6250,6250,Completed,647
6251,6251,Failed,926
6252,6252,Failed,1112
6253,6253,Failed,939
6254,6254,Completed,119
6255,6255,Completed,1041
6256,6256,Completed,1571
6257,6257,Pending,58
6258,6258,Failed,750
6259,6259,Completed,1622
6260,6260,Completed,696
6261,6261,Pending,1241
6262,6262,Pending,1713
6263,6263,Failed,1038
6264,6264,Pending,1761
6265,6265,Failed,1528
6266,6266,Completed,1905
6267,6267,Pending,664
6268,6268,Completed,469
6269,6269,Pending,1365
6270,6270,Completed,60
6271,6271,Failed,574
6272,6272,Completed,120
6273,6273,Failed,1419
6274,6274,Completed,983
6275,6275,Failed,557
6276,6276,Failed,1804
6277,6277,Pending,1349
6278,6278,Pending,1157
6279,6279,Completed,1661
6280,6280,Pending,914
6281,6281,Pending,1273
6282,6282,Completed,1916
6283,6283,Failed,1657
6284,6284,Failed,997
6285,6285,Pending,799
6286,6286,Failed,548
6287,6287,Pending,821
6288,6288,Completed,394
6289,6289,Failed,452
6290,6290,Failed,1444
6291,6291,Failed,1910
6292,6292,Pending,281
6293,6293,Failed,983
6294,6294,Completed,246
6295,6295,Failed,900
6296,6296,Failed,1893
6297,6297,Failed,882
6298,6298,Pending,1090
6299,6299,Completed,1043
6300,6300,Completed,466
6301,6301,Failed,1160
6302,6302,Pending,810
6303,6303,Pending,188
6304,6304,Pending,738
6305,6305,Failed,645
6306,6306,Pending,241
6307,6307,Pending,959
6308,6308,Failed,1736
6309,6309,Failed,1916
6310,6310,Completed,323
6311,6311,Pending,1666
6312,6312,Failed,1130
6313,6313,Failed,773
6314,6314,Failed,1317
6315,6315,Failed,998
6316,6316,Completed,1328
6317,6317,Pending,1147
6318,6318,Failed,724
6319,6319,Completed,1567
6320,6320,Completed,578
6321,6321,Pending,634
6322,6322,Pending,1804
6323,6323,Completed,1628
6324,6324,Pending,1347
6325,6325,Failed,198
6326,6326,Failed,238
6327,6327,Completed,1434
6328,6328,Pending,322
6329,6329,Pending,1710
6330,6330,Pending,810
6331,6331,Completed,1211
6332,6332,Failed,647
6333,6333,Failed,1174
6334,6334,Completed,567
6335,6335,Pending,1609
6336,6336,Failed,698
6337,6337,Pending,57
6338,6338,Pending,1095
6339,6339,Pending,1790
6340,6340,Completed,1817
6341,6341,Pending,2
6342,6342,Failed,1583
6343,6343,Completed,88
6344,6344,Completed,333
6345,6345,Pending,1187
6346,6346,Failed,698
6347,6347,Failed,1266
6348,6348,Pending,226
6349,6349,Pending,1247
6350,6350,Pending,851
6351,6351,Failed,383
6352,6352,Failed,757
6353,6353,Completed,223
6354,6354,Pending,388
6355,6355,Completed,1270
6356,6356,Completed,356
6357,6357,Failed,737
6358,6358,Failed,1246
6359,6359,Pending,851
6360,6360,Failed,1630
6361,6361,Completed,785
6362,6362,Completed,816
6363,6363,Completed,1826
6364,6364,Pending,103
6365,6365,Pending,913
6366,6366,Pending,916
6367,6367,Completed,388
6368,6368,Pending,755
6369,6369,Failed,1261
6370,6370,Completed,372
6371,6371,Failed,805
6372,6372,Failed,463
6373,6373,Pending,137
6374,6374,Failed,995
6375,6375,Completed,1629
6376,6376,Completed,1318
6377,6377,Pending,576
6378,6378,Failed,188
6379,6379,Completed,1279
6380,6380,Failed,755
6381,6381,Failed,46
6382,6382,Pending,1732
6383,6383,Failed,1371
6384,6384,Failed,90
6385,6385,Pending,126
6386,6386,Pending,1726
6387,6387,Failed,715
6388,6388,Failed,285
6389,6389,Pending,626
6390,6390,Pending,1008
6391,6391,Failed,644
6392,6392,Failed,388
6393,6393,Completed,523
6394,6394,Completed,1874
6395,6395,Completed,629
6396,6396,Completed,378
6397,6397,Failed,1806
6398,6398,Completed,681
6399,6399,Pending,499
6400,6400,Completed,1836
6401,6401,Completed,102
6402,6402,Failed,1405
6403,6403,Completed,1116
6404,6404,Pending,1440
6405,6405,Completed,897
6406,6406,Completed,90
6407,6407,Failed,1981
6408,6408,Pending,1548
6409,6409,Failed,76
6410,6410,Completed,865
6411,6411,Completed,138
6412,6412,Completed,1787
6413,6413,Failed,1711
6414,6414,Failed,941
6415,6415,Failed,582
6416,6416,Pending,1817
6417,6417,Completed,1279
6418,6418,Pending,39
6419,6419,Failed,71
6420,6420,Completed,1805
6421,6421,Pending,871
6422,6422,Pending,171
6423,6423,Completed,1182
6424,6424,Failed,157
6425,6425,Failed,259
6426,6426,Pending,1199
6427,6427,Pending,1865
6428,6428,Failed,467
6429,6429,Pending,1358
6430,6430,Completed,1041
6431,6431,Failed,1428
6432,6432,Completed,1301
6433,6433,Pending,127
6434,6434,Pending,810
6435,6435,Completed,1500
6436,6436,Pending,657
6437,6437,Failed,1591
6438,6438,Pending,1057
6439,6439,Completed,171
6440,6440,Failed,143
6441,6441,Failed,989
6442,6442,Completed,1483
6443,6443,Pending,1989
6444,6444,Pending,646
6445,6445,Pending,1261
6446,6446,Pending,755
6447,6447,Completed,617
6448,6448,Pending,1577
6449,6449,Completed,797
6450,6450,Failed,1944
6451,6451,Completed,1754
6452,6452,Pending,964
6453,6453,Failed,217
6454,6454,Failed,391
6455,6455,Pending,1964
6456,6456,Pending,411
6457,6457,Completed,1458
6458,6458,Pending,1413
6459,6459,Failed,1159
6460,6460,Failed,1431
6461,6461,Completed,957
6462,6462,Completed,269
6463,6463,Completed,1497
6464,6464,Pending,649
6465,6465,Pending,1712
6466,6466,Pending,645
6467,6467,Completed,784
6468,6468,Pending,1942
6469,6469,Completed,522
6470,6470,Completed,1477
6471,6471,Failed,125
6472,6472,Pending,1546
6473,6473,Pending,337
6474,6474,Completed,408
6475,6475,Completed,1936
6476,6476,Completed,1461
6477,6477,Failed,1600
6478,6478,Pending,990
6479,6479,Completed,991
6480,6480,Pending,1802
6481,6481,Completed,899
6482,6482,Completed,1291
6483,6483,Failed,606
6484,6484,Failed,1699
6485,6485,Completed,492
6486,6486,Completed,413
6487,6487,Completed,637
6488,6488,Failed,1633
6489,6489,Completed,1855
6490,6490,Pending,890
6491,6491,Pending,1405
6492,6492,Failed,1774
6493,6493,Completed,1537
6494,6494,Pending,1143
6495,6495,Pending,399
6496,6496,Completed,1599
6497,6497,Completed,931
6498,6498,Completed,750
6499,6499,Completed,1904
6500,6500,Completed,1524
6501,6501,Completed,1447
6502,6502,Pending,1334
6503,6503,Completed,885
6504,6504,Failed,1474
6505,6505,Pending,958
6506,6506,Pending,132
6507,6507,Completed,818
6508,6508,Failed,85
6509,6509,Pending,658
6510,6510,Completed,1737
6511,6511,Completed,717
6512,6512,Failed,1666
6513,6513,Pending,1489
6514,6514,Failed,677
6515,6515,Completed,426
6516,6516,Completed,106
6517,6517,Pending,1312
6518,6518,Pending,248
6519,6519,Pending,428
6520,6520,Failed,974
6521,6521,Failed,124
6522,6522,Failed,475
6523,6523,Failed,23
6524,6524,Completed,798
6525,6525,Pending,717
6526,6526,Completed,124
6527,6527,Pending,1218
6528,6528,Failed,1373
6529,6529,Pending,109
6530,6530,Pending,1242
6531,6531,Pending,388
6532,6532,Completed,573
6533,6533,Pending,178
6534,6534,Pending,532
6535,6535,Failed,1196
6536,6536,Failed,542
6537,6537,Failed,554
6538,6538,Pending,81
6539,6539,Completed,584
6540,6540,Completed,1917
6541,6541,Completed,441
6542,6542,Pending,887
6543,6543,Completed,248
6544,6544,Failed,1672
6545,6545,Pending,812
6546,6546,Failed,1796
6547,6547,Pending,1763
6548,6548,Pending,1867
6549,6549,Failed,1962
6550,6550,Completed,319
6551,6551,Failed,1708
6552,6552,Pending,907
6553,6553,Completed,581
6554,6554,Completed,760
6555,6555,Failed,790
6556,6556,Completed,486
6557,6557,Failed,1447
6558,6558,Completed,716
6559,6559,Pending,1657
6560,6560,Failed,128
6561,6561,Failed,1395
6562,6562,Completed,721
6563,6563,Completed,1261
6564,6564,Completed,1936
6565,6565,Failed,1327
6566,6566,Completed,1556
6567,6567,Failed,621
6568,6568,Failed,203
6569,6569,Failed,1468
6570,6570,Completed,1672
6571,6571,Pending,1132
6572,6572,Failed,703
6573,6573,Completed,182
6574,6574,Pending,1319
6575,6575,Pending,1879
6576,6576,Pending,1691
6577,6577,Completed,1874
6578,6578,Completed,1311
6579,6579,Failed,346
6580,6580,Failed,1278
6581,6581,Pending,1937
6582,6582,Failed,30
6583,6583,Pending,1670
6584,6584,Failed,881
6585,6585,Completed,1685
6586,6586,Failed,1671
6587,6587,Pending,1450
6588,6588,Failed,1125
6589,6589,Pending,687
6590,6590,Pending,1152
6591,6591,Failed,540
6592,6592,Failed,1935
6593,6593,Failed,1230
6594,6594,Completed,744
6595,6595,Completed,167
6596,6596,Pending,178
6597,6597,Pending,937
6598,6598,Pending,1445
6599,6599,Failed,761
6600,6600,Failed,1011
6601,6601,Pending,1117
6602,6602,Completed,359
6603,6603,Failed,1785
6604,6604,Pending,201
6605,6605,Completed,1796
6606,6606,Failed,1615
6607,6607,Failed,146
6608,6608,Completed,763
6609,6609,Completed,1530
6610,6610,Pending,1705
6611,6611,Completed,1220
6612,6612,Failed,755
6613,6613,Completed,1841
6614,6614,Failed,1508
6615,6615,Failed,1208
6616,6616,Completed,1819
6617,6617,Completed,530
6618,6618,Completed,1581
6619,6619,Completed,62
6620,6620,Completed,442
6621,6621,Completed,1691
6622,6622,Pending,49
6623,6623,Pending,706
6624,6624,Failed,1612
6625,6625,Pending,1017
6626,6626,Pending,455
6627,6627,Completed,1304
6628,6628,Pending,799
6629,6629,Failed,744
6630,6630,Completed,180
6631,6631,Completed,1559
6632,6632,Pending,1728
6633,6633,Completed,1169
6634,6634,Completed,824
6635,6635,Completed,1880
6636,6636,Pending,1577
6637,6637,Failed,1779
6638,6638,Completed,926
6639,6639,Failed,1301
6640,6640,Failed,951
6641,6641,Pending,1813
6642,6642,Completed,676
6643,6643,Completed,1145
6644,6644,Failed,1504
6645,6645,Failed,127
6646,6646,Pending,849
6647,6647,Completed,1167
6648,6648,Failed,1509
6649,6649,Completed,995
6650,6650,Failed,1167
6651,6651,Failed,1574
6652,6652,Pending,1226
6653,6653,Completed,478
6654,6654,Failed,897
6655,6655,Pending,377
6656,6656,Failed,465
6657,6657,Completed,794
6658,6658,Failed,121
6659,6659,Completed,1986
6660,6660,Completed,1147
6661,6661,Failed,1392
6662,6662,Failed,209
6663,6663,Failed,567
6664,6664,Failed,1870
6665,6665,Failed,1171
6666,6666,Pending,727
6667,6667,Completed,1925
6668,6668,Pending,587
6669,6669,Failed,242
6670,6670,Completed,12
6671,6671,Completed,446
6672,6672,Completed,1077
6673,6673,Failed,578
6674,6674,Completed,1797
6675,6675,Completed,1221
6676,6676,Completed,1694
6677,6677,Pending,720
6678,6678,Completed,650
6679,6679,Pending,924
6680,6680,Failed,822
6681,6681,Failed,900
6682,6682,Pending,961
6683,6683,Pending,1190
6684,6684,Pending,1007
6685,6685,Pending,1449
6686,6686,Failed,417
6687,6687,Failed,1448
6688,6688,Failed,341
6689,6689,Pending,323
6690,6690,Pending,1593
6691,6691,Completed,1832
6692,6692,Failed,243
6693,6693,Completed,536
6694,6694,Failed,479
6695,6695,Completed,1138
6696,6696,Pending,1108
6697,6697,Pending,529
6698,6698,Failed,1193
6699,6699,Failed,1020
6700,6700,Pending,912
6701,6701,Pending,109
6702,6702,Failed,1703
6703,6703,Failed,373
6704,6704,Pending,796
6705,6705,Pending,1458
6706,6706,Completed,1015
6707,6707,Failed,375
6708,6708,Failed,354
6709,6709,Pending,1702
6710,6710,Pending,379
6711,6711,Completed,1798
6712,6712,Pending,1740
6713,6713,Failed,931
6714,6714,Pending,922
6715,6715,Failed,369
6716,6716,Pending,254
6717,6717,Failed,1640
6718,6718,Pending,332
6719,6719,Completed,161
6720,6720,Completed,847
6721,6721,Pending,1632
6722,6722,Pending,1285
6723,6723,Pending,238
6724,6724,Completed,320
6725,6725,Pending,1379
6726,6726,Completed,1490
6727,6727,Completed,1915
6728,6728,Pending,1006
6729,6729,Completed,127
6730,6730,Failed,1190
6731,6731,Failed,773
6732,6732,Completed,1138
6733,6733,Pending,842
6734,6734,Pending,1380
6735,6735,Failed,837
6736,6736,Failed,1928
6737,6737,Completed,513
6738,6738,Failed,349
6739,6739,Completed,973
6740,6740,Completed,1797
6741,6741,Completed,1319
6742,6742,Failed,1021
6743,6743,Failed,913
6744,6744,Failed,162
6745,6745,Completed,1063
6746,6746,Failed,1046
6747,6747,Pending,812
6748,6748,Pending,1523
6749,6749,Completed,597
6750,6750,Failed,606
6751,6751,Completed,355
6752,6752,Completed,1656
6753,6753,Failed,562
6754,6754,Completed,1799
6755,6755,Failed,779
6756,6756,Failed,1773
6757,6757,Completed,1114
6758,6758,Completed,768
6759,6759,Completed,116
6760,6760,Pending,1083
6761,6761,Completed,1070
6762,6762,Pending,1436
6763,6763,Completed,218
6764,6764,Pending,162
6765,6765,Failed,58
6766,6766,Completed,1679
6767,6767,Completed,966
6768,6768,Failed,1387
6769,6769,Pending,1721
6770,6770,Failed,578
6771,6771,Failed,530
6772,6772,Failed,1465
6773,6773,Completed,694
6774,6774,Pending,1826
6775,6775,Completed,28
6776,6776,Failed,1339
6777,6777,Completed,1008
6778,6778,Completed,1175
6779,6779,Pending,1652
6780,6780,Pending,225
6781,6781,Failed,1765
6782,6782,Pending,1783
6783,6783,Failed,339
6784,6784,Completed,131
6785,6785,Failed,1638
6786,6786,Completed,1373
6787,6787,Pending,521
6788,6788,Completed,709
6789,6789,Completed,543
6790,6790,Pending,1336
6791,6791,Completed,92
6792,6792,Completed,1232
6793,6793,Pending,695
6794,6794,Pending,631
6795,6795,Pending,368
6796,6796,Failed,1611
6797,6797,Failed,1754
6798,6798,Pending,844
6799,6799,Completed,1075
6800,6800,Completed,820
6801,6801,Pending,1591
6802,6802,Failed,705
6803,6803,Failed,859
6804,6804,Pending,121
6805,6805,Pending,306
6806,6806,Completed,1128
6807,6807,Failed,470
6808,6808,Pending,1498
6809,6809,Failed,903
6810,6810,Completed,355
6811,6811,Completed,322
6812,6812,Failed,1046
6813,6813,Completed,1657
6814,6814,Failed,1105
6815,6815,Failed,1125
6816,6816,Pending,1752
6817,6817,Pending,1310
6818,6818,Completed,1502
6819,6819,Completed,911
6820,6820,Completed,661
6821,6821,Completed,1296
6822,6822,Completed,758
6823,6823,Pending,1834
6824,6824,Completed,1949
6825,6825,Pending,1922
6826,6826,Pending,1258
6827,6827,Completed,1747
6828,6828,Completed,839
6829,6829,Failed,996
6830,6830,Pending,1983
6831,6831,Completed,52
6832,6832,Failed,1310
6833,6833,Failed,29
6834,6834,Failed,1452
6835,6835,Failed,1220
6836,6836,Completed,1257
6837,6837,Pending,1090
6838,6838,Completed,1793
6839,6839,Failed,1012
6840,6840,Failed,646
6841,6841,Completed,768
6842,6842,Completed,1054
6843,6843,Pending,49
6844,6844,Failed,829
6845,6845,Failed,344
6846,6846,Failed,1192
6847,6847,Failed,883
6848,6848,Completed,578
6849,6849,Completed,1735
6850,6850,Pending,1874
6851,6851,Pending,500
6852,6852,Completed,1146
6853,6853,Completed,821
6854,6854,Failed,911
6855,6855,Pending,445
6856,6856,Completed,762
6857,6857,Completed,1267
6858,6858,Pending,1801
6859,6859,Failed,222
6860,6860,Failed,1530
6861,6861,Failed,573
6862,6862,Completed,283
6863,6863,Completed,1499
6864,6864,Completed,1945
6865,6865,Failed,842
6866,6866,Failed,1345
6867,6867,Failed,623
6868,6868,Failed,14
6869,6869,Pending,1003
6870,6870,Pending,1883
6871,6871,Failed,1678
6872,6872,Failed,1148
6873,6873,Pending,1290
6874,6874,Failed,1723
6875,6875,Failed,1997
6876,6876,Pending,1908
6877,6877,Pending,572
6878,6878,Pending,1459
6879,6879,Pending,843
6880,6880,Completed,204
6881,6881,Pending,1030
6882,6882,Failed,941
6883,6883,Pending,1498
6884,6884,Pending,1437
6885,6885,Failed,1418
6886,6886,Pending,920
6887,6887,Failed,1781
6888,6888,Failed,1389
6889,6889,Failed,870
6890,6890,Failed,156
6891,6891,Failed,466
6892,6892,Completed,1077
6893,6893,Failed,1818
6894,6894,Pending,1356
6895,6895,Pending,662
6896,6896,Failed,1035
6897,6897,Pending,1772
6898,6898,Completed,1310
6899,6899,Pending,1224
6900,6900,Failed,1982
6901,6901,Failed,874
6902,6902,Failed,206
6903,6903,Pending,1720
6904,6904,Completed,39
6905,6905,Pending,1604
6906,6906,Completed,1927
6907,6907,Failed,719
6908,6908,Completed,733
6909,6909,Completed,1915
6910,6910,Failed,717
6911,6911,Failed,988
6912,6912,Pending,600
6913,6913,Failed,81
6914,6914,Failed,1083
6915,6915,Completed,398
6916,6916,Failed,1444
6917,6917,Completed,808
6918,6918,Failed,1487
6919,6919,Completed,1878
6920,6920,Pending,1179
6921,6921,Pending,914
6922,6922,Completed,25
6923,6923,Completed,48
6924,6924,Completed,1754
6925,6925,Failed,1720
6926,6926,Pending,1223
6927,6927,Pending,1073
6928,6928,Failed,113
6929,6929,Pending,49
6930,6930,Completed,1071
6931,6931,Failed,215
6932,6932,Failed,907
6933,6933,Pending,1521
6934,6934,Failed,1128
6935,6935,Pending,1205
6936,6936,Completed,1849
6937,6937,Completed,1816
6938,6938,Pending,1909
6939,6939,Completed,1660
6940,6940,Failed,521
6941,6941,Completed,610
6942,6942,Failed,1787
6943,6943,Failed,17
6944,6944,Pending,1406
6945,6945,Pending,1307
6946,6946,Failed,885
6947,6947,Pending,403
6948,6948,Failed,1270
6949,6949,Completed,195
6950,6950,Completed,111
6951,6951,Completed,1873
6952,6952,Failed,1291
6953,6953,Failed,216
6954,6954,Completed,424
6955,6955,Failed,139
6956,6956,Completed,736
6957,6957,Completed,895
6958,6958,Completed,448
6959,6959,Failed,1166
6960,6960,Failed,1392
6961,6961,Completed,1227
6962,6962,Failed,967
6963,6963,Completed,1982
6964,6964,Failed,471
6965,6965,Pending,839
6966,6966,Pending,1503
6967,6967,Completed,86
6968,6968,Completed,1338
6969,6969,Pending,816
6970,6970,Failed,1181
6971,6971,Failed,672
6972,6972,Pending,1411
6973,6973,Pending,1288
6974,6974,Failed,37
6975,6975,Pending,1817
6976,6976,Completed,1308
6977,6977,Completed,147
6978,6978,Failed,1030
6979,6979,Completed,427
6980,6980,Pending,470
6981,6981,Failed,1623
6982,6982,Pending,41
6983,6983,Failed,1529
6984,6984,Completed,1397
6985,6985,Completed,982
6986,6986,Completed,1512
6987,6987,Pending,1223
6988,6988,Pending,621
6989,6989,Completed,373
6990,6990,Failed,1617
6991,6991,Completed,461
6992,6992,Completed,377
6993,6993,Pending,464
6994,6994,Completed,892
6995,6995,Pending,978
6996,6996,Pending,1114
6997,6997,Failed,332
6998,6998,Completed,1123
6999,6999,Failed,1744
7000,7000,Failed,690
7001,7001,Completed,850
7002,7002,Failed,1712
7003,7003,Failed,1780
7004,7004,Completed,1657
7005,7005,Pending,1155
7006,7006,Failed,1891
7007,7007,Pending,248
7008,7008,Failed,1601
7009,7009,Failed,213
7010,7010,Completed,1851
7011,7011,Failed,141
7012,7012,Pending,1857
7013,7013,Pending,406
7014,7014,Completed,1965
7015,7015,Failed,1801
7016,7016,Failed,1656
7017,7017,Completed,462
7018,7018,Pending,1964
7019,7019,Failed,364
7020,7020,Completed,1550
7021,7021,Completed,1531
7022,7022,Failed,1856
7023,7023,Pending,1694
7024,7024,Pending,1391
7025,7025,Failed,1329
7026,7026,Failed,1341
7027,7027,Failed,984
7028,7028,Pending,1345
7029,7029,Pending,1948
7030,7030,Completed,825
7031,7031,Completed,1476
7032,7032,Pending,1880
7033,7033,Pending,546
7034,7034,Failed,321
7035,7035,Failed,216
7036,7036,Pending,469
7037,7037,Completed,538
7038,7038,Completed,321
7039,7039,Pending,351
7040,7040,Failed,1717
7041,7041,Completed,183
7042,7042,Failed,974
7043,7043,Completed,709
7044,7044,Failed,1966
7045,7045,Failed,145
7046,7046,Completed,555
7047,7047,Failed,18
7048,7048,Pending,555
7049,7049,Completed,1397
7050,7050,Failed,1470
7051,7051,Failed,1428
7052,7052,Failed,1827
7053,7053,Failed,461
7054,7054,Completed,1989
7055,7055,Pending,1713
7056,7056,Failed,1317
7057,7057,Completed,1487
7058,7058,Pending,1018
7059,7059,Pending,1364
7060,7060,Failed,1525
7061,7061,Completed,979
7062,7062,Failed,1120
7063,7063,Completed,1837
7064,7064,Pending,1503
7065,7065,Failed,1096
7066,7066,Completed,462
7067,7067,Failed,1583
7068,7068,Completed,1955
7069,7069,Pending,27
7070,7070,Completed,1969
7071,7071,Completed,140
7072,7072,Completed,1683
7073,7073,Completed,379
7074,7074,Pending,1219
7075,7075,Completed,1648
7076,7076,Completed,1982
7077,7077,Pending,845
7078,7078,Completed,1252
7079,7079,Failed,243
7080,7080,Failed,1246
7081,7081,Completed,1726
7082,7082,Failed,810
7083,7083,Pending,960
7084,7084,Failed,1977
7085,7085,Pending,944
7086,7086,Pending,893
7087,7087,Failed,1075
7088,7088,Completed,1126
7089,7089,Completed,1018
7090,7090,Failed,594
7091,7091,Pending,1558
7092,7092,Failed,1334
7093,7093,Pending,389
7094,7094,Pending,1915
7095,7095,Failed,68
7096,7096,Pending,1066
7097,7097,Pending,1050
7098,7098,Failed,1010
7099,7099,Failed,933
7100,7100,Completed,5
7101,7101,Failed,1489
7102,7102,Completed,87
7103,7103,Pending,1436
7104,7104,Failed,485
7105,7105,Pending,878
7106,7106,Completed,283
7107,7107,Failed,184
7108,7108,Pending,530
7109,7109,Completed,944
7110,7110,Pending,1414
7111,7111,Failed,1658
7112,7112,Pending,581
7113,7113,Failed,1089
7114,7114,Completed,1502
7115,7115,Completed,554
7116,7116,Failed,1039
7117,7117,Failed,767
7118,7118,Completed,41
7119,7119,Pending,1531
7120,7120,Completed,1352
7121,7121,Completed,1311
7122,7122,Completed,955
7123,7123,Pending,391
7124,7124,Completed,1367
7125,7125,Failed,158
7126,7126,Failed,356
7127,7127,Completed,181
7128,7128,Pending,1631
7129,7129,Pending,1782
7130,7130,Pending,758
7131,7131,Completed,1577
7132,7132,Completed,336
7133,7133,Completed,312
7134,7134,Failed,177
7135,7135,Failed,465
7136,7136,Failed,685
7137,7137,Failed,64
7138,7138,Pending,1304
7139,7139,Completed,714
7140,7140,Completed,1559
7141,7141,Completed,1086
7142,7142,Failed,540
7143,7143,Completed,247
7144,7144,Completed,1822
7145,7145,Failed,459
7146,7146,Completed,66
7147,7147,Completed,1551
7148,7148,Pending,1230
7149,7149,Failed,1566
7150,7150,Completed,1963
7151,7151,Completed,1176
7152,7152,Failed,455
7153,7153,Completed,1836
7154,7154,Pending,1618
7155,7155,Failed,666
7156,7156,Pending,123
7157,7157,Pending,75
7158,7158,Completed,1151
7159,7159,Pending,1645
7160,7160,Completed,1531
7161,7161,Failed,67
7162,7162,Pending,1995
7163,7163,Pending,1151
7164,7164,Pending,690
7165,7165,Pending,917
7166,7166,Failed,765
7167,7167,Pending,60
7168,7168,Failed,69
7169,7169,Completed,769
7170,7170,Failed,1229
7171,7171,Completed,1151
7172,7172,Failed,1391
7173,7173,Pending,1706
7174,7174,Completed,1931
7175,7175,Pending,1428
7176,7176,Pending,798
7177,7177,Failed,1975
7178,7178,Failed,617
7179,7179,Completed,1641
7180,7180,Failed,1805
7181,7181,Failed,489
7182,7182,Completed,171
7183,7183,Failed,1194
7184,7184,Pending,439
7185,7185,Pending,828
7186,7186,Pending,1076
7187,7187,Completed,955
7188,7188,Completed,441
7189,7189,Pending,663
7190,7190,Failed,595
7191,7191,Failed,1773
7192,7192,Pending,827
7193,7193,Pending,1807
7194,7194,Completed,511
7195,7195,Pending,1586
7196,7196,Failed,118
7197,7197,Completed,238
7198,7198,Failed,1078
7199,7199,Completed,260
7200,7200,Completed,1120
7201,7201,Pending,365
7202,7202,Pending,1634
7203,7203,Completed,1700
7204,7204,Pending,726
7205,7205,Failed,1681
7206,7206,Failed,820
7207,7207,Pending,603
7208,7208,Failed,91
7209,7209,Pending,282
7210,7210,Completed,368
7211,7211,Completed,431
7212,7212,Pending,949
7213,7213,Pending,150
7214,7214,Failed,1350
7215,7215,Failed,407
7216,7216,Failed,519
7217,7217,Failed,1697
7218,7218,Completed,1993
7219,7219,Failed,1904
7220,7220,Completed,1090
7221,7221,Failed,1517
7222,7222,Pending,1127
7223,7223,Completed,1706
7224,7224,Pending,1647
7225,7225,Failed,117
7226,7226,Failed,1750
7227,7227,Failed,1003
7228,7228,Completed,1564
7229,7229,Completed,51
7230,7230,Failed,1263
7231,7231,Pending,840
7232,7232,Completed,382
7233,7233,Completed,308
7234,7234,Pending,1544
7235,7235,Completed,382
7236,7236,Pending,1665
7237,7237,Completed,1299
7238,7238,Pending,187
7239,7239,Pending,841
7240,7240,Failed,737
7241,7241,Completed,146
7242,7242,Failed,791
7243,7243,Failed,638
7244,7244,Pending,405
7245,7245,Failed,1049
7246,7246,Pending,1665
7247,7247,Pending,592
7248,7248,Completed,29
7249,7249,Failed,1147
7250,7250,Pending,92
7251,7251,Failed,545
7252,7252,Completed,616
7253,7253,Pending,840
7254,7254,Failed,368
7255,7255,Completed,247
7256,7256,Failed,484
7257,7257,Failed,135
7258,7258,Completed,775
7259,7259,Pending,1494
7260,7260,Pending,287
7261,7261,Completed,954
7262,7262,Completed,1583
7263,7263,Pending,426
7264,7264,Pending,1340
7265,7265,Failed,536
7266,7266,Completed,1029
7267,7267,Pending,559
7268,7268,Completed,502
7269,7269,Completed,30
7270,7270,Pending,940
7271,7271,Failed,636
7272,7272,Completed,1384
7273,7273,Pending,1860
7274,7274,Completed,69
7275,7275,Failed,1340
7276,7276,Failed,849
7277,7277,Failed,1579
7278,7278,Completed,1228
7279,7279,Failed,521
7280,7280,Failed,776
7281,7281,Completed,1914
7282,7282,Pending,1954
7283,7283,Completed,265
7284,7284,Pending,208
7285,7285,Completed,254
7286,7286,Completed,836
7287,7287,Completed,1409
7288,7288,Failed,1515
7289,7289,Failed,1022
7290,7290,Completed,697
7291,7291,Pending,7
7292,7292,Completed,1451
7293,7293,Completed,769
7294,7294,Completed,1193
7295,7295,Completed,952
7296,7296,Pending,1125
7297,7297,Completed,1696
7298,7298,Completed,439
7299,7299,Completed,690
7300,7300,Failed,1785
7301,7301,Pending,1132
7302,7302,Pending,77
7303,7303,Failed,1021
7304,7304,Failed,1414
7305,7305,Failed,71
7306,7306,Completed,1575
7307,7307,Pending,1679
7308,7308,Failed,1429
7309,7309,Failed,316
7310,7310,Failed,1442
7311,7311,Completed,548
7312,7312,Failed,705
7313,7313,Pending,1152
7314,7314,Failed,1686
7315,7315,Failed,152
7316,7316,Completed,1986
7317,7317,Failed,590
7318,7318,Failed,165
7319,7319,Completed,1523
7320,7320,Pending,1059
7321,7321,Pending,495
7322,7322,Pending,1352
7323,7323,Pending,581
7324,7324,Failed,302
7325,7325,Failed,1576
7326,7326,Pending,425
7327,7327,Pending,845
7328,7328,Completed,1152
7329,7329,Completed,7
7330,7330,Completed,788
7331,7331,Pending,992
7332,7332,Completed,1625
7333,7333,Pending,1353
7334,7334,Failed,1551
7335,7335,Completed,268
7336,7336,Completed,137
7337,7337,Completed,755
7338,7338,Pending,1667
7339,7339,Pending,1805
7340,7340,Pending,227
7341,7341,Completed,1826
7342,7342,Pending,1279
7343,7343,Completed,1072
7344,7344,Pending,1425
7345,7345,Completed,1299
7346,7346,Pending,1681
7347,7347,Completed,1953
7348,7348,Completed,167
7349,7349,Failed,358
7350,7350,Completed,268
7351,7351,Pending,1949
7352,7352,Failed,1558
7353,7353,Completed,336
7354,7354,Failed,1086
7355,7355,Failed,1051
7356,7356,Pending,131
7357,7357,Failed,1541
7358,7358,Failed,297
7359,7359,Failed,1675
7360,7360,Pending,918
7361,7361,Failed,1339
7362,7362,Failed,35
7363,7363,Failed,102
7364,7364,Failed,743
7365,7365,Completed,921
7366,7366,Pending,936
7367,7367,Completed,493
7368,7368,Completed,70
7369,7369,Completed,1665
7370,7370,Pending,154
7371,7371,Completed,1982
7372,7372,Failed,238
7373,7373,Failed,1241
7374,7374,Pending,352
7375,7375,Pending,402
7376,7376,Completed,899
7377,7377,Completed,160
7378,7378,Failed,1301
7379,7379,Completed,284
7380,7380,Failed,847
7381,7381,Completed,1221
7382,7382,Failed,1418
7383,7383,Completed,301
7384,7384,Pending,194
7385,7385,Pending,233
7386,7386,Failed,755
7387,7387,Pending,1551
7388,7388,Failed,1110
7389,7389,Pending,663
7390,7390,Completed,1377
7391,7391,Failed,32
7392,7392,Failed,1689
7393,7393,Completed,561
7394,7394,Pending,285
7395,7395,Failed,1189
7396,7396,Failed,179
7397,7397,Failed,459
7398,7398,Completed,528
7399,7399,Pending,942
7400,7400,Completed,1509
7401,7401,Pending,614
7402,7402,Pending,675
7403,7403,Completed,55
7404,7404,Failed,483
7405,7405,Completed,1892
7406,7406,Completed,1874
7407,7407,Failed,1497
7408,7408,Completed,1789
7409,7409,Failed,1685
7410,7410,Completed,1892
7411,7411,Failed,1871
7412,7412,Pending,1645
7413,7413,Pending,1503
7414,7414,Pending,862
7415,7415,Pending,622
7416,7416,Failed,805
7417,7417,Failed,719
7418,7418,Failed,507
7419,7419,Completed,320
7420,7420,Completed,838
7421,7421,Pending,1758
7422,7422,Failed,1426
7423,7423,Completed,383
7424,7424,Completed,1629
7425,7425,Pending,1105
7426,7426,Completed,525
7427,7427,Pending,664
7428,7428,Failed,1461
7429,7429,Pending,714
7430,7430,Completed,580
7431,7431,Failed,498
7432,7432,Pending,46
7433,7433,Failed,417
7434,7434,Completed,1256
7435,7435,Completed,1989
7436,7436,Completed,1936
7437,7437,Pending,1882
7438,7438,Pending,1216
7439,7439,Completed,647
7440,7440,Failed,582
7441,7441,Failed,1362
7442,7442,Pending,956
7443,7443,Pending,520
7444,7444,Completed,600
7445,7445,Completed,1935
7446,7446,Pending,1336
7447,7447,Completed,624
7448,7448,Failed,1354
7449,7449,Completed,1726
7450,7450,Failed,504
7451,7451,Pending,1163
7452,7452,Completed,1102
7453,7453,Pending,1848
7454,7454,Failed,832
7455,7455,Pending,546
7456,7456,Pending,1076
7457,7457,Failed,1765
7458,7458,Pending,472
7459,7459,Failed,1737
7460,7460,Pending,659
7461,7461,Failed,522
7462,7462,Failed,892
7463,7463,Pending,1652
7464,7464,Failed,1444
7465,7465,Completed,1167
7466,7466,Pending,1389
7467,7467,Pending,1909
7468,7468,Completed,708
7469,7469,Failed,623
7470,7470,Pending,477
7471,7471,Failed,1462
7472,7472,Pending,500
7473,7473,Completed,807
7474,7474,Completed,1350
7475,7475,Pending,726
7476,7476,Completed,1489
7477,7477,Pending,1837
7478,7478,Pending,775
7479,7479,Failed,1604
7480,7480,Failed,1946
7481,7481,Pending,1768
7482,7482,Failed,388
7483,7483,Completed,68
7484,7484,Pending,515
7485,7485,Pending,1467
7486,7486,Failed,310
7487,7487,Completed,801
7488,7488,Completed,1192
7489,7489,Pending,1116
7490,7490,Completed,1182
7491,7491,Failed,579
7492,7492,Failed,1408
7493,7493,Completed,1516
7494,7494,Pending,1056
7495,7495,Pending,107
7496,7496,Failed,905
7497,7497,Completed,1188
7498,7498,Completed,1752
7499,7499,Completed,1092
7500,7500,Failed,826
7501,7501,Completed,1878
7502,7502,Completed,15
7503,7503,Pending,579
7504,7504,Pending,547
7505,7505,Failed,1904
7506,7506,Failed,1588
7507,7507,Failed,1214
7508,7508,Failed,1002
7509,7509,Completed,178
7510,7510,Failed,1654
7511,7511,Failed,57
7512,7512,Pending,1577
7513,7513,Failed,1529
7514,7514,Pending,1499
7515,7515,Failed,941
7516,7516,Failed,1813
7517,7517,Failed,1260
7518,7518,Failed,51
7519,7519,Completed,873
7520,7520,Pending,394
7521,7521,Completed,946
7522,7522,Completed,222
7523,7523,Pending,86
7524,7524,Failed,924
7525,7525,Failed,530
7526,7526,Completed,784
7527,7527,Failed,1199
7528,7528,Pending,1125
7529,7529,Failed,216
7530,7530,Failed,321
7531,7531,Failed,459
7532,7532,Completed,697
7533,7533,Failed,82
7534,7534,Failed,1088
7535,7535,Pending,642
7536,7536,Failed,955
7537,7537,Completed,1197
7538,7538,Completed,1017
7539,7539,Pending,423
7540,7540,Completed,1127
7541,7541,Failed,1922
7542,7542,Failed,1878
7543,7543,Pending,1033
7544,7544,Failed,103
7545,7545,Failed,172
7546,7546,Completed,497
7547,7547,Failed,1150
7548,7548,Failed,769
7549,7549,Failed,1031
7550,7550,Pending,1151
7551,7551,Failed,164
7552,7552,Pending,1067
7553,7553,Completed,317
7554,7554,Failed,1598
7555,7555,Pending,1207
7556,7556,Failed,1046
7557,7557,Pending,917
7558,7558,Pending,213
7559,7559,Pending,1846
7560,7560,Pending,377
7561,7561,Completed,1836
7562,7562,Pending,809
7563,7563,Failed,884
7564,7564,Pending,1439
7565,7565,Completed,1916
7566,7566,Pending,354
7567,7567,Failed,1465
7568,7568,Completed,426
7569,7569,Completed,1479
7570,7570,Pending,737
7571,7571,Completed,1044
7572,7572,Failed,1528
7573,7573,Failed,1727
7574,7574,Pending,2
7575,7575,Completed,1047
7576,7576,Pending,1497
7577,7577,Failed,394
7578,7578,Pending,532
7579,7579,Pending,1914
7580,7580,Failed,11
7581,7581,Failed,357
7582,7582,Pending,597
7583,7583,Pending,89
7584,7584,Failed,564
7585,7585,Pending,1959
7586,7586,Pending,520
7587,7587,Completed,1235
7588,7588,Completed,1285
7589,7589,Completed,803
7590,7590,Failed,1423
7591,7591,Completed,1287
7592,7592,Completed,674
7593,7593,Failed,1999
7594,7594,Completed,1468
7595,7595,Completed,725
7596,7596,Completed,1845
7597,7597,Failed,627
7598,7598,Failed,60
7599,7599,Completed,1802
7600,7600,Completed,415
7601,7601,Completed,1761
7602,7602,Pending,759
7603,7603,Pending,1798
7604,7604,Failed,1806
7605,7605,Completed,725
7606,7606,Pending,1535
7607,7607,Failed,1895
7608,7608,Failed,197
7609,7609,Failed,604
7610,7610,Failed,498
7611,7611,Failed,882
7612,7612,Failed,381
7613,7613,Completed,964
7614,7614,Pending,742
7615,7615,Completed,1668
7616,7616,Failed,1884
7617,7617,Failed,887
7618,7618,Completed,631
7619,7619,Completed,1913
7620,7620,Completed,860
7621,7621,Completed,1011
7622,7622,Failed,165
7623,7623,Pending,1897
7624,7624,Pending,1034
7625,7625,Completed,1584
7626,7626,Completed,1444
7627,7627,Completed,923
7628,7628,Completed,1678
7629,7629,Failed,1963
7630,7630,Completed,1721
7631,7631,Failed,933
7632,7632,Pending,1330
7633,7633,Pending,812
7634,7634,Completed,1280
7635,7635,Completed,309
7636,7636,Failed,1852
7637,7637,Failed,993
7638,7638,Failed,1788
7639,7639,Failed,992
7640,7640,Failed,1066
7641,7641,Pending,832
7642,7642,Completed,869
7643,7643,Pending,597
7644,7644,Failed,1314
7645,7645,Completed,1694
7646,7646,Failed,492
7647,7647,Completed,1972
7648,7648,Pending,1129
7649,7649,Failed,1850
7650,7650,Completed,1691
7651,7651,Pending,825
7652,7652,Completed,248
7653,7653,Failed,839
7654,7654,Pending,1547
7655,7655,Pending,178
7656,7656,Pending,1454
7657,7657,Completed,1650
7658,7658,Pending,1354
7659,7659,Completed,203
7660,7660,Completed,934
7661,7661,Pending,921
7662,7662,Completed,1681
7663,7663,Pending,657
7664,7664,Failed,17
7665,7665,Failed,1302
7666,7666,Completed,1657
7667,7667,Completed,1330
7668,7668,Completed,556
7669,7669,Failed,1820
7670,7670,Failed,152
7671,7671,Completed,1683
7672,7672,Completed,1414
7673,7673,Completed,123
7674,7674,Failed,565
7675,7675,Completed,1212
7676,7676,Completed,308
7677,7677,Completed,1883
7678,7678,Pending,1922
7679,7679,Pending,1452
7680,7680,Failed,1512
7681,7681,Completed,756
7682,7682,Completed,1891
7683,7683,Pending,40
7684,7684,Completed,1878
7685,7685,Pending,1623
7686,7686,Pending,106
7687,7687,Pending,64
7688,7688,Failed,124
7689,7689,Pending,820
7690,7690,Completed,1814
7691,7691,Pending,100
7692,7692,Failed,1447
7693,7693,Completed,1782
7694,7694,Failed,1236
7695,7695,Pending,1937
7696,7696,Failed,1736
7697,7697,Completed,663
7698,7698,Pending,400
7699,7699,Pending,1662
7700,7700,Completed,690
7701,7701,Completed,696
7702,7702,Pending,1114
7703,7703,Pending,1335
7704,7704,Pending,1183
7705,7705,Completed,65
7706,7706,Failed,1558
7707,7707,Completed,1171
7708,7708,Failed,911
7709,7709,Completed,1093
7710,7710,Failed,390
7711,7711,Pending,765
7712,7712,Completed,431
7713,7713,Failed,163
7714,7714,Failed,423
7715,7715,Completed,1341
7716,7716,Completed,952
7717,7717,Completed,1494
7718,7718,Completed,349
7719,7719,Failed,1040
7720,7720,Completed,13
7721,7721,Completed,1157
7722,7722,Completed,1024
7723,7723,Failed,417
7724,7724,Failed,857
7725,7725,Completed,610
7726,7726,Completed,489
7727,7727,Pending,78
7728,7728,Completed,1896
7729,7729,Pending,70
7730,7730,Pending,350
7731,7731,Failed,402
7732,7732,Pending,1936
7733,7733,Completed,42
7734,7734,Pending,587
7735,7735,Pending,816
7736,7736,Pending,1311
7737,7737,Failed,1332
7738,7738,Completed,1154
7739,7739,Failed,1238
7740,7740,Failed,1168
7741,7741,Pending,80
7742,7742,Completed,927
7743,7743,Completed,22
7744,7744,Completed,98
7745,7745,Pending,502
7746,7746,Failed,147
7747,7747,Pending,1926
7748,7748,Failed,327
7749,7749,Completed,1985
7750,7750,Pending,1954
7751,7751,Pending,359
7752,7752,Completed,1861
7753,7753,Failed,1110
7754,7754,Pending,1289
7755,7755,Completed,998
7756,7756,Completed,709
7757,7757,Failed,1957
7758,7758,Completed,236
7759,7759,Pending,129
7760,7760,Completed,1997
7761,7761,Pending,57
7762,7762,Completed,865
7763,7763,Completed,699
7764,7764,Pending,750
7765,7765,Completed,602
7766,7766,Pending,256
7767,7767,Pending,194
7768,7768,Failed,1818
7769,7769,Pending,106
7770,7770,Completed,237
7771,7771,Completed,205
7772,7772,Failed,340
7773,7773,Pending,481
7774,7774,Pending,212
7775,7775,Pending,1521
7776,7776,Failed,1296
7777,7777,Pending,49
7778,7778,Completed,1813
7779,7779,Pending,1068
7780,7780,Failed,1473
7781,7781,Failed,1257
7782,7782,Pending,1036
7783,7783,Failed,358
7784,7784,Completed,149
7785,7785,Failed,62
7786,7786,Completed,1184
7787,7787,Completed,914
7788,7788,Completed,689
7789,7789,Pending,1376
7790,7790,Failed,1025
7791,7791,Completed,1096
7792,7792,Pending,1742
7793,7793,Failed,810
7794,7794,Pending,1245
7795,7795,Completed,1888
7796,7796,Completed,341
7797,7797,Completed,132
7798,7798,Pending,1951
7799,7799,Failed,1020
7800,7800,Failed,1195
7801,7801,Failed,534
7802,7802,Pending,1067
7803,7803,Pending,26
7804,7804,Failed,483
7805,7805,Pending,1508
7806,7806,Pending,342
7807,7807,Failed,711
7808,7808,Pending,328
7809,7809,Pending,1910
7810,7810,Completed,1205
7811,7811,Completed,1889
7812,7812,Pending,1768
7813,7813,Failed,579
7814,7814,Pending,1880
7815,7815,Failed,1875
7816,7816,Completed,961
7817,7817,Completed,417
7818,7818,Completed,1571
7819,7819,Pending,125
7820,7820,Completed,1473
7821,7821,Pending,92
7822,7822,Pending,44
7823,7823,Completed,1767
7824,7824,Pending,612
7825,7825,Pending,1073
7826,7826,Pending,1981
7827,7827,Completed,373
7828,7828,Completed,1404
7829,7829,Pending,1702
7830,7830,Pending,303
7831,7831,Pending,1963
7832,7832,Pending,494
7833,7833,Pending,896
7834,7834,Pending,1048
7835,7835,Completed,59
7836,7836,Completed,1230
7837,7837,Failed,1029
7838,7838,Completed,1099
7839,7839,Pending,1871
7840,7840,Pending,333
7841,7841,Failed,33
7842,7842,Failed,1397
7843,7843,Completed,222
7844,7844,Pending,370
7845,7845,Completed,1069
7846,7846,Failed,1384
7847,7847,Failed,1487
7848,7848,Pending,258
7849,7849,Failed,593
7850,7850,Failed,1693
7851,7851,Completed,1368
7852,7852,Failed,669
7853,7853,Pending,260
7854,7854,Completed,1774
7855,7855,Pending,1192
7856,7856,Failed,1301
7857,7857,Failed,1226
7858,7858,Completed,701
7859,7859,Failed,799
7860,7860,Pending,1800
7861,7861,Pending,1816
7862,7862,Failed,1257
7863,7863,Failed,156
7864,7864,Failed,1582
7865,7865,Completed,546
7866,7866,Completed,294
7867,7867,Pending,1652
7868,7868,Failed,524
7869,7869,Pending,1632
7870,7870,Completed,390
7871,7871,Failed,764
7872,7872,Completed,289
7873,7873,Pending,695
7874,7874,Completed,1655
7875,7875,Completed,766
7876,7876,Failed,1465
7877,7877,Completed,1926
7878,7878,Completed,1290
7879,7879,Failed,874
7880,7880,Pending,6
7881,7881,Completed,319
7882,7882,Completed,30
7883,7883,Pending,40
7884,7884,Failed,77
7885,7885,Pending,1419
7886,7886,Failed,95
7887,7887,Failed,1769
7888,7888,Pending,830
7889,7889,Failed,350
7890,7890,Failed,681
7891,7891,Pending,774
7892,7892,Completed,992
7893,7893,Pending,1572
7894,7894,Completed,1740
7895,7895,Completed,499
7896,7896,Failed,1587
7897,7897,Failed,3
7898,7898,Failed,1324
7899,7899,Failed,675
7900,7900,Pending,420
7901,7901,Failed,327
7902,7902,Completed,1653
7903,7903,Pending,354
7904,7904,Completed,1883
7905,7905,Pending,539
7906,7906,Failed,732
7907,7907,Pending,1109
7908,7908,Pending,1036
7909,7909,Completed,160
7910,7910,Pending,1301
7911,7911,Pending,1916
7912,7912,Pending,886
7913,7913,Failed,1995
7914,7914,Failed,1365
7915,7915,Pending,1223
7916,7916,Pending,1220
7917,7917,Completed,1951
7918,7918,Completed,287
7919,7919,Completed,1715
7920,7920,Failed,1190
7921,7921,Failed,996
7922,7922,Pending,184
7923,7923,Failed,648
7924,7924,Completed,1890
7925,7925,Completed,312
7926,7926,Completed,1536
7927,7927,Pending,781
7928,7928,Pending,52
7929,7929,Failed,236
7930,7930,Pending,1093
7931,7931,Completed,1863
7932,7932,Pending,501
7933,7933,Completed,207
7934,7934,Completed,1953
7935,7935,Pending,804
7936,7936,Completed,334
7937,7937,Completed,1011
7938,7938,Failed,1998
7939,7939,Failed,1488
7940,7940,Pending,1737
7941,7941,Completed,1543
7942,7942,Completed,1843
7943,7943,Failed,238
7944,7944,Completed,265
7945,7945,Pending,1777
7946,7946,Pending,1424
7947,7947,Failed,401
7948,7948,Completed,89
7949,7949,Completed,1896
7950,7950,Completed,292
7951,7951,Pending,1217
7952,7952,Pending,1342
7953,7953,Failed,1265
7954,7954,Failed,1668
7955,7955,Pending,783
7956,7956,Failed,1955
7957,7957,Pending,1163
7958,7958,Failed,711
7959,7959,Pending,225
7960,7960,Failed,153
7961,7961,Failed,1072
7962,7962,Failed,468
7963,7963,Failed,1416
7964,7964,Completed,977
7965,7965,Failed,513
7966,7966,Pending,376
7967,7967,Completed,1384
7968,7968,Pending,1895
7969,7969,Pending,1959
7970,7970,Failed,1513
7971,7971,Failed,1624
7972,7972,Completed,1906
7973,7973,Pending,777
7974,7974,Completed,384
7975,7975,Pending,691
7976,7976,Failed,1346
7977,7977,Pending,1044
7978,7978,Completed,66
7979,7979,Failed,1443
7980,7980,Completed,1267
7981,7981,Failed,701
7982,7982,Pending,1663
7983,7983,Failed,1606
7984,7984,Completed,901
7985,7985,Completed,619
7986,7986,Pending,1471
7987,7987,Failed,1927
7988,7988,Completed,722
7989,7989,Failed,1241
7990,7990,Failed,771
7991,7991,Completed,573
7992,7992,Completed,235
7993,7993,Pending,1110
7994,7994,Completed,565
7995,7995,Completed,582
7996,7996,Completed,833
7997,7997,Completed,98
7998,7998,Pending,966
7999,7999,Pending,746
8000,8000,Completed,418
8001,8001,Pending,791
8002,8002,Completed,750
8003,8003,Failed,713
8004,8004,Pending,738
8005,8005,Completed,367
8006,8006,Failed,1610
8007,8007,Pending,1267
8008,8008,Failed,1720
8009,8009,Pending,1252
8010,8010,Pending,103
8011,8011,Failed,1941
8012,8012,Failed,1786
8013,8013,Failed,894
8014,8014,Failed,1493
8015,8015,Failed,1091
8016,8016,Failed,1705
8017,8017,Pending,1328
8018,8018,Completed,1099
8019,8019,Failed,1886
8020,8020,Completed,475
8021,8021,Pending,1247
8022,8022,Completed,776
8023,8023,Pending,1223
8024,8024,Pending,1037
8025,8025,Pending,852
8026,8026,Completed,1822
8027,8027,Completed,1509
8028,8028,Completed,831
8029,8029,Failed,1186
8030,8030,Pending,1185
8031,8031,Completed,1072
8032,8032,Completed,156
8033,8033,Failed,1219
8034,8034,Completed,1581
8035,8035,Completed,495
8036,8036,Failed,1200
8037,8037,Completed,1271
8038,8038,Failed,1147
8039,8039,Failed,1837
8040,8040,Failed,1453
8041,8041,Pending,1637
8042,8042,Failed,288
8043,8043,Completed,1498
8044,8044,Failed,1675
8045,8045,Completed,1041
8046,8046,Pending,677
8047,8047,Completed,802
8048,8048,Pending,435
8049,8049,Failed,1414
8050,8050,Completed,178
8051,8051,Failed,1386
8052,8052,Failed,1233
8053,8053,Pending,349
8054,8054,Completed,1925
8055,8055,Failed,258
8056,8056,Pending,1651
8057,8057,Failed,248
8058,8058,Completed,1630
8059,8059,Failed,1089
8060,8060,Completed,1662
8061,8061,Failed,999
8062,8062,Pending,466
8063,8063,Completed,1986
8064,8064,Pending,1354
8065,8065,Completed,212
8066,8066,Pending,194
8067,8067,Failed,1108
8068,8068,Failed,163
8069,8069,Failed,940
8070,8070,Completed,1466
8071,8071,Pending,652
8072,8072,Pending,344
8073,8073,Completed,1507
8074,8074,Pending,112
8075,8075,Failed,864
8076,8076,Pending,1168
8077,8077,Pending,671
8078,8078,Completed,1523
8079,8079,Failed,920
8080,8080,Failed,1189
8081,8081,Failed,371
8082,8082,Pending,684
8083,8083,Pending,1696
8084,8084,Completed,1812
8085,8085,Completed,1865
8086,8086,Failed,616
8087,8087,Failed,1620
8088,8088,Pending,1819
8089,8089,Completed,790
8090,8090,Completed,647
8091,8091,Completed,1666
8092,8092,Pending,1677
8093,8093,Failed,913
8094,8094,Pending,159
8095,8095,Completed,1736
8096,8096,Failed,1761
8097,8097,Failed,36
8098,8098,Completed,1470
8099,8099,Failed,41
8100,8100,Pending,146
8101,8101,Pending,440
8102,8102,Completed,1403
8103,8103,Completed,1251
8104,8104,Failed,1081
8105,8105,Completed,753
8106,8106,Failed,1956
8107,8107,Pending,1576
8108,8108,Failed,750
8109,8109,Failed,656
8110,8110,Failed,1900
8111,8111,Failed,653
8112,8112,Failed,305
8113,8113,Completed,976
8114,8114,Pending,615
8115,8115,Completed,521
8116,8116,Pending,1299
8117,8117,Pending,994
8118,8118,Completed,1982
8119,8119,Completed,420
8120,8120,Completed,1859
8121,8121,Completed,352
8122,8122,Pending,1511
8123,8123,Completed,92
8124,8124,Completed,842
8125,8125,Pending,306
8126,8126,Pending,547
8127,8127,Pending,379
8128,8128,Failed,861
8129,8129,Completed,327
8130,8130,Completed,246
8131,8131,Failed,1950
8132,8132,Pending,1620
8133,8133,Failed,221
8134,8134,Pending,1398
8135,8135,Pending,616
8136,8136,Pending,719
8137,8137,Pending,1030
8138,8138,Pending,890
8139,8139,Failed,312
8140,8140,Pending,1620
8141,8141,Completed,1225
8142,8142,Completed,1512
8143,8143,Failed,141
8144,8144,Completed,346
8145,8145,Completed,1138
8146,8146,Pending,1153
8147,8147,Completed,1909
8148,8148,Completed,1536
8149,8149,Pending,516
8150,8150,Failed,438
8151,8151,Failed,64
8152,8152,Failed,1036
8153,8153,Pending,1585
8154,8154,Pending,980
8155,8155,Failed,1792
8156,8156,Pending,817
8157,8157,Failed,500
8158,8158,Pending,1362
8159,8159,Pending,179
8160,8160,Completed,371
8161,8161,Completed,313
8162,8162,Failed,1508
8163,8163,Pending,1849
8164,8164,Pending,192
8165,8165,Completed,1907
8166,8166,Pending,1861
8167,8167,Pending,1635
8168,8168,Completed,127
8169,8169,Pending,137
8170,8170,Pending,1292
8171,8171,Failed,584
8172,8172,Pending,845
8173,8173,Pending,1660
8174,8174,Pending,262
8175,8175,Pending,1260
8176,8176,Completed,341
8177,8177,Failed,279
8178,8178,Failed,44
8179,8179,Pending,533
8180,8180,Completed,1128
8181,8181,Failed,1145
8182,8182,Failed,863
8183,8183,Failed,1986
8184,8184,Failed,1506
8185,8185,Completed,442
8186,8186,Completed,1362
8187,8187,Failed,1797
8188,8188,Pending,209
8189,8189,Failed,1989
8190,8190,Failed,665
8191,8191,Completed,1806
8192,8192,Pending,464
8193,8193,Completed,1701
8194,8194,Pending,1226
8195,8195,Failed,1911
8196,8196,Pending,1602
8197,8197,Failed,591
8198,8198,Completed,1430
8199,8199,Completed,118
8200,8200,Failed,318
8201,8201,Pending,670
8202,8202,Failed,984
8203,8203,Pending,807
8204,8204,Failed,1550
8205,8205,Completed,265
8206,8206,Failed,183
8207,8207,Failed,236
8208,8208,Failed,838
8209,8209,Completed,711
8210,8210,Pending,1287
8211,8211,Failed,1098
8212,8212,Failed,575
8213,8213,Completed,1672
8214,8214,Pending,819
8215,8215,Failed,1448
8216,8216,Completed,386
8217,8217,Pending,1951
8218,8218,Completed,1338
8219,8219,Failed,529
8220,8220,Failed,1389
8221,8221,Pending,1991
8222,8222,Failed,14
8223,8223,Failed,67
8224,8224,Failed,883
8225,8225,Pending,1136
8226,8226,Completed,1225
8227,8227,Completed,1794
8228,8228,Failed,1756
8229,8229,Completed,1004
8230,8230,Pending,780
8231,8231,Failed,1633
8232,8232,Failed,1318
8233,8233,Failed,481
8234,8234,Completed,355
8235,8235,Failed,1561
8236,8236,Failed,30
8237,8237,Completed,609
8238,8238,Completed,1178
8239,8239,Completed,1365
8240,8240,Pending,743
8241,8241,Pending,932
8242,8242,Failed,1794
8243,8243,Pending,1195
8244,8244,Pending,1536
8245,8245,Failed,1719
8246,8246,Failed,1145
8247,8247,Completed,1079
8248,8248,Pending,333
8249,8249,Failed,1084
8250,8250,Completed,945
8251,8251,Failed,1355
8252,8252,Completed,527
8253,8253,Completed,1385
8254,8254,Completed,890
8255,8255,Pending,1902
8256,8256,Completed,1216
8257,8257,Failed,507
8258,8258,Completed,1131
8259,8259,Failed,741
8260,8260,Failed,634
8261,8261,Pending,300
8262,8262,Pending,1988
8263,8263,Pending,218
8264,8264,Completed,909
8265,8265,Pending,989
8266,8266,Pending,1618
8267,8267,Completed,873
8268,8268,Failed,206
8269,8269,Failed,449
8270,8270,Failed,1837
8271,8271,Completed,184
8272,8272,Completed,226
8273,8273,Failed,389
8274,8274,Failed,293
8275,8275,Failed,903
8276,8276,Completed,1945
8277,8277,Failed,1650
8278,8278,Pending,1820
8279,8279,Failed,756
8280,8280,Failed,208
8281,8281,Pending,1588
8282,8282,Completed,1387
8283,8283,Pending,1996
8284,8284,Pending,1237
8285,8285,Completed,506
8286,8286,Completed,582
8287,8287,Completed,887
8288,8288,Pending,312
8289,8289,Completed,999
8290,8290,Pending,702
8291,8291,Completed,1845
8292,8292,Completed,1382
8293,8293,Completed,1754
8294,8294,Completed,72
8295,8295,Failed,1249
8296,8296,Pending,1079
8297,8297,Pending,90
8298,8298,Pending,1199
8299,8299,Completed,1472
8300,8300,Pending,789
8301,8301,Completed,1482
8302,8302,Pending,856
8303,8303,Pending,1366
8304,8304,Pending,478
8305,8305,Pending,812
8306,8306,Completed,319
8307,8307,Failed,117
8308,8308,Completed,765
8309,8309,Completed,1787
8310,8310,Failed,817
8311,8311,Pending,200
8312,8312,Completed,1650
8313,8313,Pending,1769
8314,8314,Completed,1824
8315,8315,Failed,1326
8316,8316,Pending,1736
8317,8317,Failed,1028
8318,8318,Completed,1499
8319,8319,Completed,1587
8320,8320,Failed,1501
8321,8321,Completed,1412
8322,8322,Failed,807
8323,8323,Failed,1787
8324,8324,Failed,964
8325,8325,Failed,455
8326,8326,Completed,846
8327,8327,Failed,1177
8328,8328,Completed,872
8329,8329,Failed,1855
8330,8330,Pending,1209
8331,8331,Completed,1288
8332,8332,Pending,784
8333,8333,Completed,1982
8334,8334,Failed,1431
8335,8335,Completed,1770
8336,8336,Pending,1554
8337,8337,Failed,1265
8338,8338,Pending,448
8339,8339,Failed,366
8340,8340,Pending,378
8341,8341,Pending,1898
8342,8342,Pending,1090
8343,8343,Completed,1107
8344,8344,Failed,1000
8345,8345,Pending,357
8346,8346,Failed,1317
8347,8347,Pending,640
8348,8348,Pending,1427
8349,8349,Failed,847
8350,8350,Completed,64
8351,8351,Pending,1989
8352,8352,Failed,1247
8353,8353,Completed,1695
8354,8354,Pending,673
8355,8355,Completed,1226
8356,8356,Failed,1008
8357,8357,Pending,682
8358,8358,Pending,311
8359,8359,Failed,919
8360,8360,Completed,718
8361,8361,Failed,838
8362,8362,Pending,1252
8363,8363,Failed,1160
8364,8364,Failed,1151
8365,8365,Pending,605
8366,8366,Failed,1797
8367,8367,Completed,1633
8368,8368,Pending,790
8369,8369,Completed,675
8370,8370,Completed,1728
8371,8371,Pending,1605
8372,8372,Pending,767
8373,8373,Failed,403
8374,8374,Failed,1546
8375,8375,Completed,1480
8376,8376,Pending,1333
8377,8377,Pending,182
8378,8378,Completed,257
8379,8379,Pending,1880
8380,8380,Failed,1438
8381,8381,Failed,1416
8382,8382,Failed,120
8383,8383,Failed,1846
8384,8384,Pending,1012
8385,8385,Failed,1111
8386,8386,Failed,1721
8387,8387,Failed,1169
8388,8388,Failed,1436
8389,8389,Completed,58
8390,8390,Pending,376
8391,8391,Pending,226
8392,8392,Completed,1389
8393,8393,Pending,1485
8394,8394,Pending,621
8395,8395,Failed,1610
8396,8396,Failed,1367
8397,8397,Pending,615
8398,8398,Pending,1382
8399,8399,Failed,1385
8400,8400,Completed,232
8401,8401,Completed,1958
8402,8402,Completed,1196
8403,8403,Completed,234
8404,8404,Pending,13
8405,8405,Pending,1162
8406,8406,Pending,444
8407,8407,Failed,632
8408,8408,Failed,1363
8409,8409,Pending,361
8410,8410,Failed,964
8411,8411,Failed,743
8412,8412,Pending,15
8413,8413,Failed,463
8414,8414,Completed,1891
8415,8415,Pending,605
8416,8416,Failed,1254
8417,8417,Pending,471
8418,8418,Pending,1149
8419,8419,Failed,1561
8420,8420,Failed,986
8421,8421,Completed,219
8422,8422,Completed,846
8423,8423,Completed,966
8424,8424,Completed,1946
8425,8425,Pending,1299
8426,8426,Failed,1365
8427,8427,Pending,457
8428,8428,Pending,635
8429,8429,Completed,340
8430,8430,Pending,1301
8431,8431,Pending,1477
8432,8432,Failed,1211
8433,8433,Pending,1926
8434,8434,Completed,206
8435,8435,Completed,675
8436,8436,Completed,1657
8437,8437,Pending,784
8438,8438,Pending,767
8439,8439,Completed,983
8440,8440,Completed,221
8441,8441,Completed,141
8442,8442,Pending,400
8443,8443,Pending,1049
8444,8444,Failed,434
8445,8445,Failed,929
8446,8446,Failed,1938
8447,8447,Pending,1052
8448,8448,Pending,991
8449,8449,Pending,366
8450,8450,Failed,1259
8451,8451,Failed,1829
8452,8452,Failed,941
8453,8453,Completed,1751
8454,8454,Completed,560
8455,8455,Failed,1951
8456,8456,Completed,951
8457,8457,Pending,1925
8458,8458,Failed,821
8459,8459,Failed,987
8460,8460,Pending,1903
8461,8461,Completed,1764
8462,8462,Completed,1041
8463,8463,Completed,857
8464,8464,Pending,680
8465,8465,Completed,296
8466,8466,Pending,110
8467,8467,Failed,1059
8468,8468,Completed,1938
8469,8469,Pending,913
8470,8470,Completed,1391
8471,8471,Completed,1227
8472,8472,Pending,304
8473,8473,Failed,214
8474,8474,Failed,1545
8475,8475,Failed,1757
8476,8476,Failed,1127
8477,8477,Pending,740
8478,8478,Pending,1672
8479,8479,Pending,963
8480,8480,Pending,690
8481,8481,Pending,1916
8482,8482,Pending,1118
8483,8483,Completed,1224
8484,8484,Failed,1018
8485,8485,Failed,497
8486,8486,Failed,1301
8487,8487,Pending,199
8488,8488,Completed,1524
8489,8489,Failed,914
8490,8490,Pending,491
8491,8491,Completed,1909
8492,8492,Pending,642
8493,8493,Pending,699
8494,8494,Completed,1893
8495,8495,Completed,1149
8496,8496,Failed,1778
8497,8497,Completed,962
8498,8498,Completed,1102
8499,8499,Pending,6
8500,8500,Pending,1027
8501,8501,Failed,693
8502,8502,Completed,585
8503,8503,Failed,312
8504,8504,Completed,1472
8505,8505,Pending,198
8506,8506,Failed,178
8507,8507,Completed,324
8508,8508,Failed,651
8509,8509,Failed,1353
8510,8510,Failed,377
8511,8511,Completed,624
8512,8512,Completed,1056
8513,8513,Completed,276
8514,8514,Failed,1296
8515,8515,Pending,586
8516,8516,Pending,906
8517,8517,Failed,885
8518,8518,Failed,997
8519,8519,Failed,499
8520,8520,Completed,1587
8521,8521,Failed,167
8522,8522,Pending,56
8523,8523,Completed,559
8524,8524,Failed,489
8525,8525,Completed,682
8526,8526,Completed,1086
8527,8527,Failed,1928
8528,8528,Completed,1445
8529,8529,Pending,594
8530,8530,Pending,141
8531,8531,Completed,1678
8532,8532,Failed,1555
8533,8533,Completed,1573
8534,8534,Failed,280
8535,8535,Pending,663
8536,8536,Failed,1931
8537,8537,Completed,143
8538,8538,Completed,796
8539,8539,Failed,1135
8540,8540,Pending,1393
8541,8541,Pending,17
8542,8542,Completed,691
8543,8543,Pending,773
8544,8544,Pending,1855
8545,8545,Completed,524
8546,8546,Completed,181
8547,8547,Pending,335
8548,8548,Failed,1569
8549,8549,Pending,345
8550,8550,Failed,1980
8551,8551,Pending,297
8552,8552,Completed,171
8553,8553,Completed,1364
8554,8554,Failed,570
8555,8555,Pending,1148
8556,8556,Completed,1988
8557,8557,Failed,1145
8558,8558,Failed,1170
8559,8559,Pending,1503
8560,8560,Completed,1539
8561,8561,Pending,124
8562,8562,Failed,1537
8563,8563,Completed,362
8564,8564,Completed,94
8565,8565,Pending,948
8566,8566,Failed,1626
8567,8567,Failed,675
8568,8568,Failed,207
8569,8569,Failed,1892
8570,8570,Failed,915
8571,8571,Failed,575
8572,8572,Completed,1807
8573,8573,Completed,649
8574,8574,Completed,544
8575,8575,Pending,1120
8576,8576,Pending,1498
8577,8577,Pending,15
8578,8578,Completed,1003
8579,8579,Failed,608
8580,8580,Failed,131
8581,8581,Pending,1537
8582,8582,Failed,31
8583,8583,Pending,265
8584,8584,Completed,1015
8585,8585,Completed,1061
8586,8586,Failed,734
8587,8587,Completed,83
8588,8588,Failed,1732
8589,8589,Completed,1976
8590,8590,Pending,1772
8591,8591,Completed,804
8592,8592,Completed,1617
8593,8593,Pending,1638
8594,8594,Pending,1068
8595,8595,Completed,72
8596,8596,Failed,732
8597,8597,Pending,471
8598,8598,Pending,1394
8599,8599,Failed,1027
8600,8600,Pending,1850
8601,8601,Failed,1546
8602,8602,Pending,630
8603,8603,Pending,1584
8604,8604,Failed,677
8605,8605,Failed,225
8606,8606,Failed,1386
8607,8607,Failed,686
8608,8608,Pending,1553
8609,8609,Failed,269
8610,8610,Failed,1164
8611,8611,Completed,387
8612,8612,Failed,1139
8613,8613,Failed,1060
8614,8614,Failed,908
8615,8615,Pending,211
8616,8616,Completed,1173
8617,8617,Completed,1110
8618,8618,Completed,242
8619,8619,Pending,41
8620,8620,Completed,951
8621,8621,Failed,746
8622,8622,Failed,274
8623,8623,Completed,104
8624,8624,Failed,1940
8625,8625,Completed,540
8626,8626,Completed,623
8627,8627,Failed,39
8628,8628,Pending,621
8629,8629,Failed,154
8630,8630,Failed,1685
8631,8631,Completed,152
8632,8632,Failed,850
8633,8633,Completed,1625
8634,8634,Pending,292
8635,8635,Completed,60
8636,8636,Pending,1190
8637,8637,Failed,1919
8638,8638,Pending,923
8639,8639,Failed,1369
8640,8640,Failed,1844
8641,8641,Completed,389
8642,8642,Pending,314
8643,8643,Pending,1431
8644,8644,Pending,114
8645,8645,Failed,1944
8646,8646,Pending,706
8647,8647,Pending,1078
8648,8648,Failed,1059
8649,8649,Pending,35
8650,8650,Failed,1031
8651,8651,Completed,1092
8652,8652,Completed,1791
8653,8653,Failed,994
8654,8654,Failed,339
8655,8655,Pending,945
8656,8656,Failed,1287
8657,8657,Failed,364
8658,8658,Completed,135
8659,8659,Failed,977
8660,8660,Failed,297
8661,8661,Completed,1903
8662,8662,Pending,675
8663,8663,Pending,1738
8664,8664,Completed,1154
8665,8665,Pending,896
8666,8666,Failed,449
8667,8667,Failed,670
8668,8668,Completed,1535
8669,8669,Pending,413
8670,8670,Completed,1163
8671,8671,Completed,609
8672,8672,Completed,1922
8673,8673,Failed,721
8674,8674,Pending,1366
8675,8675,Completed,1339
8676,8676,Pending,747
8677,8677,Pending,1946
8678,8678,Failed,2
8679,8679,Pending,898
8680,8680,Failed,284
8681,8681,Completed,1840
8682,8682,Failed,1368
8683,8683,Failed,860
8684,8684,Completed,590
8685,8685,Pending,44
8686,8686,Completed,1555
8687,8687,Completed,1329
8688,8688,Completed,1060
8689,8689,Failed,206
8690,8690,Failed,41
8691,8691,Pending,514
8692,8692,Completed,988
8693,8693,Pending,79
8694,8694,Pending,844
8695,8695,Completed,11
8696,8696,Failed,750
8697,8697,Completed,1681
8698,8698,Failed,1382
8699,8699,Pending,162
8700,8700,Failed,1523
8701,8701,Pending,622
8702,8702,Pending,827
8703,8703,Failed,56
8704,8704,Pending,1268
8705,8705,Pending,1854
8706,8706,Pending,572
8707,8707,Pending,500
8708,8708,Pending,1826
8709,8709,Failed,907
8710,8710,Completed,1233
8711,8711,Completed,247
8712,8712,Pending,792
8713,8713,Failed,439
8714,8714,Pending,88
8715,8715,Completed,68
8716,8716,Completed,690
8717,8717,Failed,691
8718,8718,Completed,45
8719,8719,Pending,1675
8720,8720,Pending,1918
8721,8721,Completed,915
8722,8722,Completed,1086
8723,8723,Completed,1126
8724,8724,Failed,999
8725,8725,Completed,448
8726,8726,Failed,1408
8727,8727,Completed,1857
8728,8728,Completed,775
8729,8729,Completed,1040
8730,8730,Pending,1452
8731,8731,Completed,191
8732,8732,Failed,467
8733,8733,Pending,596
8734,8734,Pending,611
8735,8735,Pending,456
8736,8736,Pending,1978
8737,8737,Pending,1018
8738,8738,Completed,1299
8739,8739,Pending,1780
8740,8740,Pending,858
8741,8741,Completed,1160
8742,8742,Completed,123
8743,8743,Pending,212
8744,8744,Pending,926
8745,8745,Completed,605
8746,8746,Completed,1651
8747,8747,Pending,1403
8748,8748,Completed,334
8749,8749,Failed,1759
8750,8750,Pending,156
8751,8751,Failed,1820
8752,8752,Failed,1343
8753,8753,Completed,24
8754,8754,Completed,204
8755,8755,Completed,991
8756,8756,Completed,42
8757,8757,Completed,323
8758,8758,Pending,1090
8759,8759,Completed,798
8760,8760,Completed,560
8761,8761,Failed,581
8762,8762,Failed,132
8763,8763,Completed,1188
8764,8764,Pending,816
8765,8765,Failed,42
8766,8766,Failed,193
8767,8767,Pending,337
8768,8768,Completed,275
8769,8769,Completed,314
8770,8770,Failed,680
8771,8771,Completed,1438
8772,8772,Completed,1509
8773,8773,Failed,361
8774,8774,Failed,1841
8775,8775,Failed,285
8776,8776,Pending,1426
8777,8777,Failed,1667
8778,8778,Failed,965
8779,8779,Failed,1888
8780,8780,Pending,1349
8781,8781,Failed,330
8782,8782,Pending,661
8783,8783,Completed,1118
8784,8784,Pending,132
8785,8785,Failed,654
8786,8786,Pending,1433
8787,8787,Failed,1458
8788,8788,Pending,1404
8789,8789,Failed,1062
8790,8790,Completed,1294
8791,8791,Failed,694
8792,8792,Pending,470
8793,8793,Pending,1807
8794,8794,Completed,1334
8795,8795,Failed,1613
8796,8796,Completed,1075
8797,8797,Failed,496
8798,8798,Failed,1448
8799,8799,Failed,796
8800,8800,Pending,490
8801,8801,Failed,1254
8802,8802,Failed,551
8803,8803,Failed,981
8804,8804,Completed,1747
8805,8805,Completed,1076
8806,8806,Completed,185
8807,8807,Failed,36
8808,8808,Failed,1453
8809,8809,Completed,1789
8810,8810,Pending,259
8811,8811,Failed,705
8812,8812,Completed,803
8813,8813,Failed,886
8814,8814,Failed,1305
8815,8815,Pending,1662
8816,8816,Completed,1590
8817,8817,Pending,1992
8818,8818,Pending,1915
8819,8819,Failed,1594
8820,8820,Failed,469
8821,8821,Failed,1027
8822,8822,Failed,5
8823,8823,Completed,1394
8824,8824,Failed,1440
8825,8825,Completed,1134
8826,8826,Pending,1832
8827,8827,Failed,445
8828,8828,Completed,195
8829,8829,Failed,1097
8830,8830,Failed,1286
8831,8831,Completed,1166
8832,8832,Failed,1621
8833,8833,Completed,478
8834,8834,Pending,4
8835,8835,Completed,144
8836,8836,Failed,853
8837,8837,Failed,1184
8838,8838,Failed,274
8839,8839,Pending,275
8840,8840,Pending,1683
8841,8841,Pending,160
8842,8842,Completed,179
8843,8843,Pending,236
8844,8844,Completed,190
8845,8845,Failed,928
8846,8846,Failed,1888
8847,8847,Pending,147
8848,8848,Completed,595
8849,8849,Completed,671
8850,8850,Pending,601
8851,8851,Failed,823
8852,8852,Pending,1755
8853,8853,Pending,1105
8854,8854,Failed,817
8855,8855,Failed,1699
8856,8856,Failed,521
8857,8857,Failed,816
8858,8858,Pending,1139
8859,8859,Failed,195
8860,8860,Completed,769
8861,8861,Completed,55
8862,8862,Completed,1384
8863,8863,Pending,1447
8864,8864,Completed,1944
8865,8865,Completed,1541
8866,8866,Pending,1573
8867,8867,Pending,1963
8868,8868,Failed,1367
8869,8869,Pending,1834
8870,8870,Failed,896
8871,8871,Pending,399
8872,8872,Completed,1351
8873,8873,Failed,240
8874,8874,Pending,261
8875,8875,Pending,314
8876,8876,Completed,37
8877,8877,Completed,1361
8878,8878,Completed,840
8879,8879,Completed,393
8880,8880,Failed,675
8881,8881,Pending,1656
8882,8882,Failed,1528
8883,8883,Completed,1471
8884,8884,Failed,1730
8885,8885,Completed,749
8886,8886,Failed,1724
8887,8887,Completed,1026
8888,8888,Pending,842
8889,8889,Failed,428
8890,8890,Pending,890
8891,8891,Pending,1451
8892,8892,Failed,1481
8893,8893,Pending,18
8894,8894,Failed,350
8895,8895,Completed,5
8896,8896,Failed,1089
8897,8897,Pending,207
8898,8898,Pending,1902
8899,8899,Pending,1758
8900,8900,Completed,1512
8901,8901,Completed,1161
8902,8902,Pending,1147
8903,8903,Completed,1548
8904,8904,Pending,1146
8905,8905,Completed,1850
8906,8906,Completed,430
8907,8907,Completed,405
8908,8908,Failed,462
8909,8909,Failed,1185
8910,8910,Pending,114
8911,8911,Completed,764
8912,8912,Failed,1413
8913,8913,Completed,1960
8914,8914,Failed,1968
8915,8915,Failed,302
8916,8916,Pending,274
8917,8917,Pending,1366
8918,8918,Failed,153
8919,8919,Failed,805
8920,8920,Failed,998
8921,8921,Failed,1765
8922,8922,Pending,654
8923,8923,Completed,808
8924,8924,Failed,420
8925,8925,Completed,1727
8926,8926,Pending,1491
8927,8927,Failed,1906
8928,8928,Failed,1033
8929,8929,Completed,662
8930,8930,Failed,157
8931,8931,Completed,1022
8932,8932,Pending,136
8933,8933,Completed,1807
8934,8934,Failed,374
8935,8935,Failed,169
8936,8936,Completed,1422
8937,8937,Failed,742
8938,8938,Failed,482
8939,8939,Pending,1779
8940,8940,Completed,1739
8941,8941,Pending,1172
8942,8942,Completed,1523
8943,8943,Completed,574
8944,8944,Completed,1514
8945,8945,Pending,81
8946,8946,Completed,1459
8947,8947,Pending,219
8948,8948,Failed,190
8949,8949,Completed,1819
8950,8950,Completed,1253
8951,8951,Completed,1928
8952,8952,Completed,1358
8953,8953,Pending,700
8954,8954,Pending,112
8955,8955,Completed,1212
8956,8956,Completed,715
8957,8957,Pending,113
8958,8958,Completed,400
8959,8959,Pending,228
8960,8960,Completed,48
8961,8961,Completed,6
8962,8962,Pending,319
8963,8963,Completed,1074
8964,8964,Completed,896
8965,8965,Completed,1940
8966,8966,Completed,587
8967,8967,Failed,1340
8968,8968,Completed,96
8969,8969,Pending,1396
8970,8970,Completed,1774
8971,8971,Pending,1182
8972,8972,Pending,879
8973,8973,Pending,993
8974,8974,Pending,256
8975,8975,Completed,1791
8976,8976,Failed,1863
8977,8977,Completed,1870
8978,8978,Pending,1516
8979,8979,Pending,1920
8980,8980,Failed,1377
8981,8981,Pending,484
8982,8982,Completed,1236
8983,8983,Completed,144
8984,8984,Completed,34
8985,8985,Completed,673
8986,8986,Failed,1571
8987,8987,Failed,91
8988,8988,Failed,1128
8989,8989,Pending,1850
8990,8990,Completed,1112
8991,8991,Pending,584
8992,8992,Pending,1186
8993,8993,Pending,1559
8994,8994,Pending,436
8995,8995,Failed,880
8996,8996,Failed,1246
8997,8997,Completed,1917
8998,8998,Pending,1612
8999,8999,Completed,1661
9000,9000,Failed,1615
9001,9001,Failed,1385
9002,9002,Completed,1071
9003,9003,Pending,141
9004,9004,Completed,966
9005,9005,Failed,113
9006,9006,Failed,401
9007,9007,Pending,560
9008,9008,Pending,883
9009,9009,Failed,375
9010,9010,Completed,1771
9011,9011,Pending,931
9012,9012,Failed,100
9013,9013,Failed,90
9014,9014,Failed,1357
9015,9015,Pending,1198
9016,9016,Pending,1649
9017,9017,Failed,317
9018,9018,Failed,1056
9019,9019,Completed,1079
9020,9020,Failed,890
9021,9021,Pending,786
9022,9022,Failed,35
9023,9023,Completed,639
9024,9024,Failed,791
9025,9025,Completed,1733
9026,9026,Completed,1252
9027,9027,Failed,1073
9028,9028,Failed,1449
9029,9029,Failed,1158
9030,9030,Completed,511
9031,9031,Pending,1611
9032,9032,Pending,456
9033,9033,Completed,1104
9034,9034,Pending,186
9035,9035,Pending,271
9036,9036,Failed,523
9037,9037,Pending,1248
9038,9038,Failed,1991
9039,9039,Failed,833
9040,9040,Failed,1023
9041,9041,Failed,884
9042,9042,Failed,1693
9043,9043,Failed,1313
9044,9044,Pending,205
9045,9045,Failed,828
9046,9046,Completed,1744
9047,9047,Pending,300
9048,9048,Failed,1933
9049,9049,Pending,1193
9050,9050,Pending,361
9051,9051,Pending,1289
9052,9052,Pending,944
9053,9053,Failed,199
9054,9054,Pending,326
9055,9055,Pending,387
9056,9056,Pending,854
9057,9057,Completed,34
9058,9058,Pending,190
9059,9059,Pending,878
9060,9060,Completed,1693
9061,9061,Pending,1738
9062,9062,Pending,531
9063,9063,Completed,1162
9064,9064,Pending,861
9065,9065,Completed,304
9066,9066,Failed,863
9067,9067,Pending,781
9068,9068,Pending,1172
9069,9069,Failed,1895
9070,9070,Completed,1975
9071,9071,Completed,585
9072,9072,Pending,458
9073,9073,Completed,1765
9074,9074,Completed,1248
9075,9075,Completed,595
9076,9076,Pending,938
9077,9077,Failed,670
9078,9078,Failed,1246
9079,9079,Completed,1008
9080,9080,Failed,1433
9081,9081,Completed,49
9082,9082,Completed,1452
9083,9083,Pending,959
9084,9084,Pending,1228
9085,9085,Completed,1174
9086,9086,Failed,1767
9087,9087,Completed,1977
9088,9088,Completed,1718
9089,9089,Failed,578
9090,9090,Failed,1555
9091,9091,Pending,1969
9092,9092,Pending,1945
9093,9093,Completed,996
9094,9094,Failed,255
9095,9095,Pending,323
9096,9096,Pending,1444
9097,9097,Failed,668
9098,9098,Pending,156
9099,9099,Pending,1387
9100,9100,Failed,431
9101,9101,Completed,245
9102,9102,Pending,364
9103,9103,Completed,573
9104,9104,Failed,1974
9105,9105,Failed,1933
9106,9106,Pending,1873
9107,9107,Failed,1280
9108,9108,Failed,1130
9109,9109,Failed,1829
9110,9110,Pending,1402
9111,9111,Failed,1382
9112,9112,Completed,1691
9113,9113,Pending,465
9114,9114,Pending,988
9115,9115,Failed,209
9116,9116,Failed,1363
9117,9117,Pending,1826
9118,9118,Failed,1127
9119,9119,Completed,149
9120,9120,Completed,1779
9121,9121,Failed,81
9122,9122,Pending,1516
9123,9123,Pending,2000
9124,9124,Failed,1984
9125,9125,Pending,961
9126,9126,Completed,1778
9127,9127,Failed,1542
9128,9128,Failed,534
9129,9129,Pending,343
9130,9130,Completed,1871
9131,9131,Completed,469
9132,9132,Failed,1773
9133,9133,Failed,1820
9134,9134,Failed,546
9135,9135,Failed,467
9136,9136,Completed,1010
9137,9137,Completed,990
9138,9138,Pending,370
9139,9139,Failed,1745
9140,9140,Pending,1746
9141,9141,Completed,1033
9142,9142,Completed,1529
9143,9143,Pending,43
9144,9144,Pending,353
9145,9145,Completed,603
9146,9146,Completed,13
9147,9147,Pending,319
9148,9148,Pending,1474
9149,9149,Failed,435
9150,9150,Failed,11
9151,9151,Failed,1894
9152,9152,Completed,29
9153,9153,Completed,301
9154,9154,Completed,1674
9155,9155,Pending,917
9156,9156,Completed,642
9157,9157,Failed,1444
9158,9158,Failed,1112
9159,9159,Failed,1217
9160,9160,Failed,182
9161,9161,Failed,1841
9162,9162,Completed,1381
9163,9163,Failed,140
9164,9164,Failed,458
9165,9165,Completed,791
9166,9166,Failed,1204
9167,9167,Pending,626
9168,9168,Pending,1482
9169,9169,Pending,643
9170,9170,Failed,196
9171,9171,Failed,870
9172,9172,Pending,253
9173,9173,Failed,1759
9174,9174,Pending,1443
9175,9175,Pending,979
9176,9176,Failed,1753
9177,9177,Failed,1355
9178,9178,Failed,1519
9179,9179,Pending,1272
9180,9180,Pending,889
9181,9181,Failed,167
9182,9182,Completed,268
9183,9183,Pending,1887
9184,9184,Completed,1048
9185,9185,Pending,1449
9186,9186,Failed,957
9187,9187,Completed,1292
9188,9188,Pending,1
9189,9189,Pending,515
9190,9190,Completed,563
9191,9191,Completed,1617
9192,9192,Failed,89
9193,9193,Completed,1135
9194,9194,Pending,1735
9195,9195,Failed,1940
9196,9196,Completed,1996
9197,9197,Pending,770
9198,9198,Failed,801
9199,9199,Pending,1712
9200,9200,Pending,408
9201,9201,Failed,1084
9202,9202,Completed,1031
9203,9203,Completed,1664
9204,9204,Failed,943
9205,9205,Completed,1837
9206,9206,Failed,1571
9207,9207,Failed,1554
9208,9208,Failed,896
9209,9209,Completed,1219
9210,9210,Pending,1539
9211,9211,Failed,290
9212,9212,Failed,1212
9213,9213,Pending,1611
9214,9214,Failed,556
9215,9215,Failed,1497
9216,9216,Failed,1857
9217,9217,Completed,1263
9218,9218,Failed,366
9219,9219,Pending,109
9220,9220,Completed,848
9221,9221,Failed,748
9222,9222,Completed,1816
9223,9223,Completed,1847
9224,9224,Pending,242
9225,9225,Pending,1622
9226,9226,Failed,1150
9227,9227,Completed,873
9228,9228,Pending,1444
9229,9229,Failed,1094
9230,9230,Pending,1756
9231,9231,Pending,253
9232,9232,Failed,184
9233,9233,Pending,160
9234,9234,Pending,910
9235,9235,Failed,398
9236,9236,Pending,347
9237,9237,Failed,1939
9238,9238,Failed,674
9239,9239,Failed,194
9240,9240,Pending,816
9241,9241,Pending,739
9242,9242,Failed,124
9243,9243,Failed,1237
9244,9244,Completed,366
9245,9245,Completed,1163
9246,9246,Failed,1160
9247,9247,Pending,1480
9248,9248,Completed,1513
9249,9249,Failed,794
9250,9250,Pending,155
9251,9251,Completed,342
9252,9252,Completed,133
9253,9253,Failed,1575
9254,9254,Completed,1414
9255,9255,Failed,729
9256,9256,Completed,751
9257,9257,Failed,1689
9258,9258,Completed,942
9259,9259,Failed,1026
9260,9260,Failed,206
9261,9261,Completed,836
9262,9262,Failed,252
9263,9263,Pending,950
9264,9264,Completed,1335
9265,9265,Failed,821
9266,9266,Completed,946
9267,9267,Failed,277
9268,9268,Failed,887
9269,9269,Completed,1797
9270,9270,Completed,130
9271,9271,Pending,1840
9272,9272,Failed,828
9273,9273,Completed,1462
9274,9274,Failed,1990
9275,9275,Completed,1024
9276,9276,Pending,1687
9277,9277,Pending,812
9278,9278,Completed,1965
9279,9279,Pending,1949
9280,9280,Failed,1515
9281,9281,Pending,1050
9282,9282,Pending,374
9283,9283,Failed,1804
9284,9284,Completed,468
9285,9285,Pending,1014
9286,9286,Failed,1523
9287,9287,Pending,512
9288,9288,Pending,649
9289,9289,Failed,1799
9290,9290,Completed,605
9291,9291,Pending,640
9292,9292,Failed,214
9293,9293,Pending,1358
9294,9294,Failed,1405
9295,9295,Failed,692
9296,9296,Pending,1487
9297,9297,Pending,1392
9298,9298,Pending,80
9299,9299,Failed,253
9300,9300,Completed,200
9301,9301,Completed,1660
9302,9302,Failed,1612
9303,9303,Pending,395
9304,9304,Pending,1310
9305,9305,Pending,512
9306,9306,Completed,1836
9307,9307,Pending,1715
9308,9308,Pending,1362
9309,9309,Failed,1624
9310,9310,Completed,1691
9311,9311,Pending,1155
9312,9312,Failed,1534
9313,9313,Failed,638
9314,9314,Completed,1453
9315,9315,Failed,1827
9316,9316,Failed,32
9317,9317,Failed,25
9318,9318,Completed,777
9319,9319,Failed,1839
9320,9320,Pending,1955
9321,9321,Completed,1814
9322,9322,Completed,270
9323,9323,Failed,1124
9324,9324,Failed,1477
9325,9325,Completed,966
9326,9326,Failed,603
9327,9327,Failed,873
9328,9328,Pending,325
9329,9329,Pending,1135
9330,9330,Completed,1582
9331,9331,Pending,1477
9332,9332,Failed,807
9333,9333,Failed,1688
9334,9334,Failed,304
9335,9335,Failed,34
9336,9336,Completed,1327
9337,9337,Completed,673
9338,9338,Failed,771
9339,9339,Failed,701
9340,9340,Failed,267
9341,9341,Pending,830
9342,9342,Pending,46
9343,9343,Failed,862
9344,9344,Failed,761
9345,9345,Pending,344
9346,9346,Completed,1695
9347,9347,Failed,1577
9348,9348,Failed,547
9349,9349,Failed,1502
9350,9350,Pending,653
9351,9351,Failed,698
9352,9352,Completed,493
9353,9353,Failed,901
9354,9354,Failed,1716
9355,9355,Failed,1080
9356,9356,Pending,1214
9357,9357,Completed,1375
9358,9358,Completed,1931
9359,9359,Completed,1520
9360,9360,Failed,789
9361,9361,Pending,866
9362,9362,Pending,662
9363,9363,Failed,138
9364,9364,Failed,639
9365,9365,Failed,1302
9366,9366,Completed,1585
9367,9367,Failed,877
9368,9368,Pending,984
9369,9369,Failed,517
9370,9370,Failed,634
9371,9371,Failed,1222
9372,9372,Failed,794
9373,9373,Pending,691
9374,9374,Completed,504
9375,9375,Pending,618
9376,9376,Completed,648
9377,9377,Completed,1584
9378,9378,Pending,955
9379,9379,Pending,48
9380,9380,Pending,291
9381,9381,Pending,1880
9382,9382,Pending,805
9383,9383,Failed,360
9384,9384,Completed,1904
9385,9385,Pending,425
9386,9386,Completed,1824
9387,9387,Pending,1436
9388,9388,Pending,1700
9389,9389,Failed,731
9390,9390,Pending,390
9391,9391,Pending,233
9392,9392,Completed,791
9393,9393,Completed,703
9394,9394,Pending,1363
9395,9395,Failed,1738
9396,9396,Completed,190
9397,9397,Pending,205
9398,9398,Pending,60
9399,9399,Completed,1956
9400,9400,Pending,1356
9401,9401,Completed,14
9402,9402,Completed,968
9403,9403,Failed,688
9404,9404,Failed,1875
9405,9405,Completed,505
9406,9406,Completed,850
9407,9407,Completed,72
9408,9408,Failed,860
9409,9409,Pending,671
9410,9410,Pending,1360
9411,9411,Completed,1559
9412,9412,Failed,1389
9413,9413,Completed,789
9414,9414,Pending,1813
9415,9415,Completed,1688
9416,9416,Failed,1520
9417,9417,Failed,1143
9418,9418,Completed,124
9419,9419,Completed,929
9420,9420,Completed,287
9421,9421,Completed,148
9422,9422,Pending,522
9423,9423,Pending,1604
9424,9424,Pending,1943
9425,9425,Failed,628
9426,9426,Failed,1536
9427,9427,Failed,144
9428,9428,Pending,1185
9429,9429,Completed,219
9430,9430,Failed,513
9431,9431,Pending,1473
9432,9432,Completed,1110
9433,9433,Pending,81
9434,9434,Failed,938
9435,9435,Completed,690
9436,9436,Failed,1128
9437,9437,Completed,39
9438,9438,Failed,199
9439,9439,Failed,368
9440,9440,Failed,397
9441,9441,Failed,22
9442,9442,Failed,1068
9443,9443,Completed,771
9444,9444,Completed,1812
9445,9445,Completed,1600
9446,9446,Pending,956
9447,9447,Pending,1631
9448,9448,Failed,946
9449,9449,Completed,974
9450,9450,Completed,1256
9451,9451,Failed,1654
9452,9452,Completed,1700
9453,9453,Failed,638
9454,9454,Completed,1474
9455,9455,Completed,547
9456,9456,Pending,841
9457,9457,Pending,1459
9458,9458,Completed,1508
9459,9459,Pending,511
9460,9460,Pending,1229
9461,9461,Pending,1859
9462,9462,Completed,1212
9463,9463,Completed,1265
9464,9464,Failed,119
9465,9465,Pending,1859
9466,9466,Failed,872
9467,9467,Failed,504
9468,9468,Completed,1791
9469,9469,Failed,186
9470,9470,Completed,1014
9471,9471,Pending,1278
9472,9472,Pending,1315
9473,9473,Completed,803
9474,9474,Completed,876
9475,9475,Completed,382
9476,9476,Failed,1743
9477,9477,Completed,185
9478,9478,Completed,982
9479,9479,Completed,828
9480,9480,Pending,1968
9481,9481,Pending,759
9482,9482,Completed,180
9483,9483,Failed,1903
9484,9484,Failed,375
9485,9485,Pending,648
9486,9486,Completed,801
9487,9487,Pending,1691
9488,9488,Failed,1632
9489,9489,Failed,12
9490,9490,Failed,135
9491,9491,Completed,982
9492,9492,Completed,462
9493,9493,Failed,291
9494,9494,Completed,375
9495,9495,Failed,174
9496,9496,Failed,343
9497,9497,Failed,1934
9498,9498,Pending,632
9499,9499,Failed,956
9500,9500,Failed,610
9501,9501,Pending,1959
9502,9502,Completed,249
9503,9503,Completed,312
9504,9504,Completed,986
9505,9505,Failed,848
9506,9506,Pending,115
9507,9507,Pending,34
9508,9508,Pending,477
9509,9509,Pending,1327
9510,9510,Failed,922
9511,9511,Pending,1079
9512,9512,Failed,472
9513,9513,Completed,190
9514,9514,Pending,187
9515,9515,Completed,835
9516,9516,Completed,740
9517,9517,Pending,1100
9518,9518,Completed,1194
9519,9519,Completed,1882
9520,9520,Completed,1895
9521,9521,Completed,1396
9522,9522,Completed,1474
9523,9523,Completed,523
9524,9524,Pending,1777
9525,9525,Failed,909
9526,9526,Failed,1581
9527,9527,Pending,609
9528,9528,Failed,256
9529,9529,Pending,1738
9530,9530,Pending,1496
9531,9531,Completed,1098
9532,9532,Pending,1597
9533,9533,Completed,714
9534,9534,Pending,1941
9535,9535,Pending,1311
9536,9536,Pending,1496
9537,9537,Completed,1251
9538,9538,Pending,664
9539,9539,Failed,14
9540,9540,Completed,182
9541,9541,Pending,164
9542,9542,Completed,482
9543,9543,Failed,1989
9544,9544,Completed,661
9545,9545,Pending,62
9546,9546,Failed,507
9547,9547,Completed,929
9548,9548,Completed,1316
9549,9549,Failed,907
9550,9550,Pending,927
9551,9551,Completed,1686
9552,9552,Completed,1688
9553,9553,Completed,328
9554,9554,Failed,1530
9555,9555,Completed,1937
9556,9556,Completed,660
9557,9557,Pending,1927
9558,9558,Pending,1427
9559,9559,Completed,1732
9560,9560,Completed,1668
9561,9561,Completed,1577
9562,9562,Completed,1886
9563,9563,Failed,1936
9564,9564,Pending,1260
9565,9565,Completed,1549
9566,9566,Pending,166
9567,9567,Completed,857
9568,9568,Failed,1007
9569,9569,Failed,1208
9570,9570,Failed,1363
9571,9571,Pending,844
9572,9572,Pending,94
9573,9573,Completed,636
9574,9574,Completed,259
9575,9575,Completed,897
9576,9576,Failed,194
9577,9577,Pending,587
9578,9578,Pending,1927
9579,9579,Pending,1120
9580,9580,Completed,1916
9581,9581,Failed,1905
9582,9582,Completed,932
9583,9583,Completed,1881
9584,9584,Completed,333
9585,9585,Failed,37
9586,9586,Pending,1802
9587,9587,Failed,775
9588,9588,Completed,86
9589,9589,Completed,1912
9590,9590,Pending,1291
9591,9591,Completed,554
9592,9592,Failed,1225
9593,9593,Completed,1183
9594,9594,Pending,1235
9595,9595,Failed,1144
9596,9596,Pending,1479
9597,9597,Failed,1124
9598,9598,Pending,588
9599,9599,Pending,1148
9600,9600,Completed,174
9601,9601,Completed,1130
9602,9602,Completed,1413
9603,9603,Pending,705
9604,9604,Pending,1215
9605,9605,Failed,508
9606,9606,Pending,1717
9607,9607,Pending,664
9608,9608,Completed,1563
9609,9609,Completed,1035
9610,9610,Completed,9
9611,9611,Failed,1733
9612,9612,Pending,1641
9613,9613,Failed,208
9614,9614,Pending,162
9615,9615,Failed,1569
9616,9616,Failed,839
9617,9617,Failed,1161
9618,9618,Completed,562
9619,9619,Completed,1266
9620,9620,Failed,179
9621,9621,Failed,138
9622,9622,Failed,1649
9623,9623,Pending,320
9624,9624,Failed,1775
9625,9625,Failed,137
9626,9626,Pending,58
9627,9627,Failed,1027
9628,9628,Completed,656
9629,9629,Completed,933
9630,9630,Pending,1981
9631,9631,Failed,84
9632,9632,Completed,1502
9633,9633,Pending,769
9634,9634,Completed,1002
9635,9635,Completed,1065
9636,9636,Failed,1058
9637,9637,Pending,568
9638,9638,Completed,907
9639,9639,Completed,1770
9640,9640,Failed,1438
9641,9641,Pending,156
9642,9642,Completed,1568
9643,9643,Pending,986
9644,9644,Pending,1605
9645,9645,Completed,1903
9646,9646,Failed,56
9647,9647,Pending,1846
9648,9648,Completed,1579
9649,9649,Completed,49
9650,9650,Pending,1903
9651,9651,Completed,1595
9652,9652,Completed,459
9653,9653,Pending,774
9654,9654,Completed,1866
9655,9655,Completed,143
9656,9656,Completed,1152
9657,9657,Pending,1867
9658,9658,Failed,557
9659,9659,Completed,1535
9660,9660,Pending,1120
9661,9661,Failed,1143
9662,9662,Completed,1360
9663,9663,Failed,956
9664,9664,Pending,1894
9665,9665,Pending,1007
9666,9666,Failed,1986
9667,9667,Completed,801
9668,9668,Failed,964
9669,9669,Failed,201
9670,9670,Pending,941
9671,9671,Failed,1481
9672,9672,Failed,7
9673,9673,Failed,1065
9674,9674,Completed,697
9675,9675,Failed,905
9676,9676,Failed,788
9677,9677,Completed,1968
9678,9678,Failed,1219
9679,9679,Completed,1223
9680,9680,Completed,1672
9681,9681,Pending,891
9682,9682,Failed,1667
9683,9683,Pending,1690
9684,9684,Pending,796
9685,9685,Pending,793
9686,9686,Failed,893
9687,9687,Completed,1675
9688,9688,Failed,430
9689,9689,Failed,1130
9690,9690,Failed,839
9691,9691,Completed,623
9692,9692,Pending,1903
9693,9693,Pending,1171
9694,9694,Pending,304
9695,9695,Pending,1387
9696,9696,Failed,1593
9697,9697,Failed,1313
9698,9698,Failed,12
9699,9699,Completed,1603
9700,9700,Pending,290
9701,9701,Pending,989
9702,9702,Failed,629
9703,9703,Failed,1454
9704,9704,Failed,917
9705,9705,Failed,1147
9706,9706,Failed,937
9707,9707,Failed,1507
9708,9708,Pending,675
9709,9709,Pending,1781
9710,9710,Failed,950
9711,9711,Failed,1013
9712,9712,Completed,1373
9713,9713,Failed,1877
9714,9714,Completed,1204
9715,9715,Completed,437
9716,9716,Completed,800
9717,9717,Failed,423
9718,9718,Pending,1866
9719,9719,Pending,1212
9720,9720,Completed,1245
9721,9721,Completed,29
9722,9722,Completed,1858
9723,9723,Completed,990
9724,9724,Pending,1932
9725,9725,Completed,1451
9726,9726,Pending,1874
9727,9727,Pending,956
9728,9728,Completed,1252
9729,9729,Pending,557
9730,9730,Completed,806
9731,9731,Failed,1255
9732,9732,Failed,901
9733,9733,Failed,760
9734,9734,Failed,823
9735,9735,Pending,1307
9736,9736,Failed,1651
9737,9737,Completed,17
9738,9738,Completed,1685
9739,9739,Completed,124
9740,9740,Failed,26
9741,9741,Pending,1503
9742,9742,Failed,1846
9743,9743,Pending,734
9744,9744,Failed,1928
9745,9745,Pending,531
9746,9746,Pending,974
9747,9747,Failed,1194
9748,9748,Completed,726
9749,9749,Failed,315
9750,9750,Completed,8
9751,9751,Pending,497
9752,9752,Completed,519
9753,9753,Completed,1013
9754,9754,Completed,1774
9755,9755,Completed,119
9756,9756,Completed,1942
9757,9757,Failed,1521
9758,9758,Failed,294
9759,9759,Failed,1365
9760,9760,Pending,1099
9761,9761,Completed,1595
9762,9762,Pending,142
9763,9763,Failed,1558
9764,9764,Failed,80
9765,9765,Completed,1188
9766,9766,Failed,1989
9767,9767,Completed,1912
9768,9768,Completed,20
9769,9769,Pending,1018
9770,9770,Failed,1046
9771,9771,Completed,691
9772,9772,Pending,1986
9773,9773,Failed,1914
9774,9774,Failed,282
9775,9775,Failed,1569
9776,9776,Completed,493
9777,9777,Failed,770
9778,9778,Pending,595
9779,9779,Failed,1173
9780,9780,Completed,1147
9781,9781,Pending,1157
9782,9782,Failed,1825
9783,9783,Completed,1221
9784,9784,Pending,611
9785,9785,Completed,1863
9786,9786,Pending,421
9787,9787,Pending,996
9788,9788,Failed,1530
9789,9789,Failed,1284
9790,9790,Failed,1369
9791,9791,Completed,810
9792,9792,Pending,1842
9793,9793,Pending,175
9794,9794,Pending,130
9795,9795,Pending,1243
9796,9796,Failed,1904
9797,9797,Failed,1416
9798,9798,Failed,271
9799,9799,Completed,859
9800,9800,Failed,1427
9801,9801,Pending,459
9802,9802,Pending,1281
9803,9803,Failed,1115
9804,9804,Completed,1263
9805,9805,Completed,1730
9806,9806,Completed,1429
9807,9807,Pending,853
9808,9808,Failed,613
9809,9809,Failed,1517
9810,9810,Pending,1556
9811,9811,Completed,208
9812,9812,Completed,1663
9813,9813,Failed,304
9814,9814,Failed,1437
9815,9815,Completed,988
9816,9816,Completed,411
9817,9817,Pending,825
9818,9818,Failed,243
9819,9819,Pending,1963
9820,9820,Completed,1327
9821,9821,Pending,757
9822,9822,Failed,932
9823,9823,Failed,313
9824,9824,Completed,350
9825,9825,Failed,1180
9826,9826,Pending,79
9827,9827,Pending,242
9828,9828,Pending,1918
9829,9829,Pending,965
9830,9830,Pending,937
9831,9831,Pending,426
9832,9832,Failed,1342
9833,9833,Failed,592
9834,9834,Completed,363
9835,9835,Failed,939
9836,9836,Pending,528
9837,9837,Completed,1434
9838,9838,Failed,1550
9839,9839,Pending,60
9840,9840,Failed,700
9841,9841,Failed,1969
9842,9842,Completed,501
9843,9843,Pending,25
9844,9844,Completed,849
9845,9845,Failed,379
9846,9846,Completed,290
9847,9847,Failed,691
9848,9848,Failed,1951
9849,9849,Pending,953
9850,9850,Pending,413
9851,9851,Pending,928
9852,9852,Failed,966
9853,9853,Failed,1501
9854,9854,Pending,483
9855,9855,Completed,1807
9856,9856,Failed,1890
9857,9857,Pending,1063
9858,9858,Pending,1747
9859,9859,Pending,1401
9860,9860,Failed,1222
9861,9861,Completed,640
9862,9862,Failed,1541
9863,9863,Pending,1326
9864,9864,Completed,753
9865,9865,Failed,1297
9866,9866,Completed,1260
9867,9867,Failed,1989
9868,9868,Pending,276
9869,9869,Pending,1340
9870,9870,Completed,206
9871,9871,Pending,1560
9872,9872,Pending,1987
9873,9873,Pending,1845
9874,9874,Pending,1185
9875,9875,Completed,1811
9876,9876,Completed,1193
9877,9877,Completed,5
9878,9878,Pending,1868
9879,9879,Failed,1852
9880,9880,Completed,74
9881,9881,Completed,979
9882,9882,Failed,1668
9883,9883,Pending,1106
9884,9884,Pending,1245
9885,9885,Completed,387
9886,9886,Completed,1352
9887,9887,Pending,445
9888,9888,Failed,31
9889,9889,Completed,334
9890,9890,Pending,1565
9891,9891,Failed,1857
9892,9892,Failed,1272
9893,9893,Failed,430
9894,9894,Failed,76
9895,9895,Pending,1142
9896,9896,Pending,908
9897,9897,Completed,1454
9898,9898,Failed,1320
9899,9899,Failed,480
9900,9900,Completed,1774
9901,9901,Completed,873
9902,9902,Completed,1107
9903,9903,Failed,363
9904,9904,Pending,1719
9905,9905,Completed,1939
9906,9906,Failed,310
9907,9907,Failed,1509
9908,9908,Completed,1726
9909,9909,Failed,789
9910,9910,Pending,1734
9911,9911,Completed,1612
9912,9912,Completed,1395
9913,9913,Pending,886
9914,9914,Completed,1821
9915,9915,Completed,697
9916,9916,Completed,1649
9917,9917,Completed,206
9918,9918,Pending,1755
9919,9919,Pending,10
9920,9920,Pending,897
9921,9921,Pending,888
9922,9922,Pending,45
9923,9923,Completed,1921
9924,9924,Failed,432
9925,9925,Completed,842
9926,9926,Completed,1293
9927,9927,Pending,622
9928,9928,Pending,707
9929,9929,Failed,461
9930,9930,Failed,1222
9931,9931,Failed,437
9932,9932,Failed,111
9933,9933,Failed,1345
9934,9934,Failed,990
9935,9935,Failed,128
9936,9936,Completed,1214
9937,9937,Failed,953
9938,9938,Failed,545
9939,9939,Completed,1571
9940,9940,Pending,1670
9941,9941,Failed,730
9942,9942,Pending,748
9943,9943,Completed,854
9944,9944,Failed,1231
9945,9945,Completed,905
9946,9946,Pending,1992
9947,9947,Completed,313
9948,9948,Pending,122
9949,9949,Completed,1523
9950,9950,Completed,1610
9951,9951,Pending,1641
9952,9952,Completed,289
9953,9953,Pending,64
9954,9954,Completed,1333
9955,9955,Pending,1300
9956,9956,Completed,944
9957,9957,Failed,1965
9958,9958,Failed,159
9959,9959,Failed,385
9960,9960,Failed,796
9961,9961,Pending,636
9962,9962,Completed,1732
9963,9963,Completed,1765
9964,9964,Failed,890
9965,9965,Pending,1439
9966,9966,Completed,1512
9967,9967,Failed,1941
9968,9968,Completed,392
9969,9969,Pending,1592
9970,9970,Failed,1816
9971,9971,Failed,1270
9972,9972,Pending,554
9973,9973,Failed,92
9974,9974,Failed,675
9975,9975,Completed,1316
9976,9976,Failed,1770
9977,9977,Failed,1057
9978,9978,Failed,1240
9979,9979,Completed,1938
9980,9980,Pending,1761
9981,9981,Pending,1620
9982,9982,Completed,1770
9983,9983,Failed,895
9984,9984,Pending,1538
9985,9985,Failed,924
9986,9986,Pending,1328
9987,9987,Pending,1307
9988,9988,Pending,46
9989,9989,Pending,1291
9990,9990,Pending,62
9991,9991,Pending,846
9992,9992,Completed,1780
9993,9993,Pending,1367
9994,9994,Failed,1229
9995,9995,Pending,1951
9996,9996,Failed,1475
9997,9997,Failed,1829
9998,9998,Completed,1716
9999,9999,Completed,1198
10000,10000,Pending,819
